0 1 1 0 0
0.001 0.999755 0.999779 0.000999878 0.000999889
0.002 0.99951 0.999558 0.00199951 0.00199956
0.003 0.999265 0.999336 0.0029989 0.002999
0.004 0.999021 0.999115 0.00399804 0.00399823
0.005 0.998776 0.998893 0.00499694 0.00499723
0.006 0.998531 0.998672 0.00599559 0.00599602
0.007 0.998286 0.99845 0.006994 0.00699458
0.008 0.998041 0.998228 0.00799217 0.00799292
0.009 0.997796 0.998006 0.00899008 0.00899103
0.01 0.997552 0.997785 0.00998776 0.00998893
0.011 0.997307 0.997562 0.0109852 0.0109866
0.012 0.997062 0.99734 0.0119824 0.0119841
0.013 0.996817 0.997118 0.0129793 0.0129813
0.014 0.996572 0.996896 0.013976 0.0139783
0.015 0.996327 0.996673 0.0149725 0.0149751
0.016 0.996083 0.996451 0.0159687 0.0159716
0.017 0.995838 0.996228 0.0169646 0.016968
0.018 0.995593 0.996005 0.0179603 0.0179641
0.019 0.995348 0.995782 0.0189558 0.01896
0.02 0.995103 0.99556 0.019951 0.0199557
0.021 0.994858 0.995336 0.020946 0.0209511
0.022 0.994614 0.995113 0.0219407 0.0219463
0.023 0.994369 0.99489 0.0229352 0.0229413
0.024 0.994124 0.994667 0.0239295 0.0239361
0.025 0.993879 0.994443 0.0249235 0.0249307
0.026 0.993634 0.99422 0.0259172 0.025925
0.027 0.993389 0.993996 0.0269108 0.0269191
0.028 0.993145 0.993773 0.027904 0.027913
0.029 0.9929 0.993549 0.028897 0.0289067
0.03 0.992655 0.993325 0.0298898 0.0299001
0.031 0.99241 0.993101 0.0308824 0.0308933
0.032 0.992165 0.992877 0.0318746 0.0318863
0.033 0.99192 0.992653 0.0328667 0.0328791
0.034 0.991676 0.992429 0.0338585 0.0338716
0.035 0.991431 0.992204 0.03485 0.0348639
0.036 0.991186 0.99198 0.0358413 0.035856
0.037 0.990941 0.991755 0.0368324 0.0368479
0.038 0.990696 0.991531 0.0378232 0.0378395
0.039 0.990451 0.991306 0.0388138 0.0388309
0.04 0.990207 0.991081 0.0398041 0.0398221
0.041 0.989962 0.990856 0.0407942 0.0408131
0.042 0.989717 0.990631 0.0417841 0.0418038
0.043 0.989472 0.990406 0.0427737 0.0427944
0.044 0.989227 0.990181 0.043763 0.0437847
0.045 0.988982 0.989955 0.0447521 0.0447747
0.046 0.988738 0.98973 0.045741 0.0457646
0.047 0.988493 0.989505 0.0467296 0.0467542
0.048 0.988248 0.989279 0.047718 0.0477436
0.049 0.988003 0.989053 0.0487061 0.0487327
0.05 0.987758 0.988828 0.049694 0.0497217
0.051 0.987513 0.988602 0.0506816 0.0507104
0.052 0.987269 0.988376 0.051669 0.0516989
0.053 0.987024 0.98815 0.0526561 0.0526871
0.054 0.986779 0.987923 0.053643 0.0536752
0.055 0.986534 0.987697 0.0546297 0.054663
0.056 0.986289 0.987471 0.0556161 0.0556506
0.057 0.986044 0.987244 0.0566023 0.0566379
0.058 0.9858 0.987018 0.0575882 0.0576251
0.059 0.985555 0.986791 0.0585739 0.058612
0.06 0.98531 0.986565 0.0595593 0.0595986
0.061 0.985065 0.986338 0.0605445 0.0605851
0.062 0.98482 0.986111 0.0615294 0.0615713
0.063 0.984575 0.985884 0.0625141 0.0625573
0.064 0.984331 0.985657 0.0634986 0.0635431
0.065 0.984086 0.985429 0.0644828 0.0645286
0.066 0.983841 0.985202 0.0654667 0.0655139
0.067 0.983596 0.984975 0.0664505 0.066499
0.068 0.983351 0.984747 0.0674339 0.0674839
0.069 0.983106 0.98452 0.0684172 0.0684685
0.07 0.982862 0.984292 0.0694002 0.0694529
0.071 0.982617 0.984064 0.0703829 0.0704371
0.072 0.982372 0.983836 0.0713654 0.0714211
0.073 0.982127 0.983608 0.0723476 0.0724048
0.074 0.981882 0.98338 0.0733296 0.0733883
0.075 0.981637 0.983152 0.0743114 0.0743715
0.076 0.981393 0.982924 0.0752929 0.0753546
0.077 0.981148 0.982696 0.0762742 0.0763374
0.078 0.980903 0.982467 0.0772552 0.07732
0.079 0.980658 0.982239 0.078236 0.0783023
0.08 0.980413 0.98201 0.0792165 0.0792845
0.081 0.980168 0.981781 0.0801968 0.0802663
0.082 0.979924 0.981552 0.0811769 0.081248
0.083 0.979679 0.981324 0.0821567 0.0822295
0.084 0.979434 0.981095 0.0831362 0.0832107
0.085 0.979189 0.980865 0.0841155 0.0841916
0.086 0.978944 0.980636 0.0850946 0.0851724
0.087 0.978699 0.980407 0.0860734 0.0861529
0.088 0.978455 0.980178 0.087052 0.0871332
0.089 0.97821 0.979948 0.0880303 0.0881133
0.09 0.977965 0.979718 0.0890084 0.0890931
0.091 0.97772 0.979489 0.0899863 0.0900727
0.092 0.977475 0.979259 0.0909639 0.0910521
0.093 0.97723 0.979029 0.0919412 0.0920312
0.094 0.976986 0.978799 0.0929183 0.0930101
0.095 0.976741 0.978569 0.0938952 0.0939888
0.096 0.976496 0.978339 0.0948718 0.0949673
0.097 0.976251 0.978109 0.0958482 0.0959455
0.098 0.976006 0.977878 0.0968243 0.0969235
0.099 0.975761 0.977648 0.0978002 0.0979013
0.1 0.975517 0.977417 0.0987758 0.0988788
0.101 0.975272 0.977187 0.0997512 0.0998561
0.102 0.975027 0.976956 0.100726 0.100833
0.103 0.974782 0.976725 0.101701 0.10181
0.104 0.974537 0.976494 0.102676 0.102787
0.105 0.974292 0.976263 0.10365 0.103763
0.106 0.974048 0.976032 0.104625 0.104739
0.107 0.973803 0.975801 0.105598 0.105715
0.108 0.973558 0.97557 0.106572 0.106691
0.109 0.973313 0.975338 0.107546 0.107666
0.11 0.973068 0.975107 0.108519 0.108641
0.111 0.972823 0.974875 0.109492 0.109616
0.112 0.972578 0.974644 0.110464 0.110591
0.113 0.972334 0.974412 0.111437 0.111566
0.114 0.972089 0.97418 0.112409 0.11254
0.115 0.971844 0.973948 0.113381 0.113514
0.116 0.971599 0.973716 0.114353 0.114488
0.117 0.971354 0.973484 0.115324 0.115461
0.118 0.971109 0.973252 0.116295 0.116435
0.119 0.970865 0.973019 0.117266 0.117408
0.12 0.97062 0.972787 0.118237 0.118381
0.121 0.970375 0.972554 0.119208 0.119354
0.122 0.97013 0.972322 0.120178 0.120326
0.123 0.969885 0.972089 0.121148 0.121298
0.124 0.96964 0.971856 0.122118 0.12227
0.125 0.969396 0.971623 0.123087 0.123242
0.126 0.969151 0.97139 0.124057 0.124213
0.127 0.968906 0.971157 0.125026 0.125185
0.128 0.968661 0.970924 0.125994 0.126156
0.129 0.968416 0.970691 0.126963 0.127127
0.13 0.968171 0.970457 0.127931 0.128097
0.131 0.967927 0.970224 0.128899 0.129067
0.132 0.967682 0.96999 0.129867 0.130038
0.133 0.967437 0.969757 0.130835 0.131007
0.134 0.967192 0.969523 0.131802 0.131977
0.135 0.966947 0.969289 0.132769 0.132946
0.136 0.966702 0.969055 0.133736 0.133916
0.137 0.966458 0.968821 0.134702 0.134885
0.138 0.966213 0.968587 0.135669 0.135853
0.139 0.965968 0.968353 0.136635 0.136822
0.14 0.965723 0.968118 0.137601 0.13779
0.141 0.965478 0.967884 0.138566 0.138758
0.142 0.965233 0.967649 0.139532 0.139726
0.143 0.964989 0.967415 0.140497 0.140693
0.144 0.964744 0.96718 0.141462 0.141661
0.145 0.964499 0.966945 0.142426 0.142628
0.146 0.964254 0.96671 0.143391 0.143594
0.147 0.964009 0.966475 0.144355 0.144561
0.148 0.963764 0.96624 0.145319 0.145527
0.149 0.96352 0.966005 0.146282 0.146494
0.15 0.963275 0.96577 0.147246 0.147459
0.151 0.96303 0.965534 0.148209 0.148425
0.152 0.962785 0.965299 0.149172 0.149391
0.153 0.96254 0.965063 0.150134 0.150356
0.154 0.962295 0.964828 0.151097 0.151321
0.155 0.962051 0.964592 0.152059 0.152285
0.156 0.961806 0.964356 0.153021 0.15325
0.157 0.961561 0.96412 0.153983 0.154214
0.158 0.961316 0.963884 0.154944 0.155178
0.159 0.961071 0.963648 0.155905 0.156142
0.16 0.960826 0.963412 0.156866 0.157105
0.161 0.960582 0.963175 0.157827 0.158069
0.162 0.960337 0.962939 0.158787 0.159032
0.163 0.960092 0.962702 0.159747 0.159995
0.164 0.959847 0.962466 0.160707 0.160957
0.165 0.959602 0.962229 0.161667 0.161919
0.166 0.959357 0.961992 0.162627 0.162882
0.167 0.959113 0.961755 0.163586 0.163843
0.168 0.958868 0.961518 0.164545 0.164805
0.169 0.958623 0.961281 0.165504 0.165766
0.17 0.958378 0.961044 0.166462 0.166728
0.171 0.958133 0.960807 0.16742 0.167689
0.172 0.957888 0.960569 0.168378 0.168649
0.173 0.957644 0.960332 0.169336 0.16961
0.174 0.957399 0.960094 0.170294 0.17057
0.175 0.957154 0.959857 0.171251 0.17153
0.176 0.956909 0.959619 0.172208 0.17249
0.177 0.956664 0.959381 0.173165 0.173449
0.178 0.956419 0.959143 0.174121 0.174408
0.179 0.956175 0.958905 0.175078 0.175367
0.18 0.95593 0.958667 0.176034 0.176326
0.181 0.955685 0.958429 0.176989 0.177285
0.182 0.95544 0.95819 0.177945 0.178243
0.183 0.955195 0.957952 0.1789 0.179201
0.184 0.95495 0.957714 0.179855 0.180159
0.185 0.954706 0.957475 0.18081 0.181117
0.186 0.954461 0.957236 0.181765 0.182074
0.187 0.954216 0.956997 0.182719 0.183031
0.188 0.953971 0.956759 0.183673 0.183988
0.189 0.953726 0.95652 0.184627 0.184945
0.19 0.953481 0.95628 0.185581 0.185901
0.191 0.953237 0.956041 0.186534 0.186857
0.192 0.952992 0.955802 0.187487 0.187813
0.193 0.952747 0.955563 0.18844 0.188769
0.194 0.952502 0.955323 0.189393 0.189724
0.195 0.952257 0.955084 0.190345 0.190679
0.196 0.952012 0.954844 0.191297 0.191634
0.197 0.951768 0.954604 0.192249 0.192589
0.198 0.951523 0.954364 0.193201 0.193544
0.199 0.951278 0.954124 0.194152 0.194498
0.2 0.951033 0.953884 0.195103 0.195452
0.201 0.950788 0.953644 0.196054 0.196406
0.202 0.950543 0.953404 0.197005 0.197359
0.203 0.950299 0.953164 0.197955 0.198312
0.204 0.950054 0.952923 0.198905 0.199265
0.205 0.949809 0.952683 0.199855 0.200218
0.206 0.949564 0.952442 0.200805 0.201171
0.207 0.949319 0.952201 0.201755 0.202123
0.208 0.949074 0.951961 0.202704 0.203075
0.209 0.94883 0.95172 0.203653 0.204027
0.21 0.948585 0.951479 0.204601 0.204979
0.211 0.94834 0.951238 0.20555 0.20593
0.212 0.948095 0.950997 0.206498 0.206881
0.213 0.94785 0.950755 0.207446 0.207832
0.214 0.947605 0.950514 0.208394 0.208783
0.215 0.947361 0.950272 0.209341 0.209733
0.216 0.947116 0.950031 0.210288 0.210683
0.217 0.946871 0.949789 0.211235 0.211633
0.218 0.946626 0.949548 0.212182 0.212583
0.219 0.946381 0.949306 0.213129 0.213532
0.22 0.946136 0.949064 0.214075 0.214481
0.221 0.945891 0.948822 0.215021 0.21543
0.222 0.945647 0.94858 0.215967 0.216379
0.223 0.945402 0.948337 0.216912 0.217327
0.224 0.945157 0.948095 0.217858 0.218276
0.225 0.944912 0.947853 0.218803 0.219224
0.226 0.944667 0.94761 0.219747 0.220171
0.227 0.944422 0.947368 0.220692 0.221119
0.228 0.944178 0.947125 0.221636 0.222066
0.229 0.943933 0.946882 0.22258 0.223013
0.23 0.943688 0.946639 0.223524 0.22396
0.231 0.943443 0.946396 0.224468 0.224906
0.232 0.943198 0.946153 0.225411 0.225853
0.233 0.942953 0.94591 0.226354 0.226799
0.234 0.942709 0.945667 0.227297 0.227744
0.235 0.942464 0.945423 0.228239 0.22869
0.236 0.942219 0.94518 0.229182 0.229635
0.237 0.941974 0.944936 0.230124 0.23058
0.238 0.941729 0.944693 0.231066 0.231525
0.239 0.941484 0.944449 0.232007 0.23247
0.24 0.94124 0.944205 0.232949 0.233414
0.241 0.940995 0.943961 0.23389 0.234358
0.242 0.94075 0.943717 0.234831 0.235302
0.243 0.940505 0.943473 0.235771 0.236246
0.244 0.94026 0.943229 0.236712 0.237189
0.245 0.940015 0.942984 0.237652 0.238132
0.246 0.939771 0.94274 0.238592 0.239075
0.247 0.939526 0.942496 0.239531 0.240018
0.248 0.939281 0.942251 0.240471 0.24096
0.249 0.939036 0.942006 0.24141 0.241902
0.25 0.938791 0.941761 0.242349 0.242844
0.251 0.938546 0.941517 0.243288 0.243786
0.252 0.938302 0.941272 0.244226 0.244727
0.253 0.938057 0.941027 0.245164 0.245668
0.254 0.937812 0.940781 0.246102 0.246609
0.255 0.937567 0.940536 0.24704 0.24755
0.256 0.937322 0.940291 0.247977 0.24849
0.257 0.937077 0.940045 0.248914 0.24943
0.258 0.936833 0.9398 0.249851 0.25037
0.259 0.936588 0.939554 0.250788 0.25131
0.26 0.936343 0.939308 0.251725 0.252249
0.261 0.936098 0.939063 0.252661 0.253188
0.262 0.935853 0.938817 0.253597 0.254127
0.263 0.935608 0.938571 0.254533 0.255066
0.264 0.935364 0.938324 0.255468 0.256005
0.265 0.935119 0.938078 0.256403 0.256943
0.266 0.934874 0.937832 0.257338 0.257881
0.267 0.934629 0.937586 0.258273 0.258818
0.268 0.934384 0.937339 0.259207 0.259756
0.269 0.934139 0.937092 0.260142 0.260693
0.27 0.933895 0.936846 0.261076 0.26163
0.271 0.93365 0.936599 0.26201 0.262567
0.272 0.933405 0.936352 0.262943 0.263503
0.273 0.93316 0.936105 0.263876 0.264439
0.274 0.932915 0.935858 0.264809 0.265375
0.275 0.93267 0.935611 0.265742 0.266311
0.276 0.932426 0.935364 0.266675 0.267247
0.277 0.932181 0.935116 0.267607 0.268182
0.278 0.931936 0.934869 0.268539 0.269117
0.279 0.931691 0.934621 0.269471 0.270052
0.28 0.931446 0.934374 0.270402 0.270986
0.281 0.931201 0.934126 0.271334 0.27192
0.282 0.930957 0.933878 0.272265 0.272854
0.283 0.930712 0.93363 0.273196 0.273788
0.284 0.930467 0.933382 0.274126 0.274722
0.285 0.930222 0.933134 0.275057 0.275655
0.286 0.929977 0.932886 0.275987 0.276588
0.287 0.929732 0.932637 0.276917 0.277521
0.288 0.929488 0.932389 0.277846 0.278453
0.289 0.929243 0.932141 0.278776 0.279385
0.29 0.928998 0.931892 0.279705 0.280318
0.291 0.928753 0.931643 0.280634 0.281249
0.292 0.928508 0.931395 0.281562 0.282181
0.293 0.928263 0.931146 0.282491 0.283112
0.294 0.928019 0.930897 0.283419 0.284043
0.295 0.927774 0.930648 0.284347 0.284974
0.296 0.927529 0.930398 0.285274 0.285904
0.297 0.927284 0.930149 0.286202 0.286835
0.298 0.927039 0.9299 0.287129 0.287765
0.299 0.926794 0.92965 0.288056 0.288694
0.3 0.92655 0.929401 0.288982 0.289624
0.301 0.926305 0.929151 0.289909 0.290553
0.302 0.92606 0.928902 0.290835 0.291482
0.303 0.925815 0.928652 0.291761 0.292411
0.304 0.92557 0.928402 0.292687 0.29334
0.305 0.925325 0.928152 0.293612 0.294268
0.306 0.925081 0.927902 0.294537 0.295196
0.307 0.924836 0.927651 0.295462 0.296124
0.308 0.924591 0.927401 0.296387 0.297051
0.309 0.924346 0.927151 0.297311 0.297978
0.31 0.924101 0.9269 0.298236 0.298906
0.311 0.923856 0.92665 0.29916 0.299832
0.312 0.923612 0.926399 0.300083 0.300759
0.313 0.923367 0.926148 0.301007 0.301685
0.314 0.923122 0.925897 0.30193 0.302611
0.315 0.922877 0.925646 0.302853 0.303537
0.316 0.922632 0.925395 0.303776 0.304462
0.317 0.922387 0.925144 0.304698 0.305388
0.318 0.922143 0.924893 0.305621 0.306313
0.319 0.921898 0.924642 0.306543 0.307237
0.32 0.921653 0.92439 0.307464 0.308162
0.321 0.921408 0.924139 0.308386 0.309086
0.322 0.921163 0.923887 0.309307 0.31001
0.323 0.920918 0.923635 0.310228 0.310934
0.324 0.920674 0.923383 0.311149 0.311858
0.325 0.920429 0.923132 0.31207 0.312781
0.326 0.920184 0.92288 0.31299 0.313704
0.327 0.919939 0.922627 0.31391 0.314627
0.328 0.919694 0.922375 0.31483 0.315549
0.329 0.919449 0.922123 0.315749 0.316471
0.33 0.919204 0.921871 0.316669 0.317393
0.331 0.91896 0.921618 0.317588 0.318315
0.332 0.918715 0.921365 0.318507 0.319237
0.333 0.91847 0.921113 0.319425 0.320158
0.334 0.918225 0.92086 0.320344 0.321079
0.335 0.91798 0.920607 0.321262 0.321999
0.336 0.917735 0.920354 0.32218 0.32292
0.337 0.917491 0.920101 0.323097 0.32384
0.338 0.917246 0.919848 0.324015 0.32476
0.339 0.917001 0.919595 0.324932 0.32568
0.34 0.916756 0.919341 0.325849 0.326599
0.341 0.916511 0.919088 0.326765 0.327519
0.342 0.916266 0.918834 0.327682 0.328438
0.343 0.916022 0.918581 0.328598 0.329356
0.344 0.915777 0.918327 0.329514 0.330275
0.345 0.915532 0.918073 0.330429 0.331193
0.346 0.915287 0.917819 0.331345 0.332111
0.347 0.915042 0.917565 0.33226 0.333029
0.348 0.914797 0.917311 0.333175 0.333946
0.349 0.914553 0.917057 0.334089 0.334863
0.35 0.914308 0.916803 0.335004 0.33578
0.351 0.914063 0.916548 0.335918 0.336697
0.352 0.913818 0.916294 0.336832 0.337613
0.353 0.913573 0.916039 0.337746 0.338529
0.354 0.913328 0.915785 0.338659 0.339445
0.355 0.913084 0.91553 0.339572 0.340361
0.356 0.912839 0.915275 0.340485 0.341276
0.357 0.912594 0.91502 0.341398 0.342191
0.358 0.912349 0.914765 0.34231 0.343106
0.359 0.912104 0.91451 0.343223 0.344021
0.36 0.911859 0.914255 0.344135 0.344935
0.361 0.911615 0.913999 0.345046 0.345849
0.362 0.91137 0.913744 0.345958 0.346763
0.363 0.911125 0.913488 0.346869 0.347677
0.364 0.91088 0.913233 0.34778 0.34859
0.365 0.910635 0.912977 0.348691 0.349503
0.366 0.91039 0.912721 0.349601 0.350416
0.367 0.910146 0.912465 0.350512 0.351329
0.368 0.909901 0.912209 0.351422 0.352241
0.369 0.909656 0.911953 0.352332 0.353153
0.37 0.909411 0.911697 0.353241 0.354065
0.371 0.909166 0.911441 0.35415 0.354977
0.372 0.908921 0.911184 0.355059 0.355888
0.373 0.908677 0.910928 0.355968 0.356799
0.374 0.908432 0.910671 0.356877 0.35771
0.375 0.908187 0.910415 0.357785 0.35862
0.376 0.907942 0.910158 0.358693 0.359531
0.377 0.907697 0.909901 0.359601 0.360441
0.378 0.907452 0.909644 0.360509 0.36135
0.379 0.907208 0.909387 0.361416 0.36226
0.38 0.906963 0.90913 0.362323 0.363169
0.381 0.906718 0.908873 0.36323 0.364078
0.382 0.906473 0.908615 0.364136 0.364987
0.383 0.906228 0.908358 0.365043 0.365896
0.384 0.905983 0.9081 0.365949 0.366804
0.385 0.905739 0.907843 0.366855 0.367712
0.386 0.905494 0.907585 0.36776 0.368619
0.387 0.905249 0.907327 0.368666 0.369527
0.388 0.905004 0.907069 0.369571 0.370434
0.389 0.904759 0.906811 0.370476 0.371341
0.39 0.904514 0.906553 0.37138 0.372248
0.391 0.90427 0.906295 0.372285 0.373154
0.392 0.904025 0.906037 0.373189 0.37406
0.393 0.90378 0.905778 0.374093 0.374966
0.394 0.903535 0.90552 0.374996 0.375872
0.395 0.90329 0.905261 0.3759 0.376777
0.396 0.903045 0.905003 0.376803 0.377682
0.397 0.902801 0.904744 0.377706 0.378587
0.398 0.902556 0.904485 0.378609 0.379492
0.399 0.902311 0.904226 0.379511 0.380396
0.4 0.902066 0.903967 0.380413 0.3813
0.401 0.901821 0.903708 0.381315 0.382204
0.402 0.901576 0.903449 0.382217 0.383108
0.403 0.901332 0.903189 0.383118 0.384011
0.404 0.901087 0.90293 0.38402 0.384914
0.405 0.900842 0.90267 0.38492 0.385817
0.406 0.900597 0.902411 0.385821 0.386719
0.407 0.900352 0.902151 0.386722 0.387622
0.408 0.900107 0.901891 0.387622 0.388524
0.409 0.899863 0.901631 0.388522 0.389425
0.41 0.899618 0.901371 0.389422 0.390327
0.411 0.899373 0.901111 0.390321 0.391228
0.412 0.899128 0.900851 0.39122 0.392129
0.413 0.898883 0.900591 0.392119 0.39303
0.414 0.898638 0.90033 0.393018 0.39393
0.415 0.898394 0.90007 0.393917 0.394831
0.416 0.898149 0.899809 0.394815 0.395731
0.417 0.897904 0.899549 0.395713 0.39663
0.418 0.897659 0.899288 0.396611 0.39753
0.419 0.897414 0.899027 0.397508 0.398429
0.42 0.897169 0.898766 0.398406 0.399328
0.421 0.896925 0.898505 0.399303 0.400226
0.422 0.89668 0.898244 0.400199 0.401125
0.423 0.896435 0.897983 0.401096 0.402023
0.424 0.89619 0.897721 0.401992 0.402921
0.425 0.895945 0.89746 0.402888 0.403818
0.426 0.8957 0.897198 0.403784 0.404716
0.427 0.895456 0.896937 0.40468 0.405613
0.428 0.895211 0.896675 0.405575 0.406509
0.429 0.894966 0.896413 0.40647 0.407406
0.43 0.894721 0.896151 0.407365 0.408302
0.431 0.894476 0.895889 0.40826 0.409198
0.432 0.894231 0.895627 0.409154 0.410094
0.433 0.893986 0.895365 0.410048 0.41099
0.434 0.893742 0.895103 0.410942 0.411885
0.435 0.893497 0.894841 0.411836 0.41278
0.436 0.893252 0.894578 0.412729 0.413674
0.437 0.893007 0.894316 0.413622 0.414569
0.438 0.892762 0.894053 0.414515 0.415463
0.439 0.892517 0.89379 0.415408 0.416357
0.44 0.892273 0.893527 0.4163 0.417251
0.441 0.892028 0.893264 0.417192 0.418144
0.442 0.891783 0.893001 0.418084 0.419037
0.443 0.891538 0.892738 0.418976 0.41993
0.444 0.891293 0.892475 0.419867 0.420823
0.445 0.891048 0.892212 0.420758 0.421715
0.446 0.890804 0.891948 0.421649 0.422607
0.447 0.890559 0.891685 0.42254 0.423499
0.448 0.890314 0.891421 0.42343 0.42439
0.449 0.890069 0.891157 0.424321 0.425282
0.45 0.889824 0.890894 0.42521 0.426173
0.451 0.889579 0.89063 0.4261 0.427064
0.452 0.889335 0.890366 0.42699 0.427954
0.453 0.88909 0.890102 0.427879 0.428844
0.454 0.888845 0.889837 0.428768 0.429734
0.455 0.8886 0.889573 0.429657 0.430624
0.456 0.888355 0.889309 0.430545 0.431513
0.457 0.88811 0.889044 0.431433 0.432403
0.458 0.887866 0.88878 0.432321 0.433292
0.459 0.887621 0.888515 0.433209 0.43418
0.46 0.887376 0.88825 0.434096 0.435069
0.461 0.887131 0.887986 0.434984 0.435957
0.462 0.886886 0.887721 0.435871 0.436845
0.463 0.886641 0.887456 0.436757 0.437732
0.464 0.886397 0.88719 0.437644 0.438619
0.465 0.886152 0.886925 0.43853 0.439506
0.466 0.885907 0.88666 0.439416 0.440393
0.467 0.885662 0.886394 0.440302 0.44128
0.468 0.885417 0.886129 0.441188 0.442166
0.469 0.885172 0.885863 0.442073 0.443052
0.47 0.884928 0.885598 0.442958 0.443938
0.471 0.884683 0.885332 0.443843 0.444823
0.472 0.884438 0.885066 0.444727 0.445708
0.473 0.884193 0.8848 0.445612 0.446593
0.474 0.883948 0.884534 0.446496 0.447478
0.475 0.883703 0.884268 0.44738 0.448362
0.476 0.883459 0.884001 0.448263 0.449247
0.477 0.883214 0.883735 0.449146 0.45013
0.478 0.882969 0.883469 0.45003 0.451014
0.479 0.882724 0.883202 0.450912 0.451897
0.48 0.882479 0.882935 0.451795 0.45278
0.481 0.882234 0.882669 0.452677 0.453663
0.482 0.88199 0.882402 0.453559 0.454546
0.483 0.881745 0.882135 0.454441 0.455428
0.484 0.8815 0.881868 0.455323 0.45631
0.485 0.881255 0.881601 0.456204 0.457192
0.486 0.88101 0.881334 0.457085 0.458073
0.487 0.880765 0.881066 0.457966 0.458954
0.488 0.880521 0.880799 0.458847 0.459835
0.489 0.880276 0.880531 0.459727 0.460716
0.49 0.880031 0.880264 0.460608 0.461596
0.491 0.879786 0.879996 0.461487 0.462477
0.492 0.879541 0.879728 0.462367 0.463356
0.493 0.879296 0.87946 0.463247 0.464236
0.494 0.879052 0.879192 0.464126 0.465115
0.495 0.878807 0.878924 0.465005 0.465994
0.496 0.878562 0.878656 0.465883 0.466873
0.497 0.878317 0.878388 0.466762 0.467752
0.498 0.878072 0.87812 0.46764 0.46863
0.499 0.877827 0.877851 0.468518 0.469508
0.5 0.877583 0.877583 0.469396 0.470386
0.501 0.876908 0.877313 0.470273 0.471263
0.502 0.876233 0.877042 0.471149 0.47214
0.503 0.875559 0.876769 0.472025 0.473017
0.504 0.874884 0.876495 0.472901 0.473894
0.505 0.87421 0.876219 0.473775 0.47477
0.506 0.873535 0.875942 0.474649 0.475646
0.507 0.872861 0.875663 0.475522 0.476522
0.508 0.872186 0.875382 0.476395 0.477398
0.509 0.871512 0.875099 0.477267 0.478273
0.51 0.870837 0.874815 0.478138 0.479148
0.511 0.870162 0.87453 0.479008 0.480022
0.512 0.869488 0.874242 0.479878 0.480897
0.513 0.868813 0.873954 0.480747 0.481771
0.514 0.868139 0.873663 0.481616 0.482645
0.515 0.867464 0.873371 0.482483 0.483518
0.516 0.86679 0.873077 0.483351 0.484392
0.517 0.866115 0.872782 0.484217 0.485264
0.518 0.86544 0.872485 0.485083 0.486137
0.519 0.864766 0.872186 0.485948 0.487009
0.52 0.864091 0.871886 0.486812 0.487881
0.521 0.863417 0.871584 0.487676 0.488753
0.522 0.862742 0.87128 0.488539 0.489625
0.523 0.862068 0.870975 0.489402 0.490496
0.524 0.861393 0.870669 0.490263 0.491367
0.525 0.860719 0.87036 0.491124 0.492237
0.526 0.860044 0.87005 0.491985 0.493107
0.527 0.859369 0.869739 0.492844 0.493977
0.528 0.858695 0.869425 0.493704 0.494847
0.529 0.85802 0.86911 0.494562 0.495716
0.53 0.857346 0.868794 0.49542 0.496585
0.531 0.856671 0.868476 0.496277 0.497454
0.532 0.855997 0.868156 0.497133 0.498322
0.533 0.855322 0.867835 0.497989 0.49919
0.534 0.854648 0.867512 0.498844 0.500058
0.535 0.853973 0.867187 0.499698 0.500925
0.536 0.853298 0.866861 0.500551 0.501792
0.537 0.852624 0.866533 0.501404 0.502659
0.538 0.851949 0.866203 0.502257 0.503525
0.539 0.851275 0.865872 0.503108 0.504391
0.54 0.8506 0.86554 0.503959 0.505257
0.541 0.849926 0.865205 0.50481 0.506122
0.542 0.849251 0.864869 0.505659 0.506987
0.543 0.848576 0.864532 0.506508 0.507852
0.544 0.847902 0.864192 0.507356 0.508716
0.545 0.847227 0.863852 0.508204 0.50958
0.546 0.846553 0.863509 0.509051 0.510444
0.547 0.845878 0.863165 0.509897 0.511307
0.548 0.845204 0.862819 0.510743 0.51217
0.549 0.844529 0.862472 0.511587 0.513033
0.55 0.843855 0.862123 0.512432 0.513895
0.551 0.84318 0.861772 0.513275 0.514757
0.552 0.842505 0.86142 0.514118 0.515619
0.553 0.841831 0.861066 0.51496 0.51648
0.554 0.841156 0.860711 0.515802 0.517341
0.555 0.840482 0.860354 0.516642 0.518201
0.556 0.839807 0.859995 0.517483 0.519062
0.557 0.839133 0.859635 0.518322 0.519921
0.558 0.838458 0.859273 0.519161 0.520781
0.559 0.837783 0.858909 0.519999 0.52164
0.56 0.837109 0.858544 0.520836 0.522499
0.561 0.836434 0.858177 0.521673 0.523357
0.562 0.83576 0.857809 0.522509 0.524215
0.563 0.835085 0.857438 0.523345 0.525073
0.564 0.834411 0.857067 0.524179 0.52593
0.565 0.833736 0.856693 0.525013 0.526787
0.566 0.833062 0.856318 0.525847 0.527643
0.567 0.832387 0.855942 0.52668 0.528499
0.568 0.831712 0.855564 0.527512 0.529355
0.569 0.831038 0.855184 0.528343 0.530211
0.57 0.830363 0.854802 0.529174 0.531066
0.571 0.829689 0.854419 0.530004 0.53192
0.572 0.829014 0.854035 0.530833 0.532774
0.573 0.82834 0.853648 0.531662 0.533628
0.574 0.827665 0.85326 0.53249 0.534482
0.575 0.826991 0.852871 0.533317 0.535335
0.576 0.826316 0.85248 0.534144 0.536187
0.577 0.825641 0.852087 0.53497 0.53704
0.578 0.824967 0.851692 0.535795 0.537892
0.579 0.824292 0.851296 0.53662 0.538743
0.58 0.823618 0.850899 0.537444 0.539594
0.581 0.822943 0.850499 0.538267 0.540445
0.582 0.822269 0.850098 0.53909 0.541295
0.583 0.821594 0.849696 0.539911 0.542145
0.584 0.820919 0.849292 0.540733 0.542995
0.585 0.820245 0.848886 0.541553 0.543844
0.586 0.81957 0.848478 0.542373 0.544692
0.587 0.818896 0.848069 0.543192 0.545541
0.588 0.818221 0.847659 0.544011 0.546389
0.589 0.817547 0.847246 0.544829 0.547236
0.59 0.816872 0.846832 0.545646 0.548083
0.591 0.816198 0.846417 0.546463 0.54893
0.592 0.815523 0.846 0.547278 0.549776
0.593 0.814848 0.845581 0.548094 0.550622
0.594 0.814174 0.84516 0.548908 0.551467
0.595 0.813499 0.844738 0.549722 0.552312
0.596 0.812825 0.844315 0.550535 0.553156
0.597 0.81215 0.843889 0.551348 0.554001
0.598 0.811476 0.843462 0.552159 0.554844
0.599 0.810801 0.843034 0.552971 0.555688
0.6 0.810127 0.842604 0.553781 0.55653
0.601 0.809452 0.842172 0.554591 0.557373
0.602 0.808777 0.841738 0.5554 0.558215
0.603 0.808103 0.841303 0.556208 0.559056
0.604 0.807428 0.840867 0.557016 0.559897
0.605 0.806754 0.840428 0.557823 0.560738
0.606 0.806079 0.839989 0.55863 0.561578
0.607 0.805405 0.839547 0.559435 0.562418
0.608 0.80473 0.839104 0.560241 0.563257
0.609 0.804055 0.838659 0.561045 0.564096
0.61 0.803381 0.838213 0.561849 0.564935
0.611 0.802706 0.837765 0.562652 0.565773
0.612 0.802032 0.837315 0.563454 0.56661
0.613 0.801357 0.836864 0.564256 0.567447
0.614 0.800683 0.836411 0.565057 0.568284
0.615 0.800008 0.835956 0.565857 0.56912
0.616 0.799334 0.8355 0.566657 0.569956
0.617 0.798659 0.835042 0.567456 0.570791
0.618 0.797984 0.834583 0.568254 0.571626
0.619 0.79731 0.834122 0.569052 0.57246
0.62 0.796635 0.833659 0.569849 0.573294
0.621 0.795961 0.833195 0.570645 0.574127
0.622 0.795286 0.832729 0.571441 0.57496
0.623 0.794612 0.832262 0.572236 0.575793
0.624 0.793937 0.831792 0.57303 0.576625
0.625 0.793262 0.831322 0.573823 0.577457
0.626 0.792588 0.830849 0.574616 0.578288
0.627 0.791913 0.830375 0.575409 0.579118
0.628 0.791239 0.8299 0.5762 0.579948
0.629 0.790564 0.829422 0.576991 0.580778
0.63 0.78989 0.828943 0.577781 0.581607
0.631 0.789215 0.828463 0.578571 0.582436
0.632 0.788541 0.827981 0.57936 0.583264
0.633 0.787866 0.827497 0.580148 0.584092
0.634 0.787191 0.827012 0.580935 0.584919
0.635 0.786517 0.826525 0.581722 0.585746
0.636 0.785842 0.826036 0.582509 0.586572
0.637 0.785168 0.825546 0.583294 0.587398
0.638 0.784493 0.825054 0.584079 0.588223
0.639 0.783819 0.82456 0.584863 0.589048
0.64 0.783144 0.824065 0.585647 0.589872
0.641 0.78247 0.823569 0.586429 0.590696
0.642 0.781795 0.82307 0.587211 0.59152
0.643 0.78112 0.82257 0.587993 0.592342
0.644 0.780446 0.822069 0.588774 0.593165
0.645 0.779771 0.821565 0.589554 0.593986
0.646 0.779097 0.82106 0.590333 0.594808
0.647 0.778422 0.820554 0.591112 0.595629
0.648 0.777748 0.820046 0.59189 0.596449
0.649 0.777073 0.819536 0.592667 0.597269
0.65 0.776398 0.819025 0.593444 0.598088
0.651 0.775724 0.818512 0.59422 0.598907
0.652 0.775049 0.817997 0.594996 0.599725
0.653 0.774375 0.817481 0.59577 0.600543
0.654 0.7737 0.816963 0.596544 0.60136
0.655 0.773026 0.816444 0.597318 0.602177
0.656 0.772351 0.815922 0.59809 0.602993
0.657 0.771677 0.8154 0.598862 0.603808
0.658 0.771002 0.814875 0.599634 0.604624
0.659 0.770327 0.814349 0.600404 0.605438
0.66 0.769653 0.813822 0.601174 0.606252
0.661 0.768978 0.813293 0.601944 0.607066
0.662 0.768304 0.812762 0.602712 0.607879
0.663 0.767629 0.812229 0.60348 0.608691
0.664 0.766955 0.811695 0.604248 0.609503
0.665 0.76628 0.811159 0.605014 0.610315
0.666 0.765606 0.810622 0.60578 0.611126
0.667 0.764931 0.810083 0.606546 0.611936
0.668 0.764256 0.809543 0.60731 0.612746
0.669 0.763582 0.809 0.608074 0.613555
0.67 0.762907 0.808456 0.608837 0.614364
0.671 0.762233 0.807911 0.6096 0.615172
0.672 0.761558 0.807364 0.610362 0.61598
0.673 0.760884 0.806815 0.611123 0.616787
0.674 0.760209 0.806265 0.611884 0.617593
0.675 0.759534 0.805713 0.612643 0.618399
0.676 0.75886 0.805159 0.613403 0.619205
0.677 0.758185 0.804604 0.614161 0.62001
0.678 0.757511 0.804047 0.614919 0.620814
0.679 0.756836 0.803489 0.615676 0.621618
0.68 0.756162 0.802929 0.616433 0.622421
0.681 0.755487 0.802367 0.617188 0.623224
0.682 0.754813 0.801804 0.617944 0.624026
0.683 0.754138 0.801239 0.618698 0.624827
0.684 0.753463 0.800672 0.619452 0.625628
0.685 0.752789 0.800104 0.620205 0.626429
0.686 0.752114 0.799534 0.620957 0.627228
0.687 0.75144 0.798963 0.621709 0.628028
0.688 0.750765 0.79839 0.62246 0.628826
0.689 0.750091 0.797815 0.623211 0.629624
0.69 0.749416 0.797239 0.623961 0.630422
0.691 0.748742 0.796661 0.62471 0.631219
0.692 0.748067 0.796081 0.625458 0.632015
0.693 0.747392 0.7955 0.626206 0.632811
0.694 0.746718 0.794917 0.626953 0.633606
0.695 0.746043 0.794333 0.627699 0.634401
0.696 0.745369 0.793747 0.628445 0.635195
0.697 0.744694 0.793159 0.62919 0.635988
0.698 0.74402 0.79257 0.629934 0.636781
0.699 0.743345 0.791979 0.630678 0.637573
0.7 0.74267 0.791386 0.631421 0.638365
0.701 0.741996 0.790792 0.632163 0.639156
0.702 0.741321 0.790196 0.632905 0.639947
0.703 0.740647 0.789599 0.633646 0.640737
0.704 0.739972 0.789 0.634386 0.641526
0.705 0.739298 0.788399 0.635126 0.642315
0.706 0.738623 0.787797 0.635865 0.643103
0.707 0.737949 0.787193 0.636603 0.64389
0.708 0.737274 0.786587 0.637341 0.644677
0.709 0.736599 0.78598 0.638078 0.645463
0.71 0.735925 0.785371 0.638814 0.646249
0.711 0.73525 0.784761 0.63955 0.647034
0.712 0.734576 0.784149 0.640284 0.647819
0.713 0.733901 0.783535 0.641019 0.648602
0.714 0.733227 0.78292 0.641752 0.649386
0.715 0.732552 0.782303 0.642485 0.650168
0.716 0.731877 0.781684 0.643217 0.65095
0.717 0.731203 0.781064 0.643949 0.651732
0.718 0.730528 0.780442 0.64468 0.652512
0.719 0.729854 0.779819 0.64541 0.653293
0.72 0.729179 0.779194 0.646139 0.654072
0.721 0.728505 0.778567 0.646868 0.654851
0.722 0.72783 0.777939 0.647596 0.655629
0.723 0.727156 0.777309 0.648324 0.656407
0.724 0.726481 0.776678 0.649051 0.657184
0.725 0.725806 0.776045 0.649777 0.65796
0.726 0.725132 0.77541 0.650502 0.658736
0.727 0.724457 0.774773 0.651227 0.659511
0.728 0.723783 0.774135 0.651951 0.660285
0.729 0.723108 0.773496 0.652675 0.661059
0.73 0.722434 0.772854 0.653398 0.661832
0.731 0.721759 0.772212 0.65412 0.662605
0.732 0.721085 0.771567 0.654841 0.663377
0.733 0.72041 0.770921 0.655562 0.664148
0.734 0.719735 0.770273 0.656282 0.664919
0.735 0.719061 0.769624 0.657001 0.665689
0.736 0.718386 0.768973 0.65772 0.666458
0.737 0.717712 0.76832 0.658438 0.667227
0.738 0.717037 0.767666 0.659155 0.667995
0.739 0.716363 0.76701 0.659872 0.668762
0.74 0.715688 0.766352 0.660588 0.669529
0.741 0.715013 0.765693 0.661303 0.670295
0.742 0.714339 0.765032 0.662018 0.67106
0.743 0.713664 0.76437 0.662732 0.671825
0.744 0.71299 0.763706 0.663445 0.672589
0.745 0.712315 0.76304 0.664158 0.673352
0.746 0.711641 0.762373 0.66487 0.674115
0.747 0.710966 0.761704 0.665581 0.674877
0.748 0.710292 0.761034 0.666292 0.675638
0.749 0.709617 0.760362 0.667002 0.676399
0.75 0.708942 0.759688 0.667711 0.677159
0.751 0.708268 0.759013 0.66842 0.677918
0.752 0.707593 0.758336 0.669128 0.678677
0.753 0.706919 0.757657 0.669835 0.679435
0.754 0.706244 0.756977 0.670542 0.680192
0.755 0.70557 0.756295 0.671248 0.680949
0.756 0.704895 0.755611 0.671953 0.681705
0.757 0.704221 0.754926 0.672657 0.68246
0.758 0.703546 0.75424 0.673361 0.683215
0.759 0.702871 0.753551 0.674064 0.683969
0.76 0.702197 0.752861 0.674767 0.684722
0.761 0.701522 0.75217 0.675469 0.685474
0.762 0.700848 0.751476 0.67617 0.686226
0.763 0.700173 0.750781 0.676871 0.686977
0.764 0.699499 0.750085 0.67757 0.687728
0.765 0.698824 0.749387 0.67827 0.688477
0.766 0.698149 0.748687 0.678968 0.689226
0.767 0.697475 0.747986 0.679666 0.689975
0.768 0.6968 0.747283 0.680363 0.690722
0.769 0.696126 0.746578 0.681059 0.691469
0.77 0.695451 0.745872 0.681755 0.692216
0.771 0.694777 0.745164 0.68245 0.692961
0.772 0.694102 0.744455 0.683145 0.693706
0.773 0.693428 0.743744 0.683839 0.69445
0.774 0.692753 0.743031 0.684532 0.695193
0.775 0.692078 0.742317 0.685224 0.695936
0.776 0.691404 0.741601 0.685916 0.696678
0.777 0.690729 0.740883 0.686607 0.697419
0.778 0.690055 0.740164 0.687297 0.69816
0.779 0.68938 0.739443 0.687987 0.6989
0.78 0.688706 0.73872 0.688676 0.699639
0.781 0.688031 0.737996 0.689364 0.700377
0.782 0.687356 0.737271 0.690052 0.701115
0.783 0.686682 0.736543 0.690739 0.701852
0.784 0.686007 0.735814 0.691425 0.702588
0.785 0.685333 0.735084 0.692111 0.703323
0.786 0.684658 0.734352 0.692796 0.704058
0.787 0.683984 0.733618 0.69348 0.704792
0.788 0.683309 0.732882 0.694164 0.705525
0.789 0.682635 0.732145 0.694847 0.706258
0.79 0.68196 0.731406 0.695529 0.706989
0.791 0.681285 0.730666 0.696211 0.70772
0.792 0.680611 0.729924 0.696892 0.708451
0.793 0.679936 0.729181 0.697572 0.70918
0.794 0.679262 0.728435 0.698252 0.709909
0.795 0.678587 0.727689 0.698931 0.710637
0.796 0.677913 0.72694 0.699609 0.711365
0.797 0.677238 0.72619 0.700287 0.712091
0.798 0.676564 0.725438 0.700963 0.712817
0.799 0.675889 0.724685 0.70164 0.713542
0.8 0.675214 0.72393 0.702315 0.714266
0.801 0.67454 0.723174 0.70299 0.71499
0.802 0.673865 0.722415 0.703664 0.715713
0.803 0.673191 0.721656 0.704338 0.716435
0.804 0.672516 0.720894 0.705011 0.717156
0.805 0.671842 0.720131 0.705683 0.717876
0.806 0.671167 0.719366 0.706354 0.718596
0.807 0.670492 0.7186 0.707025 0.719315
0.808 0.669818 0.717832 0.707695 0.720033
0.809 0.669143 0.717063 0.708365 0.720751
0.81 0.668469 0.716291 0.709034 0.721468
0.811 0.667794 0.715519 0.709702 0.722183
0.812 0.66712 0.714744 0.710369 0.722899
0.813 0.666445 0.713968 0.711036 0.723613
0.814 0.665771 0.71319 0.711702 0.724326
0.815 0.665096 0.712411 0.712368 0.725039
0.816 0.664421 0.71163 0.713032 0.725751
0.817 0.663747 0.710848 0.713696 0.726463
0.818 0.663072 0.710063 0.71436 0.727173
0.819 0.662398 0.709278 0.715023 0.727883
0.82 0.661723 0.70849 0.715685 0.728592
0.821 0.661049 0.707701 0.716346 0.7293
0.822 0.660374 0.706911 0.717007 0.730007
0.823 0.6597 0.706118 0.717667 0.730713
0.824 0.659025 0.705324 0.718326 0.731419
0.825 0.65835 0.704529 0.718985 0.732124
0.826 0.657676 0.703732 0.719643 0.732828
0.827 0.657001 0.702933 0.7203 0.733532
0.828 0.656327 0.702132 0.720957 0.734234
0.829 0.655652 0.70133 0.721613 0.734936
0.83 0.654978 0.700527 0.722268 0.735637
0.831 0.654303 0.699722 0.722923 0.736337
0.832 0.653628 0.698915 0.723577 0.737036
0.833 0.652954 0.698106 0.72423 0.737735
0.834 0.652279 0.697296 0.724883 0.738432
0.835 0.651605 0.696484 0.725535 0.739129
0.836 0.65093 0.695671 0.726186 0.739825
0.837 0.650256 0.694856 0.726836 0.740521
0.838 0.649581 0.694039 0.727486 0.741215
0.839 0.648907 0.693221 0.728136 0.741909
0.84 0.648232 0.692401 0.728784 0.742602
0.841 0.647557 0.691579 0.729432 0.743294
0.842 0.646883 0.690756 0.730079 0.743985
0.843 0.646208 0.689931 0.730726 0.744675
0.844 0.645534 0.689105 0.731372 0.745365
0.845 0.644859 0.688277 0.732017 0.746053
0.846 0.644185 0.687447 0.732661 0.746741
0.847 0.64351 0.686616 0.733305 0.747428
0.848 0.642836 0.685783 0.733948 0.748114
0.849 0.642161 0.684949 0.734591 0.7488
0.85 0.641486 0.684113 0.735233 0.749484
0.851 0.640812 0.683275 0.735874 0.750168
0.852 0.640137 0.682435 0.736514 0.750851
0.853 0.639463 0.681594 0.737154 0.751533
0.854 0.638788 0.680752 0.737793 0.752214
0.855 0.638114 0.679908 0.738432 0.752894
0.856 0.637439 0.679062 0.739069 0.753574
0.857 0.636764 0.678214 0.739707 0.754252
0.858 0.63609 0.677365 0.740343 0.75493
0.859 0.635415 0.676514 0.740979 0.755607
0.86 0.634741 0.675662 0.741614 0.756283
0.861 0.634066 0.674808 0.742248 0.756959
0.862 0.633392 0.673952 0.742882 0.757633
0.863 0.632717 0.673095 0.743515 0.758306
0.864 0.632043 0.672236 0.744147 0.758979
0.865 0.631368 0.671376 0.744779 0.759651
0.866 0.630693 0.670514 0.74541 0.760322
0.867 0.630019 0.66965 0.746041 0.760992
0.868 0.629344 0.668785 0.74667 0.761661
0.869 0.62867 0.667918 0.747299 0.762329
0.87 0.627995 0.667049 0.747928 0.762997
0.871 0.627321 0.666179 0.748555 0.763664
0.872 0.626646 0.665307 0.749182 0.764329
0.873 0.625971 0.664433 0.749808 0.764994
0.874 0.625297 0.663558 0.750434 0.765658
0.875 0.624622 0.662682 0.751059 0.766321
0.876 0.623948 0.661803 0.751683 0.766984
0.877 0.623273 0.660923 0.752307 0.767645
0.878 0.622599 0.660042 0.75293 0.768305
0.879 0.621924 0.659158 0.753552 0.768965
0.88 0.62125 0.658274 0.754174 0.769624
0.881 0.620575 0.657387 0.754795 0.770282
0.882 0.6199 0.656499 0.755415 0.770938
0.883 0.619226 0.655609 0.756034 0.771595
0.884 0.618551 0.654718 0.756653 0.77225
0.885 0.617877 0.653825 0.757272 0.772904
0.886 0.617202 0.65293 0.757889 0.773557
0.887 0.616528 0.652034 0.758506 0.77421
0.888 0.615853 0.651136 0.759122 0.774861
0.889 0.615179 0.650237 0.759738 0.775512
0.89 0.614504 0.649336 0.760353 0.776162
0.891 0.613829 0.648433 0.760967 0.776811
0.892 0.613155 0.647529 0.76158 0.777459
0.893 0.61248 0.646623 0.762193 0.778106
0.894 0.611806 0.645715 0.762805 0.778752
0.895 0.611131 0.644806 0.763417 0.779397
0.896 0.610457 0.643895 0.764027 0.780042
0.897 0.609782 0.642983 0.764638 0.780685
0.898 0.609107 0.642069 0.765247 0.781328
0.899 0.608433 0.641153 0.765856 0.781969
0.9 0.607758 0.640236 0.766464 0.78261
0.901 0.607084 0.639317 0.767071 0.78325
0.902 0.606409 0.638396 0.767678 0.783889
0.903 0.605735 0.637474 0.768284 0.784526
0.904 0.60506 0.63655 0.768889 0.785163
0.905 0.604386 0.635625 0.769494 0.7858
0.906 0.603711 0.634697 0.770098 0.786435
0.907 0.603036 0.633769 0.770702 0.787069
0.908 0.602362 0.632838 0.771304 0.787702
0.909 0.601687 0.631906 0.771906 0.788335
0.91 0.601013 0.630973 0.772508 0.788966
0.911 0.600338 0.630038 0.773108 0.789597
0.912 0.599664 0.629101 0.773708 0.790226
0.913 0.598989 0.628162 0.774308 0.790855
0.914 0.598315 0.627222 0.774906 0.791482
0.915 0.59764 0.626281 0.775504 0.792109
0.916 0.596965 0.625337 0.776102 0.792735
0.917 0.596291 0.624392 0.776698 0.79336
0.918 0.595616 0.623446 0.777294 0.793984
0.919 0.594942 0.622498 0.777889 0.794607
0.92 0.594267 0.621548 0.778484 0.795229
0.921 0.593593 0.620597 0.779078 0.79585
0.922 0.592918 0.619643 0.779671 0.79647
0.923 0.592243 0.618689 0.780264 0.797089
0.924 0.591569 0.617732 0.780856 0.797707
0.925 0.590894 0.616775 0.781447 0.798325
0.926 0.59022 0.615815 0.782038 0.798941
0.927 0.589545 0.614854 0.782627 0.799556
0.928 0.588871 0.613891 0.783217 0.800171
0.929 0.588196 0.612927 0.783805 0.800784
0.93 0.587522 0.611961 0.784393 0.801396
0.931 0.586847 0.610993 0.78498 0.802008
0.932 0.586172 0.610024 0.785567 0.802618
0.933 0.585498 0.609053 0.786153 0.803228
0.934 0.584823 0.60808 0.786738 0.803837
0.935 0.584149 0.607106 0.787322 0.804444
0.936 0.583474 0.60613 0.787906 0.805051
0.937 0.5828 0.605153 0.788489 0.805656
0.938 0.582125 0.604174 0.789072 0.806261
0.939 0.58145 0.603193 0.789653 0.806865
0.94 0.580776 0.602211 0.790235 0.807467
0.941 0.580101 0.601227 0.790815 0.808069
0.942 0.579427 0.600241 0.791395 0.80867
0.943 0.578752 0.599254 0.791974 0.80927
0.944 0.578078 0.598265 0.792552 0.809868
0.945 0.577403 0.597275 0.79313 0.810466
0.946 0.576729 0.596283 0.793707 0.811063
0.947 0.576054 0.595289 0.794283 0.811659
0.948 0.575379 0.594294 0.794859 0.812254
0.949 0.574705 0.593297 0.795434 0.812847
0.95 0.57403 0.592299 0.796009 0.81344
0.951 0.573356 0.591299 0.796582 0.814032
0.952 0.572681 0.590297 0.797155 0.814623
0.953 0.572007 0.589293 0.797728 0.815213
0.954 0.571332 0.588288 0.798299 0.815801
0.955 0.570658 0.587282 0.79887 0.816389
0.956 0.569983 0.586274 0.799441 0.816976
0.957 0.569308 0.585264 0.80001 0.817562
0.958 0.568634 0.584252 0.800579 0.818146
0.959 0.567959 0.583239 0.801147 0.81873
0.96 0.567285 0.582224 0.801715 0.819313
0.961 0.56661 0.581208 0.802282 0.819895
0.962 0.565936 0.58019 0.802848 0.820475
0.963 0.565261 0.57917 0.803414 0.821055
0.964 0.564586 0.578149 0.803979 0.821634
0.965 0.563912 0.577126 0.804543 0.822211
0.966 0.563237 0.576102 0.805107 0.822788
0.967 0.562563 0.575075 0.80567 0.823363
0.968 0.561888 0.574048 0.806232 0.823938
0.969 0.561214 0.573018 0.806793 0.824512
0.97 0.560539 0.571987 0.807354 0.825084
0.971 0.559865 0.570955 0.807914 0.825656
0.972 0.55919 0.56992 0.808474 0.826226
0.973 0.558515 0.568885 0.809033 0.826795
0.974 0.557841 0.567847 0.809591 0.827364
0.975 0.557166 0.566808 0.810148 0.827931
0.976 0.556492 0.565767 0.810705 0.828497
0.977 0.555817 0.564725 0.811261 0.829063
0.978 0.555143 0.563681 0.811817 0.829627
0.979 0.554468 0.562635 0.812372 0.83019
0.98 0.553794 0.561588 0.812926 0.830752
0.981 0.553119 0.560539 0.813479 0.831313
0.982 0.552444 0.559489 0.814032 0.831873
0.983 0.55177 0.558437 0.814584 0.832432
0.984 0.551095 0.557383 0.815136 0.83299
0.985 0.550421 0.556327 0.815686 0.833547
0.986 0.549746 0.555271 0.816237 0.834103
0.987 0.549072 0.554212 0.816786 0.834657
0.988 0.548397 0.553152 0.817335 0.835211
0.989 0.547722 0.55209 0.817883 0.835764
0.99 0.547048 0.551026 0.81843 0.836315
0.991 0.546373 0.549961 0.818977 0.836866
0.992 0.545699 0.548895 0.819523 0.837415
0.993 0.545024 0.547826 0.820068 0.837964
0.994 0.54435 0.546756 0.820613 0.838511
0.995 0.543675 0.545685 0.821157 0.839057
0.996 0.543001 0.544611 0.8217 0.839602
0.997 0.542326 0.543537 0.822243 0.840146
0.998 0.541651 0.54246 0.822785 0.840689
0.999 0.540977 0.541382 0.823326 0.841231
1 0.540302 0.540302 0.823867 0.841772
1.001 0.539363 0.539222 0.824407 0.842312
1.002 0.538424 0.538142 0.824946 0.842851
1.003 0.537485 0.537063 0.825484 0.843388
1.004 0.536546 0.535985 0.826021 0.843925
1.005 0.535607 0.534907 0.826557 0.84446
1.006 0.534668 0.533829 0.827092 0.844994
1.007 0.533728 0.532752 0.827626 0.845528
1.008 0.532789 0.531676 0.828159 0.84606
1.009 0.53185 0.5306 0.828692 0.846591
1.01 0.530911 0.529525 0.829223 0.847121
1.011 0.529972 0.528451 0.829753 0.84765
1.012 0.529033 0.527377 0.830283 0.848178
1.013 0.528094 0.526303 0.830811 0.848705
1.014 0.527154 0.52523 0.831339 0.849231
1.015 0.526215 0.524158 0.831866 0.849755
1.016 0.525276 0.523086 0.832391 0.850279
1.017 0.524337 0.522015 0.832916 0.850802
1.018 0.523398 0.520944 0.83344 0.851323
1.019 0.522459 0.519874 0.833963 0.851843
1.02 0.52152 0.518805 0.834485 0.852363
1.021 0.520581 0.517736 0.835006 0.852881
1.022 0.519641 0.516668 0.835526 0.853398
1.023 0.518702 0.5156 0.836045 0.853914
1.024 0.517763 0.514533 0.836564 0.854429
1.025 0.516824 0.513466 0.837081 0.854943
1.026 0.515885 0.5124 0.837597 0.855456
1.027 0.514946 0.511334 0.838113 0.855968
1.028 0.514007 0.510269 0.838627 0.856479
1.029 0.513068 0.509205 0.839141 0.856989
1.03 0.512128 0.508141 0.839653 0.857497
1.031 0.511189 0.507078 0.840165 0.858005
1.032 0.51025 0.506015 0.840676 0.858512
1.033 0.509311 0.504953 0.841185 0.859017
1.034 0.508372 0.503891 0.841694 0.859522
1.035 0.507433 0.50283 0.842202 0.860025
1.036 0.506494 0.50177 0.842709 0.860527
1.037 0.505554 0.50071 0.843215 0.861028
1.038 0.504615 0.499651 0.84372 0.861529
1.039 0.503676 0.498592 0.844224 0.862028
1.04 0.502737 0.497534 0.844728 0.862526
1.041 0.501798 0.496476 0.84523 0.863023
1.042 0.500859 0.495419 0.845731 0.863519
1.043 0.49992 0.494363 0.846232 0.864014
1.044 0.498981 0.493307 0.846731 0.864507
1.045 0.498041 0.492251 0.84723 0.865
1.046 0.497102 0.491197 0.847727 0.865492
1.047 0.496163 0.490142 0.848224 0.865983
1.048 0.495224 0.489089 0.848719 0.866472
1.049 0.494285 0.488036 0.849214 0.866961
1.05 0.493346 0.486983 0.849708 0.867448
1.051 0.492407 0.485931 0.850201 0.867935
1.052 0.491468 0.48488 0.850693 0.86842
1.053 0.490528 0.483829 0.851184 0.868905
1.054 0.489589 0.482779 0.851674 0.869388
1.055 0.48865 0.481729 0.852163 0.86987
1.056 0.487711 0.48068 0.852651 0.870351
1.057 0.486772 0.479631 0.853138 0.870831
1.058 0.485833 0.478583 0.853625 0.871311
1.059 0.484894 0.477536 0.85411 0.871789
1.06 0.483954 0.476489 0.854595 0.872266
1.061 0.483015 0.475443 0.855078 0.872742
1.062 0.482076 0.474397 0.855561 0.873217
1.063 0.481137 0.473352 0.856042 0.87369
1.064 0.480198 0.472307 0.856523 0.874163
1.065 0.479259 0.471263 0.857003 0.874635
1.066 0.47832 0.470219 0.857481 0.875106
1.067 0.477381 0.469177 0.857959 0.875575
1.068 0.476441 0.468134 0.858436 0.876044
1.069 0.475502 0.467092 0.858912 0.876512
1.07 0.474563 0.466051 0.859387 0.876978
1.071 0.473624 0.465011 0.859861 0.877444
1.072 0.472685 0.46397 0.860334 0.877908
1.073 0.471746 0.462931 0.860807 0.878372
1.074 0.470807 0.461892 0.861278 0.878834
1.075 0.469868 0.460854 0.861748 0.879296
1.076 0.468928 0.459816 0.862218 0.879756
1.077 0.467989 0.458779 0.862686 0.880215
1.078 0.46705 0.457742 0.863154 0.880673
1.079 0.466111 0.456706 0.86362 0.881131
1.08 0.465172 0.45567 0.864086 0.881587
1.081 0.464233 0.454635 0.864551 0.882042
1.082 0.463294 0.453601 0.865014 0.882496
1.083 0.462354 0.452567 0.865477 0.882949
1.084 0.461415 0.451534 0.865939 0.883401
1.085 0.460476 0.450501 0.8664 0.883852
1.086 0.459537 0.449469 0.86686 0.884302
1.087 0.458598 0.448437 0.867319 0.884751
1.088 0.457659 0.447406 0.867777 0.885199
1.089 0.45672 0.446376 0.868234 0.885646
1.09 0.455781 0.445346 0.868691 0.886092
1.091 0.454841 0.444316 0.869146 0.886537
1.092 0.453902 0.443288 0.8696 0.886981
1.093 0.452963 0.442259 0.870054 0.887423
1.094 0.452024 0.441232 0.870506 0.887865
1.095 0.451085 0.440205 0.870958 0.888306
1.096 0.450146 0.439178 0.871408 0.888745
1.097 0.449207 0.438152 0.871858 0.889184
1.098 0.448268 0.437127 0.872307 0.889622
1.099 0.447328 0.436102 0.872755 0.890058
1.1 0.446389 0.435078 0.873201 0.890494
1.101 0.44545 0.434054 0.873647 0.890929
1.102 0.444511 0.433031 0.874092 0.891362
1.103 0.443572 0.432008 0.874536 0.891795
1.104 0.442633 0.430986 0.874979 0.892226
1.105 0.441694 0.429965 0.875422 0.892657
1.106 0.440755 0.428944 0.875863 0.893086
1.107 0.439815 0.427924 0.876303 0.893514
1.108 0.438876 0.426904 0.876742 0.893942
1.109 0.437937 0.425885 0.877181 0.894368
1.11 0.436998 0.424866 0.877618 0.894794
1.111 0.436059 0.423848 0.878055 0.895218
1.112 0.43512 0.422831 0.87849 0.895641
1.113 0.434181 0.421814 0.878925 0.896064
1.114 0.433241 0.420798 0.879359 0.896485
1.115 0.432302 0.419782 0.879792 0.896905
1.116 0.431363 0.418767 0.880223 0.897325
1.117 0.430424 0.417752 0.880654 0.897743
1.118 0.429485 0.416738 0.881084 0.89816
1.119 0.428546 0.415724 0.881513 0.898576
1.12 0.427607 0.414711 0.881941 0.898991
1.121 0.426668 0.413699 0.882369 0.899406
1.122 0.425728 0.412687 0.882795 0.899819
1.123 0.424789 0.411676 0.88322 0.900231
1.124 0.42385 0.410665 0.883644 0.900642
1.125 0.422911 0.409655 0.884068 0.901052
1.126 0.421972 0.408646 0.88449 0.901462
1.127 0.421033 0.407637 0.884912 0.90187
1.128 0.420094 0.406628 0.885332 0.902277
1.129 0.419155 0.40562 0.885752 0.902683
1.13 0.418215 0.404613 0.886171 0.903088
1.131 0.417276 0.403607 0.886588 0.903492
1.132 0.416337 0.4026 0.887005 0.903895
1.133 0.415398 0.401595 0.887421 0.904297
1.134 0.414459 0.40059 0.887836 0.904698
1.135 0.41352 0.399585 0.88825 0.905099
1.136 0.412581 0.398581 0.888663 0.905498
1.137 0.411641 0.397578 0.889075 0.905896
1.138 0.410702 0.396575 0.889486 0.906293
1.139 0.409763 0.395573 0.889896 0.906689
1.14 0.408824 0.394572 0.890306 0.907084
1.141 0.407885 0.39357 0.890714 0.907478
1.142 0.406946 0.39257 0.891121 0.907871
1.143 0.406007 0.39157 0.891528 0.908263
1.144 0.405068 0.390571 0.891933 0.908654
1.145 0.404128 0.389572 0.892338 0.909044
1.146 0.403189 0.388574 0.892742 0.909433
1.147 0.40225 0.387576 0.893144 0.909821
1.148 0.401311 0.386579 0.893546 0.910209
1.149 0.400372 0.385582 0.893947 0.910595
1.15 0.399433 0.384586 0.894347 0.91098
1.151 0.398494 0.383591 0.894746 0.911364
1.152 0.397555 0.382596 0.895144 0.911747
1.153 0.396615 0.381602 0.895541 0.912129
1.154 0.395676 0.380608 0.895937 0.91251
1.155 0.394737 0.379615 0.896332 0.91289
1.156 0.393798 0.378622 0.896727 0.913269
1.157 0.392859 0.37763 0.89712 0.913647
1.158 0.39192 0.376639 0.897512 0.914025
1.159 0.390981 0.375648 0.897904 0.914401
1.16 0.390041 0.374658 0.898294 0.914776
1.161 0.389102 0.373668 0.898684 0.91515
1.162 0.388163 0.372679 0.899073 0.915523
1.163 0.387224 0.37169 0.89946 0.915895
1.164 0.386285 0.370702 0.899847 0.916267
1.165 0.385346 0.369715 0.900233 0.916637
1.166 0.384407 0.368728 0.900618 0.917006
1.167 0.383468 0.367741 0.901002 0.917374
1.168 0.382528 0.366756 0.901385 0.917741
1.169 0.381589 0.36577 0.901767 0.918108
1.17 0.38065 0.364786 0.902148 0.918473
1.171 0.379711 0.363802 0.902528 0.918837
1.172 0.378772 0.362818 0.902907 0.919201
1.173 0.377833 0.361835 0.903286 0.919563
1.174 0.376894 0.360853 0.903663 0.919924
1.175 0.375955 0.359871 0.904039 0.920285
1.176 0.375015 0.35889 0.904415 0.920644
1.177 0.374076 0.357909 0.904789 0.921002
1.178 0.373137 0.356929 0.905163 0.92136
1.179 0.372198 0.355949 0.905536 0.921716
1.18 0.371259 0.35497 0.905907 0.922072
1.181 0.37032 0.353992 0.906278 0.922426
1.182 0.369381 0.353014 0.906648 0.92278
1.183 0.368441 0.352037 0.907017 0.923132
1.184 0.367502 0.35106 0.907385 0.923484
1.185 0.366563 0.350084 0.907752 0.923834
1.186 0.365624 0.349108 0.908118 0.924184
1.187 0.364685 0.348133 0.908483 0.924533
1.188 0.363746 0.347159 0.908847 0.92488
1.189 0.362807 0.346185 0.909211 0.925227
1.19 0.361868 0.345211 0.909573 0.925573
1.191 0.360928 0.344238 0.909934 0.925917
1.192 0.359989 0.343266 0.910295 0.926261
1.193 0.35905 0.342295 0.910654 0.926604
1.194 0.358111 0.341324 0.911013 0.926946
1.195 0.357172 0.340353 0.911371 0.927287
1.196 0.356233 0.339383 0.911727 0.927626
1.197 0.355294 0.338414 0.912083 0.927965
1.198 0.354355 0.337445 0.912438 0.928303
1.199 0.353415 0.336477 0.912792 0.92864
1.2 0.352476 0.335509 0.913145 0.928976
1.201 0.351537 0.334542 0.913497 0.929311
1.202 0.350598 0.333575 0.913848 0.929645
1.203 0.349659 0.332609 0.914198 0.929978
1.204 0.34872 0.331644 0.914547 0.93031
1.205 0.347781 0.330679 0.914895 0.930642
1.206 0.346841 0.329715 0.915243 0.930972
1.207 0.345902 0.328751 0.915589 0.931301
1.208 0.344963 0.327788 0.915934 0.931629
1.209 0.344024 0.326825 0.916279 0.931957
1.21 0.343085 0.325863 0.916623 0.932283
1.211 0.342146 0.324902 0.916965 0.932608
1.212 0.341207 0.323941 0.917307 0.932933
1.213 0.340268 0.32298 0.917648 0.933256
1.214 0.339328 0.322021 0.917987 0.933579
1.215 0.338389 0.321061 0.918326 0.9339
1.216 0.33745 0.320103 0.918664 0.934221
1.217 0.336511 0.319145 0.919001 0.93454
1.218 0.335572 0.318187 0.919337 0.934859
1.219 0.334633 0.31723 0.919672 0.935177
1.22 0.333694 0.316274 0.920006 0.935494
1.221 0.332755 0.315318 0.92034 0.935809
1.222 0.331815 0.314363 0.920672 0.936124
1.223 0.330876 0.313408 0.921003 0.936438
1.224 0.329937 0.312454 0.921334 0.936751
1.225 0.328998 0.3115 0.921663 0.937063
1.226 0.328059 0.310547 0.921992 0.937374
1.227 0.32712 0.309595 0.922319 0.937684
1.228 0.326181 0.308643 0.922646 0.937993
1.229 0.325241 0.307692 0.922972 0.938301
1.23 0.324302 0.306741 0.923296 0.938609
1.231 0.323363 0.305791 0.92362 0.938915
1.232 0.322424 0.304841 0.923943 0.93922
1.233 0.321485 0.303892 0.924265 0.939525
1.234 0.320546 0.302944 0.924586 0.939828
1.235 0.319607 0.301996 0.924906 0.94013
1.236 0.318668 0.301049 0.925225 0.940432
1.237 0.317728 0.300102 0.925544 0.940733
1.238 0.316789 0.299156 0.925861 0.941032
1.239 0.31585 0.29821 0.926177 0.941331
1.24 0.314911 0.297265 0.926492 0.941629
1.241 0.313972 0.296321 0.926807 0.941925
1.242 0.313033 0.295377 0.92712 0.942221
1.243 0.312094 0.294433 0.927433 0.942516
1.244 0.311155 0.29349 0.927745 0.94281
1.245 0.310215 0.292548 0.928055 0.943103
1.246 0.309276 0.291606 0.928365 0.943395
1.247 0.308337 0.290665 0.928674 0.943686
1.248 0.307398 0.289725 0.928982 0.943977
1.249 0.306459 0.288785 0.929289 0.944266
1.25 0.30552 0.287845 0.929595 0.944554
1.251 0.304581 0.286907 0.9299 0.944842
1.252 0.303641 0.285968 0.930204 0.945128
1.253 0.302702 0.285031 0.930507 0.945413
1.254 0.301763 0.284093 0.930809 0.945698
1.255 0.300824 0.283157 0.93111 0.945982
1.256 0.299885 0.282221 0.931411 0.946264
1.257 0.298946 0.281285 0.93171 0.946546
1.258 0.298007 0.28035 0.932009 0.946827
1.259 0.297068 0.279416 0.932306 0.947107
1.26 0.296128 0.278482 0.932603 0.947386
1.261 0.295189 0.277549 0.932899 0.947664
1.262 0.29425 0.276617 0.933193 0.947941
1.263 0.293311 0.275685 0.933487 0.948217
1.264 0.292372 0.274753 0.93378 0.948492
1.265 0.291433 0.273822 0.934072 0.948766
1.266 0.290494 0.272892 0.934363 0.94904
1.267 0.289555 0.271962 0.934653 0.949312
1.268 0.288615 0.271033 0.934942 0.949584
1.269 0.287676 0.270104 0.93523 0.949854
1.27 0.286737 0.269176 0.935517 0.950124
1.271 0.285798 0.268248 0.935803 0.950393
1.272 0.284859 0.267321 0.936089 0.95066
1.273 0.28392 0.266395 0.936373 0.950927
1.274 0.282981 0.265469 0.936657 0.951193
1.275 0.282041 0.264544 0.936939 0.951458
1.276 0.281102 0.263619 0.937221 0.951722
1.277 0.280163 0.262695 0.937501 0.951985
1.278 0.279224 0.261771 0.937781 0.952248
1.279 0.278285 0.260848 0.93806 0.952509
1.28 0.277346 0.259926 0.938338 0.952769
1.281 0.276407 0.259004 0.938614 0.953029
1.282 0.275468 0.258083 0.93889 0.953287
1.283 0.274528 0.257162 0.939165 0.953545
1.284 0.273589 0.256242 0.939439 0.953802
1.285 0.27265 0.255322 0.939713 0.954058
1.286 0.271711 0.254403 0.939985 0.954312
1.287 0.270772 0.253485 0.940256 0.954566
1.288 0.269833 0.252567 0.940526 0.954819
1.289 0.268894 0.251649 0.940796 0.955071
1.29 0.267955 0.250733 0.941064 0.955323
1.291 0.267015 0.249816 0.941332 0.955573
1.292 0.266076 0.248901 0.941598 0.955822
1.293 0.265137 0.247986 0.941864 0.956071
1.294 0.264198 0.247071 0.942128 0.956318
1.295 0.263259 0.246157 0.942392 0.956565
1.296 0.26232 0.245244 0.942655 0.956811
1.297 0.261381 0.244331 0.942917 0.957055
1.298 0.260442 0.243419 0.943178 0.957299
1.299 0.259502 0.242507 0.943438 0.957542
1.3 0.258563 0.241596 0.943697 0.957784
1.301 0.257624 0.240685 0.943955 0.958025
1.302 0.256685 0.239775 0.944212 0.958266
1.303 0.255746 0.238866 0.944468 0.958505
1.304 0.254807 0.237957 0.944723 0.958743
1.305 0.253868 0.237049 0.944978 0.958981
1.306 0.252928 0.236141 0.945231 0.959217
1.307 0.251989 0.235234 0.945484 0.959453
1.308 0.25105 0.234327 0.945735 0.959688
1.309 0.250111 0.233421 0.945986 0.959922
1.31 0.249172 0.232516 0.946235 0.960155
1.311 0.248233 0.231611 0.946484 0.960387
1.312 0.247294 0.230706 0.946732 0.960618
1.313 0.246355 0.229803 0.946979 0.960848
1.314 0.245415 0.228899 0.947225 0.961078
1.315 0.244476 0.227997 0.947469 0.961306
1.316 0.243537 0.227095 0.947713 0.961534
1.317 0.242598 0.226193 0.947957 0.96176
1.318 0.241659 0.225292 0.948199 0.961986
1.319 0.24072 0.224392 0.94844 0.962211
1.32 0.239781 0.223492 0.94868 0.962435
1.321 0.238842 0.222593 0.948919 0.962658
1.322 0.237902 0.221694 0.949158 0.96288
1.323 0.236963 0.220796 0.949395 0.963101
1.324 0.236024 0.219898 0.949632 0.963322
1.325 0.235085 0.219001 0.949867 0.963541
1.326 0.234146 0.218105 0.950102 0.96376
1.327 0.233207 0.217209 0.950336 0.963977
1.328 0.232268 0.216314 0.950568 0.964194
1.329 0.231328 0.215419 0.9508 0.96441
1.33 0.230389 0.214525 0.951031 0.964625
1.331 0.22945 0.213631 0.951261 0.964839
1.332 0.228511 0.212738 0.95149 0.965052
1.333 0.227572 0.211846 0.951718 0.965264
1.334 0.226633 0.210954 0.951945 0.965476
1.335 0.225694 0.210063 0.952171 0.965686
1.336 0.224755 0.209172 0.952396 0.965896
1.337 0.223815 0.208282 0.952621 0.966105
1.338 0.222876 0.207392 0.952844 0.966312
1.339 0.221937 0.206503 0.953066 0.966519
1.34 0.220998 0.205614 0.953288 0.966725
1.341 0.220059 0.204726 0.953508 0.966931
1.342 0.21912 0.203839 0.953728 0.967135
1.343 0.218181 0.202952 0.953947 0.967338
1.344 0.217242 0.202066 0.954164 0.967541
1.345 0.216302 0.20118 0.954381 0.967742
1.346 0.215363 0.200295 0.954597 0.967943
1.347 0.214424 0.199411 0.954812 0.968143
1.348 0.213485 0.198527 0.955026 0.968342
1.349 0.212546 0.197643 0.955239 0.96854
1.35 0.211607 0.19676 0.955451 0.968737
1.351 0.210668 0.195878 0.955662 0.968934
1.352 0.209728 0.194996 0.955872 0.969129
1.353 0.208789 0.194115 0.956082 0.969324
1.354 0.20785 0.193235 0.95629 0.969517
1.355 0.206911 0.192355 0.956497 0.96971
1.356 0.205972 0.191475 0.956704 0.969902
1.357 0.205033 0.190596 0.956909 0.970093
1.358 0.204094 0.189718 0.957114 0.970283
1.359 0.203155 0.18884 0.957317 0.970472
1.36 0.202215 0.187963 0.95752 0.970661
1.361 0.201276 0.187086 0.957722 0.970848
1.362 0.200337 0.18621 0.957923 0.971035
1.363 0.199398 0.185335 0.958122 0.971221
1.364 0.198459 0.18446 0.958321 0.971406
1.365 0.19752 0.183585 0.958519 0.97159
1.366 0.196581 0.182712 0.958716 0.971773
1.367 0.195642 0.181838 0.958913 0.971955
1.368 0.194702 0.180966 0.959108 0.972137
1.369 0.193763 0.180094 0.959302 0.972317
1.37 0.192824 0.179222 0.959495 0.972497
1.371 0.191885 0.178351 0.959688 0.972676
1.372 0.190946 0.177481 0.959879 0.972853
1.373 0.190007 0.176611 0.960069 0.97303
1.374 0.189068 0.175741 0.960259 0.973207
1.375 0.188128 0.174873 0.960448 0.973382
1.376 0.187189 0.174005 0.960635 0.973556
1.377 0.18625 0.173137 0.960822 0.97373
1.378 0.185311 0.17227 0.961008 0.973903
1.379 0.184372 0.171404 0.961193 0.974075
1.38 0.183433 0.170538 0.961377 0.974245
1.381 0.182494 0.169672 0.961559 0.974416
1.382 0.181555 0.168808 0.961742 0.974585
1.383 0.180615 0.167943 0.961923 0.974753
1.384 0.179676 0.16708 0.962103 0.974921
1.385 0.178737 0.166217 0.962282 0.975087
1.386 0.177798 0.165354 0.96246 0.975253
1.387 0.176859 0.164492 0.962638 0.975418
1.388 0.17592 0.163631 0.962814 0.975582
1.389 0.174981 0.16277 0.962989 0.975745
1.39 0.174042 0.16191 0.963164 0.975908
1.391 0.173102 0.16105 0.963337 0.976069
1.392 0.172163 0.160191 0.96351 0.97623
1.393 0.171224 0.159333 0.963682 0.97639
1.394 0.170285 0.158475 0.963853 0.976548
1.395 0.169346 0.157617 0.964022 0.976706
1.396 0.168407 0.15676 0.964191 0.976864
1.397 0.167468 0.155904 0.964359 0.97702
1.398 0.166528 0.155048 0.964526 0.977175
1.399 0.165589 0.154193 0.964692 0.97733
1.4 0.16465 0.153339 0.964857 0.977484
1.401 0.163711 0.152485 0.965022 0.977637
1.402 0.162772 0.151631 0.965185 0.977789
1.403 0.161833 0.150778 0.965347 0.97794
1.404 0.160894 0.149926 0.965508 0.97809
1.405 0.159955 0.149074 0.965669 0.97824
1.406 0.159015 0.148223 0.965828 0.978389
1.407 0.158076 0.147372 0.965987 0.978536
1.408 0.157137 0.146522 0.966145 0.978683
1.409 0.156198 0.145673 0.966301 0.978829
1.41 0.155259 0.144824 0.966457 0.978975
1.411 0.15432 0.143976 0.966612 0.979119
1.412 0.153381 0.143128 0.966766 0.979263
1.413 0.152442 0.142281 0.966918 0.979405
1.414 0.151502 0.141434 0.96707 0.979547
1.415 0.150563 0.140588 0.967221 0.979688
1.416 0.149624 0.139742 0.967372 0.979828
1.417 0.148685 0.138897 0.967521 0.979968
1.418 0.147746 0.138053 0.967669 0.980106
1.419 0.146807 0.137209 0.967816 0.980244
1.42 0.145868 0.136366 0.967963 0.980381
1.421 0.144928 0.135523 0.968108 0.980516
1.422 0.143989 0.134681 0.968252 0.980652
1.423 0.14305 0.13384 0.968396 0.980786
1.424 0.142111 0.132998 0.968538 0.980919
1.425 0.141172 0.132158 0.96868 0.981052
1.426 0.140233 0.131318 0.968821 0.981184
1.427 0.139294 0.130479 0.968961 0.981314
1.428 0.138355 0.12964 0.969099 0.981445
1.429 0.137415 0.128802 0.969237 0.981574
1.43 0.136476 0.127964 0.969374 0.981702
1.431 0.135537 0.127127 0.96951 0.98183
1.432 0.134598 0.126291 0.969645 0.981956
1.433 0.133659 0.125455 0.969779 0.982082
1.434 0.13272 0.12462 0.969913 0.982207
1.435 0.131781 0.123785 0.970045 0.982332
1.436 0.130842 0.122951 0.970176 0.982455
1.437 0.129902 0.122117 0.970307 0.982577
1.438 0.128963 0.121284 0.970436 0.982699
1.439 0.128024 0.120451 0.970565 0.98282
1.44 0.127085 0.119619 0.970692 0.98294
1.441 0.126146 0.118788 0.970819 0.983059
1.442 0.125207 0.117957 0.970944 0.983178
1.443 0.124268 0.117127 0.971069 0.983295
1.444 0.123328 0.116297 0.971193 0.983412
1.445 0.122389 0.115468 0.971316 0.983528
1.446 0.12145 0.11464 0.971438 0.983643
1.447 0.120511 0.113812 0.971559 0.983757
1.448 0.119572 0.112984 0.971679 0.98387
1.449 0.118633 0.112157 0.971798 0.983983
1.45 0.117694 0.111331 0.971916 0.984095
1.451 0.116755 0.110505 0.972033 0.984206
1.452 0.115815 0.10968 0.972149 0.984316
1.453 0.114876 0.108855 0.972265 0.984425
1.454 0.113937 0.108031 0.972379 0.984533
1.455 0.112998 0.107208 0.972493 0.984641
1.456 0.112059 0.106385 0.972605 0.984748
1.457 0.11112 0.105563 0.972717 0.984854
1.458 0.110181 0.104741 0.972827 0.984959
1.459 0.109242 0.10392 0.972937 0.985063
1.46 0.108302 0.103099 0.973046 0.985167
1.461 0.107363 0.102279 0.973154 0.98527
1.462 0.106424 0.10146 0.973261 0.985371
1.463 0.105485 0.100641 0.973367 0.985472
1.464 0.104546 0.0998222 0.973472 0.985573
1.465 0.103607 0.0990044 0.973576 0.985672
1.466 0.102668 0.0981871 0.973679 0.985771
1.467 0.101728 0.0973704 0.973781 0.985868
1.468 0.100789 0.0965543 0.973882 0.985965
1.469 0.0998502 0.0957388 0.973983 0.986062
1.47 0.0989111 0.0949238 0.974082 0.986157
1.471 0.097972 0.0941094 0.97418 0.986251
1.472 0.0970328 0.0932955 0.974278 0.986345
1.473 0.0960937 0.0924822 0.974375 0.986438
1.474 0.0951546 0.0916695 0.97447 0.98653
1.475 0.0942155 0.0908573 0.974565 0.986621
1.476 0.0932763 0.0900457 0.974659 0.986712
1.477 0.0923372 0.0892347 0.974751 0.986801
1.478 0.0913981 0.0884243 0.974843 0.98689
1.479 0.0904589 0.0876144 0.974934 0.986978
1.48 0.0895198 0.086805 0.975024 0.987065
1.481 0.0885807 0.0859963 0.975113 0.987152
1.482 0.0876415 0.0851881 0.975201 0.987237
1.483 0.0867024 0.0843804 0.975288 0.987322
1.484 0.0857633 0.0835734 0.975375 0.987406
1.485 0.0848242 0.0827669 0.97546 0.987489
1.486 0.083885 0.0819609 0.975544 0.987572
1.487 0.0829459 0.0811556 0.975628 0.987653
1.488 0.0820068 0.0803508 0.97571 0.987734
1.489 0.0810676 0.0795465 0.975792 0.987814
1.49 0.0801285 0.0787428 0.975872 0.987893
1.491 0.0791894 0.0779397 0.975952 0.987972
1.492 0.0782502 0.0771372 0.976031 0.988049
1.493 0.0773111 0.0763352 0.976109 0.988126
1.494 0.076372 0.0755338 0.976185 0.988202
1.495 0.0754329 0.0747329 0.976261 0.988277
1.496 0.0744937 0.0739327 0.976336 0.988351
1.497 0.0735546 0.073133 0.97641 0.988425
1.498 0.0726155 0.0723338 0.976483 0.988497
1.499 0.0716763 0.0715352 0.976556 0.988569
1.5 0.0707372 0.0707372 0.976627 0.988641
1.501 0.0697634 0.0699391 0.976697 0.988711
1.502 0.0687897 0.0691403 0.976766 0.98878
1.503 0.0678159 0.0683408 0.976835 0.988849
1.504 0.0668421 0.0675406 0.976902 0.988917
1.505 0.0658684 0.0667397 0.976968 0.988984
1.506 0.0648946 0.0659381 0.977034 0.989051
1.507 0.0639208 0.0651358 0.977098 0.989116
1.508 0.0629471 0.0643328 0.977161 0.989181
1.509 0.0619733 0.0635291 0.977224 0.989245
1.51 0.0609995 0.0627246 0.977285 0.989308
1.511 0.0600258 0.0619195 0.977346 0.98937
1.512 0.059052 0.0611137 0.977405 0.989432
1.513 0.0580782 0.0603071 0.977464 0.989492
1.514 0.0571044 0.0594999 0.977522 0.989552
1.515 0.0561307 0.058692 0.977578 0.989611
1.516 0.0551569 0.0578833 0.977634 0.98967
1.517 0.0541831 0.0570739 0.977689 0.989727
1.518 0.0532094 0.0562639 0.977742 0.989784
1.519 0.0522356 0.0554531 0.977795 0.98984
1.52 0.0512618 0.0546417 0.977847 0.989895
1.521 0.0502881 0.0538295 0.977897 0.989949
1.522 0.0493143 0.0530166 0.977947 0.990002
1.523 0.0483405 0.052203 0.977996 0.990055
1.524 0.0473668 0.0513888 0.978044 0.990107
1.525 0.046393 0.0505738 0.978091 0.990158
1.526 0.0454192 0.0497581 0.978137 0.990208
1.527 0.0444455 0.0489417 0.978182 0.990257
1.528 0.0434717 0.0481246 0.978226 0.990306
1.529 0.0424979 0.0473068 0.978269 0.990354
1.53 0.0415242 0.0464883 0.978311 0.9904
1.531 0.0405504 0.0456691 0.978352 0.990447
1.532 0.0395766 0.0448491 0.978392 0.990492
1.533 0.0386029 0.0440285 0.978431 0.990536
1.534 0.0376291 0.0432072 0.978469 0.99058
1.535 0.0366553 0.0423852 0.978506 0.990623
1.536 0.0356816 0.0415624 0.978542 0.990665
1.537 0.0347078 0.040739 0.978577 0.990706
1.538 0.033734 0.0399149 0.978612 0.990746
1.539 0.0327602 0.03909 0.978645 0.990786
1.54 0.0317865 0.0382645 0.978677 0.990824
1.541 0.0308127 0.0374382 0.978709 0.990862
1.542 0.0298389 0.0366113 0.978739 0.990899
1.543 0.0288652 0.0357836 0.978768 0.990935
1.544 0.0278914 0.0349552 0.978797 0.990971
1.545 0.0269176 0.0341262 0.978824 0.991005
1.546 0.0259439 0.0332964 0.97885 0.991039
1.547 0.0249701 0.0324659 0.978876 0.991072
1.548 0.0239963 0.0316347 0.9789 0.991104
1.549 0.0230226 0.0308028 0.978924 0.991135
1.55 0.0220488 0.0299703 0.978946 0.991166
1.551 0.021075 0.029137 0.978968 0.991195
1.552 0.0201013 0.028303 0.978989 0.991224
1.553 0.0191275 0.0274683 0.979008 0.991252
1.554 0.0181537 0.0266329 0.979027 0.991279
1.555 0.01718 0.0257967 0.979044 0.991305
1.556 0.0162062 0.0249599 0.979061 0.99133
1.557 0.0152324 0.0241224 0.979077 0.991355
1.558 0.0142587 0.0232842 0.979092 0.991379
1.559 0.0132849 0.0224453 0.979105 0.991401
1.56 0.0123111 0.0216056 0.979118 0.991423
1.561 0.0113373 0.0207653 0.97913 0.991445
1.562 0.0103636 0.0199243 0.979141 0.991465
1.563 0.00938981 0.0190825 0.979151 0.991485
1.564 0.00841604 0.0182401 0.97916 0.991503
1.565 0.00744228 0.0173969 0.979168 0.991521
1.566 0.00646851 0.0165531 0.979175 0.991538
1.567 0.00549474 0.0157085 0.979181 0.991554
1.568 0.00452097 0.0148632 0.979186 0.991569
1.569 0.0035472 0.0140173 0.97919 0.991584
1.57 0.00257344 0.0131706 0.979193 0.991597
1.571 0.00159967 0.0123232 0.979195 0.99161
1.572 0.0006259 0.0114751 0.979196 0.991622
1.573 -0.000347868 0.0106263 0.979196 0.991633
1.574 -0.00132164 0.00977686 0.979195 0.991643
1.575 -0.0022954 0.00892667 0.979193 0.991653
1.576 -0.00326917 0.00807577 0.979191 0.991661
1.577 -0.00424294 0.00722417 0.979187 0.991669
1.578 -0.00521671 0.00637186 0.979182 0.991676
1.579 -0.00619048 0.00551885 0.979176 0.991682
1.58 -0.00716424 0.00466514 0.97917 0.991687
1.581 -0.00813801 0.00381072 0.979162 0.991691
1.582 -0.00911178 0.0029556 0.979153 0.991694
1.583 -0.0100855 0.00209977 0.979144 0.991697
1.584 -0.0110593 0.00124324 0.979133 0.991698
1.585 -0.0120331 0.000386006 0.979122 0.991699
1.586 -0.0130069 -0.000471932 0.979109 0.991699
1.587 -0.0139806 -0.00133058 0.979096 0.991698
1.588 -0.0149544 -0.00218992 0.979081 0.991697
1.589 -0.0159282 -0.00304997 0.979066 0.991694
1.59 -0.0169019 -0.00391073 0.979049 0.99169
1.591 -0.0178757 -0.00477219 0.979032 0.991686
1.592 -0.0188495 -0.00563435 0.979014 0.991681
1.593 -0.0198232 -0.00649722 0.978994 0.991675
1.594 -0.020797 -0.00736079 0.978974 0.991668
1.595 -0.0217708 -0.00822507 0.978953 0.99166
1.596 -0.0227445 -0.00909005 0.97893 0.991652
1.597 -0.0237183 -0.00995573 0.978907 0.991642
1.598 -0.0246921 -0.0108221 0.978883 0.991632
1.599 -0.0256658 -0.0116892 0.978858 0.99162
1.6 -0.0266396 -0.012557 0.978832 0.991608
1.601 -0.0276134 -0.0134255 0.978804 0.991595
1.602 -0.0285871 -0.0142947 0.978776 0.991581
1.603 -0.0295609 -0.0151646 0.978747 0.991567
1.604 -0.0305347 -0.0160352 0.978717 0.991551
1.605 -0.0315084 -0.0169066 0.978686 0.991535
1.606 -0.0324822 -0.0177786 0.978654 0.991517
1.607 -0.033456 -0.0186513 0.978621 0.991499
1.608 -0.0344298 -0.0195247 0.978587 0.99148
1.609 -0.0354035 -0.0203989 0.978552 0.99146
1.61 -0.0363773 -0.0212737 0.978517 0.991439
1.611 -0.0373511 -0.0221492 0.97848 0.991417
1.612 -0.0383248 -0.0230255 0.978442 0.991395
1.613 -0.0392986 -0.0239024 0.978403 0.991371
1.614 -0.0402724 -0.0247801 0.978363 0.991347
1.615 -0.0412461 -0.0256585 0.978322 0.991322
1.616 -0.0422199 -0.0265375 0.978281 0.991296
1.617 -0.0431937 -0.0274173 0.978238 0.991269
1.618 -0.0441674 -0.0282978 0.978194 0.991241
1.619 -0.0451412 -0.0291789 0.97815 0.991212
1.62 -0.046115 -0.0300608 0.978104 0.991183
1.621 -0.0470887 -0.0309434 0.978057 0.991152
1.622 -0.0480625 -0.0318267 0.97801 0.991121
1.623 -0.0490363 -0.0327107 0.977961 0.991088
1.624 -0.05001 -0.0335954 0.977912 0.991055
1.625 -0.0509838 -0.0344808 0.977861 0.991021
1.626 -0.0519576 -0.0353669 0.97781 0.990986
1.627 -0.0529313 -0.0362537 0.977757 0.99095
1.628 -0.0539051 -0.0371412 0.977704 0.990914
1.629 -0.0548789 -0.0380294 0.97765 0.990876
1.63 -0.0558526 -0.0389183 0.977594 0.990838
1.631 -0.0568264 -0.0398079 0.977538 0.990798
1.632 -0.0578002 -0.0406983 0.977481 0.990758
1.633 -0.058774 -0.0415893 0.977422 0.990717
1.634 -0.0597477 -0.042481 0.977363 0.990675
1.635 -0.0607215 -0.0433735 0.977303 0.990632
1.636 -0.0616953 -0.0442666 0.977242 0.990588
1.637 -0.062669 -0.0451605 0.977179 0.990543
1.638 -0.0636428 -0.046055 0.977116 0.990498
1.639 -0.0646166 -0.0469503 0.977052 0.990451
1.64 -0.0655903 -0.0478463 0.976987 0.990404
1.641 -0.0665641 -0.0487429 0.976921 0.990356
1.642 -0.0675379 -0.0496403 0.976854 0.990306
1.643 -0.0685116 -0.0505384 0.976786 0.990256
1.644 -0.0694854 -0.0514371 0.976717 0.990205
1.645 -0.0704592 -0.0523366 0.976647 0.990153
1.646 -0.0714329 -0.0532368 0.976576 0.990101
1.647 -0.0724067 -0.0541377 0.976504 0.990047
1.648 -0.0733805 -0.0550393 0.976431 0.989992
1.649 -0.0743542 -0.0559416 0.976357 0.989937
1.65 -0.075328 -0.0568446 0.976282 0.989881
1.651 -0.0763018 -0.0577483 0.976207 0.989823
1.652 -0.0772755 -0.0586527 0.97613 0.989765
1.653 -0.0782493 -0.0595578 0.976052 0.989706
1.654 -0.0792231 -0.0604637 0.975973 0.989646
1.655 -0.0801969 -0.0613702 0.975894 0.989585
1.656 -0.0811706 -0.0622774 0.975813 0.989523
1.657 -0.0821444 -0.0631853 0.975731 0.98946
1.658 -0.0831182 -0.064094 0.975649 0.989397
1.659 -0.0840919 -0.0650033 0.975565 0.989332
1.66 -0.0850657 -0.0659134 0.97548 0.989267
1.661 -0.0860395 -0.0668241 0.975395 0.9892
1.662 -0.0870132 -0.0677356 0.975308 0.989133
1.663 -0.087987 -0.0686477 0.975221 0.989065
1.664 -0.0889608 -0.0695606 0.975132 0.988996
1.665 -0.0899345 -0.0704741 0.975043 0.988926
1.666 -0.0909083 -0.0713884 0.974953 0.988855
1.667 -0.0918821 -0.0723034 0.974861 0.988783
1.668 -0.0928558 -0.0732191 0.974769 0.98871
1.669 -0.0938296 -0.0741354 0.974675 0.988637
1.67 -0.0948034 -0.0750525 0.974581 0.988562
1.671 -0.0957771 -0.0759703 0.974486 0.988486
1.672 -0.0967509 -0.0768888 0.97439 0.98841
1.673 -0.0977247 -0.077808 0.974292 0.988333
1.674 -0.0986984 -0.0787279 0.974194 0.988254
1.675 -0.0996722 -0.0796485 0.974095 0.988175
1.676 -0.100646 -0.0805698 0.973995 0.988095
1.677 -0.10162 -0.0814918 0.973894 0.988014
1.678 -0.102594 -0.0824146 0.973792 0.987932
1.679 -0.103567 -0.083338 0.973688 0.987849
1.68 -0.104541 -0.0842621 0.973584 0.987765
1.681 -0.105515 -0.0851869 0.973479 0.987681
1.682 -0.106489 -0.0861125 0.973373 0.987595
1.683 -0.107462 -0.0870387 0.973266 0.987509
1.684 -0.108436 -0.0879657 0.973158 0.987421
1.685 -0.10941 -0.0888933 0.97305 0.987333
1.686 -0.110384 -0.0898217 0.97294 0.987243
1.687 -0.111357 -0.0907507 0.972829 0.987153
1.688 -0.112331 -0.0916805 0.972717 0.987062
1.689 -0.113305 -0.0926109 0.972604 0.98697
1.69 -0.114279 -0.0935421 0.97249 0.986877
1.691 -0.115253 -0.094474 0.972376 0.986783
1.692 -0.116226 -0.0954066 0.97226 0.986688
1.693 -0.1172 -0.0963398 0.972143 0.986592
1.694 -0.118174 -0.0972738 0.972025 0.986495
1.695 -0.119148 -0.0982085 0.971907 0.986397
1.696 -0.120121 -0.0991439 0.971787 0.986298
1.697 -0.121095 -0.10008 0.971666 0.986199
1.698 -0.122069 -0.101017 0.971545 0.986098
1.699 -0.123043 -0.101954 0.971422 0.985997
1.7 -0.124016 -0.102893 0.971299 0.985894
1.701 -0.12499 -0.103831 0.971174 0.985791
1.702 -0.125964 -0.104771 0.971049 0.985687
1.703 -0.126938 -0.105711 0.970922 0.985582
1.704 -0.127911 -0.106652 0.970795 0.985475
1.705 -0.128885 -0.107594 0.970667 0.985368
1.706 -0.129859 -0.108537 0.970537 0.98526
1.707 -0.130833 -0.10948 0.970407 0.985151
1.708 -0.131807 -0.110424 0.970276 0.985041
1.709 -0.13278 -0.111368 0.970143 0.98493
1.71 -0.133754 -0.112313 0.97001 0.984818
1.711 -0.134728 -0.113259 0.969876 0.984706
1.712 -0.135702 -0.114206 0.969741 0.984592
1.713 -0.136675 -0.115153 0.969604 0.984477
1.714 -0.137649 -0.116101 0.969467 0.984362
1.715 -0.138623 -0.11705 0.969329 0.984245
1.716 -0.139597 -0.118 0.96919 0.984128
1.717 -0.14057 -0.11895 0.96905 0.984009
1.718 -0.141544 -0.119901 0.968909 0.98389
1.719 -0.142518 -0.120852 0.968767 0.983769
1.72 -0.143492 -0.121805 0.968624 0.983648
1.721 -0.144466 -0.122758 0.96848 0.983526
1.722 -0.145439 -0.123711 0.968335 0.983402
1.723 -0.146413 -0.124666 0.968189 0.983278
1.724 -0.147387 -0.125621 0.968042 0.983153
1.725 -0.148361 -0.126577 0.967894 0.983027
1.726 -0.149334 -0.127533 0.967745 0.9829
1.727 -0.150308 -0.12849 0.967595 0.982772
1.728 -0.151282 -0.129448 0.967445 0.982643
1.729 -0.152256 -0.130407 0.967293 0.982513
1.73 -0.153229 -0.131366 0.96714 0.982382
1.731 -0.154203 -0.132326 0.966986 0.98225
1.732 -0.155177 -0.133287 0.966832 0.982117
1.733 -0.156151 -0.134248 0.966676 0.981984
1.734 -0.157125 -0.135211 0.966519 0.981849
1.735 -0.158098 -0.136173 0.966362 0.981713
1.736 -0.159072 -0.137137 0.966203 0.981577
1.737 -0.160046 -0.138101 0.966044 0.981439
1.738 -0.16102 -0.139066 0.965883 0.9813
1.739 -0.161993 -0.140032 0.965722 0.981161
1.74 -0.162967 -0.140998 0.965559 0.98102
1.741 -0.163941 -0.141965 0.965396 0.980879
1.742 -0.164915 -0.142933 0.965231 0.980736
1.743 -0.165888 -0.143902 0.965066 0.980593
1.744 -0.166862 -0.144871 0.964899 0.980449
1.745 -0.167836 -0.145841 0.964732 0.980303
1.746 -0.16881 -0.146811 0.964564 0.980157
1.747 -0.169784 -0.147783 0.964395 0.98001
1.748 -0.170757 -0.148755 0.964224 0.979861
1.749 -0.171731 -0.149727 0.964053 0.979712
1.75 -0.172705 -0.150701 0.963881 0.979562
1.751 -0.173679 -0.151675 0.963708 0.979411
1.752 -0.174652 -0.15265 0.963533 0.979259
1.753 -0.175626 -0.153625 0.963358 0.979105
1.754 -0.1766 -0.154601 0.963182 0.978951
1.755 -0.177574 -0.155578 0.963005 0.978796
1.756 -0.178547 -0.156556 0.962827 0.97864
1.757 -0.179521 -0.157534 0.962648 0.978483
1.758 -0.180495 -0.158513 0.962468 0.978325
1.759 -0.181469 -0.159493 0.962287 0.978166
1.76 -0.182442 -0.160474 0.962105 0.978006
1.761 -0.183416 -0.161455 0.961922 0.977845
1.762 -0.18439 -0.162437 0.961738 0.977683
1.763 -0.185364 -0.163419 0.961553 0.97752
1.764 -0.186338 -0.164403 0.961367 0.977356
1.765 -0.187311 -0.165386 0.961181 0.977191
1.766 -0.188285 -0.166371 0.960993 0.977026
1.767 -0.189259 -0.167357 0.960804 0.976859
1.768 -0.190233 -0.168343 0.960614 0.976691
1.769 -0.191206 -0.169329 0.960424 0.976522
1.77 -0.19218 -0.170317 0.960232 0.976352
1.771 -0.193154 -0.171305 0.960039 0.976181
1.772 -0.194128 -0.172294 0.959846 0.97601
1.773 -0.195101 -0.173284 0.959651 0.975837
1.774 -0.196075 -0.174274 0.959455 0.975663
1.775 -0.197049 -0.175265 0.959259 0.975488
1.776 -0.198023 -0.176257 0.959061 0.975313
1.777 -0.198997 -0.177249 0.958863 0.975136
1.778 -0.19997 -0.178242 0.958663 0.974958
1.779 -0.200944 -0.179236 0.958463 0.974779
1.78 -0.201918 -0.180231 0.958261 0.9746
1.781 -0.202892 -0.181226 0.958059 0.974419
1.782 -0.203865 -0.182222 0.957856 0.974237
1.783 -0.204839 -0.183219 0.957651 0.974054
1.784 -0.205813 -0.184216 0.957446 0.973871
1.785 -0.206787 -0.185214 0.95724 0.973686
1.786 -0.20776 -0.186213 0.957032 0.9735
1.787 -0.208734 -0.187212 0.956824 0.973314
1.788 -0.209708 -0.188212 0.956615 0.973126
1.789 -0.210682 -0.189213 0.956405 0.972937
1.79 -0.211656 -0.190215 0.956194 0.972747
1.791 -0.212629 -0.191217 0.955981 0.972557
1.792 -0.213603 -0.19222 0.955768 0.972365
1.793 -0.214577 -0.193224 0.955554 0.972172
1.794 -0.215551 -0.194228 0.955339 0.971978
1.795 -0.216524 -0.195233 0.955123 0.971784
1.796 -0.217498 -0.196239 0.954906 0.971588
1.797 -0.218472 -0.197246 0.954688 0.971391
1.798 -0.219446 -0.198253 0.954469 0.971194
1.799 -0.220419 -0.199261 0.954249 0.970995
1.8 -0.221393 -0.200269 0.954028 0.970795
1.801 -0.222367 -0.201279 0.953806 0.970594
1.802 -0.223341 -0.202289 0.953584 0.970392
1.803 -0.224315 -0.203299 0.95336 0.97019
1.804 -0.225288 -0.204311 0.953135 0.969986
1.805 -0.226262 -0.205323 0.952909 0.969781
1.806 -0.227236 -0.206336 0.952682 0.969575
1.807 -0.22821 -0.207349 0.952455 0.969368
1.808 -0.229183 -0.208364 0.952226 0.96916
1.809 -0.230157 -0.209379 0.951996 0.968952
1.81 -0.231131 -0.210394 0.951766 0.968742
1.811 -0.232105 -0.211411 0.951534 0.968531
1.812 -0.233078 -0.212428 0.951302 0.968319
1.813 -0.234052 -0.213445 0.951068 0.968106
1.814 -0.235026 -0.214464 0.950833 0.967892
1.815 -0.236 -0.215483 0.950598 0.967677
1.816 -0.236974 -0.216503 0.950361 0.967461
1.817 -0.237947 -0.217524 0.950124 0.967244
1.818 -0.238921 -0.218545 0.949886 0.967026
1.819 -0.239895 -0.219567 0.949646 0.966807
1.82 -0.240869 -0.22059 0.949406 0.966587
1.821 -0.241842 -0.221613 0.949164 0.966366
1.822 -0.242816 -0.222637 0.948922 0.966144
1.823 -0.24379 -0.223662 0.948679 0.965921
1.824 -0.244764 -0.224688 0.948434 0.965696
1.825 -0.245737 -0.225714 0.948189 0.965471
1.826 -0.246711 -0.226741 0.947943 0.965245
1.827 -0.247685 -0.227768 0.947696 0.965018
1.828 -0.248659 -0.228797 0.947448 0.964789
1.829 -0.249632 -0.229826 0.947198 0.96456
1.83 -0.250606 -0.230855 0.946948 0.96433
1.831 -0.25158 -0.231886 0.946697 0.964098
1.832 -0.252554 -0.232917 0.946445 0.963866
1.833 -0.253528 -0.233949 0.946192 0.963633
1.834 -0.254501 -0.234981 0.945938 0.963398
1.835 -0.255475 -0.236015 0.945683 0.963163
1.836 -0.256449 -0.237049 0.945427 0.962926
1.837 -0.257423 -0.238083 0.94517 0.962688
1.838 -0.258396 -0.239119 0.944912 0.96245
1.839 -0.25937 -0.240155 0.944653 0.96221
1.84 -0.260344 -0.241192 0.944394 0.96197
1.841 -0.261318 -0.242229 0.944133 0.961728
1.842 -0.262291 -0.243267 0.943871 0.961485
1.843 -0.263265 -0.244306 0.943608 0.961241
1.844 -0.264239 -0.245346 0.943344 0.960996
1.845 -0.265213 -0.246386 0.94308 0.960751
1.846 -0.266187 -0.247427 0.942814 0.960504
1.847 -0.26716 -0.248469 0.942547 0.960256
1.848 -0.268134 -0.249511 0.94228 0.960007
1.849 -0.269108 -0.250554 0.942011 0.959757
1.85 -0.270082 -0.251598 0.941741 0.959506
1.851 -0.271055 -0.252643 0.941471 0.959254
1.852 -0.272029 -0.253688 0.941199 0.959
1.853 -0.273003 -0.254734 0.940927 0.958746
1.854 -0.273977 -0.255781 0.940653 0.958491
1.855 -0.27495 -0.256828 0.940379 0.958235
1.856 -0.275924 -0.257876 0.940103 0.957977
1.857 -0.276898 -0.258925 0.939827 0.957719
1.858 -0.277872 -0.259974 0.93955 0.957459
1.859 -0.278846 -0.261024 0.939271 0.957199
1.86 -0.279819 -0.262075 0.938992 0.956937
1.861 -0.280793 -0.263127 0.938712 0.956675
1.862 -0.281767 -0.264179 0.93843 0.956411
1.863 -0.282741 -0.265232 0.938148 0.956146
1.864 -0.283714 -0.266286 0.937865 0.955881
1.865 -0.284688 -0.26734 0.937581 0.955614
1.866 -0.285662 -0.268395 0.937296 0.955346
1.867 -0.286636 -0.269451 0.937009 0.955077
1.868 -0.287609 -0.270508 0.936722 0.954807
1.869 -0.288583 -0.271565 0.936434 0.954536
1.87 -0.289557 -0.272623 0.936145 0.954264
1.871 -0.290531 -0.273681 0.935855 0.953991
1.872 -0.291505 -0.274741 0.935564 0.953717
1.873 -0.292478 -0.275801 0.935272 0.953441
1.874 -0.293452 -0.276861 0.934979 0.953165
1.875 -0.294426 -0.277923 0.934685 0.952888
1.876 -0.2954 -0.278985 0.93439 0.952609
1.877 -0.296373 -0.280048 0.934094 0.95233
1.878 -0.297347 -0.281111 0.933797 0.952049
1.879 -0.298321 -0.282176 0.9335 0.951767
1.88 -0.299295 -0.283241 0.933201 0.951485
1.881 -0.300268 -0.284306 0.932901 0.951201
1.882 -0.301242 -0.285373 0.9326 0.950916
1.883 -0.302216 -0.28644 0.932299 0.95063
1.884 -0.30319 -0.287507 0.931996 0.950343
1.885 -0.304164 -0.288576 0.931692 0.950055
1.886 -0.305137 -0.289645 0.931388 0.949766
1.887 -0.306111 -0.290715 0.931082 0.949476
1.888 -0.307085 -0.291785 0.930775 0.949185
1.889 -0.308059 -0.292857 0.930468 0.948892
1.89 -0.309032 -0.293929 0.930159 0.948599
1.891 -0.310006 -0.295001 0.92985 0.948304
1.892 -0.31098 -0.296075 0.929539 0.948009
1.893 -0.311954 -0.297149 0.929228 0.947712
1.894 -0.312927 -0.298224 0.928915 0.947415
1.895 -0.313901 -0.299299 0.928602 0.947116
1.896 -0.314875 -0.300376 0.928287 0.946816
1.897 -0.315849 -0.301452 0.927972 0.946515
1.898 -0.316822 -0.30253 0.927656 0.946213
1.899 -0.317796 -0.303608 0.927338 0.94591
1.9 -0.31877 -0.304687 0.92702 0.945606
1.901 -0.319744 -0.305767 0.926701 0.945301
1.902 -0.320718 -0.306848 0.926381 0.944994
1.903 -0.321691 -0.307929 0.926059 0.944687
1.904 -0.322665 -0.309011 0.925737 0.944378
1.905 -0.323639 -0.310093 0.925414 0.944069
1.906 -0.324613 -0.311176 0.92509 0.943758
1.907 -0.325586 -0.31226 0.924765 0.943447
1.908 -0.32656 -0.313345 0.924439 0.943134
1.909 -0.327534 -0.31443 0.924112 0.94282
1.91 -0.328508 -0.315517 0.923784 0.942505
1.911 -0.329481 -0.316603 0.923455 0.942189
1.912 -0.330455 -0.317691 0.923125 0.941872
1.913 -0.331429 -0.318779 0.922794 0.941553
1.914 -0.332403 -0.319868 0.922462 0.941234
1.915 -0.333377 -0.320957 0.922129 0.940914
1.916 -0.33435 -0.322048 0.921795 0.940592
1.917 -0.335324 -0.323139 0.92146 0.94027
1.918 -0.336298 -0.32423 0.921125 0.939946
1.919 -0.337272 -0.325323 0.920788 0.939621
1.92 -0.338245 -0.326416 0.92045 0.939295
1.921 -0.339219 -0.32751 0.920111 0.938968
1.922 -0.340193 -0.328604 0.919772 0.93864
1.923 -0.341167 -0.3297 0.919431 0.938311
1.924 -0.34214 -0.330796 0.919089 0.937981
1.925 -0.343114 -0.331892 0.918747 0.93765
1.926 -0.344088 -0.33299 0.918403 0.937317
1.927 -0.345062 -0.334088 0.918058 0.936984
1.928 -0.346036 -0.335186 0.917713 0.936649
1.929 -0.347009 -0.336286 0.917366 0.936313
1.93 -0.347983 -0.337386 0.917019 0.935976
1.931 -0.348957 -0.338487 0.91667 0.935638
1.932 -0.349931 -0.339588 0.916321 0.935299
1.933 -0.350904 -0.340691 0.915971 0.934959
1.934 -0.351878 -0.341794 0.915619 0.934618
1.935 -0.352852 -0.342897 0.915267 0.934276
1.936 -0.353826 -0.344002 0.914913 0.933932
1.937 -0.354799 -0.345107 0.914559 0.933588
1.938 -0.355773 -0.346213 0.914204 0.933242
1.939 -0.356747 -0.347319 0.913848 0.932895
1.94 -0.357721 -0.348426 0.91349 0.932547
1.941 -0.358695 -0.349534 0.913132 0.932198
1.942 -0.359668 -0.350643 0.912773 0.931848
1.943 -0.360642 -0.351752 0.912413 0.931497
1.944 -0.361616 -0.352862 0.912052 0.931145
1.945 -0.36259 -0.353973 0.91169 0.930791
1.946 -0.363563 -0.355084 0.911327 0.930437
1.947 -0.364537 -0.356196 0.910962 0.930081
1.948 -0.365511 -0.357309 0.910597 0.929724
1.949 -0.366485 -0.358423 0.910231 0.929367
1.95 -0.367458 -0.359537 0.909864 0.929008
1.951 -0.368432 -0.360652 0.909497 0.928647
1.952 -0.369406 -0.361768 0.909128 0.928286
1.953 -0.37038 -0.362884 0.908758 0.927924
1.954 -0.371354 -0.364001 0.908387 0.92756
1.955 -0.372327 -0.365119 0.908015 0.927196
1.956 -0.373301 -0.366237 0.907642 0.92683
1.957 -0.374275 -0.367356 0.907268 0.926463
1.958 -0.375249 -0.368476 0.906894 0.926096
1.959 -0.376222 -0.369597 0.906518 0.925727
1.96 -0.377196 -0.370718 0.906141 0.925356
1.961 -0.37817 -0.37184 0.905764 0.924985
1.962 -0.379144 -0.372963 0.905385 0.924613
1.963 -0.380117 -0.374086 0.905005 0.924239
1.964 -0.381091 -0.37521 0.904625 0.923864
1.965 -0.382065 -0.376335 0.904243 0.923489
1.966 -0.383039 -0.377461 0.90386 0.923112
1.967 -0.384012 -0.378587 0.903477 0.922734
1.968 -0.384986 -0.379714 0.903092 0.922355
1.969 -0.38596 -0.380841 0.902707 0.921974
1.97 -0.386934 -0.38197 0.902321 0.921593
1.971 -0.387908 -0.383099 0.901933 0.92121
1.972 -0.388881 -0.384228 0.901545 0.920827
1.973 -0.389855 -0.385359 0.901155 0.920442
1.974 -0.390829 -0.38649 0.900765 0.920056
1.975 -0.391803 -0.387622 0.900374 0.919669
1.976 -0.392776 -0.388754 0.899981 0.919281
1.977 -0.39375 -0.389888 0.899588 0.918891
1.978 -0.394724 -0.391022 0.899194 0.918501
1.979 -0.395698 -0.392156 0.898799 0.918109
1.98 -0.396671 -0.393292 0.898403 0.917717
1.981 -0.397645 -0.394428 0.898005 0.917323
1.982 -0.398619 -0.395564 0.897607 0.916928
1.983 -0.399593 -0.396702 0.897208 0.916532
1.984 -0.400567 -0.39784 0.896808 0.916134
1.985 -0.40154 -0.398979 0.896407 0.915736
1.986 -0.402514 -0.400119 0.896005 0.915337
1.987 -0.403488 -0.401259 0.895602 0.914936
1.988 -0.404462 -0.4024 0.895198 0.914534
1.989 -0.405435 -0.403542 0.894793 0.914131
1.99 -0.406409 -0.404684 0.894387 0.913727
1.991 -0.407383 -0.405827 0.89398 0.913322
1.992 -0.408357 -0.406971 0.893572 0.912915
1.993 -0.40933 -0.408115 0.893163 0.912508
1.994 -0.410304 -0.409261 0.892754 0.912099
1.995 -0.411278 -0.410407 0.892343 0.911689
1.996 -0.412252 -0.411553 0.891931 0.911278
1.997 -0.413226 -0.412701 0.891518 0.910866
1.998 -0.414199 -0.413849 0.891105 0.910453
1.999 -0.415173 -0.414997 0.89069 0.910038
2 -0.416147 -0.416147 0.890274 0.909623
2.001 -0.416917 -0.417296 0.889858 0.909206
2.002 -0.417687 -0.418443 0.88944 0.908788
2.003 -0.418457 -0.419589 0.889022 0.908369
2.004 -0.419227 -0.420734 0.888604 0.907949
2.005 -0.419997 -0.421877 0.888184 0.907528
2.006 -0.420767 -0.423018 0.887764 0.907105
2.007 -0.421537 -0.424158 0.887342 0.906682
2.008 -0.422307 -0.425297 0.886921 0.906257
2.009 -0.423077 -0.426434 0.886498 0.905831
2.01 -0.423847 -0.427569 0.886074 0.905404
2.011 -0.424617 -0.428703 0.88565 0.904976
2.012 -0.425387 -0.429835 0.885225 0.904547
2.013 -0.426157 -0.430966 0.884799 0.904116
2.014 -0.426927 -0.432095 0.884373 0.903685
2.015 -0.427697 -0.433223 0.883945 0.903252
2.016 -0.428467 -0.434349 0.883517 0.902818
2.017 -0.429237 -0.435474 0.883089 0.902383
2.018 -0.430007 -0.436597 0.882659 0.901947
2.019 -0.430777 -0.437719 0.882229 0.90151
2.02 -0.431547 -0.438839 0.881797 0.901072
2.021 -0.432317 -0.439958 0.881365 0.900633
2.022 -0.433087 -0.441075 0.880933 0.900192
2.023 -0.433857 -0.44219 0.880499 0.89975
2.024 -0.434627 -0.443305 0.880065 0.899308
2.025 -0.435397 -0.444417 0.87963 0.898864
2.026 -0.436167 -0.445528 0.879194 0.898419
2.027 -0.436937 -0.446638 0.878758 0.897973
2.028 -0.437707 -0.447746 0.87832 0.897526
2.029 -0.438477 -0.448852 0.877882 0.897077
2.03 -0.439247 -0.449957 0.877443 0.896628
2.031 -0.440017 -0.451061 0.877004 0.896177
2.032 -0.440787 -0.452163 0.876563 0.895726
2.033 -0.441557 -0.453263 0.876122 0.895273
2.034 -0.442327 -0.454362 0.87568 0.894819
2.035 -0.443097 -0.455459 0.875238 0.894364
2.036 -0.443867 -0.456555 0.874794 0.893908
2.037 -0.444637 -0.45765 0.87435 0.893451
2.038 -0.445407 -0.458742 0.873905 0.892993
2.039 -0.446177 -0.459834 0.873459 0.892534
2.04 -0.446947 -0.460923 0.873012 0.892073
2.041 -0.447717 -0.462012 0.872565 0.891612
2.042 -0.448487 -0.463099 0.872117 0.891149
2.043 -0.449257 -0.464184 0.871668 0.890686
2.044 -0.450027 -0.465267 0.871219 0.890221
2.045 -0.450797 -0.46635 0.870768 0.889755
2.046 -0.451567 -0.46743 0.870317 0.889288
2.047 -0.452337 -0.468509 0.869865 0.88882
2.048 -0.453107 -0.469587 0.869412 0.888351
2.049 -0.453877 -0.470663 0.868959 0.887881
2.05 -0.454647 -0.471738 0.868504 0.88741
2.051 -0.455417 -0.472811 0.868049 0.886938
2.052 -0.456187 -0.473882 0.867594 0.886464
2.053 -0.456956 -0.474953 0.867137 0.88599
2.054 -0.457726 -0.476021 0.86668 0.885514
2.055 -0.458496 -0.477088 0.866222 0.885038
2.056 -0.459266 -0.478154 0.865763 0.88456
2.057 -0.460036 -0.479217 0.865303 0.884081
2.058 -0.460806 -0.48028 0.864843 0.883602
2.059 -0.461576 -0.481341 0.864381 0.883121
2.06 -0.462346 -0.4824 0.86392 0.882639
2.061 -0.463116 -0.483458 0.863457 0.882156
2.062 -0.463886 -0.484515 0.862993 0.881672
2.063 -0.464656 -0.485569 0.862529 0.881187
2.064 -0.465426 -0.486623 0.862064 0.880701
2.065 -0.466196 -0.487675 0.861598 0.880214
2.066 -0.466966 -0.488725 0.861132 0.879726
2.067 -0.467736 -0.489774 0.860664 0.879236
2.068 -0.468506 -0.490821 0.860196 0.878746
2.069 -0.469276 -0.491867 0.859727 0.878255
2.07 -0.470046 -0.492911 0.859258 0.877762
2.071 -0.470816 -0.493953 0.858787 0.877269
2.072 -0.471586 -0.494995 0.858316 0.876774
2.073 -0.472356 -0.496034 0.857844 0.876279
2.074 -0.473126 -0.497072 0.857371 0.875782
2.075 -0.473896 -0.498109 0.856898 0.875285
2.076 -0.474666 -0.499144 0.856423 0.874786
2.077 -0.475436 -0.500178 0.855948 0.874287
2.078 -0.476206 -0.50121 0.855473 0.873786
2.079 -0.476976 -0.50224 0.854996 0.873284
2.08 -0.477746 -0.503269 0.854519 0.872781
2.081 -0.478516 -0.504297 0.85404 0.872278
2.082 -0.479286 -0.505323 0.853562 0.871773
2.083 -0.480056 -0.506347 0.853082 0.871267
2.084 -0.480826 -0.50737 0.852601 0.87076
2.085 -0.481596 -0.508392 0.85212 0.870252
2.086 -0.482366 -0.509412 0.851638 0.869743
2.087 -0.483136 -0.51043 0.851156 0.869233
2.088 -0.483906 -0.511447 0.850672 0.868722
2.089 -0.484676 -0.512462 0.850188 0.86821
2.09 -0.485446 -0.513476 0.849703 0.867697
2.091 -0.486216 -0.514488 0.849217 0.867184
2.092 -0.486986 -0.515499 0.84873 0.866669
2.093 -0.487756 -0.516508 0.848243 0.866153
2.094 -0.488526 -0.517516 0.847755 0.865635
2.095 -0.489296 -0.518522 0.847266 0.865117
2.096 -0.490066 -0.519527 0.846776 0.864598
2.097 -0.490836 -0.52053 0.846286 0.864078
2.098 -0.491606 -0.521532 0.845794 0.863557
2.099 -0.492376 -0.522532 0.845302 0.863035
2.1 -0.493146 -0.523531 0.84481 0.862512
2.101 -0.493916 -0.524528 0.844316 0.861988
2.102 -0.494686 -0.525523 0.843822 0.861463
2.103 -0.495456 -0.526518 0.843327 0.860937
2.104 -0.496226 -0.52751 0.842831 0.86041
2.105 -0.496996 -0.528501 0.842334 0.859882
2.106 -0.497766 -0.529491 0.841837 0.859353
2.107 -0.498536 -0.530479 0.841339 0.858823
2.108 -0.499306 -0.531465 0.84084 0.858292
2.109 -0.500076 -0.53245 0.84034 0.85776
2.11 -0.500846 -0.533434 0.83984 0.857227
2.111 -0.501616 -0.534415 0.839338 0.856693
2.112 -0.502386 -0.535396 0.838836 0.856159
2.113 -0.503156 -0.536375 0.838334 0.855623
2.114 -0.503926 -0.537352 0.83783 0.855086
2.115 -0.504696 -0.538328 0.837326 0.854548
2.116 -0.505466 -0.539302 0.836821 0.854009
2.117 -0.506236 -0.540275 0.836315 0.853469
2.118 -0.507006 -0.541246 0.835808 0.852929
2.119 -0.507776 -0.542216 0.835301 0.852387
2.12 -0.508546 -0.543184 0.834793 0.851844
2.121 -0.509316 -0.544151 0.834284 0.8513
2.122 -0.510086 -0.545116 0.833774 0.850756
2.123 -0.510856 -0.54608 0.833264 0.85021
2.124 -0.511626 -0.547042 0.832752 0.849664
2.125 -0.512396 -0.548003 0.83224 0.849116
2.126 -0.513166 -0.548962 0.831728 0.848568
2.127 -0.513936 -0.54992 0.831214 0.848018
2.128 -0.514706 -0.550876 0.8307 0.847468
2.129 -0.515476 -0.55183 0.830185 0.846916
2.13 -0.516246 -0.552783 0.829669 0.846364
2.131 -0.517016 -0.553735 0.829152 0.845811
2.132 -0.517786 -0.554685 0.828635 0.845257
2.133 -0.518556 -0.555633 0.828117 0.844702
2.134 -0.519326 -0.55658 0.827598 0.844145
2.135 -0.520096 -0.557526 0.827078 0.843588
2.136 -0.520866 -0.55847 0.826557 0.84303
2.137 -0.521636 -0.559412 0.826036 0.842471
2.138 -0.522406 -0.560353 0.825514 0.841912
2.139 -0.523176 -0.561293 0.824991 0.841351
2.14 -0.523946 -0.56223 0.824468 0.840789
2.141 -0.524716 -0.563167 0.823944 0.840226
2.142 -0.525486 -0.564102 0.823418 0.839663
2.143 -0.526256 -0.565035 0.822893 0.839098
2.144 -0.527026 -0.565967 0.822366 0.838533
2.145 -0.527796 -0.566897 0.821838 0.837966
2.146 -0.528566 -0.567826 0.82131 0.837399
2.147 -0.529336 -0.568753 0.820781 0.836831
2.148 -0.530106 -0.569679 0.820252 0.836261
2.149 -0.530876 -0.570603 0.819721 0.835691
2.15 -0.531646 -0.571526 0.81919 0.83512
2.151 -0.532416 -0.572447 0.818658 0.834548
2.152 -0.533186 -0.573366 0.818125 0.833975
2.153 -0.533956 -0.574285 0.817591 0.833401
2.154 -0.534726 -0.575201 0.817057 0.832827
2.155 -0.535496 -0.576116 0.816522 0.832251
2.156 -0.536266 -0.57703 0.815986 0.831674
2.157 -0.537036 -0.577942 0.815449 0.831097
2.158 -0.537806 -0.578852 0.814912 0.830519
2.159 -0.538576 -0.579761 0.814374 0.829939
2.16 -0.539346 -0.580669 0.813835 0.829359
2.161 -0.540116 -0.581575 0.813295 0.828778
2.162 -0.540886 -0.582479 0.812755 0.828196
2.163 -0.541656 -0.583382 0.812213 0.827613
2.164 -0.542426 -0.584284 0.811671 0.827029
2.165 -0.543196 -0.585183 0.811129 0.826444
2.166 -0.543966 -0.586082 0.810585 0.825859
2.167 -0.544736 -0.586979 0.810041 0.825272
2.168 -0.545506 -0.587874 0.809496 0.824685
2.169 -0.546276 -0.588768 0.80895 0.824096
2.17 -0.547046 -0.58966 0.808403 0.823507
2.171 -0.547816 -0.590551 0.807856 0.822917
2.172 -0.548586 -0.59144 0.807307 0.822326
2.173 -0.549356 -0.592328 0.806758 0.821734
2.174 -0.550126 -0.593214 0.806209 0.821141
2.175 -0.550896 -0.594099 0.805658 0.820548
2.176 -0.551666 -0.594982 0.805107 0.819953
2.177 -0.552436 -0.595864 0.804555 0.819358
2.178 -0.553206 -0.596744 0.804002 0.818762
2.179 -0.553976 -0.597622 0.803448 0.818164
2.18 -0.554746 -0.598499 0.802894 0.817566
2.181 -0.555516 -0.599375 0.802339 0.816967
2.182 -0.556286 -0.600249 0.801783 0.816368
2.183 -0.557056 -0.601122 0.801226 0.815767
2.184 -0.557826 -0.601993 0.800669 0.815165
2.185 -0.558596 -0.602862 0.800111 0.814563
2.186 -0.559366 -0.60373 0.799552 0.81396
2.187 -0.560136 -0.604597 0.798992 0.813355
2.188 -0.560906 -0.605462 0.798431 0.81275
2.189 -0.561676 -0.606325 0.79787 0.812144
2.19 -0.562446 -0.607187 0.797308 0.811538
2.191 -0.563216 -0.608047 0.796745 0.81093
2.192 -0.563986 -0.608906 0.796182 0.810322
2.193 -0.564756 -0.609763 0.795617 0.809712
2.194 -0.565526 -0.610619 0.795052 0.809102
2.195 -0.566296 -0.611474 0.794486 0.808491
2.196 -0.567066 -0.612326 0.79392 0.807879
2.197 -0.567836 -0.613178 0.793352 0.807266
2.198 -0.568606 -0.614027 0.792784 0.806653
2.199 -0.569376 -0.614876 0.792215 0.806038
2.2 -0.570146 -0.615722 0.791645 0.805423
2.201 -0.570916 -0.616568 0.791075 0.804807
2.202 -0.571686 -0.617411 0.790503 0.80419
2.203 -0.572456 -0.618253 0.789931 0.803572
2.204 -0.573226 -0.619094 0.789358 0.802953
2.205 -0.573996 -0.619933 0.788785 0.802334
2.206 -0.574766 -0.620771 0.78821 0.801714
2.207 -0.575536 -0.621607 0.787635 0.801092
2.208 -0.576305 -0.622441 0.787059 0.80047
2.209 -0.577075 -0.623274 0.786483 0.799847
2.21 -0.577845 -0.624106 0.785905 0.799224
2.211 -0.578615 -0.624936 0.785327 0.798599
2.212 -0.579385 -0.625764 0.784748 0.797974
2.213 -0.580155 -0.626591 0.784168 0.797348
2.214 -0.580925 -0.627417 0.783588 0.796721
2.215 -0.581695 -0.628241 0.783006 0.796093
2.216 -0.582465 -0.629063 0.782424 0.795464
2.217 -0.583235 -0.629884 0.781841 0.794835
2.218 -0.584005 -0.630703 0.781258 0.794204
2.219 -0.584775 -0.631521 0.780673 0.793573
2.22 -0.585545 -0.632338 0.780088 0.792941
2.221 -0.586315 -0.633152 0.779502 0.792309
2.222 -0.587085 -0.633966 0.778916 0.791675
2.223 -0.587855 -0.634778 0.778328 0.791041
2.224 -0.588625 -0.635588 0.77774 0.790406
2.225 -0.589395 -0.636397 0.777151 0.78977
2.226 -0.590165 -0.637204 0.776561 0.789133
2.227 -0.590935 -0.638009 0.77597 0.788495
2.228 -0.591705 -0.638814 0.775379 0.787857
2.229 -0.592475 -0.639616 0.774787 0.787218
2.23 -0.593245 -0.640417 0.774194 0.786578
2.231 -0.594015 -0.641217 0.773601 0.785937
2.232 -0.594785 -0.642015 0.773006 0.785295
2.233 -0.595555 -0.642812 0.772411 0.784653
2.234 -0.596325 -0.643607 0.771815 0.784009
2.235 -0.597095 -0.6444 0.771218 0.783365
2.236 -0.597865 -0.645192 0.770621 0.782721
2.237 -0.598635 -0.645983 0.770023 0.782075
2.238 -0.599405 -0.646772 0.769424 0.781429
2.239 -0.600175 -0.647559 0.768824 0.780782
2.24 -0.600945 -0.648345 0.768223 0.780134
2.241 -0.601715 -0.64913 0.767622 0.779485
2.242 -0.602485 -0.649913 0.76702 0.778835
2.243 -0.603255 -0.650694 0.766417 0.778185
2.244 -0.604025 -0.651474 0.765813 0.777534
2.245 -0.604795 -0.652252 0.765209 0.776882
2.246 -0.605565 -0.653029 0.764604 0.776229
2.247 -0.606335 -0.653804 0.763998 0.775576
2.248 -0.607105 -0.654578 0.763391 0.774922
2.249 -0.607875 -0.65535 0.762784 0.774267
2.25 -0.608645 -0.656121 0.762175 0.773611
2.251 -0.609415 -0.65689 0.761566 0.772955
2.252 -0.610185 -0.657658 0.760956 0.772297
2.253 -0.610955 -0.658424 0.760346 0.771639
2.254 -0.611725 -0.659189 0.759735 0.770981
2.255 -0.612495 -0.659952 0.759122 0.770321
2.256 -0.613265 -0.660714 0.75851 0.769661
2.257 -0.614035 -0.661474 0.757896 0.769
2.258 -0.614805 -0.662232 0.757282 0.768338
2.259 -0.615575 -0.66299 0.756666 0.767675
2.26 -0.616345 -0.663745 0.75605 0.767012
2.261 -0.617115 -0.664499 0.755434 0.766348
2.262 -0.617885 -0.665252 0.754816 0.765683
2.263 -0.618655 -0.666003 0.754198 0.765017
2.264 -0.619425 -0.666752 0.753579 0.764351
2.265 -0.620195 -0.6675 0.752959 0.763684
2.266 -0.620965 -0.668247 0.752338 0.763016
2.267 -0.621735 -0.668991 0.751717 0.762347
2.268 -0.622505 -0.669735 0.751095 0.761678
2.269 -0.623275 -0.670477 0.750472 0.761008
2.27 -0.624045 -0.671217 0.749848 0.760337
2.271 -0.624815 -0.671956 0.749224 0.759665
2.272 -0.625585 -0.672693 0.748599 0.758993
2.273 -0.626355 -0.673429 0.747973 0.75832
2.274 -0.627125 -0.674163 0.747346 0.757646
2.275 -0.627895 -0.674896 0.746719 0.756971
2.276 -0.628665 -0.675627 0.74609 0.756296
2.277 -0.629435 -0.676357 0.745461 0.75562
2.278 -0.630205 -0.677085 0.744831 0.754943
2.279 -0.630975 -0.677812 0.744201 0.754266
2.28 -0.631745 -0.678537 0.743569 0.753588
2.281 -0.632515 -0.679261 0.742937 0.752909
2.282 -0.633285 -0.679983 0.742304 0.752229
2.283 -0.634055 -0.680704 0.741671 0.751549
2.284 -0.634825 -0.681423 0.741036 0.750868
2.285 -0.635595 -0.68214 0.740401 0.750186
2.286 -0.636365 -0.682856 0.739765 0.749504
2.287 -0.637135 -0.683571 0.739128 0.74882
2.288 -0.637905 -0.684284 0.738491 0.748137
2.289 -0.638675 -0.684995 0.737853 0.747452
2.29 -0.639445 -0.685705 0.737214 0.746767
2.291 -0.640215 -0.686414 0.736574 0.74608
2.292 -0.640985 -0.687121 0.735933 0.745394
2.293 -0.641755 -0.687826 0.735292 0.744706
2.294 -0.642525 -0.68853 0.73465 0.744018
2.295 -0.643295 -0.689233 0.734007 0.743329
2.296 -0.644065 -0.689933 0.733363 0.74264
2.297 -0.644835 -0.690633 0.732719 0.741949
2.298 -0.645605 -0.691331 0.732073 0.741258
2.299 -0.646375 -0.692027 0.731427 0.740567
2.3 -0.647145 -0.692722 0.730781 0.739874
2.301 -0.647915 -0.693415 0.730133 0.739181
2.302 -0.648685 -0.694107 0.729485 0.738487
2.303 -0.649455 -0.694797 0.728836 0.737793
2.304 -0.650225 -0.695486 0.728186 0.737098
2.305 -0.650995 -0.696173 0.727535 0.736402
2.306 -0.651765 -0.696859 0.726884 0.735705
2.307 -0.652535 -0.697543 0.726232 0.735008
2.308 -0.653305 -0.698225 0.725579 0.73431
2.309 -0.654075 -0.698907 0.724925 0.733612
2.31 -0.654845 -0.699586 0.724271 0.732913
2.311 -0.655615 -0.700264 0.723615 0.732213
2.312 -0.656385 -0.700941 0.722959 0.731512
2.313 -0.657155 -0.701616 0.722303 0.730811
2.314 -0.657925 -0.702289 0.721645 0.730109
2.315 -0.658695 -0.702961 0.720987 0.729406
2.316 -0.659465 -0.703632 0.720328 0.728703
2.317 -0.660235 -0.704301 0.719668 0.727999
2.318 -0.661005 -0.704968 0.719007 0.727294
2.319 -0.661775 -0.705634 0.718346 0.726589
2.32 -0.662545 -0.706299 0.717684 0.725883
2.321 -0.663315 -0.706961 0.717021 0.725176
2.322 -0.664085 -0.707623 0.716357 0.724469
2.323 -0.664855 -0.708283 0.715693 0.723761
2.324 -0.665625 -0.708941 0.715027 0.723053
2.325 -0.666395 -0.709598 0.714361 0.722343
2.326 -0.667165 -0.710253 0.713695 0.721633
2.327 -0.667935 -0.710907 0.713027 0.720923
2.328 -0.668705 -0.711559 0.712359 0.720212
2.329 -0.669475 -0.71221 0.71169 0.7195
2.33 -0.670245 -0.712859 0.71102 0.718787
2.331 -0.671015 -0.713507 0.710349 0.718074
2.332 -0.671785 -0.714153 0.709678 0.71736
2.333 -0.672555 -0.714798 0.709006 0.716646
2.334 -0.673325 -0.715441 0.708333 0.715931
2.335 -0.674095 -0.716082 0.707659 0.715215
2.336 -0.674865 -0.716722 0.706984 0.714498
2.337 -0.675635 -0.717361 0.706309 0.713781
2.338 -0.676405 -0.717998 0.705633 0.713064
2.339 -0.677175 -0.718634 0.704956 0.712345
2.34 -0.677945 -0.719268 0.704279 0.711626
2.341 -0.678715 -0.7199 0.7036 0.710907
2.342 -0.679485 -0.720531 0.702921 0.710187
2.343 -0.680255 -0.721161 0.702241 0.709466
2.344 -0.681025 -0.721789 0.701561 0.708744
2.345 -0.681795 -0.722415 0.700879 0.708022
2.346 -0.682565 -0.72304 0.700197 0.707299
2.347 -0.683335 -0.723663 0.699514 0.706576
2.348 -0.684105 -0.724285 0.698831 0.705852
2.349 -0.684875 -0.724905 0.698146 0.705127
2.35 -0.685645 -0.725524 0.697461 0.704402
2.351 -0.686415 -0.726142 0.696775 0.703676
2.352 -0.687185 -0.726757 0.696088 0.70295
2.353 -0.687955 -0.727372 0.6954 0.702223
2.354 -0.688725 -0.727984 0.694712 0.701495
2.355 -0.689495 -0.728596 0.694023 0.700767
2.356 -0.690265 -0.729205 0.693333 0.700038
2.357 -0.691035 -0.729814 0.692642 0.699309
2.358 -0.691805 -0.73042 0.691951 0.698578
2.359 -0.692575 -0.731025 0.691259 0.697848
2.36 -0.693345 -0.731629 0.690566 0.697116
2.361 -0.694115 -0.732231 0.689872 0.696384
2.362 -0.694885 -0.732832 0.689178 0.695652
2.363 -0.695654 -0.733431 0.688482 0.694919
2.364 -0.696424 -0.734028 0.687786 0.694185
2.365 -0.697194 -0.734624 0.68709 0.693451
2.366 -0.697964 -0.735219 0.686392 0.692716
2.367 -0.698734 -0.735812 0.685694 0.69198
2.368 -0.699504 -0.736403 0.684994 0.691244
2.369 -0.700274 -0.736993 0.684295 0.690507
2.37 -0.701044 -0.737582 0.683594 0.68977
2.371 -0.701814 -0.738169 0.682893 0.689032
2.372 -0.702584 -0.738754 0.68219 0.688294
2.373 -0.703354 -0.739338 0.681487 0.687555
2.374 -0.704124 -0.73992 0.680784 0.686815
2.375 -0.704894 -0.740501 0.680079 0.686075
2.376 -0.705664 -0.741081 0.679374 0.685334
2.377 -0.706434 -0.741658 0.678668 0.684593
2.378 -0.707204 -0.742235 0.677961 0.683851
2.379 -0.707974 -0.74281 0.677253 0.683108
2.38 -0.708744 -0.743383 0.676545 0.682365
2.381 -0.709514 -0.743955 0.675836 0.681622
2.382 -0.710284 -0.744525 0.675126 0.680877
2.383 -0.711054 -0.745093 0.674415 0.680133
2.384 -0.711824 -0.745661 0.673704 0.679387
2.385 -0.712594 -0.746226 0.672992 0.678641
2.386 -0.713364 -0.74679 0.672279 0.677895
2.387 -0.714134 -0.747353 0.671565 0.677148
2.388 -0.714904 -0.747914 0.67085 0.6764
2.389 -0.715674 -0.748474 0.670135 0.675652
2.39 -0.716444 -0.749032 0.669419 0.674903
2.391 -0.717214 -0.749588 0.668702 0.674154
2.392 -0.717984 -0.750143 0.667985 0.673404
2.393 -0.718754 -0.750697 0.667266 0.672653
2.394 -0.719524 -0.751249 0.666547 0.671902
2.395 -0.720294 -0.751799 0.665827 0.671151
2.396 -0.721064 -0.752348 0.665107 0.670399
2.397 -0.721834 -0.752896 0.664385 0.669646
2.398 -0.722604 -0.753442 0.663663 0.668893
2.399 -0.723374 -0.753986 0.66294 0.668139
2.4 -0.724144 -0.754529 0.662216 0.667385
2.401 -0.724914 -0.75507 0.661492 0.66663
2.402 -0.725684 -0.75561 0.660766 0.665875
2.403 -0.726454 -0.756148 0.66004 0.665119
2.404 -0.727224 -0.756685 0.659313 0.664363
2.405 -0.727994 -0.75722 0.658586 0.663606
2.406 -0.728764 -0.757754 0.657857 0.662848
2.407 -0.729534 -0.758286 0.657128 0.66209
2.408 -0.730304 -0.758817 0.656398 0.661332
2.409 -0.731074 -0.759346 0.655668 0.660573
2.41 -0.731844 -0.759874 0.654936 0.659813
2.411 -0.732614 -0.7604 0.654204 0.659053
2.412 -0.733384 -0.760925 0.653471 0.658292
2.413 -0.734154 -0.761448 0.652737 0.657531
2.414 -0.734924 -0.761969 0.652003 0.656769
2.415 -0.735694 -0.76249 0.651267 0.656007
2.416 -0.736464 -0.763008 0.650531 0.655244
2.417 -0.737234 -0.763525 0.649794 0.654481
2.418 -0.738004 -0.764041 0.649057 0.653717
2.419 -0.738774 -0.764555 0.648318 0.652953
2.42 -0.739544 -0.765067 0.647579 0.652188
2.421 -0.740314 -0.765578 0.646839 0.651423
2.422 -0.741084 -0.766088 0.646099 0.650657
2.423 -0.741854 -0.766595 0.645357 0.649891
2.424 -0.742624 -0.767102 0.644615 0.649124
2.425 -0.743394 -0.767607 0.643872 0.648356
2.426 -0.744164 -0.76811 0.643128 0.647589
2.427 -0.744934 -0.768612 0.642384 0.64682
2.428 -0.745704 -0.769112 0.641638 0.646051
2.429 -0.746474 -0.769611 0.640892 0.645282
2.43 -0.747244 -0.770108 0.640145 0.644512
2.431 -0.748014 -0.770604 0.639398 0.643742
2.432 -0.748784 -0.771098 0.638649 0.642971
2.433 -0.749554 -0.771591 0.6379 0.6422
2.434 -0.750324 -0.772082 0.63715 0.641428
2.435 -0.751094 -0.772572 0.636399 0.640655
2.436 -0.751864 -0.77306 0.635648 0.639883
2.437 -0.752634 -0.773547 0.634896 0.639109
2.438 -0.753404 -0.774032 0.634143 0.638336
2.439 -0.754174 -0.774516 0.633389 0.637561
2.44 -0.754944 -0.774998 0.632634 0.636786
2.441 -0.755714 -0.775478 0.631879 0.636011
2.442 -0.756484 -0.775957 0.631123 0.635236
2.443 -0.757254 -0.776435 0.630366 0.634459
2.444 -0.758024 -0.776911 0.629608 0.633683
2.445 -0.758794 -0.777386 0.62885 0.632906
2.446 -0.759564 -0.777859 0.628091 0.632128
2.447 -0.760334 -0.77833 0.627331 0.63135
2.448 -0.761104 -0.7788 0.62657 0.630571
2.449 -0.761874 -0.779268 0.625809 0.629792
2.45 -0.762644 -0.779735 0.625046 0.629013
2.451 -0.763414 -0.780201 0.624283 0.628233
2.452 -0.764184 -0.780665 0.62352 0.627452
2.453 -0.764954 -0.781127 0.622755 0.626671
2.454 -0.765724 -0.781588 0.62199 0.62589
2.455 -0.766494 -0.782047 0.621224 0.625108
2.456 -0.767264 -0.782505 0.620457 0.624326
2.457 -0.768034 -0.782961 0.619689 0.623543
2.458 -0.768804 -0.783416 0.618921 0.62276
2.459 -0.769574 -0.783869 0.618151 0.621976
2.46 -0.770344 -0.784321 0.617381 0.621192
2.461 -0.771114 -0.784771 0.616611 0.620408
2.462 -0.771884 -0.78522 0.615839 0.619623
2.463 -0.772654 -0.785667 0.615067 0.618837
2.464 -0.773424 -0.786112 0.614294 0.618051
2.465 -0.774194 -0.786557 0.61352 0.617265
2.466 -0.774964 -0.786999 0.612746 0.616478
2.467 -0.775734 -0.78744 0.61197 0.615691
2.468 -0.776504 -0.78788 0.611194 0.614903
2.469 -0.777274 -0.788318 0.610417 0.614115
2.47 -0.778044 -0.788754 0.60964 0.613327
2.471 -0.778814 -0.789189 0.608861 0.612538
2.472 -0.779584 -0.789623 0.608082 0.611748
2.473 -0.780354 -0.790055 0.607302 0.610959
2.474 -0.781124 -0.790485 0.606521 0.610168
2.475 -0.781894 -0.790914 0.60574 0.609378
2.476 -0.782664 -0.791342 0.604957 0.608586
2.477 -0.783434 -0.791767 0.604174 0.607795
2.478 -0.784204 -0.792192 0.603391 0.607003
2.479 -0.784974 -0.792615 0.602606 0.606211
2.48 -0.785744 -0.793036 0.601821 0.605418
2.481 -0.786514 -0.793456 0.601034 0.604624
2.482 -0.787284 -0.793874 0.600248 0.603831
2.483 -0.788054 -0.794291 0.59946 0.603037
2.484 -0.788824 -0.794706 0.598671 0.602242
2.485 -0.789594 -0.79512 0.597882 0.601447
2.486 -0.790364 -0.795532 0.597092 0.600652
2.487 -0.791134 -0.795943 0.596302 0.599856
2.488 -0.791904 -0.796352 0.59551 0.59906
2.489 -0.792674 -0.79676 0.594718 0.598264
2.49 -0.793444 -0.797166 0.593925 0.597467
2.491 -0.794214 -0.79757 0.593131 0.596669
2.492 -0.794984 -0.797974 0.592336 0.595871
2.493 -0.795754 -0.798375 0.591541 0.595073
2.494 -0.796524 -0.798775 0.590745 0.594275
2.495 -0.797294 -0.799174 0.589948 0.593476
2.496 -0.798064 -0.799571 0.58915 0.592676
2.497 -0.798834 -0.799966 0.588352 0.591877
2.498 -0.799604 -0.80036 0.587552 0.591076
2.499 -0.800374 -0.800753 0.586752 0.590276
2.5 -0.801144 -0.801144 0.585952 0.589475
2.501 -0.801521 -0.801534 0.58515 0.588674
2.502 -0.801899 -0.801924 0.584349 0.587872
2.503 -0.802277 -0.802314 0.583547 0.58707
2.504 -0.802654 -0.802704 0.582744 0.586267
2.505 -0.803032 -0.803094 0.581941 0.585464
2.506 -0.80341 -0.803484 0.581138 0.584661
2.507 -0.803787 -0.803874 0.580334 0.583857
2.508 -0.804165 -0.804264 0.57953 0.583053
2.509 -0.804543 -0.804653 0.578726 0.582249
2.51 -0.804921 -0.805043 0.577921 0.581444
2.511 -0.805298 -0.805433 0.577116 0.580639
2.512 -0.805676 -0.805822 0.576311 0.579833
2.513 -0.806054 -0.806212 0.575505 0.579027
2.514 -0.806431 -0.806601 0.574699 0.578221
2.515 -0.806809 -0.806991 0.573892 0.577414
2.516 -0.807187 -0.80738 0.573085 0.576607
2.517 -0.807564 -0.80777 0.572278 0.575799
2.518 -0.807942 -0.808159 0.57147 0.574991
2.519 -0.80832 -0.808548 0.570662 0.574183
2.52 -0.808698 -0.808937 0.569853 0.573374
2.521 -0.809075 -0.809327 0.569044 0.572565
2.522 -0.809453 -0.809716 0.568235 0.571755
2.523 -0.809831 -0.810105 0.567426 0.570945
2.524 -0.810208 -0.810494 0.566615 0.570135
2.525 -0.810586 -0.810883 0.565805 0.569325
2.526 -0.810964 -0.811272 0.564994 0.568513
2.527 -0.811341 -0.81166 0.564183 0.567702
2.528 -0.811719 -0.812049 0.563372 0.56689
2.529 -0.812097 -0.812438 0.56256 0.566078
2.53 -0.812475 -0.812827 0.561747 0.565265
2.531 -0.812852 -0.813215 0.560935 0.564452
2.532 -0.81323 -0.813604 0.560122 0.563639
2.533 -0.813608 -0.813993 0.559308 0.562825
2.534 -0.813985 -0.814381 0.558495 0.562011
2.535 -0.814363 -0.81477 0.55768 0.561196
2.536 -0.814741 -0.815158 0.556866 0.560381
2.537 -0.815118 -0.815546 0.556051 0.559566
2.538 -0.815496 -0.815935 0.555236 0.55875
2.539 -0.815874 -0.816323 0.55442 0.557934
2.54 -0.816252 -0.816711 0.553604 0.557118
2.541 -0.816629 -0.817099 0.552787 0.556301
2.542 -0.817007 -0.817487 0.551971 0.555483
2.543 -0.817385 -0.817875 0.551153 0.554666
2.544 -0.817762 -0.818263 0.550336 0.553848
2.545 -0.81814 -0.818651 0.549518 0.553029
2.546 -0.818518 -0.819039 0.5487 0.55221
2.547 -0.818895 -0.819427 0.547881 0.551391
2.548 -0.819273 -0.819815 0.547062 0.550571
2.549 -0.819651 -0.820203 0.546242 0.549751
2.55 -0.820029 -0.82059 0.545422 0.548931
2.551 -0.820406 -0.820978 0.544602 0.54811
2.552 -0.820784 -0.821366 0.543782 0.547289
2.553 -0.821162 -0.821753 0.542961 0.546468
2.554 -0.821539 -0.822141 0.542139 0.545646
2.555 -0.821917 -0.822528 0.541318 0.544823
2.556 -0.822295 -0.822916 0.540495 0.544001
2.557 -0.822672 -0.823303 0.539673 0.543177
2.558 -0.82305 -0.82369 0.53885 0.542354
2.559 -0.823428 -0.824078 0.538027 0.54153
2.56 -0.823805 -0.824465 0.537203 0.540706
2.561 -0.824183 -0.824852 0.536379 0.539881
2.562 -0.824561 -0.825239 0.535555 0.539056
2.563 -0.824939 -0.825626 0.53473 0.538231
2.564 -0.825316 -0.826013 0.533905 0.537405
2.565 -0.825694 -0.8264 0.533079 0.536579
2.566 -0.826072 -0.826787 0.532254 0.535752
2.567 -0.826449 -0.827174 0.531427 0.534925
2.568 -0.826827 -0.827561 0.530601 0.534098
2.569 -0.827205 -0.827948 0.529774 0.53327
2.57 -0.827582 -0.828334 0.528946 0.532442
2.571 -0.82796 -0.828721 0.528119 0.531613
2.572 -0.828338 -0.829108 0.52729 0.530784
2.573 -0.828716 -0.829494 0.526462 0.529955
2.574 -0.829093 -0.829881 0.525633 0.529125
2.575 -0.829471 -0.830267 0.524804 0.528295
2.576 -0.829849 -0.830654 0.523974 0.527465
2.577 -0.830226 -0.83104 0.523144 0.526634
2.578 -0.830604 -0.831426 0.522314 0.525803
2.579 -0.830982 -0.831812 0.521483 0.524971
2.58 -0.831359 -0.832199 0.520652 0.524139
2.581 -0.831737 -0.832585 0.51982 0.523307
2.582 -0.832115 -0.832971 0.518988 0.522474
2.583 -0.832493 -0.833357 0.518156 0.521641
2.584 -0.83287 -0.833743 0.517323 0.520807
2.585 -0.833248 -0.834129 0.51649 0.519973
2.586 -0.833626 -0.834515 0.515657 0.519139
2.587 -0.834003 -0.834901 0.514823 0.518304
2.588 -0.834381 -0.835287 0.513989 0.517469
2.589 -0.834759 -0.835672 0.513154 0.516634
2.59 -0.835136 -0.836058 0.512319 0.515798
2.591 -0.835514 -0.836444 0.511484 0.514962
2.592 -0.835892 -0.836829 0.510648 0.514125
2.593 -0.83627 -0.837215 0.509812 0.513288
2.594 -0.836647 -0.8376 0.508976 0.51245
2.595 -0.837025 -0.837986 0.508139 0.511613
2.596 -0.837403 -0.838371 0.507301 0.510774
2.597 -0.83778 -0.838757 0.506464 0.509936
2.598 -0.838158 -0.839142 0.505626 0.509097
2.599 -0.838536 -0.839527 0.504788 0.508258
2.6 -0.838913 -0.839912 0.503949 0.507418
2.601 -0.839291 -0.840298 0.50311 0.506578
2.602 -0.839669 -0.840683 0.50227 0.505737
2.603 -0.840046 -0.841068 0.50143 0.504896
2.604 -0.840424 -0.841453 0.50059 0.504055
2.605 -0.840802 -0.841838 0.49975 0.503214
2.606 -0.84118 -0.842223 0.498909 0.502372
2.607 -0.841557 -0.842608 0.498067 0.501529
2.608 -0.841935 -0.842992 0.497225 0.500686
2.609 -0.842313 -0.843377 0.496383 0.499843
2.61 -0.84269 -0.843762 0.495541 0.499
2.611 -0.843068 -0.844147 0.494698 0.498156
2.612 -0.843446 -0.844531 0.493855 0.497311
2.613 -0.843823 -0.844916 0.493011 0.496467
2.614 -0.844201 -0.8453 0.492167 0.495621
2.615 -0.844579 -0.845685 0.491323 0.494776
2.616 -0.844957 -0.846069 0.490478 0.49393
2.617 -0.845334 -0.846454 0.489633 0.493084
2.618 -0.845712 -0.846838 0.488787 0.492237
2.619 -0.84609 -0.847222 0.487941 0.49139
2.62 -0.846467 -0.847606 0.487095 0.490543
2.621 -0.846845 -0.84799 0.486248 0.489695
2.622 -0.847223 -0.848375 0.485401 0.488847
2.623 -0.8476 -0.848759 0.484554 0.487998
2.624 -0.847978 -0.849143 0.483706 0.487149
2.625 -0.848356 -0.849527 0.482858 0.4863
2.626 -0.848734 -0.849911 0.482009 0.48545
2.627 -0.849111 -0.850294 0.481161 0.4846
2.628 -0.849489 -0.850678 0.480311 0.48375
2.629 -0.849867 -0.851062 0.479462 0.482899
2.63 -0.850244 -0.851446 0.478611 0.482047
2.631 -0.850622 -0.851829 0.477761 0.481196
2.632 -0.851 -0.852213 0.47691 0.480344
2.633 -0.851377 -0.852597 0.476059 0.479491
2.634 -0.851755 -0.85298 0.475207 0.478639
2.635 -0.852133 -0.853364 0.474356 0.477785
2.636 -0.852511 -0.853747 0.473503 0.476932
2.637 -0.852888 -0.85413 0.472651 0.476078
2.638 -0.853266 -0.854514 0.471797 0.475224
2.639 -0.853644 -0.854897 0.470944 0.474369
2.64 -0.854021 -0.85528 0.47009 0.473514
2.641 -0.854399 -0.855663 0.469236 0.472658
2.642 -0.854777 -0.856046 0.468381 0.471802
2.643 -0.855154 -0.85643 0.467526 0.470946
2.644 -0.855532 -0.856813 0.466671 0.47009
2.645 -0.85591 -0.857196 0.465815 0.469233
2.646 -0.856287 -0.857578 0.464959 0.468375
2.647 -0.856665 -0.857961 0.464103 0.467517
2.648 -0.857043 -0.858344 0.463246 0.466659
2.649 -0.857421 -0.858727 0.462389 0.465801
2.65 -0.857798 -0.85911 0.461531 0.464942
2.651 -0.858176 -0.859492 0.460673 0.464083
2.652 -0.858554 -0.859875 0.459815 0.463223
2.653 -0.858931 -0.860257 0.458956 0.462363
2.654 -0.859309 -0.86064 0.458097 0.461502
2.655 -0.859687 -0.861022 0.457237 0.460642
2.656 -0.860064 -0.861405 0.456377 0.45978
2.657 -0.860442 -0.861787 0.455517 0.458919
2.658 -0.86082 -0.86217 0.454657 0.458057
2.659 -0.861198 -0.862552 0.453796 0.457194
2.66 -0.861575 -0.862934 0.452934 0.456332
2.661 -0.861953 -0.863316 0.452072 0.455469
2.662 -0.862331 -0.863698 0.45121 0.454605
2.663 -0.862708 -0.86408 0.450348 0.453741
2.664 -0.863086 -0.864462 0.449485 0.452877
2.665 -0.863464 -0.864844 0.448622 0.452012
2.666 -0.863841 -0.865226 0.447758 0.451147
2.667 -0.864219 -0.865608 0.446894 0.450282
2.668 -0.864597 -0.86599 0.44603 0.449416
2.669 -0.864975 -0.866372 0.445165 0.44855
2.67 -0.865352 -0.866753 0.4443 0.447683
2.671 -0.86573 -0.867135 0.443434 0.446816
2.672 -0.866108 -0.867517 0.442568 0.445949
2.673 -0.866485 -0.867898 0.441702 0.445081
2.674 -0.866863 -0.86828 0.440835 0.444213
2.675 -0.867241 -0.868661 0.439968 0.443345
2.676 -0.867618 -0.869043 0.439101 0.442476
2.677 -0.867996 -0.869424 0.438233 0.441607
2.678 -0.868374 -0.869805 0.437365 0.440737
2.679 -0.868752 -0.870187 0.436496 0.439867
2.68 -0.869129 -0.870568 0.435627 0.438997
2.681 -0.869507 -0.870949 0.434758 0.438126
2.682 -0.869885 -0.87133 0.433888 0.437255
2.683 -0.870262 -0.871711 0.433018 0.436383
2.684 -0.87064 -0.872092 0.432148 0.435511
2.685 -0.871018 -0.872473 0.431277 0.434639
2.686 -0.871395 -0.872854 0.430406 0.433766
2.687 -0.871773 -0.873235 0.429534 0.432893
2.688 -0.872151 -0.873616 0.428662 0.43202
2.689 -0.872528 -0.873997 0.42779 0.431146
2.69 -0.872906 -0.874377 0.426917 0.430272
2.691 -0.873284 -0.874758 0.426044 0.429397
2.692 -0.873662 -0.875139 0.42517 0.428522
2.693 -0.874039 -0.875519 0.424297 0.427647
2.694 -0.874417 -0.8759 0.423422 0.426771
2.695 -0.874795 -0.87628 0.422548 0.425895
2.696 -0.875172 -0.876661 0.421673 0.425019
2.697 -0.87555 -0.877041 0.420797 0.424142
2.698 -0.875928 -0.877421 0.419922 0.423265
2.699 -0.876305 -0.877802 0.419046 0.422387
2.7 -0.876683 -0.878182 0.418169 0.421509
2.701 -0.877061 -0.878562 0.417292 0.420631
2.702 -0.877439 -0.878942 0.416415 0.419752
2.703 -0.877816 -0.879322 0.415537 0.418873
2.704 -0.878194 -0.879702 0.414659 0.417993
2.705 -0.878572 -0.880082 0.413781 0.417113
2.706 -0.878949 -0.880462 0.412902 0.416233
2.707 -0.879327 -0.880842 0.412023 0.415352
2.708 -0.879705 -0.881222 0.411143 0.414471
2.709 -0.880082 -0.881602 0.410264 0.41359
2.71 -0.88046 -0.881981 0.409383 0.412708
2.711 -0.880838 -0.882361 0.408503 0.411826
2.712 -0.881216 -0.882741 0.407622 0.410944
2.713 -0.881593 -0.88312 0.40674 0.410061
2.714 -0.881971 -0.8835 0.405858 0.409177
2.715 -0.882349 -0.883879 0.404976 0.408294
2.716 -0.882726 -0.884259 0.404094 0.40741
2.717 -0.883104 -0.884638 0.403211 0.406525
2.718 -0.883482 -0.885017 0.402328 0.40564
2.719 -0.883859 -0.885397 0.401444 0.404755
2.72 -0.884237 -0.885776 0.40056 0.403869
2.721 -0.884615 -0.886155 0.399675 0.402983
2.722 -0.884993 -0.886534 0.398791 0.402097
2.723 -0.88537 -0.886913 0.397905 0.40121
2.724 -0.885748 -0.887292 0.39702 0.400323
2.725 -0.886126 -0.887671 0.396134 0.399436
2.726 -0.886503 -0.88805 0.395248 0.398548
2.727 -0.886881 -0.888429 0.394361 0.39766
2.728 -0.887259 -0.888808 0.393474 0.396771
2.729 -0.887636 -0.889186 0.392586 0.395882
2.73 -0.888014 -0.889565 0.391699 0.394993
2.731 -0.888392 -0.889944 0.39081 0.394103
2.732 -0.888769 -0.890323 0.389922 0.393213
2.733 -0.889147 -0.890701 0.389033 0.392322
2.734 -0.889525 -0.89108 0.388143 0.391431
2.735 -0.889903 -0.891458 0.387254 0.39054
2.736 -0.89028 -0.891836 0.386364 0.389649
2.737 -0.890658 -0.892215 0.385473 0.388757
2.738 -0.891036 -0.892593 0.384582 0.387864
2.739 -0.891413 -0.892971 0.383691 0.386971
2.74 -0.891791 -0.89335 0.3828 0.386078
2.741 -0.892169 -0.893728 0.381908 0.385185
2.742 -0.892546 -0.894106 0.381015 0.384291
2.743 -0.892924 -0.894484 0.380122 0.383396
2.744 -0.893302 -0.894862 0.379229 0.382502
2.745 -0.89368 -0.89524 0.378336 0.381607
2.746 -0.894057 -0.895618 0.377442 0.380711
2.747 -0.894435 -0.895996 0.376548 0.379815
2.748 -0.894813 -0.896374 0.375653 0.378919
2.749 -0.89519 -0.896751 0.374758 0.378023
2.75 -0.895568 -0.897129 0.373863 0.377126
2.751 -0.895946 -0.897507 0.372967 0.376228
2.752 -0.896323 -0.897884 0.372071 0.375331
2.753 -0.896701 -0.898262 0.371174 0.374433
2.754 -0.897079 -0.89864 0.370277 0.373534
2.755 -0.897457 -0.899017 0.36938 0.372635
2.756 -0.897834 -0.899394 0.368483 0.371736
2.757 -0.898212 -0.899772 0.367585 0.370837
2.758 -0.89859 -0.900149 0.366686 0.369937
2.759 -0.898967 -0.900526 0.365787 0.369036
2.76 -0.899345 -0.900904 0.364888 0.368136
2.761 -0.899723 -0.901281 0.363989 0.367234
2.762 -0.9001 -0.901658 0.363089 0.366333
2.763 -0.900478 -0.902035 0.362188 0.365431
2.764 -0.900856 -0.902412 0.361288 0.364529
2.765 -0.901234 -0.902789 0.360387 0.363626
2.766 -0.901611 -0.903166 0.359485 0.362723
2.767 -0.901989 -0.903543 0.358584 0.36182
2.768 -0.902367 -0.90392 0.357681 0.360916
2.769 -0.902744 -0.904296 0.356779 0.360012
2.77 -0.903122 -0.904673 0.355876 0.359108
2.771 -0.9035 -0.90505 0.354973 0.358203
2.772 -0.903877 -0.905426 0.354069 0.357298
2.773 -0.904255 -0.905803 0.353165 0.356392
2.774 -0.904633 -0.90618 0.35226 0.355486
2.775 -0.905011 -0.906556 0.351356 0.35458
2.776 -0.905388 -0.906932 0.35045 0.353673
2.777 -0.905766 -0.907309 0.349545 0.352766
2.778 -0.906144 -0.907685 0.348639 0.351858
2.779 -0.906521 -0.908061 0.347732 0.35095
2.78 -0.906899 -0.908438 0.346826 0.350042
2.781 -0.907277 -0.908814 0.345919 0.349134
2.782 -0.907654 -0.90919 0.345011 0.348225
2.783 -0.908032 -0.909566 0.344103 0.347315
2.784 -0.90841 -0.909942 0.343195 0.346405
2.785 -0.908787 -0.910318 0.342287 0.345495
2.786 -0.909165 -0.910694 0.341378 0.344585
2.787 -0.909543 -0.91107 0.340468 0.343674
2.788 -0.909921 -0.911446 0.339558 0.342763
2.789 -0.910298 -0.911821 0.338648 0.341851
2.79 -0.910676 -0.912197 0.337738 0.340939
2.791 -0.911054 -0.912573 0.336827 0.340027
2.792 -0.911431 -0.912948 0.335916 0.339114
2.793 -0.911809 -0.913324 0.335004 0.338201
2.794 -0.912187 -0.9137 0.334092 0.337287
2.795 -0.912564 -0.914075 0.33318 0.336373
2.796 -0.912942 -0.91445 0.332267 0.335459
2.797 -0.91332 -0.914826 0.331354 0.334544
2.798 -0.913698 -0.915201 0.33044 0.333629
2.799 -0.914075 -0.915576 0.329526 0.332714
2.8 -0.914453 -0.915952 0.328612 0.331798
2.801 -0.914831 -0.916327 0.327698 0.330882
2.802 -0.915208 -0.916702 0.326783 0.329966
2.803 -0.915586 -0.917077 0.325867 0.329049
2.804 -0.915964 -0.917452 0.324951 0.328131
2.805 -0.916341 -0.917827 0.324035 0.327214
2.806 -0.916719 -0.918202 0.323119 0.326296
2.807 -0.917097 -0.918577 0.322202 0.325377
2.808 -0.917475 -0.918952 0.321285 0.324459
2.809 -0.917852 -0.919326 0.320367 0.323539
2.81 -0.91823 -0.919701 0.319449 0.32262
2.811 -0.918608 -0.920076 0.31853 0.3217
2.812 -0.918985 -0.92045 0.317612 0.32078
2.813 -0.919363 -0.920825 0.316692 0.319859
2.814 -0.919741 -0.9212 0.315773 0.318938
2.815 -0.920118 -0.921574 0.314853 0.318017
2.816 -0.920496 -0.921948 0.313933 0.317095
2.817 -0.920874 -0.922323 0.313012 0.316173
2.818 -0.921252 -0.922697 0.312091 0.31525
2.819 -0.921629 -0.923071 0.311169 0.314327
2.82 -0.922007 -0.923446 0.310248 0.313404
2.821 -0.922385 -0.92382 0.309325 0.312481
2.822 -0.922762 -0.924194 0.308403 0.311557
2.823 -0.92314 -0.924568 0.30748 0.310632
2.824 -0.923518 -0.924942 0.306557 0.309707
2.825 -0.923895 -0.925316 0.305633 0.308782
2.826 -0.924273 -0.92569 0.304709 0.307857
2.827 -0.924651 -0.926064 0.303784 0.306931
2.828 -0.925028 -0.926438 0.302859 0.306005
2.829 -0.925406 -0.926811 0.301934 0.305078
2.83 -0.925784 -0.927185 0.301009 0.304151
2.831 -0.926162 -0.927559 0.300083 0.303224
2.832 -0.926539 -0.927932 0.299156 0.302296
2.833 -0.926917 -0.928306 0.29823 0.301368
2.834 -0.927295 -0.92868 0.297303 0.300439
2.835 -0.927672 -0.929053 0.296375 0.29951
2.836 -0.92805 -0.929426 0.295447 0.298581
2.837 -0.928428 -0.9298 0.294519 0.297652
2.838 -0.928805 -0.930173 0.29359 0.296722
2.839 -0.929183 -0.930546 0.292661 0.295791
2.84 -0.929561 -0.93092 0.291732 0.294861
2.841 -0.929939 -0.931293 0.290802 0.293929
2.842 -0.930316 -0.931666 0.289872 0.292998
2.843 -0.930694 -0.932039 0.288942 0.292066
2.844 -0.931072 -0.932412 0.288011 0.291134
2.845 -0.931449 -0.932785 0.287079 0.290201
2.846 -0.931827 -0.933158 0.286148 0.289268
2.847 -0.932205 -0.933531 0.285216 0.288335
2.848 -0.932582 -0.933904 0.284283 0.287401
2.849 -0.93296 -0.934276 0.283351 0.286467
2.85 -0.933338 -0.934649 0.282417 0.285533
2.851 -0.933716 -0.935022 0.281484 0.284598
2.852 -0.934093 -0.935394 0.28055 0.283663
2.853 -0.934471 -0.935767 0.279616 0.282727
2.854 -0.934849 -0.93614 0.278681 0.281791
2.855 -0.935226 -0.936512 0.277746 0.280855
2.856 -0.935604 -0.936884 0.276811 0.279918
2.857 -0.935982 -0.937257 0.275875 0.278981
2.858 -0.936359 -0.937629 0.274939 0.278044
2.859 -0.936737 -0.938001 0.274002 0.277106
2.86 -0.937115 -0.938374 0.273065 0.276168
2.861 -0.937493 -0.938746 0.272128 0.275229
2.862 -0.93787 -0.939118 0.27119 0.27429
2.863 -0.938248 -0.93949 0.270252 0.273351
2.864 -0.938626 -0.939862 0.269314 0.272411
2.865 -0.939003 -0.940234 0.268375 0.271471
2.866 -0.939381 -0.940606 0.267436 0.270531
2.867 -0.939759 -0.940978 0.266496 0.26959
2.868 -0.940136 -0.94135 0.265556 0.268649
2.869 -0.940514 -0.941721 0.264616 0.267707
2.87 -0.940892 -0.942093 0.263675 0.266765
2.871 -0.941269 -0.942465 0.262734 0.265823
2.872 -0.941647 -0.942837 0.261793 0.26488
2.873 -0.942025 -0.943208 0.260851 0.263937
2.874 -0.942403 -0.94358 0.259909 0.262994
2.875 -0.94278 -0.943951 0.258966 0.26205
2.876 -0.943158 -0.944323 0.258023 0.261106
2.877 -0.943536 -0.944694 0.25708 0.260161
2.878 -0.943913 -0.945065 0.256136 0.259217
2.879 -0.944291 -0.945437 0.255192 0.258271
2.88 -0.944669 -0.945808 0.254247 0.257326
2.881 -0.945046 -0.946179 0.253303 0.25638
2.882 -0.945424 -0.94655 0.252357 0.255433
2.883 -0.945802 -0.946921 0.251412 0.254487
2.884 -0.94618 -0.947292 0.250466 0.25354
2.885 -0.946557 -0.947663 0.249519 0.252592
2.886 -0.946935 -0.948034 0.248573 0.251644
2.887 -0.947313 -0.948405 0.247625 0.250696
2.888 -0.94769 -0.948776 0.246678 0.249747
2.889 -0.948068 -0.949147 0.24573 0.248798
2.89 -0.948446 -0.949517 0.244782 0.247849
2.891 -0.948823 -0.949888 0.243833 0.246899
2.892 -0.949201 -0.950259 0.242884 0.245949
2.893 -0.949579 -0.950629 0.241935 0.244999
2.894 -0.949957 -0.951 0.240985 0.244048
2.895 -0.950334 -0.95137 0.240035 0.243097
2.896 -0.950712 -0.951741 0.239084 0.242145
2.897 -0.95109 -0.952111 0.238133 0.241193
2.898 -0.951467 -0.952481 0.237182 0.240241
2.899 -0.951845 -0.952852 0.23623 0.239288
2.9 -0.952223 -0.953222 0.235278 0.238335
2.901 -0.9526 -0.953592 0.234326 0.237382
2.902 -0.952978 -0.953962 0.233373 0.236428
2.903 -0.953356 -0.954332 0.23242 0.235474
2.904 -0.953734 -0.954702 0.231467 0.23452
2.905 -0.954111 -0.955072 0.230513 0.233565
2.906 -0.954489 -0.955442 0.229558 0.232609
2.907 -0.954867 -0.955812 0.228604 0.231654
2.908 -0.955244 -0.956182 0.227649 0.230698
2.909 -0.955622 -0.956552 0.226693 0.229741
2.91 -0.956 -0.956921 0.225737 0.228785
2.911 -0.956377 -0.957291 0.224781 0.227828
2.912 -0.956755 -0.957661 0.223825 0.22687
2.913 -0.957133 -0.95803 0.222868 0.225912
2.914 -0.95751 -0.9584 0.22191 0.224954
2.915 -0.957888 -0.958769 0.220953 0.223995
2.916 -0.958266 -0.959139 0.219995 0.223036
2.917 -0.958644 -0.959508 0.219036 0.222077
2.918 -0.959021 -0.959877 0.218077 0.221117
2.919 -0.959399 -0.960247 0.217118 0.220157
2.92 -0.959777 -0.960616 0.216158 0.219197
2.921 -0.960154 -0.960985 0.215198 0.218236
2.922 -0.960532 -0.961354 0.214238 0.217275
2.923 -0.96091 -0.961723 0.213277 0.216313
2.924 -0.961287 -0.962092 0.212316 0.215352
2.925 -0.961665 -0.962461 0.211355 0.214389
2.926 -0.962043 -0.96283 0.210393 0.213427
2.927 -0.962421 -0.963199 0.209431 0.212464
2.928 -0.962798 -0.963568 0.208468 0.2115
2.929 -0.963176 -0.963937 0.207505 0.210536
2.93 -0.963554 -0.964305 0.206542 0.209572
2.931 -0.963931 -0.964674 0.205578 0.208608
2.932 -0.964309 -0.965043 0.204614 0.207643
2.933 -0.964687 -0.965411 0.203649 0.206678
2.934 -0.965064 -0.96578 0.202685 0.205712
2.935 -0.965442 -0.966148 0.201719 0.204746
2.936 -0.96582 -0.966517 0.200754 0.20378
2.937 -0.966198 -0.966885 0.199788 0.202813
2.938 -0.966575 -0.967254 0.198821 0.201846
2.939 -0.966953 -0.967622 0.197855 0.200879
2.94 -0.967331 -0.96799 0.196887 0.199911
2.941 -0.967708 -0.968358 0.19592 0.198943
2.942 -0.968086 -0.968726 0.194952 0.197974
2.943 -0.968464 -0.969094 0.193984 0.197005
2.944 -0.968841 -0.969462 0.193015 0.196036
2.945 -0.969219 -0.96983 0.192046 0.195066
2.946 -0.969597 -0.970198 0.191077 0.194096
2.947 -0.969975 -0.970566 0.190107 0.193126
2.948 -0.970352 -0.970934 0.189137 0.192155
2.949 -0.97073 -0.971302 0.188166 0.191184
2.95 -0.971108 -0.97167 0.187195 0.190213
2.951 -0.971485 -0.972037 0.186224 0.189241
2.952 -0.971863 -0.972405 0.185252 0.188269
2.953 -0.972241 -0.972772 0.18428 0.187296
2.954 -0.972618 -0.97314 0.183308 0.186323
2.955 -0.972996 -0.973508 0.182335 0.18535
2.956 -0.973374 -0.973875 0.181362 0.184376
2.957 -0.973751 -0.974242 0.180388 0.183402
2.958 -0.974129 -0.97461 0.179414 0.182427
2.959 -0.974507 -0.974977 0.17844 0.181453
2.96 -0.974885 -0.975344 0.177465 0.180478
2.961 -0.975262 -0.975711 0.17649 0.179502
2.962 -0.97564 -0.976078 0.175515 0.178526
2.963 -0.976018 -0.976446 0.174539 0.17755
2.964 -0.976395 -0.976813 0.173563 0.176573
2.965 -0.976773 -0.97718 0.172586 0.175596
2.966 -0.977151 -0.977547 0.171609 0.174619
2.967 -0.977528 -0.977913 0.170632 0.173641
2.968 -0.977906 -0.97828 0.169654 0.172663
2.969 -0.978284 -0.978647 0.168676 0.171685
2.97 -0.978662 -0.979014 0.167697 0.170706
2.971 -0.979039 -0.97938 0.166719 0.169727
2.972 -0.979417 -0.979747 0.165739 0.168747
2.973 -0.979795 -0.980114 0.16476 0.167767
2.974 -0.980172 -0.98048 0.16378 0.166787
2.975 -0.98055 -0.980847 0.162799 0.165806
2.976 -0.980928 -0.981213 0.161819 0.164825
2.977 -0.981305 -0.981579 0.160838 0.163844
2.978 -0.981683 -0.981946 0.159856 0.162862
2.979 -0.982061 -0.982312 0.158874 0.16188
2.98 -0.982439 -0.982678 0.157892 0.160897
2.981 -0.982816 -0.983045 0.156909 0.159914
2.982 -0.983194 -0.983411 0.155926 0.158931
2.983 -0.983572 -0.983777 0.154943 0.157948
2.984 -0.983949 -0.984143 0.153959 0.156964
2.985 -0.984327 -0.984509 0.152975 0.155979
2.986 -0.984705 -0.984875 0.151991 0.154995
2.987 -0.985082 -0.985241 0.151006 0.15401
2.988 -0.98546 -0.985606 0.15002 0.153024
2.989 -0.985838 -0.985972 0.149035 0.152038
2.99 -0.986216 -0.986338 0.148049 0.151052
2.991 -0.986593 -0.986704 0.147062 0.150066
2.992 -0.986971 -0.987069 0.146076 0.149079
2.993 -0.987349 -0.987435 0.145088 0.148092
2.994 -0.987726 -0.9878 0.144101 0.147104
2.995 -0.988104 -0.988166 0.143113 0.146116
2.996 -0.988482 -0.988531 0.142125 0.145128
2.997 -0.988859 -0.988897 0.141136 0.144139
2.998 -0.989237 -0.989262 0.140147 0.14315
2.999 -0.989615 -0.989627 0.139157 0.14216
3 -0.989992 -0.989992 0.138168 0.141171
3.001 -0.989885 -0.990357 0.137178 0.14018
3.002 -0.989778 -0.990719 0.136188 0.13919
3.003 -0.989671 -0.99108 0.135198 0.138199
3.004 -0.989564 -0.991438 0.134209 0.137208
3.005 -0.989457 -0.991795 0.133219 0.136216
3.006 -0.98935 -0.99215 0.13223 0.135224
3.007 -0.989243 -0.992503 0.13124 0.134232
3.008 -0.989136 -0.992854 0.130251 0.133239
3.009 -0.989029 -0.993203 0.129262 0.132246
3.01 -0.988922 -0.99355 0.128273 0.131253
3.011 -0.988815 -0.993896 0.127284 0.130259
3.012 -0.988708 -0.994239 0.126295 0.129265
3.013 -0.988601 -0.994581 0.125307 0.12827
3.014 -0.988493 -0.99492 0.124318 0.127276
3.015 -0.988386 -0.995258 0.12333 0.126281
3.016 -0.988279 -0.995594 0.122342 0.125285
3.017 -0.988172 -0.995928 0.121353 0.124289
3.018 -0.988065 -0.99626 0.120365 0.123293
3.019 -0.987958 -0.99659 0.119377 0.122297
3.02 -0.987851 -0.996919 0.118389 0.1213
3.021 -0.987744 -0.997245 0.117401 0.120303
3.022 -0.987637 -0.99757 0.116414 0.119306
3.023 -0.98753 -0.997893 0.115426 0.118308
3.024 -0.987423 -0.998213 0.114439 0.11731
3.025 -0.987316 -0.998532 0.113451 0.116311
3.026 -0.987209 -0.998849 0.112464 0.115313
3.027 -0.987102 -0.999165 0.111477 0.114314
3.028 -0.986994 -0.999478 0.11049 0.113314
3.029 -0.986887 -0.999789 0.109503 0.112315
3.03 -0.98678 -1.0001 0.108516 0.111315
3.031 -0.986673 -1.00041 0.107529 0.110315
3.032 -0.986566 -1.00071 0.106543 0.109314
3.033 -0.986459 -1.00102 0.105556 0.108313
3.034 -0.986352 -1.00132 0.10457 0.107312
3.035 -0.986245 -1.00162 0.103584 0.106311
3.036 -0.986138 -1.00192 0.102597 0.105309
3.037 -0.986031 -1.00221 0.101611 0.104307
3.038 -0.985924 -1.00251 0.100625 0.103304
3.039 -0.985817 -1.0028 0.0996394 0.102302
3.04 -0.98571 -1.00309 0.0986536 0.101299
3.041 -0.985603 -1.00338 0.097668 0.100296
3.042 -0.985495 -1.00367 0.0966824 0.099292
3.043 -0.985388 -1.00395 0.095697 0.0982882
3.044 -0.985281 -1.00423 0.0947117 0.0972841
3.045 -0.985174 -1.00451 0.0937264 0.0962798
3.046 -0.985067 -1.00479 0.0927413 0.0952751
3.047 -0.98496 -1.00507 0.0917563 0.0942702
3.048 -0.984853 -1.00535 0.0907714 0.093265
3.049 -0.984746 -1.00562 0.0897866 0.0922595
3.05 -0.984639 -1.00589 0.0888019 0.0912537
3.051 -0.984532 -1.00616 0.0878173 0.0902477
3.052 -0.984425 -1.00643 0.0868328 0.0892414
3.053 -0.984318 -1.0067 0.0858485 0.0882348
3.054 -0.984211 -1.00696 0.0848642 0.087228
3.055 -0.984104 -1.00722 0.08388 0.0862209
3.056 -0.983996 -1.00748 0.082896 0.0852136
3.057 -0.983889 -1.00774 0.0819121 0.084206
3.058 -0.983782 -1.008 0.0809282 0.0831981
3.059 -0.983675 -1.00825 0.0799445 0.08219
3.06 -0.983568 -1.0085 0.0789609 0.0811816
3.061 -0.983461 -1.00876 0.0779773 0.080173
3.062 -0.983354 -1.009 0.0769939 0.0791641
3.063 -0.983247 -1.00925 0.0760106 0.0781549
3.064 -0.98314 -1.0095 0.0750274 0.0771456
3.065 -0.983033 -1.00974 0.0740444 0.076136
3.066 -0.982926 -1.00998 0.0730614 0.0751261
3.067 -0.982819 -1.01022 0.0720785 0.074116
3.068 -0.982712 -1.01046 0.0710957 0.0731057
3.069 -0.982605 -1.01069 0.0701131 0.0720951
3.07 -0.982497 -1.01093 0.0691305 0.0710843
3.071 -0.98239 -1.01116 0.0681481 0.0700732
3.072 -0.982283 -1.01139 0.0671658 0.0690619
3.073 -0.982176 -1.01162 0.0661835 0.0680504
3.074 -0.982069 -1.01185 0.0652014 0.0670387
3.075 -0.981962 -1.01207 0.0642194 0.0660267
3.076 -0.981855 -1.01229 0.0632375 0.0650146
3.077 -0.981748 -1.01251 0.0622557 0.0640022
3.078 -0.981641 -1.01273 0.061274 0.0629895
3.079 -0.981534 -1.01295 0.0602924 0.0619767
3.08 -0.981427 -1.01316 0.0593109 0.0609636
3.081 -0.98132 -1.01338 0.0583295 0.0599504
3.082 -0.981213 -1.01359 0.0573483 0.0589369
3.083 -0.981106 -1.0138 0.0563671 0.0579232
3.084 -0.980998 -1.01401 0.0553861 0.0569093
3.085 -0.980891 -1.01421 0.0544051 0.0558952
3.086 -0.980784 -1.01441 0.0534243 0.0548809
3.087 -0.980677 -1.01462 0.0524435 0.0538664
3.088 -0.98057 -1.01482 0.0514629 0.0528516
3.089 -0.980463 -1.01501 0.0504824 0.0518367
3.09 -0.980356 -1.01521 0.049502 0.0508216
3.091 -0.980249 -1.0154 0.0485217 0.0498063
3.092 -0.980142 -1.0156 0.0475415 0.0487908
3.093 -0.980035 -1.01579 0.0465614 0.0477751
3.094 -0.979928 -1.01598 0.0455814 0.0467592
3.095 -0.979821 -1.01616 0.0446016 0.0457432
3.096 -0.979714 -1.01635 0.0436218 0.0447269
3.097 -0.979607 -1.01653 0.0426421 0.0437105
3.098 -0.979499 -1.01671 0.0416626 0.0426938
3.099 -0.979392 -1.01689 0.0406831 0.041677
3.1 -0.979285 -1.01707 0.0397038 0.0406601
3.101 -0.979178 -1.01724 0.0387246 0.0396429
3.102 -0.979071 -1.01742 0.0377454 0.0386256
3.103 -0.978964 -1.01759 0.0367664 0.0376081
3.104 -0.978857 -1.01776 0.0357875 0.0365904
3.105 -0.97875 -1.01793 0.0348087 0.0355726
3.106 -0.978643 -1.01809 0.03383 0.0345546
3.107 -0.978536 -1.01826 0.0328514 0.0335364
3.108 -0.978429 -1.01842 0.0318729 0.032518
3.109 -0.978322 -1.01858 0.0308946 0.0314995
3.11 -0.978215 -1.01874 0.0299163 0.0304809
3.111 -0.978108 -1.01889 0.0289381 0.0294621
3.112 -0.978 -1.01905 0.0279601 0.0284431
3.113 -0.977893 -1.0192 0.0269821 0.027424
3.114 -0.977786 -1.01935 0.0260043 0.0264047
3.115 -0.977679 -1.0195 0.0250266 0.0253853
3.116 -0.977572 -1.01965 0.0240489 0.0243657
3.117 -0.977465 -1.01979 0.0230714 0.023346
3.118 -0.977358 -1.01994 0.022094 0.0223261
3.119 -0.977251 -1.02008 0.0211167 0.0213061
3.12 -0.977144 -1.02022 0.0201395 0.020286
3.121 -0.977037 -1.02035 0.0191624 0.0192657
3.122 -0.97693 -1.02049 0.0181854 0.0182453
3.123 -0.976823 -1.02062 0.0172086 0.0172247
3.124 -0.976716 -1.02075 0.0162318 0.016204
3.125 -0.976609 -1.02088 0.0152551 0.0151832
3.126 -0.976501 -1.02101 0.0142786 0.0141622
3.127 -0.976394 -1.02114 0.0133021 0.0131412
3.128 -0.976287 -1.02126 0.0123258 0.01212
3.129 -0.97618 -1.02139 0.0113495 0.0110986
3.13 -0.976073 -1.02151 0.0103734 0.0100772
3.131 -0.975966 -1.02163 0.0093974 0.00905563
3.132 -0.975859 -1.02174 0.00842148 0.00803395
3.133 -0.975752 -1.02186 0.00744568 0.00701215
3.134 -0.975645 -1.02197 0.00646998 0.00599024
3.135 -0.975538 -1.02208 0.00549439 0.00496821
3.136 -0.975431 -1.02219 0.0045189 0.00394607
3.137 -0.975324 -1.0223 0.00354353 0.00292383
3.138 -0.975217 -1.0224 0.00256826 0.00190148
3.139 -0.97511 -1.02251 0.00159309 0.000879025
3.14 -0.975002 -1.02261 0.000618037 -0.000143533
3.141 -0.974895 -1.02271 -0.000356912 -0.00116619
3.142 -0.974788 -1.02281 -0.00133175 -0.00218895
3.143 -0.974681 -1.0229 -0.00230649 -0.0032118
3.144 -0.974574 -1.023 -0.00328112 -0.00423475
3.145 -0.974467 -1.02309 -0.00425564 -0.00525779
3.146 -0.97436 -1.02318 -0.00523005 -0.00628093
3.147 -0.974253 -1.02327 -0.00620436 -0.00730415
3.148 -0.974146 -1.02335 -0.00717856 -0.00832746
3.149 -0.974039 -1.02344 -0.00815265 -0.00935086
3.15 -0.973932 -1.02352 -0.00912663 -0.0103743
3.151 -0.973825 -1.0236 -0.0101005 -0.0113979
3.152 -0.973718 -1.02368 -0.0110743 -0.0124215
3.153 -0.973611 -1.02376 -0.0120479 -0.0134453
3.154 -0.973503 -1.02383 -0.0130215 -0.0144691
3.155 -0.973396 -1.02391 -0.013995 -0.0154929
3.156 -0.973289 -1.02398 -0.0149683 -0.0165169
3.157 -0.973182 -1.02405 -0.0159415 -0.0175409
3.158 -0.973075 -1.02412 -0.0169147 -0.018565
3.159 -0.972968 -1.02418 -0.0178877 -0.0195891
3.16 -0.972861 -1.02425 -0.0188606 -0.0206133
3.161 -0.972754 -1.02431 -0.0198334 -0.0216376
3.162 -0.972647 -1.02437 -0.0208061 -0.0226619
3.163 -0.97254 -1.02443 -0.0217787 -0.0236863
3.164 -0.972433 -1.02448 -0.0227512 -0.0247108
3.165 -0.972326 -1.02454 -0.0237236 -0.0257353
3.166 -0.972219 -1.02459 -0.0246958 -0.0267599
3.167 -0.972112 -1.02464 -0.025668 -0.0277845
3.168 -0.972004 -1.02469 -0.0266401 -0.0288091
3.169 -0.971897 -1.02474 -0.027612 -0.0298339
3.17 -0.97179 -1.02478 -0.0285839 -0.0308586
3.171 -0.971683 -1.02482 -0.0295556 -0.0318834
3.172 -0.971576 -1.02486 -0.0305272 -0.0329083
3.173 -0.971469 -1.0249 -0.0314987 -0.0339331
3.174 -0.971362 -1.02494 -0.0324702 -0.0349581
3.175 -0.971255 -1.02498 -0.0334415 -0.035983
3.176 -0.971148 -1.02501 -0.0344127 -0.037008
3.177 -0.971041 -1.02504 -0.0353838 -0.038033
3.178 -0.970934 -1.02507 -0.0363548 -0.0390581
3.179 -0.970827 -1.0251 -0.0373256 -0.0400832
3.18 -0.97072 -1.02513 -0.0382964 -0.0411083
3.181 -0.970613 -1.02515 -0.0392671 -0.0421334
3.182 -0.970505 -1.02517 -0.0402376 -0.0431586
3.183 -0.970398 -1.02519 -0.0412081 -0.0441838
3.184 -0.970291 -1.02521 -0.0421784 -0.045209
3.185 -0.970184 -1.02523 -0.0431487 -0.0462342
3.186 -0.970077 -1.02524 -0.0441188 -0.0472594
3.187 -0.96997 -1.02526 -0.0450888 -0.0482847
3.188 -0.969863 -1.02527 -0.0460587 -0.04931
3.189 -0.969756 -1.02528 -0.0470285 -0.0503352
3.19 -0.969649 -1.02528 -0.0479982 -0.0513605
3.191 -0.969542 -1.02529 -0.0489678 -0.0523858
3.192 -0.969435 -1.02529 -0.0499373 -0.0534111
3.193 -0.969328 -1.02529 -0.0509067 -0.0544364
3.194 -0.969221 -1.02529 -0.051876 -0.0554617
3.195 -0.969114 -1.02529 -0.0528452 -0.056487
3.196 -0.969006 -1.02529 -0.0538142 -0.0575123
3.197 -0.968899 -1.02528 -0.0547832 -0.0585375
3.198 -0.968792 -1.02527 -0.055752 -0.0595628
3.199 -0.968685 -1.02526 -0.0567208 -0.0605881
3.2 -0.968578 -1.02525 -0.0576894 -0.0616133
3.201 -0.968471 -1.02524 -0.0586579 -0.0626386
3.202 -0.968364 -1.02522 -0.0596263 -0.0636638
3.203 -0.968257 -1.02521 -0.0605946 -0.064689
3.204 -0.96815 -1.02519 -0.0615628 -0.0657142
3.205 -0.968043 -1.02517 -0.0625309 -0.0667394
3.206 -0.967936 -1.02514 -0.0634989 -0.0677646
3.207 -0.967829 -1.02512 -0.0644668 -0.0687897
3.208 -0.967722 -1.02509 -0.0654346 -0.0698148
3.209 -0.967615 -1.02506 -0.0664022 -0.0708399
3.21 -0.967507 -1.02503 -0.0673698 -0.0718649
3.211 -0.9674 -1.025 -0.0683373 -0.0728899
3.212 -0.967293 -1.02496 -0.0693046 -0.0739149
3.213 -0.967186 -1.02493 -0.0702719 -0.0749399
3.214 -0.967079 -1.02489 -0.071239 -0.0759648
3.215 -0.966972 -1.02485 -0.072206 -0.0769896
3.216 -0.966865 -1.02481 -0.0731729 -0.0780145
3.217 -0.966758 -1.02476 -0.0741397 -0.0790393
3.218 -0.966651 -1.02472 -0.0751064 -0.080064
3.219 -0.966544 -1.02467 -0.076073 -0.0810887
3.22 -0.966437 -1.02462 -0.0770395 -0.0821133
3.221 -0.96633 -1.02457 -0.0780059 -0.0831379
3.222 -0.966223 -1.02452 -0.0789722 -0.0841625
3.223 -0.966116 -1.02446 -0.0799384 -0.085187
3.224 -0.966008 -1.02441 -0.0809044 -0.0862114
3.225 -0.965901 -1.02435 -0.0818704 -0.0872358
3.226 -0.965794 -1.02429 -0.0828362 -0.0882601
3.227 -0.965687 -1.02422 -0.083802 -0.0892843
3.228 -0.96558 -1.02416 -0.0847676 -0.0903085
3.229 -0.965473 -1.02409 -0.0857331 -0.0913327
3.23 -0.965366 -1.02402 -0.0866985 -0.0923567
3.231 -0.965259 -1.02395 -0.0876639 -0.0933807
3.232 -0.965152 -1.02388 -0.0886291 -0.0944046
3.233 -0.965045 -1.02381 -0.0895942 -0.0954285
3.234 -0.964938 -1.02373 -0.0905592 -0.0964522
3.235 -0.964831 -1.02365 -0.091524 -0.0974759
3.236 -0.964724 -1.02357 -0.0924888 -0.0984995
3.237 -0.964617 -1.02349 -0.0934535 -0.0995231
3.238 -0.964509 -1.02341 -0.094418 -0.100547
3.239 -0.964402 -1.02332 -0.0953825 -0.10157
3.24 -0.964295 -1.02324 -0.0963469 -0.102593
3.241 -0.964188 -1.02315 -0.0973111 -0.103616
3.242 -0.964081 -1.02306 -0.0982752 -0.104639
3.243 -0.963974 -1.02296 -0.0992393 -0.105662
3.244 -0.963867 -1.02287 -0.100203 -0.106685
3.245 -0.96376 -1.02277 -0.101167 -0.107708
3.246 -0.963653 -1.02267 -0.102131 -0.108731
3.247 -0.963546 -1.02257 -0.103094 -0.109754
3.248 -0.963439 -1.02247 -0.104058 -0.110776
3.249 -0.963332 -1.02237 -0.105021 -0.111798
3.25 -0.963225 -1.02226 -0.105984 -0.112821
3.251 -0.963118 -1.02215 -0.106948 -0.113843
3.252 -0.96301 -1.02204 -0.107911 -0.114865
3.253 -0.962903 -1.02193 -0.108874 -0.115887
3.254 -0.962796 -1.02182 -0.109836 -0.116909
3.255 -0.962689 -1.0217 -0.110799 -0.117931
3.256 -0.962582 -1.02158 -0.111762 -0.118952
3.257 -0.962475 -1.02146 -0.112724 -0.119974
3.258 -0.962368 -1.02134 -0.113687 -0.120995
3.259 -0.962261 -1.02122 -0.114649 -0.122017
3.26 -0.962154 -1.02109 -0.115611 -0.123038
3.261 -0.962047 -1.02097 -0.116573 -0.124059
3.262 -0.96194 -1.02084 -0.117535 -0.12508
3.263 -0.961833 -1.02071 -0.118497 -0.1261
3.264 -0.961726 -1.02058 -0.119459 -0.127121
3.265 -0.961619 -1.02044 -0.120421 -0.128142
3.266 -0.961511 -1.0203 -0.121382 -0.129162
3.267 -0.961404 -1.02017 -0.122344 -0.130182
3.268 -0.961297 -1.02003 -0.123305 -0.131202
3.269 -0.96119 -1.01988 -0.124266 -0.132222
3.27 -0.961083 -1.01974 -0.125228 -0.133242
3.271 -0.960976 -1.01959 -0.126189 -0.134262
3.272 -0.960869 -1.01945 -0.127149 -0.135281
3.273 -0.960762 -1.0193 -0.12811 -0.136301
3.274 -0.960655 -1.01915 -0.129071 -0.13732
3.275 -0.960548 -1.01899 -0.130032 -0.138339
3.276 -0.960441 -1.01884 -0.130992 -0.139358
3.277 -0.960334 -1.01868 -0.131952 -0.140377
3.278 -0.960227 -1.01852 -0.132913 -0.141395
3.279 -0.96012 -1.01836 -0.133873 -0.142414
3.28 -0.960012 -1.0182 -0.134833 -0.143432
3.281 -0.959905 -1.01803 -0.135793 -0.14445
3.282 -0.959798 -1.01787 -0.136753 -0.145468
3.283 -0.959691 -1.0177 -0.137713 -0.146486
3.284 -0.959584 -1.01753 -0.138672 -0.147503
3.285 -0.959477 -1.01736 -0.139632 -0.148521
3.286 -0.95937 -1.01718 -0.140591 -0.149538
3.287 -0.959263 -1.017 -0.14155 -0.150555
3.288 -0.959156 -1.01683 -0.14251 -0.151572
3.289 -0.959049 -1.01665 -0.143469 -0.152589
3.29 -0.958942 -1.01647 -0.144428 -0.153605
3.291 -0.958835 -1.01628 -0.145387 -0.154622
3.292 -0.958728 -1.0161 -0.146345 -0.155638
3.293 -0.958621 -1.01591 -0.147304 -0.156654
3.294 -0.958513 -1.01572 -0.148263 -0.15767
3.295 -0.958406 -1.01553 -0.149221 -0.158685
3.296 -0.958299 -1.01534 -0.15018 -0.159701
3.297 -0.958192 -1.01514 -0.151138 -0.160716
3.298 -0.958085 -1.01494 -0.152096 -0.161731
3.299 -0.957978 -1.01475 -0.153054 -0.162746
3.3 -0.957871 -1.01454 -0.154012 -0.163761
3.301 -0.957764 -1.01434 -0.15497 -0.164775
3.302 -0.957657 -1.01414 -0.155927 -0.165789
3.303 -0.95755 -1.01393 -0.156885 -0.166803
3.304 -0.957443 -1.01372 -0.157842 -0.167817
3.305 -0.957336 -1.01351 -0.1588 -0.168831
3.306 -0.957229 -1.0133 -0.159757 -0.169844
3.307 -0.957122 -1.01309 -0.160714 -0.170857
3.308 -0.957014 -1.01287 -0.161671 -0.17187
3.309 -0.956907 -1.01265 -0.162628 -0.172883
3.31 -0.9568 -1.01243 -0.163585 -0.173896
3.311 -0.956693 -1.01221 -0.164542 -0.174908
3.312 -0.956586 -1.01199 -0.165499 -0.17592
3.313 -0.956479 -1.01177 -0.166455 -0.176932
3.314 -0.956372 -1.01154 -0.167412 -0.177944
3.315 -0.956265 -1.01131 -0.168368 -0.178955
3.316 -0.956158 -1.01108 -0.169324 -0.179966
3.317 -0.956051 -1.01085 -0.17028 -0.180977
3.318 -0.955944 -1.01061 -0.171236 -0.181988
3.319 -0.955837 -1.01037 -0.172192 -0.182998
3.32 -0.95573 -1.01014 -0.173148 -0.184009
3.321 -0.955623 -1.0099 -0.174104 -0.185019
3.322 -0.955515 -1.00965 -0.175059 -0.186028
3.323 -0.955408 -1.00941 -0.176015 -0.187038
3.324 -0.955301 -1.00916 -0.17697 -0.188047
3.325 -0.955194 -1.00892 -0.177925 -0.189056
3.326 -0.955087 -1.00867 -0.17888 -0.190065
3.327 -0.95498 -1.00841 -0.179835 -0.191074
3.328 -0.954873 -1.00816 -0.18079 -0.192082
3.329 -0.954766 -1.00791 -0.181745 -0.19309
3.33 -0.954659 -1.00765 -0.1827 -0.194098
3.331 -0.954552 -1.00739 -0.183654 -0.195105
3.332 -0.954445 -1.00713 -0.184609 -0.196113
3.333 -0.954338 -1.00687 -0.185563 -0.19712
3.334 -0.954231 -1.0066 -0.186518 -0.198126
3.335 -0.954124 -1.00633 -0.187472 -0.199133
3.336 -0.954016 -1.00607 -0.188426 -0.200139
3.337 -0.953909 -1.0058 -0.18938 -0.201145
3.338 -0.953802 -1.00552 -0.190334 -0.202151
3.339 -0.953695 -1.00525 -0.191287 -0.203156
3.34 -0.953588 -1.00497 -0.192241 -0.204161
3.341 -0.953481 -1.00469 -0.193195 -0.205166
3.342 -0.953374 -1.00441 -0.194148 -0.20617
3.343 -0.953267 -1.00413 -0.195101 -0.207175
3.344 -0.95316 -1.00385 -0.196055 -0.208179
3.345 -0.953053 -1.00356 -0.197008 -0.209182
3.346 -0.952946 -1.00328 -0.197961 -0.210186
3.347 -0.952839 -1.00299 -0.198914 -0.211189
3.348 -0.952732 -1.0027 -0.199866 -0.212192
3.349 -0.952625 -1.0024 -0.200819 -0.213194
3.35 -0.952517 -1.00211 -0.201772 -0.214197
3.351 -0.95241 -1.00181 -0.202724 -0.215199
3.352 -0.952303 -1.00151 -0.203676 -0.2162
3.353 -0.952196 -1.00121 -0.204629 -0.217202
3.354 -0.952089 -1.00091 -0.205581 -0.218203
3.355 -0.951982 -1.0006 -0.206533 -0.219203
3.356 -0.951875 -1.0003 -0.207485 -0.220204
3.357 -0.951768 -0.999989 -0.208437 -0.221204
3.358 -0.951661 -0.999679 -0.209388 -0.222204
3.359 -0.951554 -0.999367 -0.21034 -0.223203
3.36 -0.951447 -0.999053 -0.211291 -0.224203
3.361 -0.95134 -0.998737 -0.212243 -0.225201
3.362 -0.951233 -0.998419 -0.213194 -0.2262
3.363 -0.951125 -0.998099 -0.214145 -0.227198
3.364 -0.951018 -0.997778 -0.215096 -0.228196
3.365 -0.950911 -0.997455 -0.216047 -0.229194
3.366 -0.950804 -0.997129 -0.216998 -0.230191
3.367 -0.950697 -0.996802 -0.217949 -0.231188
3.368 -0.95059 -0.996473 -0.2189 -0.232185
3.369 -0.950483 -0.996142 -0.21985 -0.233181
3.37 -0.950376 -0.995809 -0.2208 -0.234177
3.371 -0.950269 -0.995475 -0.221751 -0.235173
3.372 -0.950162 -0.995138 -0.222701 -0.236168
3.373 -0.950055 -0.9948 -0.223651 -0.237163
3.374 -0.949948 -0.994459 -0.224601 -0.238158
3.375 -0.949841 -0.994117 -0.225551 -0.239152
3.376 -0.949734 -0.993773 -0.226501 -0.240146
3.377 -0.949626 -0.993427 -0.22745 -0.241139
3.378 -0.949519 -0.993079 -0.2284 -0.242133
3.379 -0.949412 -0.992729 -0.22935 -0.243126
3.38 -0.949305 -0.992377 -0.230299 -0.244118
3.381 -0.949198 -0.992024 -0.231248 -0.24511
3.382 -0.949091 -0.991668 -0.232197 -0.246102
3.383 -0.948984 -0.991311 -0.233146 -0.247094
3.384 -0.948877 -0.990952 -0.234095 -0.248085
3.385 -0.94877 -0.99059 -0.235044 -0.249076
3.386 -0.948663 -0.990227 -0.235993 -0.250066
3.387 -0.948556 -0.989862 -0.236941 -0.251056
3.388 -0.948449 -0.989496 -0.23789 -0.252046
3.389 -0.948342 -0.989127 -0.238838 -0.253035
3.39 -0.948235 -0.988756 -0.239787 -0.254024
3.391 -0.948127 -0.988384 -0.240735 -0.255012
3.392 -0.94802 -0.988009 -0.241683 -0.256001
3.393 -0.947913 -0.987633 -0.242631 -0.256988
3.394 -0.947806 -0.987255 -0.243579 -0.257976
3.395 -0.947699 -0.986875 -0.244526 -0.258963
3.396 -0.947592 -0.986493 -0.245474 -0.25995
3.397 -0.947485 -0.986109 -0.246422 -0.260936
3.398 -0.947378 -0.985723 -0.247369 -0.261922
3.399 -0.947271 -0.985336 -0.248316 -0.262907
3.4 -0.947164 -0.984946 -0.249264 -0.263893
3.401 -0.947057 -0.984555 -0.250211 -0.264877
3.402 -0.94695 -0.984162 -0.251158 -0.265862
3.403 -0.946843 -0.983766 -0.252105 -0.266846
3.404 -0.946736 -0.983369 -0.253051 -0.267829
3.405 -0.946628 -0.98297 -0.253998 -0.268812
3.406 -0.946521 -0.98257 -0.254945 -0.269795
3.407 -0.946414 -0.982167 -0.255891 -0.270778
3.408 -0.946307 -0.981762 -0.256837 -0.271759
3.409 -0.9462 -0.981356 -0.257784 -0.272741
3.41 -0.946093 -0.980947 -0.25873 -0.273722
3.411 -0.945986 -0.980537 -0.259676 -0.274703
3.412 -0.945879 -0.980125 -0.260622 -0.275683
3.413 -0.945772 -0.979711 -0.261568 -0.276663
3.414 -0.945665 -0.979295 -0.262513 -0.277643
3.415 -0.945558 -0.978877 -0.263459 -0.278622
3.416 -0.945451 -0.978457 -0.264405 -0.2796
3.417 -0.945344 -0.978036 -0.26535 -0.280579
3.418 -0.945237 -0.977612 -0.266295 -0.281557
3.419 -0.945129 -0.977187 -0.26724 -0.282534
3.42 -0.945022 -0.97676 -0.268185 -0.283511
3.421 -0.944915 -0.976331 -0.26913 -0.284487
3.422 -0.944808 -0.975899 -0.270075 -0.285464
3.423 -0.944701 -0.975467 -0.27102 -0.286439
3.424 -0.944594 -0.975032 -0.271965 -0.287414
3.425 -0.944487 -0.974595 -0.272909 -0.288389
3.426 -0.94438 -0.974156 -0.273854 -0.289364
3.427 -0.944273 -0.973716 -0.274798 -0.290338
3.428 -0.944166 -0.973273 -0.275742 -0.291311
3.429 -0.944059 -0.972829 -0.276686 -0.292284
3.43 -0.943952 -0.972383 -0.27763 -0.293257
3.431 -0.943845 -0.971935 -0.278574 -0.294229
3.432 -0.943738 -0.971485 -0.279518 -0.295201
3.433 -0.94363 -0.971033 -0.280462 -0.296172
3.434 -0.943523 -0.970579 -0.281405 -0.297143
3.435 -0.943416 -0.970124 -0.282349 -0.298113
3.436 -0.943309 -0.969666 -0.283292 -0.299083
3.437 -0.943202 -0.969207 -0.284235 -0.300052
3.438 -0.943095 -0.968746 -0.285179 -0.301021
3.439 -0.942988 -0.968282 -0.286122 -0.30199
3.44 -0.942881 -0.967817 -0.287064 -0.302958
3.441 -0.942774 -0.96735 -0.288007 -0.303926
3.442 -0.942667 -0.966882 -0.28895 -0.304893
3.443 -0.94256 -0.966411 -0.289893 -0.305859
3.444 -0.942453 -0.965938 -0.290835 -0.306825
3.445 -0.942346 -0.965464 -0.291778 -0.307791
3.446 -0.942239 -0.964987 -0.29272 -0.308756
3.447 -0.942131 -0.964509 -0.293662 -0.309721
3.448 -0.942024 -0.964029 -0.294604 -0.310685
3.449 -0.941917 -0.963547 -0.295546 -0.311649
3.45 -0.94181 -0.963063 -0.296488 -0.312612
3.451 -0.941703 -0.962577 -0.29743 -0.313575
3.452 -0.941596 -0.962089 -0.298371 -0.314538
3.453 -0.941489 -0.9616 -0.299313 -0.315499
3.454 -0.941382 -0.961108 -0.300254 -0.316461
3.455 -0.941275 -0.960615 -0.301196 -0.317422
3.456 -0.941168 -0.96012 -0.302137 -0.318382
3.457 -0.941061 -0.959622 -0.303078 -0.319342
3.458 -0.940954 -0.959123 -0.304019 -0.320301
3.459 -0.940847 -0.958622 -0.30496 -0.32126
3.46 -0.94074 -0.958119 -0.305901 -0.322219
3.461 -0.940632 -0.957615 -0.306841 -0.323176
3.462 -0.940525 -0.957108 -0.307782 -0.324134
3.463 -0.940418 -0.9566 -0.308722 -0.325091
3.464 -0.940311 -0.956089 -0.309663 -0.326047
3.465 -0.940204 -0.955577 -0.310603 -0.327003
3.466 -0.940097 -0.955063 -0.311543 -0.327958
3.467 -0.93999 -0.954547 -0.312483 -0.328913
3.468 -0.939883 -0.954029 -0.313423 -0.329867
3.469 -0.939776 -0.953509 -0.314363 -0.330821
3.47 -0.939669 -0.952987 -0.315303 -0.331774
3.471 -0.939562 -0.952464 -0.316242 -0.332727
3.472 -0.939455 -0.951938 -0.317182 -0.333679
3.473 -0.939348 -0.951411 -0.318121 -0.334631
3.474 -0.939241 -0.950881 -0.319061 -0.335582
3.475 -0.939133 -0.95035 -0.32 -0.336533
3.476 -0.939026 -0.949817 -0.320939 -0.337483
3.477 -0.938919 -0.949282 -0.321878 -0.338432
3.478 -0.938812 -0.948745 -0.322817 -0.339381
3.479 -0.938705 -0.948207 -0.323755 -0.34033
3.48 -0.938598 -0.947666 -0.324694 -0.341278
3.481 -0.938491 -0.947123 -0.325633 -0.342225
3.482 -0.938384 -0.946579 -0.326571 -0.343172
3.483 -0.938277 -0.946033 -0.327509 -0.344118
3.484 -0.93817 -0.945485 -0.328448 -0.345064
3.485 -0.938063 -0.944934 -0.329386 -0.346009
3.486 -0.937956 -0.944382 -0.330324 -0.346954
3.487 -0.937849 -0.943829 -0.331262 -0.347898
3.488 -0.937742 -0.943273 -0.332199 -0.348841
3.489 -0.937634 -0.942715 -0.333137 -0.349784
3.49 -0.937527 -0.942156 -0.334075 -0.350727
3.491 -0.93742 -0.941594 -0.335012 -0.351669
3.492 -0.937313 -0.941031 -0.33595 -0.35261
3.493 -0.937206 -0.940466 -0.336887 -0.353551
3.494 -0.937099 -0.939899 -0.337824 -0.354491
3.495 -0.936992 -0.93933 -0.338761 -0.355431
3.496 -0.936885 -0.938759 -0.339698 -0.35637
3.497 -0.936778 -0.938186 -0.340635 -0.357308
3.498 -0.936671 -0.937612 -0.341571 -0.358246
3.499 -0.936564 -0.937035 -0.342508 -0.359183
3.5 -0.936457 -0.936457 -0.343445 -0.36012
3.501 -0.935891 -0.935877 -0.344381 -0.361056
3.502 -0.935325 -0.935298 -0.345316 -0.361992
3.503 -0.93476 -0.934719 -0.346251 -0.362927
3.504 -0.934194 -0.93414 -0.347186 -0.363861
3.505 -0.933629 -0.933561 -0.34812 -0.364795
3.506 -0.933063 -0.932982 -0.349053 -0.365728
3.507 -0.932497 -0.932403 -0.349986 -0.366661
3.508 -0.931932 -0.931824 -0.350918 -0.367593
3.509 -0.931366 -0.931245 -0.35185 -0.368525
3.51 -0.9308 -0.930666 -0.352781 -0.369456
3.511 -0.930235 -0.930087 -0.353711 -0.370386
3.512 -0.929669 -0.929508 -0.354641 -0.371316
3.513 -0.929104 -0.92893 -0.355571 -0.372245
3.514 -0.928538 -0.928351 -0.3565 -0.373174
3.515 -0.927972 -0.927773 -0.357428 -0.374102
3.516 -0.927407 -0.927194 -0.358356 -0.375029
3.517 -0.926841 -0.926616 -0.359283 -0.375956
3.518 -0.926275 -0.926037 -0.360209 -0.376883
3.519 -0.92571 -0.925459 -0.361135 -0.377808
3.52 -0.925144 -0.924881 -0.362061 -0.378733
3.521 -0.924579 -0.924302 -0.362985 -0.379658
3.522 -0.924013 -0.923724 -0.36391 -0.380582
3.523 -0.923447 -0.923146 -0.364834 -0.381506
3.524 -0.922882 -0.922568 -0.365757 -0.382428
3.525 -0.922316 -0.92199 -0.366679 -0.383351
3.526 -0.92175 -0.921412 -0.367601 -0.384272
3.527 -0.921185 -0.920834 -0.368523 -0.385193
3.528 -0.920619 -0.920256 -0.369444 -0.386114
3.529 -0.920054 -0.919679 -0.370364 -0.387034
3.53 -0.919488 -0.919101 -0.371284 -0.387953
3.531 -0.918922 -0.918523 -0.372203 -0.388872
3.532 -0.918357 -0.917946 -0.373122 -0.38979
3.533 -0.917791 -0.917368 -0.37404 -0.390708
3.534 -0.917225 -0.91679 -0.374957 -0.391625
3.535 -0.91666 -0.916213 -0.375874 -0.392542
3.536 -0.916094 -0.915636 -0.376791 -0.393458
3.537 -0.915529 -0.915058 -0.377706 -0.394373
3.538 -0.914963 -0.914481 -0.378622 -0.395288
3.539 -0.914397 -0.913904 -0.379536 -0.396202
3.54 -0.913832 -0.913327 -0.38045 -0.397116
3.541 -0.913266 -0.912749 -0.381364 -0.398029
3.542 -0.9127 -0.912172 -0.382277 -0.398941
3.543 -0.912135 -0.911595 -0.383189 -0.399853
3.544 -0.911569 -0.911018 -0.384101 -0.400764
3.545 -0.911004 -0.910441 -0.385012 -0.401675
3.546 -0.910438 -0.909865 -0.385923 -0.402585
3.547 -0.909872 -0.909288 -0.386833 -0.403495
3.548 -0.909307 -0.908711 -0.387743 -0.404404
3.549 -0.908741 -0.908134 -0.388652 -0.405312
3.55 -0.908175 -0.907558 -0.38956 -0.40622
3.551 -0.90761 -0.906981 -0.390468 -0.407127
3.552 -0.907044 -0.906405 -0.391376 -0.408034
3.553 -0.906479 -0.905828 -0.392282 -0.40894
3.554 -0.905913 -0.905252 -0.393189 -0.409846
3.555 -0.905347 -0.904675 -0.394094 -0.410751
3.556 -0.904782 -0.904099 -0.394999 -0.411655
3.557 -0.904216 -0.903523 -0.395904 -0.412559
3.558 -0.90365 -0.902947 -0.396808 -0.413462
3.559 -0.903085 -0.90237 -0.397711 -0.414365
3.56 -0.902519 -0.901794 -0.398614 -0.415267
3.561 -0.901953 -0.901218 -0.399516 -0.416168
3.562 -0.901388 -0.900642 -0.400418 -0.417069
3.563 -0.900822 -0.900066 -0.401319 -0.417969
3.564 -0.900257 -0.899491 -0.402219 -0.418869
3.565 -0.899691 -0.898915 -0.403119 -0.419768
3.566 -0.899125 -0.898339 -0.404019 -0.420667
3.567 -0.89856 -0.897763 -0.404918 -0.421565
3.568 -0.897994 -0.897188 -0.405816 -0.422463
3.569 -0.897428 -0.896612 -0.406714 -0.42336
3.57 -0.896863 -0.896037 -0.407611 -0.424256
3.571 -0.896297 -0.895461 -0.408507 -0.425152
3.572 -0.895732 -0.894886 -0.409403 -0.426047
3.573 -0.895166 -0.89431 -0.410299 -0.426941
3.574 -0.8946 -0.893735 -0.411194 -0.427835
3.575 -0.894035 -0.89316 -0.412088 -0.428729
3.576 -0.893469 -0.892584 -0.412982 -0.429622
3.577 -0.892903 -0.892009 -0.413875 -0.430514
3.578 -0.892338 -0.891434 -0.414768 -0.431406
3.579 -0.891772 -0.890859 -0.41566 -0.432297
3.58 -0.891207 -0.890284 -0.416551 -0.433187
3.581 -0.890641 -0.889709 -0.417442 -0.434077
3.582 -0.890075 -0.889134 -0.418332 -0.434967
3.583 -0.88951 -0.88856 -0.419222 -0.435856
3.584 -0.888944 -0.887985 -0.420111 -0.436744
3.585 -0.888378 -0.88741 -0.421 -0.437632
3.586 -0.887813 -0.886835 -0.421888 -0.438519
3.587 -0.887247 -0.886261 -0.422776 -0.439405
3.588 -0.886682 -0.885686 -0.423663 -0.440291
3.589 -0.886116 -0.885112 -0.424549 -0.441177
3.59 -0.88555 -0.884537 -0.425435 -0.442062
3.591 -0.884985 -0.883963 -0.42632 -0.442946
3.592 -0.884419 -0.883389 -0.427205 -0.443829
3.593 -0.883853 -0.882814 -0.428089 -0.444713
3.594 -0.883288 -0.88224 -0.428973 -0.445595
3.595 -0.882722 -0.881666 -0.429856 -0.446477
3.596 -0.882157 -0.881092 -0.430738 -0.447358
3.597 -0.881591 -0.880518 -0.43162 -0.448239
3.598 -0.881025 -0.879944 -0.432501 -0.449119
3.599 -0.88046 -0.87937 -0.433382 -0.449999
3.6 -0.879894 -0.878796 -0.434262 -0.450878
3.601 -0.879328 -0.878222 -0.435142 -0.451757
3.602 -0.878763 -0.877648 -0.436021 -0.452635
3.603 -0.878197 -0.877075 -0.436899 -0.453512
3.604 -0.877632 -0.876501 -0.437777 -0.454389
3.605 -0.877066 -0.875927 -0.438655 -0.455265
3.606 -0.8765 -0.875354 -0.439531 -0.456141
3.607 -0.875935 -0.87478 -0.440408 -0.457016
3.608 -0.875369 -0.874207 -0.441283 -0.45789
3.609 -0.874803 -0.873633 -0.442158 -0.458764
3.61 -0.874238 -0.87306 -0.443033 -0.459637
3.611 -0.873672 -0.872487 -0.443907 -0.46051
3.612 -0.873107 -0.871914 -0.44478 -0.461382
3.613 -0.872541 -0.87134 -0.445653 -0.462254
3.614 -0.871975 -0.870767 -0.446525 -0.463125
3.615 -0.87141 -0.870194 -0.447397 -0.463996
3.616 -0.870844 -0.869621 -0.448268 -0.464866
3.617 -0.870278 -0.869048 -0.449139 -0.465735
3.618 -0.869713 -0.868475 -0.450009 -0.466604
3.619 -0.869147 -0.867903 -0.450878 -0.467472
3.62 -0.868582 -0.86733 -0.451747 -0.468339
3.621 -0.868016 -0.866757 -0.452615 -0.469206
3.622 -0.86745 -0.866184 -0.453483 -0.470073
3.623 -0.866885 -0.865612 -0.45435 -0.470939
3.624 -0.866319 -0.865039 -0.455217 -0.471804
3.625 -0.865753 -0.864467 -0.456083 -0.472669
3.626 -0.865188 -0.863894 -0.456948 -0.473533
3.627 -0.864622 -0.863322 -0.457813 -0.474397
3.628 -0.864057 -0.862749 -0.458677 -0.47526
3.629 -0.863491 -0.862177 -0.459541 -0.476122
3.63 -0.862925 -0.861605 -0.460404 -0.476984
3.631 -0.86236 -0.861033 -0.461267 -0.477845
3.632 -0.861794 -0.860461 -0.462129 -0.478706
3.633 -0.861228 -0.859888 -0.462991 -0.479566
3.634 -0.860663 -0.859316 -0.463852 -0.480426
3.635 -0.860097 -0.858744 -0.464712 -0.481285
3.636 -0.859532 -0.858173 -0.465572 -0.482143
3.637 -0.858966 -0.857601 -0.466431 -0.483001
3.638 -0.8584 -0.857029 -0.46729 -0.483859
3.639 -0.857835 -0.856457 -0.468148 -0.484715
3.64 -0.857269 -0.855885 -0.469005 -0.485572
3.641 -0.856703 -0.855314 -0.469862 -0.486427
3.642 -0.856138 -0.854742 -0.470719 -0.487282
3.643 -0.855572 -0.854171 -0.471575 -0.488137
3.644 -0.855007 -0.853599 -0.47243 -0.488991
3.645 -0.854441 -0.853028 -0.473285 -0.489844
3.646 -0.853875 -0.852456 -0.474139 -0.490697
3.647 -0.85331 -0.851885 -0.474992 -0.491549
3.648 -0.852744 -0.851314 -0.475845 -0.4924
3.649 -0.852178 -0.850743 -0.476698 -0.493251
3.65 -0.851613 -0.850172 -0.47755 -0.494102
3.651 -0.851047 -0.8496 -0.478401 -0.494952
3.652 -0.850482 -0.849029 -0.479252 -0.495801
3.653 -0.849916 -0.848458 -0.480102 -0.49665
3.654 -0.84935 -0.847888 -0.480952 -0.497498
3.655 -0.848785 -0.847317 -0.481801 -0.498346
3.656 -0.848219 -0.846746 -0.482649 -0.499193
3.657 -0.847653 -0.846175 -0.483497 -0.500039
3.658 -0.847088 -0.845604 -0.484345 -0.500885
3.659 -0.846522 -0.845034 -0.485191 -0.50173
3.66 -0.845957 -0.844463 -0.486038 -0.502575
3.661 -0.845391 -0.843893 -0.486883 -0.503419
3.662 -0.844825 -0.843322 -0.487728 -0.504263
3.663 -0.84426 -0.842752 -0.488573 -0.505106
3.664 -0.843694 -0.842181 -0.489417 -0.505948
3.665 -0.843128 -0.841611 -0.49026 -0.50679
3.666 -0.842563 -0.841041 -0.491103 -0.507632
3.667 -0.841997 -0.84047 -0.491946 -0.508472
3.668 -0.841431 -0.8399 -0.492787 -0.509312
3.669 -0.840866 -0.83933 -0.493628 -0.510152
3.67 -0.8403 -0.83876 -0.494469 -0.510991
3.671 -0.839735 -0.83819 -0.495309 -0.51183
3.672 -0.839169 -0.83762 -0.496148 -0.512667
3.673 -0.838603 -0.83705 -0.496987 -0.513505
3.674 -0.838038 -0.836481 -0.497826 -0.514342
3.675 -0.837472 -0.835911 -0.498663 -0.515178
3.676 -0.836906 -0.835341 -0.499501 -0.516013
3.677 -0.836341 -0.834771 -0.500337 -0.516848
3.678 -0.835775 -0.834202 -0.501173 -0.517683
3.679 -0.83521 -0.833632 -0.502009 -0.518517
3.68 -0.834644 -0.833063 -0.502844 -0.51935
3.681 -0.834078 -0.832493 -0.503678 -0.520183
3.682 -0.833513 -0.831924 -0.504512 -0.521015
3.683 -0.832947 -0.831355 -0.505345 -0.521847
3.684 -0.832381 -0.830785 -0.506178 -0.522678
3.685 -0.831816 -0.830216 -0.50701 -0.523508
3.686 -0.83125 -0.829647 -0.507841 -0.524338
3.687 -0.830685 -0.829078 -0.508672 -0.525168
3.688 -0.830119 -0.828509 -0.509503 -0.525996
3.689 -0.829553 -0.82794 -0.510333 -0.526825
3.69 -0.828988 -0.827371 -0.511162 -0.527652
3.691 -0.828422 -0.826802 -0.511991 -0.528479
3.692 -0.827856 -0.826233 -0.512819 -0.529306
3.693 -0.827291 -0.825664 -0.513646 -0.530132
3.694 -0.826725 -0.825096 -0.514473 -0.530957
3.695 -0.82616 -0.824527 -0.5153 -0.531782
3.696 -0.825594 -0.823958 -0.516126 -0.532606
3.697 -0.825028 -0.82339 -0.516951 -0.53343
3.698 -0.824463 -0.822821 -0.517776 -0.534253
3.699 -0.823897 -0.822253 -0.5186 -0.535076
3.7 -0.823331 -0.821684 -0.519423 -0.535898
3.701 -0.822766 -0.821116 -0.520246 -0.536719
3.702 -0.8222 -0.820548 -0.521069 -0.53754
3.703 -0.821635 -0.819979 -0.521891 -0.53836
3.704 -0.821069 -0.819411 -0.522712 -0.53918
3.705 -0.820503 -0.818843 -0.523533 -0.539999
3.706 -0.819938 -0.818275 -0.524353 -0.540818
3.707 -0.819372 -0.817707 -0.525173 -0.541636
3.708 -0.818806 -0.817139 -0.525992 -0.542453
3.709 -0.818241 -0.816571 -0.526811 -0.54327
3.71 -0.817675 -0.816003 -0.527628 -0.544086
3.711 -0.81711 -0.815436 -0.528446 -0.544902
3.712 -0.816544 -0.814868 -0.529263 -0.545717
3.713 -0.815978 -0.8143 -0.530079 -0.546532
3.714 -0.815413 -0.813733 -0.530895 -0.547346
3.715 -0.814847 -0.813165 -0.53171 -0.548159
3.716 -0.814281 -0.812597 -0.532524 -0.548972
3.717 -0.813716 -0.81203 -0.533338 -0.549784
3.718 -0.81315 -0.811463 -0.534152 -0.550596
3.719 -0.812585 -0.810895 -0.534965 -0.551407
3.72 -0.812019 -0.810328 -0.535777 -0.552218
3.721 -0.811453 -0.809761 -0.536589 -0.553028
3.722 -0.810888 -0.809193 -0.5374 -0.553837
3.723 -0.810322 -0.808626 -0.53821 -0.554646
3.724 -0.809756 -0.808059 -0.53902 -0.555455
3.725 -0.809191 -0.807492 -0.53983 -0.556262
3.726 -0.808625 -0.806925 -0.540639 -0.557069
3.727 -0.80806 -0.806358 -0.541447 -0.557876
3.728 -0.807494 -0.805791 -0.542255 -0.558682
3.729 -0.806928 -0.805225 -0.543062 -0.559488
3.73 -0.806363 -0.804658 -0.543869 -0.560293
3.731 -0.805797 -0.804091 -0.544675 -0.561097
3.732 -0.805231 -0.803525 -0.54548 -0.561901
3.733 -0.804666 -0.802958 -0.546285 -0.562704
3.734 -0.8041 -0.802391 -0.54709 -0.563507
3.735 -0.803535 -0.801825 -0.547894 -0.564309
3.736 -0.802969 -0.801259 -0.548697 -0.56511
3.737 -0.802403 -0.800692 -0.5495 -0.565911
3.738 -0.801838 -0.800126 -0.550302 -0.566712
3.739 -0.801272 -0.79956 -0.551103 -0.567512
3.74 -0.800706 -0.798993 -0.551904 -0.568311
3.741 -0.800141 -0.798427 -0.552705 -0.56911
3.742 -0.799575 -0.797861 -0.553504 -0.569908
3.743 -0.79901 -0.797295 -0.554304 -0.570705
3.744 -0.798444 -0.796729 -0.555102 -0.571502
3.745 -0.797878 -0.796163 -0.555901 -0.572299
3.746 -0.797313 -0.795597 -0.556698 -0.573095
3.747 -0.796747 -0.795032 -0.557495 -0.57389
3.748 -0.796181 -0.794466 -0.558292 -0.574685
3.749 -0.795616 -0.7939 -0.559088 -0.575479
3.75 -0.79505 -0.793334 -0.559883 -0.576273
3.751 -0.794485 -0.792769 -0.560678 -0.577066
3.752 -0.793919 -0.792203 -0.561472 -0.577858
3.753 -0.793353 -0.791638 -0.562266 -0.57865
3.754 -0.792788 -0.791072 -0.563059 -0.579441
3.755 -0.792222 -0.790507 -0.563851 -0.580232
3.756 -0.791656 -0.789942 -0.564643 -0.581022
3.757 -0.791091 -0.789376 -0.565434 -0.581812
3.758 -0.790525 -0.788811 -0.566225 -0.582601
3.759 -0.78996 -0.788246 -0.567016 -0.58339
3.76 -0.789394 -0.787681 -0.567805 -0.584178
3.761 -0.788828 -0.787116 -0.568594 -0.584965
3.762 -0.788263 -0.786551 -0.569383 -0.585752
3.763 -0.787697 -0.785986 -0.570171 -0.586538
3.764 -0.787131 -0.785421 -0.570958 -0.587324
3.765 -0.786566 -0.784856 -0.571745 -0.588109
3.766 -0.786 -0.784291 -0.572531 -0.588894
3.767 -0.785435 -0.783727 -0.573317 -0.589678
3.768 -0.784869 -0.783162 -0.574102 -0.590461
3.769 -0.784303 -0.782597 -0.574887 -0.591244
3.77 -0.783738 -0.782033 -0.575671 -0.592026
3.771 -0.783172 -0.781468 -0.576454 -0.592808
3.772 -0.782606 -0.780904 -0.577237 -0.593589
3.773 -0.782041 -0.78034 -0.57802 -0.59437
3.774 -0.781475 -0.779775 -0.578801 -0.59515
3.775 -0.78091 -0.779211 -0.579582 -0.595929
3.776 -0.780344 -0.778647 -0.580363 -0.596708
3.777 -0.779778 -0.778083 -0.581143 -0.597487
3.778 -0.779213 -0.777518 -0.581923 -0.598264
3.779 -0.778647 -0.776954 -0.582702 -0.599042
3.78 -0.778081 -0.77639 -0.58348 -0.599818
3.781 -0.777516 -0.775826 -0.584258 -0.600594
3.782 -0.77695 -0.775262 -0.585035 -0.60137
3.783 -0.776384 -0.774699 -0.585812 -0.602145
3.784 -0.775819 -0.774135 -0.586588 -0.602919
3.785 -0.775253 -0.773571 -0.587363 -0.603693
3.786 -0.774688 -0.773007 -0.588138 -0.604466
3.787 -0.774122 -0.772444 -0.588913 -0.605239
3.788 -0.773556 -0.77188 -0.589686 -0.606011
3.789 -0.772991 -0.771317 -0.59046 -0.606783
3.79 -0.772425 -0.770753 -0.591232 -0.607554
3.791 -0.771859 -0.77019 -0.592005 -0.608324
3.792 -0.771294 -0.769627 -0.592776 -0.609094
3.793 -0.770728 -0.769063 -0.593547 -0.609864
3.794 -0.770163 -0.7685 -0.594318 -0.610633
3.795 -0.769597 -0.767937 -0.595088 -0.611401
3.796 -0.769031 -0.767374 -0.595857 -0.612168
3.797 -0.768466 -0.766811 -0.596626 -0.612935
3.798 -0.7679 -0.766248 -0.597394 -0.613702
3.799 -0.767334 -0.765685 -0.598161 -0.614468
3.8 -0.766769 -0.765122 -0.598928 -0.615233
3.801 -0.766203 -0.764559 -0.599695 -0.615998
3.802 -0.765638 -0.763996 -0.600461 -0.616762
3.803 -0.765072 -0.763433 -0.601226 -0.617526
3.804 -0.764506 -0.762871 -0.601991 -0.618289
3.805 -0.763941 -0.762308 -0.602755 -0.619052
3.806 -0.763375 -0.761745 -0.603519 -0.619814
3.807 -0.762809 -0.761183 -0.604282 -0.620575
3.808 -0.762244 -0.76062 -0.605044 -0.621336
3.809 -0.761678 -0.760058 -0.605806 -0.622097
3.81 -0.761113 -0.759496 -0.606568 -0.622856
3.811 -0.760547 -0.758933 -0.607329 -0.623616
3.812 -0.759981 -0.758371 -0.608089 -0.624374
3.813 -0.759416 -0.757809 -0.608849 -0.625132
3.814 -0.75885 -0.757247 -0.609608 -0.62589
3.815 -0.758284 -0.756685 -0.610366 -0.626647
3.816 -0.757719 -0.756123 -0.611124 -0.627403
3.817 -0.757153 -0.755561 -0.611882 -0.628159
3.818 -0.756588 -0.754999 -0.612639 -0.628914
3.819 -0.756022 -0.754437 -0.613395 -0.629669
3.82 -0.755456 -0.753875 -0.614151 -0.630423
3.821 -0.754891 -0.753313 -0.614906 -0.631177
3.822 -0.754325 -0.752752 -0.61566 -0.63193
3.823 -0.753759 -0.75219 -0.616415 -0.632682
3.824 -0.753194 -0.751628 -0.617168 -0.633434
3.825 -0.752628 -0.751067 -0.617921 -0.634186
3.826 -0.752063 -0.750505 -0.618673 -0.634936
3.827 -0.751497 -0.749944 -0.619425 -0.635687
3.828 -0.750931 -0.749383 -0.620176 -0.636436
3.829 -0.750366 -0.748821 -0.620927 -0.637185
3.83 -0.7498 -0.74826 -0.621677 -0.637934
3.831 -0.749234 -0.747699 -0.622426 -0.638682
3.832 -0.748669 -0.747138 -0.623175 -0.639429
3.833 -0.748103 -0.746577 -0.623924 -0.640176
3.834 -0.747538 -0.746016 -0.624672 -0.640923
3.835 -0.746972 -0.745455 -0.625419 -0.641668
3.836 -0.746406 -0.744894 -0.626166 -0.642413
3.837 -0.745841 -0.744333 -0.626912 -0.643158
3.838 -0.745275 -0.743772 -0.627657 -0.643902
3.839 -0.744709 -0.743211 -0.628402 -0.644646
3.84 -0.744144 -0.74265 -0.629147 -0.645389
3.841 -0.743578 -0.74209 -0.629891 -0.646131
3.842 -0.743013 -0.741529 -0.630634 -0.646873
3.843 -0.742447 -0.740969 -0.631377 -0.647614
3.844 -0.741881 -0.740408 -0.632119 -0.648355
3.845 -0.741316 -0.739848 -0.63286 -0.649095
3.846 -0.74075 -0.739287 -0.633601 -0.649834
3.847 -0.740184 -0.738727 -0.634342 -0.650573
3.848 -0.739619 -0.738167 -0.635082 -0.651312
3.849 -0.739053 -0.737606 -0.635821 -0.65205
3.85 -0.738488 -0.737046 -0.63656 -0.652787
3.851 -0.737922 -0.736486 -0.637298 -0.653524
3.852 -0.737356 -0.735926 -0.638036 -0.65426
3.853 -0.736791 -0.735366 -0.638773 -0.654996
3.854 -0.736225 -0.734806 -0.639509 -0.655731
3.855 -0.735659 -0.734246 -0.640245 -0.656465
3.856 -0.735094 -0.733686 -0.640981 -0.657199
3.857 -0.734528 -0.733127 -0.641715 -0.657933
3.858 -0.733963 -0.732567 -0.64245 -0.658665
3.859 -0.733397 -0.732007 -0.643183 -0.659398
3.86 -0.732831 -0.731448 -0.643916 -0.660129
3.861 -0.732266 -0.730888 -0.644649 -0.660861
3.862 -0.7317 -0.730329 -0.645381 -0.661591
3.863 -0.731134 -0.729769 -0.646112 -0.662321
3.864 -0.730569 -0.72921 -0.646843 -0.663051
3.865 -0.730003 -0.72865 -0.647574 -0.66378
3.866 -0.729438 -0.728091 -0.648303 -0.664508
3.867 -0.728872 -0.727532 -0.649032 -0.665236
3.868 -0.728306 -0.726973 -0.649761 -0.665963
3.869 -0.727741 -0.726414 -0.650489 -0.66669
3.87 -0.727175 -0.725855 -0.651216 -0.667416
3.871 -0.726609 -0.725296 -0.651943 -0.668142
3.872 -0.726044 -0.724737 -0.65267 -0.668867
3.873 -0.725478 -0.724178 -0.653395 -0.669591
3.874 -0.724913 -0.723619 -0.654121 -0.670315
3.875 -0.724347 -0.72306 -0.654845 -0.671038
3.876 -0.723781 -0.722501 -0.655569 -0.671761
3.877 -0.723216 -0.721943 -0.656293 -0.672483
3.878 -0.72265 -0.721384 -0.657016 -0.673205
3.879 -0.722084 -0.720825 -0.657738 -0.673926
3.88 -0.721519 -0.720267 -0.65846 -0.674647
3.881 -0.720953 -0.719708 -0.659181 -0.675367
3.882 -0.720388 -0.71915 -0.659902 -0.676086
3.883 -0.719822 -0.718592 -0.660622 -0.676805
3.884 -0.719256 -0.718033 -0.661341 -0.677523
3.885 -0.718691 -0.717475 -0.66206 -0.678241
3.886 -0.718125 -0.716917 -0.662779 -0.678958
3.887 -0.717559 -0.716359 -0.663497 -0.679675
3.888 -0.716994 -0.715801 -0.664214 -0.680391
3.889 -0.716428 -0.715243 -0.664931 -0.681106
3.89 -0.715862 -0.714685 -0.665647 -0.681821
3.891 -0.715297 -0.714127 -0.666362 -0.682536
3.892 -0.714731 -0.713569 -0.667077 -0.68325
3.893 -0.714166 -0.713011 -0.667792 -0.683963
3.894 -0.7136 -0.712453 -0.668506 -0.684676
3.895 -0.713034 -0.711896 -0.669219 -0.685388
3.896 -0.712469 -0.711338 -0.669932 -0.686099
3.897 -0.711903 -0.710781 -0.670644 -0.68681
3.898 -0.711337 -0.710223 -0.671356 -0.687521
3.899 -0.710772 -0.709666 -0.672067 -0.688231
3.9 -0.710206 -0.709108 -0.672777 -0.68894
3.901 -0.709641 -0.708551 -0.673487 -0.689649
3.902 -0.709075 -0.707993 -0.674196 -0.690357
3.903 -0.708509 -0.707436 -0.674905 -0.691065
3.904 -0.707944 -0.706879 -0.675613 -0.691772
3.905 -0.707378 -0.706322 -0.676321 -0.692479
3.906 -0.706812 -0.705765 -0.677028 -0.693185
3.907 -0.706247 -0.705208 -0.677735 -0.69389
3.908 -0.705681 -0.704651 -0.678441 -0.694595
3.909 -0.705116 -0.704094 -0.679146 -0.6953
3.91 -0.70455 -0.703537 -0.679851 -0.696004
3.911 -0.703984 -0.70298 -0.680555 -0.696707
3.912 -0.703419 -0.702423 -0.681259 -0.697409
3.913 -0.702853 -0.701867 -0.681962 -0.698112
3.914 -0.702287 -0.70131 -0.682665 -0.698813
3.915 -0.701722 -0.700753 -0.683367 -0.699514
3.916 -0.701156 -0.700197 -0.684068 -0.700215
3.917 -0.700591 -0.69964 -0.684769 -0.700915
3.918 -0.700025 -0.699084 -0.685469 -0.701614
3.919 -0.699459 -0.698528 -0.686169 -0.702313
3.92 -0.698894 -0.697971 -0.686868 -0.703011
3.921 -0.698328 -0.697415 -0.687567 -0.703709
3.922 -0.697762 -0.696859 -0.688265 -0.704406
3.923 -0.697197 -0.696303 -0.688962 -0.705102
3.924 -0.696631 -0.695747 -0.689659 -0.705798
3.925 -0.696066 -0.695191 -0.690356 -0.706494
3.926 -0.6955 -0.694635 -0.691051 -0.707189
3.927 -0.694934 -0.694079 -0.691747 -0.707883
3.928 -0.694369 -0.693523 -0.692441 -0.708577
3.929 -0.693803 -0.692967 -0.693135 -0.70927
3.93 -0.693237 -0.692411 -0.693829 -0.709963
3.931 -0.692672 -0.691855 -0.694522 -0.710655
3.932 -0.692106 -0.6913 -0.695214 -0.711347
3.933 -0.691541 -0.690744 -0.695906 -0.712038
3.934 -0.690975 -0.690189 -0.696597 -0.712728
3.935 -0.690409 -0.689633 -0.697288 -0.713418
3.936 -0.689844 -0.689078 -0.697978 -0.714107
3.937 -0.689278 -0.688522 -0.698668 -0.714796
3.938 -0.688712 -0.687967 -0.699357 -0.715484
3.939 -0.688147 -0.687412 -0.700045 -0.716172
3.94 -0.687581 -0.686856 -0.700733 -0.716859
3.941 -0.687016 -0.686301 -0.70142 -0.717546
3.942 -0.68645 -0.685746 -0.702107 -0.718232
3.943 -0.685884 -0.685191 -0.702793 -0.718917
3.944 -0.685319 -0.684636 -0.703479 -0.719602
3.945 -0.684753 -0.684081 -0.704164 -0.720287
3.946 -0.684187 -0.683526 -0.704848 -0.72097
3.947 -0.683622 -0.682971 -0.705532 -0.721654
3.948 -0.683056 -0.682417 -0.706215 -0.722336
3.949 -0.682491 -0.681862 -0.706898 -0.723019
3.95 -0.681925 -0.681307 -0.70758 -0.7237
3.951 -0.681359 -0.680753 -0.708262 -0.724381
3.952 -0.680794 -0.680198 -0.708943 -0.725062
3.953 -0.680228 -0.679644 -0.709624 -0.725742
3.954 -0.679662 -0.679089 -0.710304 -0.726421
3.955 -0.679097 -0.678535 -0.710983 -0.7271
3.956 -0.678531 -0.67798 -0.711662 -0.727778
3.957 -0.677966 -0.677426 -0.71234 -0.728456
3.958 -0.6774 -0.676872 -0.713018 -0.729133
3.959 -0.676834 -0.676318 -0.713695 -0.729809
3.96 -0.676269 -0.675764 -0.714371 -0.730485
3.961 -0.675703 -0.675209 -0.715047 -0.731161
3.962 -0.675137 -0.674655 -0.715723 -0.731836
3.963 -0.674572 -0.674102 -0.716398 -0.73251
3.964 -0.674006 -0.673548 -0.717072 -0.733184
3.965 -0.673441 -0.672994 -0.717746 -0.733857
3.966 -0.672875 -0.67244 -0.718419 -0.73453
3.967 -0.672309 -0.671886 -0.719091 -0.735202
3.968 -0.671744 -0.671333 -0.719763 -0.735874
3.969 -0.671178 -0.670779 -0.720435 -0.736545
3.97 -0.670612 -0.670225 -0.721106 -0.737215
3.971 -0.670047 -0.669672 -0.721776 -0.737885
3.972 -0.669481 -0.669118 -0.722446 -0.738555
3.973 -0.668916 -0.668565 -0.723115 -0.739224
3.974 -0.66835 -0.668012 -0.723784 -0.739892
3.975 -0.667784 -0.667458 -0.724452 -0.74056
3.976 -0.667219 -0.666905 -0.725119 -0.741227
3.977 -0.666653 -0.666352 -0.725786 -0.741893
3.978 -0.666087 -0.665799 -0.726453 -0.742559
3.979 -0.665522 -0.665246 -0.727118 -0.743225
3.98 -0.664956 -0.664693 -0.727784 -0.74389
3.981 -0.664391 -0.66414 -0.728448 -0.744554
3.982 -0.663825 -0.663587 -0.729112 -0.745218
3.983 -0.663259 -0.663034 -0.729776 -0.745882
3.984 -0.662694 -0.662481 -0.730439 -0.746544
3.985 -0.662128 -0.661928 -0.731101 -0.747207
3.986 -0.661562 -0.661376 -0.731763 -0.747868
3.987 -0.660997 -0.660823 -0.732425 -0.748529
3.988 -0.660431 -0.66027 -0.733085 -0.74919
3.989 -0.659866 -0.659718 -0.733745 -0.74985
3.99 -0.6593 -0.659165 -0.734405 -0.750509
3.991 -0.658734 -0.658613 -0.735064 -0.751168
3.992 -0.658169 -0.658061 -0.735722 -0.751826
3.993 -0.657603 -0.657508 -0.73638 -0.752484
3.994 -0.657037 -0.656956 -0.737038 -0.753142
3.995 -0.656472 -0.656404 -0.737694 -0.753798
3.996 -0.655906 -0.655852 -0.738351 -0.754454
3.997 -0.65534 -0.6553 -0.739006 -0.75511
3.998 -0.654775 -0.654748 -0.739661 -0.755765
3.999 -0.654209 -0.654196 -0.740316 -0.756419
4 -0.653644 -0.653644 -0.74097 -0.757073
4.001 -0.652758 -0.653091 -0.741623 -0.757727
4.002 -0.651872 -0.652537 -0.742275 -0.758379
4.003 -0.650987 -0.651982 -0.742927 -0.759032
4.004 -0.650101 -0.651425 -0.743577 -0.759683
4.005 -0.649215 -0.650867 -0.744227 -0.760335
4.006 -0.648329 -0.650308 -0.744876 -0.760985
4.007 -0.647444 -0.649748 -0.745523 -0.761635
4.008 -0.646558 -0.649186 -0.74617 -0.762285
4.009 -0.645672 -0.648622 -0.746817 -0.762934
4.01 -0.644787 -0.648058 -0.747462 -0.763582
4.011 -0.643901 -0.647492 -0.748106 -0.76423
4.012 -0.643015 -0.646925 -0.74875 -0.764877
4.013 -0.64213 -0.646356 -0.749392 -0.765524
4.014 -0.641244 -0.645786 -0.750034 -0.76617
4.015 -0.640358 -0.645215 -0.750675 -0.766815
4.016 -0.639472 -0.644642 -0.751315 -0.76746
4.017 -0.638587 -0.644068 -0.751954 -0.768104
4.018 -0.637701 -0.643493 -0.752592 -0.768748
4.019 -0.636815 -0.642917 -0.753229 -0.769391
4.02 -0.63593 -0.642339 -0.753865 -0.770034
4.021 -0.635044 -0.641759 -0.754501 -0.770676
4.022 -0.634158 -0.641179 -0.755136 -0.771318
4.023 -0.633273 -0.640597 -0.755769 -0.771958
4.024 -0.632387 -0.640013 -0.756402 -0.772599
4.025 -0.631501 -0.639429 -0.757034 -0.773238
4.026 -0.630616 -0.638843 -0.757665 -0.773878
4.027 -0.62973 -0.638256 -0.758295 -0.774516
4.028 -0.628844 -0.637667 -0.758925 -0.775154
4.029 -0.627958 -0.637077 -0.759553 -0.775791
4.03 -0.627073 -0.636486 -0.76018 -0.776428
4.031 -0.626187 -0.635893 -0.760807 -0.777064
4.032 -0.625301 -0.635299 -0.761433 -0.7777
4.033 -0.624416 -0.634704 -0.762058 -0.778335
4.034 -0.62353 -0.634107 -0.762682 -0.778969
4.035 -0.622644 -0.633509 -0.763305 -0.779603
4.036 -0.621759 -0.63291 -0.763927 -0.780236
4.037 -0.620873 -0.632309 -0.764548 -0.780869
4.038 -0.619987 -0.631707 -0.765169 -0.781501
4.039 -0.619101 -0.631104 -0.765788 -0.782132
4.04 -0.618216 -0.630499 -0.766407 -0.782763
4.041 -0.61733 -0.629893 -0.767025 -0.783393
4.042 -0.616444 -0.629286 -0.767642 -0.784023
4.043 -0.615559 -0.628678 -0.768258 -0.784652
4.044 -0.614673 -0.628068 -0.768873 -0.78528
4.045 -0.613787 -0.627456 -0.769487 -0.785908
4.046 -0.612902 -0.626844 -0.7701 -0.786535
4.047 -0.612016 -0.62623 -0.770713 -0.787162
4.048 -0.61113 -0.625614 -0.771324 -0.787788
4.049 -0.610245 -0.624998 -0.771935 -0.788413
4.05 -0.609359 -0.62438 -0.772545 -0.789038
4.051 -0.608473 -0.62376 -0.773154 -0.789662
4.052 -0.607587 -0.62314 -0.773762 -0.790285
4.053 -0.606702 -0.622518 -0.774369 -0.790908
4.054 -0.605816 -0.621894 -0.774975 -0.79153
4.055 -0.60493 -0.62127 -0.77558 -0.792152
4.056 -0.604045 -0.620644 -0.776185 -0.792773
4.057 -0.603159 -0.620016 -0.776789 -0.793393
4.058 -0.602273 -0.619388 -0.777391 -0.794013
4.059 -0.601388 -0.618758 -0.777993 -0.794632
4.06 -0.600502 -0.618126 -0.778594 -0.79525
4.061 -0.599616 -0.617494 -0.779194 -0.795868
4.062 -0.59873 -0.61686 -0.779793 -0.796485
4.063 -0.597845 -0.616224 -0.780392 -0.797102
4.064 -0.596959 -0.615588 -0.780989 -0.797718
4.065 -0.596073 -0.61495 -0.781585 -0.798333
4.066 -0.595188 -0.61431 -0.782181 -0.798948
4.067 -0.594302 -0.613669 -0.782776 -0.799562
4.068 -0.593416 -0.613027 -0.78337 -0.800175
4.069 -0.592531 -0.612384 -0.783963 -0.800788
4.07 -0.591645 -0.611739 -0.784555 -0.8014
4.071 -0.590759 -0.611093 -0.785146 -0.802011
4.072 -0.589874 -0.610446 -0.785736 -0.802622
4.073 -0.588988 -0.609797 -0.786326 -0.803232
4.074 -0.588102 -0.609147 -0.786914 -0.803842
4.075 -0.587216 -0.608496 -0.787502 -0.80445
4.076 -0.586331 -0.607843 -0.788089 -0.805059
4.077 -0.585445 -0.607189 -0.788675 -0.805666
4.078 -0.584559 -0.606534 -0.78926 -0.806273
4.079 -0.583674 -0.605877 -0.789844 -0.806879
4.08 -0.582788 -0.605219 -0.790427 -0.807485
4.081 -0.581902 -0.60456 -0.791009 -0.80809
4.082 -0.581017 -0.603899 -0.791591 -0.808694
4.083 -0.580131 -0.603237 -0.792171 -0.809297
4.084 -0.579245 -0.602573 -0.792751 -0.8099
4.085 -0.578359 -0.601909 -0.79333 -0.810503
4.086 -0.577474 -0.601243 -0.793908 -0.811104
4.087 -0.576588 -0.600575 -0.794485 -0.811705
4.088 -0.575702 -0.599907 -0.795061 -0.812305
4.089 -0.574817 -0.599237 -0.795636 -0.812905
4.09 -0.573931 -0.598565 -0.796211 -0.813504
4.091 -0.573045 -0.597892 -0.796784 -0.814102
4.092 -0.57216 -0.597218 -0.797357 -0.8147
4.093 -0.571274 -0.596543 -0.797928 -0.815296
4.094 -0.570388 -0.595866 -0.798499 -0.815893
4.095 -0.569503 -0.595188 -0.799069 -0.816488
4.096 -0.568617 -0.594509 -0.799638 -0.817083
4.097 -0.567731 -0.593828 -0.800206 -0.817677
4.098 -0.566845 -0.593146 -0.800774 -0.818271
4.099 -0.56596 -0.592462 -0.80134 -0.818864
4.1 -0.565074 -0.591778 -0.801906 -0.819456
4.101 -0.564188 -0.591092 -0.80247 -0.820047
4.102 -0.563303 -0.590404 -0.803034 -0.820638
4.103 -0.562417 -0.589715 -0.803597 -0.821228
4.104 -0.561531 -0.589025 -0.804159 -0.821817
4.105 -0.560646 -0.588334 -0.80472 -0.822406
4.106 -0.55976 -0.587641 -0.80528 -0.822994
4.107 -0.558874 -0.586947 -0.805839 -0.823581
4.108 -0.557988 -0.586252 -0.806398 -0.824168
4.109 -0.557103 -0.585555 -0.806955 -0.824754
4.11 -0.556217 -0.584857 -0.807512 -0.825339
4.111 -0.555331 -0.584157 -0.808068 -0.825923
4.112 -0.554446 -0.583457 -0.808623 -0.826507
4.113 -0.55356 -0.582754 -0.809177 -0.82709
4.114 -0.552674 -0.582051 -0.80973 -0.827673
4.115 -0.551789 -0.581346 -0.810282 -0.828254
4.116 -0.550903 -0.58064 -0.810833 -0.828835
4.117 -0.550017 -0.579933 -0.811384 -0.829416
4.118 -0.549132 -0.579224 -0.811933 -0.829995
4.119 -0.548246 -0.578514 -0.812482 -0.830574
4.12 -0.54736 -0.577802 -0.81303 -0.831152
4.121 -0.546474 -0.57709 -0.813577 -0.83173
4.122 -0.545589 -0.576375 -0.814123 -0.832307
4.123 -0.544703 -0.57566 -0.814668 -0.832883
4.124 -0.543817 -0.574943 -0.815212 -0.833458
4.125 -0.542932 -0.574225 -0.815756 -0.834032
4.126 -0.542046 -0.573506 -0.816298 -0.834606
4.127 -0.54116 -0.572785 -0.81684 -0.835179
4.128 -0.540275 -0.572063 -0.81738 -0.835752
4.129 -0.539389 -0.571339 -0.81792 -0.836324
4.13 -0.538503 -0.570614 -0.818459 -0.836895
4.131 -0.537617 -0.569888 -0.818997 -0.837465
4.132 -0.536732 -0.569161 -0.819534 -0.838034
4.133 -0.535846 -0.568432 -0.820071 -0.838603
4.134 -0.53496 -0.567702 -0.820606 -0.839171
4.135 -0.534075 -0.56697 -0.821141 -0.839738
4.136 -0.533189 -0.566237 -0.821674 -0.840305
4.137 -0.532303 -0.565503 -0.822207 -0.840871
4.138 -0.531418 -0.564768 -0.822739 -0.841436
4.139 -0.530532 -0.564031 -0.82327 -0.842001
4.14 -0.529646 -0.563293 -0.8238 -0.842564
4.141 -0.528761 -0.562553 -0.824329 -0.843127
4.142 -0.527875 -0.561813 -0.824857 -0.843689
4.143 -0.526989 -0.56107 -0.825385 -0.844251
4.144 -0.526103 -0.560327 -0.825911 -0.844811
4.145 -0.525218 -0.559582 -0.826437 -0.845371
4.146 -0.524332 -0.558836 -0.826962 -0.845931
4.147 -0.523446 -0.558088 -0.827486 -0.846489
4.148 -0.522561 -0.557339 -0.828009 -0.847047
4.149 -0.521675 -0.556589 -0.828531 -0.847604
4.15 -0.520789 -0.555838 -0.829052 -0.84816
4.151 -0.519904 -0.555085 -0.829573 -0.848715
4.152 -0.519018 -0.554331 -0.830092 -0.84927
4.153 -0.518132 -0.553575 -0.830611 -0.849824
4.154 -0.517246 -0.552818 -0.831128 -0.850377
4.155 -0.516361 -0.55206 -0.831645 -0.85093
4.156 -0.515475 -0.551301 -0.832161 -0.851481
4.157 -0.514589 -0.55054 -0.832676 -0.852032
4.158 -0.513704 -0.549778 -0.83319 -0.852582
4.159 -0.512818 -0.549014 -0.833703 -0.853132
4.16 -0.511932 -0.548249 -0.834216 -0.85368
4.161 -0.511047 -0.547483 -0.834727 -0.854228
4.162 -0.510161 -0.546716 -0.835238 -0.854775
4.163 -0.509275 -0.545947 -0.835748 -0.855322
4.164 -0.50839 -0.545176 -0.836256 -0.855867
4.165 -0.507504 -0.544405 -0.836764 -0.856412
4.166 -0.506618 -0.543632 -0.837271 -0.856956
4.167 -0.505732 -0.542858 -0.837778 -0.857499
4.168 -0.504847 -0.542082 -0.838283 -0.858042
4.169 -0.503961 -0.541305 -0.838787 -0.858584
4.17 -0.503075 -0.540527 -0.839291 -0.859124
4.171 -0.50219 -0.539748 -0.839793 -0.859665
4.172 -0.501304 -0.538967 -0.840295 -0.860204
4.173 -0.500418 -0.538185 -0.840796 -0.860743
4.174 -0.499533 -0.537401 -0.841296 -0.86128
4.175 -0.498647 -0.536616 -0.841795 -0.861817
4.176 -0.497761 -0.53583 -0.842293 -0.862354
4.177 -0.496875 -0.535042 -0.842791 -0.862889
4.178 -0.49599 -0.534253 -0.843287 -0.863424
4.179 -0.495104 -0.533463 -0.843783 -0.863958
4.18 -0.494218 -0.532672 -0.844277 -0.864491
4.181 -0.493333 -0.531879 -0.844771 -0.865023
4.182 -0.492447 -0.531085 -0.845264 -0.865554
4.183 -0.491561 -0.530289 -0.845756 -0.866085
4.184 -0.490676 -0.529492 -0.846247 -0.866615
4.185 -0.48979 -0.528694 -0.846737 -0.867144
4.186 -0.488904 -0.527894 -0.847227 -0.867672
4.187 -0.488019 -0.527093 -0.847715 -0.8682
4.188 -0.487133 -0.526291 -0.848203 -0.868726
4.189 -0.486247 -0.525487 -0.848689 -0.869252
4.19 -0.485361 -0.524683 -0.849175 -0.869777
4.191 -0.484476 -0.523876 -0.84966 -0.870302
4.192 -0.48359 -0.523069 -0.850144 -0.870825
4.193 -0.482704 -0.52226 -0.850627 -0.871348
4.194 -0.481819 -0.52145 -0.85111 -0.87187
4.195 -0.480933 -0.520638 -0.851591 -0.872391
4.196 -0.480047 -0.519825 -0.852071 -0.872911
4.197 -0.479162 -0.519011 -0.852551 -0.87343
4.198 -0.478276 -0.518195 -0.85303 -0.873949
4.199 -0.47739 -0.517378 -0.853508 -0.874467
4.2 -0.476504 -0.51656 -0.853984 -0.874984
4.201 -0.475619 -0.51574 -0.854461 -0.8755
4.202 -0.474733 -0.514919 -0.854936 -0.876015
4.203 -0.473847 -0.514097 -0.85541 -0.87653
4.204 -0.472962 -0.513274 -0.855883 -0.877043
4.205 -0.472076 -0.512449 -0.856356 -0.877556
4.206 -0.47119 -0.511622 -0.856828 -0.878068
4.207 -0.470305 -0.510795 -0.857298 -0.87858
4.208 -0.469419 -0.509966 -0.857768 -0.87909
4.209 -0.468533 -0.509135 -0.858237 -0.879599
4.21 -0.467648 -0.508304 -0.858705 -0.880108
4.211 -0.466762 -0.507471 -0.859172 -0.880616
4.212 -0.465876 -0.506637 -0.859639 -0.881123
4.213 -0.46499 -0.505801 -0.860104 -0.881629
4.214 -0.464105 -0.504964 -0.860569 -0.882135
4.215 -0.463219 -0.504126 -0.861032 -0.882639
4.216 -0.462333 -0.503286 -0.861495 -0.883143
4.217 -0.461448 -0.502445 -0.861957 -0.883646
4.218 -0.460562 -0.501603 -0.862418 -0.884148
4.219 -0.459676 -0.500759 -0.862878 -0.884649
4.22 -0.458791 -0.499914 -0.863337 -0.885149
4.221 -0.457905 -0.499068 -0.863796 -0.885649
4.222 -0.457019 -0.49822 -0.864253 -0.886148
4.223 -0.456133 -0.497371 -0.86471 -0.886645
4.224 -0.455248 -0.496521 -0.865166 -0.887142
4.225 -0.454362 -0.495669 -0.86562 -0.887638
4.226 -0.453476 -0.494816 -0.866074 -0.888134
4.227 -0.452591 -0.493962 -0.866527 -0.888628
4.228 -0.451705 -0.493106 -0.866979 -0.889122
4.229 -0.450819 -0.492249 -0.867431 -0.889614
4.23 -0.449934 -0.491391 -0.867881 -0.890106
4.231 -0.449048 -0.490531 -0.868331 -0.890597
4.232 -0.448162 -0.48967 -0.868779 -0.891087
4.233 -0.447277 -0.488808 -0.869227 -0.891576
4.234 -0.446391 -0.487944 -0.869674 -0.892065
4.235 -0.445505 -0.487079 -0.87012 -0.892552
4.236 -0.444619 -0.486213 -0.870565 -0.893039
4.237 -0.443734 -0.485345 -0.871009 -0.893525
4.238 -0.442848 -0.484476 -0.871452 -0.89401
4.239 -0.441962 -0.483606 -0.871895 -0.894494
4.24 -0.441077 -0.482734 -0.872336 -0.894977
4.241 -0.440191 -0.481861 -0.872777 -0.895459
4.242 -0.439305 -0.480987 -0.873217 -0.895941
4.243 -0.43842 -0.480111 -0.873655 -0.896421
4.244 -0.437534 -0.479234 -0.874093 -0.896901
4.245 -0.436648 -0.478356 -0.87453 -0.89738
4.246 -0.435762 -0.477476 -0.874967 -0.897857
4.247 -0.434877 -0.476595 -0.875402 -0.898334
4.248 -0.433991 -0.475713 -0.875836 -0.898811
4.249 -0.433105 -0.474829 -0.87627 -0.899286
4.25 -0.43222 -0.473944 -0.876703 -0.89976
4.251 -0.431334 -0.473058 -0.877134 -0.900234
4.252 -0.430448 -0.47217 -0.877565 -0.900706
4.253 -0.429563 -0.471281 -0.877995 -0.901178
4.254 -0.428677 -0.470391 -0.878424 -0.901649
4.255 -0.427791 -0.469499 -0.878853 -0.902119
4.256 -0.426906 -0.468606 -0.87928 -0.902588
4.257 -0.42602 -0.467712 -0.879706 -0.903056
4.258 -0.425134 -0.466816 -0.880132 -0.903523
4.259 -0.424248 -0.465919 -0.880557 -0.90399
4.26 -0.423363 -0.46502 -0.880981 -0.904455
4.261 -0.422477 -0.464121 -0.881403 -0.90492
4.262 -0.421591 -0.46322 -0.881825 -0.905383
4.263 -0.420706 -0.462317 -0.882247 -0.905846
4.264 -0.41982 -0.461414 -0.882667 -0.906308
4.265 -0.418934 -0.460509 -0.883086 -0.906769
4.266 -0.418049 -0.459602 -0.883505 -0.907229
4.267 -0.417163 -0.458694 -0.883922 -0.907688
4.268 -0.416277 -0.457785 -0.884339 -0.908147
4.269 -0.415391 -0.456875 -0.884755 -0.908604
4.27 -0.414506 -0.455963 -0.88517 -0.90906
4.271 -0.41362 -0.45505 -0.885584 -0.909516
4.272 -0.412734 -0.454136 -0.885997 -0.90997
4.273 -0.411849 -0.45322 -0.886409 -0.910424
4.274 -0.410963 -0.452303 -0.886821 -0.910877
4.275 -0.410077 -0.451385 -0.887231 -0.911329
4.276 -0.409192 -0.450465 -0.887641 -0.91178
4.277 -0.408306 -0.449544 -0.88805 -0.91223
4.278 -0.40742 -0.448621 -0.888458 -0.912679
4.279 -0.406535 -0.447698 -0.888865 -0.913127
4.28 -0.405649 -0.446772 -0.889271 -0.913574
4.281 -0.404763 -0.445846 -0.889676 -0.91402
4.282 -0.403877 -0.444918 -0.89008 -0.914466
4.283 -0.402992 -0.443989 -0.890484 -0.91491
4.284 -0.402106 -0.443059 -0.890886 -0.915354
4.285 -0.40122 -0.442127 -0.891288 -0.915796
4.286 -0.400335 -0.441194 -0.891689 -0.916238
4.287 -0.399449 -0.440259 -0.892088 -0.916679
4.288 -0.398563 -0.439324 -0.892487 -0.917118
4.289 -0.397678 -0.438387 -0.892886 -0.917557
4.29 -0.396792 -0.437448 -0.893283 -0.917995
4.291 -0.395906 -0.436508 -0.893679 -0.918432
4.292 -0.39502 -0.435567 -0.894075 -0.918868
4.293 -0.394135 -0.434625 -0.894469 -0.919303
4.294 -0.393249 -0.433681 -0.894863 -0.919738
4.295 -0.392363 -0.432736 -0.895256 -0.920171
4.296 -0.391478 -0.43179 -0.895648 -0.920603
4.297 -0.390592 -0.430842 -0.896039 -0.921034
4.298 -0.389706 -0.429893 -0.896429 -0.921465
4.299 -0.388821 -0.428942 -0.896818 -0.921894
4.3 -0.387935 -0.42799 -0.897206 -0.922323
4.301 -0.387049 -0.427037 -0.897594 -0.92275
4.302 -0.386164 -0.426083 -0.897981 -0.923177
4.303 -0.385278 -0.425127 -0.898366 -0.923602
4.304 -0.384392 -0.42417 -0.898751 -0.924027
4.305 -0.383506 -0.423211 -0.899135 -0.924451
4.306 -0.382621 -0.422252 -0.899518 -0.924873
4.307 -0.381735 -0.421291 -0.8999 -0.925295
4.308 -0.380849 -0.420328 -0.900282 -0.925716
4.309 -0.379964 -0.419364 -0.900662 -0.926136
4.31 -0.379078 -0.418399 -0.901042 -0.926555
4.311 -0.378192 -0.417433 -0.90142 -0.926973
4.312 -0.377307 -0.416465 -0.901798 -0.927389
4.313 -0.376421 -0.415496 -0.902175 -0.927805
4.314 -0.375535 -0.414525 -0.902551 -0.92822
4.315 -0.374649 -0.413553 -0.902926 -0.928635
4.316 -0.373764 -0.41258 -0.9033 -0.929048
4.317 -0.372878 -0.411606 -0.903673 -0.92946
4.318 -0.371992 -0.41063 -0.904046 -0.929871
4.319 -0.371107 -0.409653 -0.904417 -0.930281
4.32 -0.370221 -0.408674 -0.904788 -0.93069
4.321 -0.369335 -0.407694 -0.905158 -0.931098
4.322 -0.36845 -0.406713 -0.905527 -0.931505
4.323 -0.367564 -0.405731 -0.905895 -0.931912
4.324 -0.366678 -0.404747 -0.906262 -0.932317
4.325 -0.365793 -0.403762 -0.906628 -0.932721
4.326 -0.364907 -0.402775 -0.906993 -0.933124
4.327 -0.364021 -0.401787 -0.907358 -0.933527
4.328 -0.363135 -0.400798 -0.907721 -0.933928
4.329 -0.36225 -0.399808 -0.908084 -0.934328
4.33 -0.361364 -0.398816 -0.908446 -0.934728
4.331 -0.360478 -0.397823 -0.908807 -0.935126
4.332 -0.359593 -0.396828 -0.909167 -0.935523
4.333 -0.358707 -0.395832 -0.909526 -0.93592
4.334 -0.357821 -0.394835 -0.909884 -0.936315
4.335 -0.356936 -0.393837 -0.910242 -0.936709
4.336 -0.35605 -0.392837 -0.910598 -0.937103
4.337 -0.355164 -0.391836 -0.910954 -0.937495
4.338 -0.354278 -0.390833 -0.911309 -0.937886
4.339 -0.353393 -0.389829 -0.911662 -0.938277
4.34 -0.352507 -0.388824 -0.912015 -0.938666
4.341 -0.351621 -0.387818 -0.912367 -0.939054
4.342 -0.350736 -0.38681 -0.912719 -0.939442
4.343 -0.34985 -0.3858 -0.913069 -0.939828
4.344 -0.348964 -0.38479 -0.913418 -0.940213
4.345 -0.348079 -0.383778 -0.913767 -0.940597
4.346 -0.347193 -0.382765 -0.914114 -0.940981
4.347 -0.346307 -0.38175 -0.914461 -0.941363
4.348 -0.345422 -0.380734 -0.914807 -0.941744
4.349 -0.344536 -0.379717 -0.915152 -0.942124
4.35 -0.34365 -0.378699 -0.915496 -0.942504
4.351 -0.342764 -0.377679 -0.915839 -0.942882
4.352 -0.341879 -0.376658 -0.916182 -0.943259
4.353 -0.340993 -0.375635 -0.916523 -0.943635
4.354 -0.340107 -0.374611 -0.916864 -0.94401
4.355 -0.339222 -0.373586 -0.917203 -0.944384
4.356 -0.338336 -0.372559 -0.917542 -0.944758
4.357 -0.33745 -0.371531 -0.91788 -0.94513
4.358 -0.336565 -0.370502 -0.918217 -0.945501
4.359 -0.335679 -0.369472 -0.918553 -0.945871
4.36 -0.334793 -0.36844 -0.918888 -0.94624
4.361 -0.333907 -0.367407 -0.919223 -0.946607
4.362 -0.333022 -0.366372 -0.919556 -0.946974
4.363 -0.332136 -0.365336 -0.919889 -0.94734
4.364 -0.33125 -0.364299 -0.92022 -0.947705
4.365 -0.330365 -0.36326 -0.920551 -0.948069
4.366 -0.329479 -0.36222 -0.920881 -0.948432
4.367 -0.328593 -0.361179 -0.92121 -0.948793
4.368 -0.327708 -0.360137 -0.921538 -0.949154
4.369 -0.326822 -0.359093 -0.921866 -0.949513
4.37 -0.325936 -0.358047 -0.922192 -0.949872
4.371 -0.325051 -0.357001 -0.922517 -0.95023
4.372 -0.324165 -0.355953 -0.922842 -0.950586
4.373 -0.323279 -0.354904 -0.923166 -0.950941
4.374 -0.322393 -0.353853 -0.923489 -0.951296
4.375 -0.321508 -0.352801 -0.923811 -0.951649
4.376 -0.320622 -0.351748 -0.924132 -0.952001
4.377 -0.319736 -0.350693 -0.924452 -0.952353
4.378 -0.318851 -0.349637 -0.924771 -0.952703
4.379 -0.317965 -0.34858 -0.92509 -0.953052
4.38 -0.317079 -0.347521 -0.925407 -0.9534
4.381 -0.316194 -0.346461 -0.925724 -0.953747
4.382 -0.315308 -0.3454 -0.926039 -0.954093
4.383 -0.314422 -0.344338 -0.926354 -0.954438
4.384 -0.313536 -0.343274 -0.926668 -0.954782
4.385 -0.312651 -0.342208 -0.926981 -0.955124
4.386 -0.311765 -0.341142 -0.927294 -0.955466
4.387 -0.310879 -0.340074 -0.927605 -0.955807
4.388 -0.309994 -0.339005 -0.927915 -0.956146
4.389 -0.309108 -0.337934 -0.928225 -0.956485
4.39 -0.308222 -0.336862 -0.928534 -0.956822
4.391 -0.307337 -0.335789 -0.928841 -0.957158
4.392 -0.306451 -0.334714 -0.929148 -0.957494
4.393 -0.305565 -0.333638 -0.929454 -0.957828
4.394 -0.30468 -0.332561 -0.929759 -0.958161
4.395 -0.303794 -0.331482 -0.930064 -0.958493
4.396 -0.302908 -0.330402 -0.930367 -0.958824
4.397 -0.302022 -0.329321 -0.930669 -0.959154
4.398 -0.301137 -0.328238 -0.930971 -0.959482
4.399 -0.300251 -0.327154 -0.931272 -0.95981
4.4 -0.299365 -0.326069 -0.931571 -0.960137
4.401 -0.29848 -0.324982 -0.93187 -0.960462
4.402 -0.297594 -0.323894 -0.932168 -0.960787
4.403 -0.296708 -0.322805 -0.932466 -0.96111
4.404 -0.295823 -0.321714 -0.932762 -0.961432
4.405 -0.294937 -0.320622 -0.933057 -0.961754
4.406 -0.294051 -0.319529 -0.933352 -0.962074
4.407 -0.293165 -0.318434 -0.933645 -0.962393
4.408 -0.29228 -0.317339 -0.933938 -0.96271
4.409 -0.291394 -0.316241 -0.93423 -0.963027
4.41 -0.290508 -0.315143 -0.934521 -0.963343
4.411 -0.289623 -0.314043 -0.934811 -0.963658
4.412 -0.288737 -0.312941 -0.9351 -0.963971
4.413 -0.287851 -0.311839 -0.935388 -0.964283
4.414 -0.286966 -0.310735 -0.935676 -0.964595
4.415 -0.28608 -0.309629 -0.935962 -0.964905
4.416 -0.285194 -0.308523 -0.936248 -0.965214
4.417 -0.284309 -0.307415 -0.936533 -0.965522
4.418 -0.283423 -0.306305 -0.936817 -0.965829
4.419 -0.282537 -0.305195 -0.9371 -0.966135
4.42 -0.281651 -0.304083 -0.937382 -0.966439
4.421 -0.280766 -0.302969 -0.937663 -0.966743
4.422 -0.27988 -0.301854 -0.937943 -0.967045
4.423 -0.278994 -0.300738 -0.938223 -0.967346
4.424 -0.278109 -0.299621 -0.938501 -0.967647
4.425 -0.277223 -0.298502 -0.938779 -0.967946
4.426 -0.276337 -0.297382 -0.939056 -0.968244
4.427 -0.275452 -0.296261 -0.939332 -0.96854
4.428 -0.274566 -0.295138 -0.939607 -0.968836
4.429 -0.27368 -0.294014 -0.939881 -0.969131
4.43 -0.272794 -0.292889 -0.940154 -0.969424
4.431 -0.271909 -0.291762 -0.940426 -0.969717
4.432 -0.271023 -0.290634 -0.940698 -0.970008
4.433 -0.270137 -0.289505 -0.940968 -0.970298
4.434 -0.269252 -0.288374 -0.941238 -0.970587
4.435 -0.268366 -0.287242 -0.941507 -0.970875
4.436 -0.26748 -0.286109 -0.941775 -0.971161
4.437 -0.266595 -0.284974 -0.942042 -0.971447
4.438 -0.265709 -0.283838 -0.942308 -0.971731
4.439 -0.264823 -0.282701 -0.942573 -0.972014
4.44 -0.263938 -0.281562 -0.942838 -0.972297
4.441 -0.263052 -0.280422 -0.943101 -0.972578
4.442 -0.262166 -0.279281 -0.943364 -0.972857
4.443 -0.26128 -0.278138 -0.943625 -0.973136
4.444 -0.260395 -0.276994 -0.943886 -0.973414
4.445 -0.259509 -0.275848 -0.944146 -0.97369
4.446 -0.258623 -0.274702 -0.944405 -0.973965
4.447 -0.257738 -0.273554 -0.944663 -0.974239
4.448 -0.256852 -0.272404 -0.944921 -0.974512
4.449 -0.255966 -0.271253 -0.945177 -0.974784
4.45 -0.255081 -0.270101 -0.945433 -0.975055
4.451 -0.254195 -0.268948 -0.945687 -0.975324
4.452 -0.253309 -0.267793 -0.945941 -0.975593
4.453 -0.252423 -0.266637 -0.946194 -0.97586
4.454 -0.251538 -0.26548 -0.946446 -0.976126
4.455 -0.250652 -0.264321 -0.946697 -0.976391
4.456 -0.249766 -0.263161 -0.946947 -0.976655
4.457 -0.248881 -0.262 -0.947196 -0.976917
4.458 -0.247995 -0.260837 -0.947445 -0.977179
4.459 -0.247109 -0.259673 -0.947692 -0.977439
4.46 -0.246224 -0.258507 -0.947939 -0.977698
4.461 -0.245338 -0.257341 -0.948185 -0.977956
4.462 -0.244452 -0.256172 -0.94843 -0.978213
4.463 -0.243567 -0.255003 -0.948674 -0.978468
4.464 -0.242681 -0.253832 -0.948917 -0.978723
4.465 -0.241795 -0.25266 -0.949159 -0.978976
4.466 -0.240909 -0.251487 -0.949401 -0.979228
4.467 -0.240024 -0.250312 -0.949641 -0.979479
4.468 -0.239138 -0.249136 -0.949881 -0.979729
4.469 -0.238252 -0.247958 -0.950119 -0.979977
4.47 -0.237367 -0.24678 -0.950357 -0.980225
4.471 -0.236481 -0.2456 -0.950594 -0.980471
4.472 -0.235595 -0.244418 -0.95083 -0.980716
4.473 -0.23471 -0.243235 -0.951065 -0.98096
4.474 -0.233824 -0.242051 -0.951299 -0.981202
4.475 -0.232938 -0.240866 -0.951533 -0.981444
4.476 -0.232052 -0.239679 -0.951765 -0.981684
4.477 -0.231167 -0.238491 -0.951997 -0.981923
4.478 -0.230281 -0.237301 -0.952228 -0.982161
4.479 -0.229395 -0.236111 -0.952458 -0.982398
4.48 -0.22851 -0.234919 -0.952686 -0.982633
4.481 -0.227624 -0.233725 -0.952915 -0.982868
4.482 -0.226738 -0.23253 -0.953142 -0.983101
4.483 -0.225853 -0.231334 -0.953368 -0.983333
4.484 -0.224967 -0.230137 -0.953593 -0.983563
4.485 -0.224081 -0.228938 -0.953818 -0.983793
4.486 -0.223196 -0.227738 -0.954042 -0.984021
4.487 -0.22231 -0.226536 -0.954264 -0.984248
4.488 -0.221424 -0.225334 -0.954486 -0.984474
4.489 -0.220538 -0.224129 -0.954707 -0.984699
4.49 -0.219653 -0.222924 -0.954927 -0.984923
4.491 -0.218767 -0.221717 -0.955147 -0.985145
4.492 -0.217881 -0.220509 -0.955365 -0.985366
4.493 -0.216996 -0.2193 -0.955582 -0.985586
4.494 -0.21611 -0.218089 -0.955799 -0.985805
4.495 -0.215224 -0.216877 -0.956014 -0.986022
4.496 -0.214339 -0.215663 -0.956229 -0.986238
4.497 -0.213453 -0.214448 -0.956443 -0.986453
4.498 -0.212567 -0.213232 -0.956656 -0.986667
4.499 -0.211681 -0.212015 -0.956868 -0.98688
4.5 -0.210796 -0.210796 -0.95708 -0.987091
4.501 -0.209807 -0.209577 -0.95729 -0.987301
4.502 -0.208818 -0.208359 -0.957499 -0.98751
4.503 -0.207829 -0.207141 -0.957707 -0.987718
4.504 -0.20684 -0.205925 -0.957915 -0.987925
4.505 -0.205851 -0.20471 -0.958121 -0.98813
4.506 -0.204862 -0.203495 -0.958327 -0.988334
4.507 -0.203873 -0.202282 -0.958531 -0.988537
4.508 -0.202884 -0.201069 -0.958734 -0.988739
4.509 -0.201896 -0.199858 -0.958937 -0.988939
4.51 -0.200907 -0.198647 -0.959138 -0.989138
4.511 -0.199918 -0.197437 -0.959338 -0.989336
4.512 -0.198929 -0.196228 -0.959538 -0.989533
4.513 -0.19794 -0.19502 -0.959736 -0.989729
4.514 -0.196951 -0.193813 -0.959934 -0.989923
4.515 -0.195962 -0.192607 -0.96013 -0.990117
4.516 -0.194973 -0.191402 -0.960326 -0.990309
4.517 -0.193984 -0.190198 -0.96052 -0.990499
4.518 -0.192995 -0.188994 -0.960714 -0.990689
4.519 -0.192006 -0.187792 -0.960906 -0.990877
4.52 -0.191017 -0.18659 -0.961098 -0.991065
4.521 -0.190029 -0.18539 -0.961288 -0.991251
4.522 -0.18904 -0.18419 -0.961478 -0.991435
4.523 -0.188051 -0.182991 -0.961666 -0.991619
4.524 -0.187062 -0.181794 -0.961854 -0.991801
4.525 -0.186073 -0.180597 -0.96204 -0.991983
4.526 -0.185084 -0.179401 -0.962226 -0.992163
4.527 -0.184095 -0.178206 -0.962411 -0.992341
4.528 -0.183106 -0.177012 -0.962594 -0.992519
4.529 -0.182117 -0.175818 -0.962777 -0.992695
4.53 -0.181128 -0.174626 -0.962958 -0.992871
4.531 -0.180139 -0.173435 -0.963139 -0.993045
4.532 -0.17915 -0.172244 -0.963319 -0.993217
4.533 -0.178162 -0.171055 -0.963497 -0.993389
4.534 -0.177173 -0.169866 -0.963675 -0.99356
4.535 -0.176184 -0.168679 -0.963852 -0.993729
4.536 -0.175195 -0.167492 -0.964027 -0.993897
4.537 -0.174206 -0.166306 -0.964202 -0.994064
4.538 -0.173217 -0.165121 -0.964376 -0.99423
4.539 -0.172228 -0.163937 -0.964549 -0.994394
4.54 -0.171239 -0.162754 -0.96472 -0.994557
4.541 -0.17025 -0.161572 -0.964891 -0.99472
4.542 -0.169261 -0.160391 -0.965061 -0.994881
4.543 -0.168272 -0.15921 -0.96523 -0.99504
4.544 -0.167283 -0.158031 -0.965397 -0.995199
4.545 -0.166295 -0.156853 -0.965564 -0.995356
4.546 -0.165306 -0.155675 -0.96573 -0.995513
4.547 -0.164317 -0.154498 -0.965895 -0.995668
4.548 -0.163328 -0.153323 -0.966059 -0.995822
4.549 -0.162339 -0.152148 -0.966221 -0.995974
4.55 -0.16135 -0.150974 -0.966383 -0.996126
4.551 -0.160361 -0.149801 -0.966544 -0.996276
4.552 -0.159372 -0.148629 -0.966704 -0.996426
4.553 -0.158383 -0.147458 -0.966863 -0.996574
4.554 -0.157394 -0.146288 -0.967021 -0.99672
4.555 -0.156405 -0.145119 -0.967178 -0.996866
4.556 -0.155417 -0.14395 -0.967333 -0.997011
4.557 -0.154428 -0.142783 -0.967488 -0.997154
4.558 -0.153439 -0.141617 -0.967642 -0.997296
4.559 -0.15245 -0.140451 -0.967795 -0.997437
4.56 -0.151461 -0.139286 -0.967947 -0.997577
4.561 -0.150472 -0.138123 -0.968098 -0.997716
4.562 -0.149483 -0.13696 -0.968248 -0.997853
4.563 -0.148494 -0.135798 -0.968397 -0.99799
4.564 -0.147505 -0.134637 -0.968545 -0.998125
4.565 -0.146516 -0.133477 -0.968692 -0.998259
4.566 -0.145527 -0.132318 -0.968838 -0.998392
4.567 -0.144538 -0.13116 -0.968983 -0.998524
4.568 -0.14355 -0.130003 -0.969127 -0.998654
4.569 -0.142561 -0.128846 -0.96927 -0.998784
4.57 -0.141572 -0.127691 -0.969412 -0.998912
4.571 -0.140583 -0.126537 -0.969553 -0.999039
4.572 -0.139594 -0.125383 -0.969694 -0.999165
4.573 -0.138605 -0.12423 -0.969833 -0.99929
4.574 -0.137616 -0.123079 -0.969971 -0.999414
4.575 -0.136627 -0.121928 -0.970108 -0.999536
4.576 -0.135638 -0.120778 -0.970244 -0.999657
4.577 -0.134649 -0.119629 -0.970379 -0.999778
4.578 -0.13366 -0.118481 -0.970513 -0.999897
4.579 -0.132671 -0.117334 -0.970646 -1.00001
4.58 -0.131683 -0.116188 -0.970779 -1.00013
4.581 -0.130694 -0.115043 -0.97091 -1.00025
4.582 -0.129705 -0.113898 -0.97104 -1.00036
4.583 -0.128716 -0.112755 -0.971169 -1.00047
4.584 -0.127727 -0.111612 -0.971297 -1.00059
4.585 -0.126738 -0.110471 -0.971425 -1.0007
4.586 -0.125749 -0.10933 -0.971551 -1.00081
4.587 -0.12476 -0.108191 -0.971676 -1.00092
4.588 -0.123771 -0.107052 -0.9718 -1.00102
4.589 -0.122782 -0.105914 -0.971924 -1.00113
4.59 -0.121793 -0.104777 -0.972046 -1.00124
4.591 -0.120804 -0.103641 -0.972167 -1.00134
4.592 -0.119816 -0.102506 -0.972288 -1.00144
4.593 -0.118827 -0.101372 -0.972407 -1.00155
4.594 -0.117838 -0.100238 -0.972525 -1.00165
4.595 -0.116849 -0.099106 -0.972643 -1.00175
4.596 -0.11586 -0.0979746 -0.972759 -1.00184
4.597 -0.114871 -0.0968441 -0.972874 -1.00194
4.598 -0.113882 -0.0957145 -0.972989 -1.00204
4.599 -0.112893 -0.0945859 -0.973102 -1.00213
4.6 -0.111904 -0.0934582 -0.973215 -1.00223
4.601 -0.110915 -0.0923314 -0.973326 -1.00232
4.602 -0.109926 -0.0912055 -0.973436 -1.00241
4.603 -0.108937 -0.0900805 -0.973546 -1.0025
4.604 -0.107949 -0.0889565 -0.973654 -1.00259
4.605 -0.10696 -0.0878334 -0.973762 -1.00268
4.606 -0.105971 -0.0867112 -0.973868 -1.00277
4.607 -0.104982 -0.08559 -0.973974 -1.00285
4.608 -0.103993 -0.0844696 -0.974078 -1.00294
4.609 -0.103004 -0.0833502 -0.974182 -1.00302
4.61 -0.102015 -0.0822317 -0.974284 -1.00311
4.611 -0.101026 -0.0811141 -0.974386 -1.00319
4.612 -0.100037 -0.0799975 -0.974486 -1.00327
4.613 -0.0990483 -0.0788817 -0.974586 -1.00335
4.614 -0.0980594 -0.0777669 -0.974684 -1.00343
4.615 -0.0970705 -0.076653 -0.974782 -1.0035
4.616 -0.0960815 -0.0755401 -0.974878 -1.00358
4.617 -0.0950926 -0.074428 -0.974974 -1.00365
4.618 -0.0941037 -0.0733169 -0.975069 -1.00373
4.619 -0.0931148 -0.0722067 -0.975162 -1.0038
4.62 -0.0921259 -0.0710974 -0.975255 -1.00387
4.621 -0.091137 -0.0699891 -0.975346 -1.00394
4.622 -0.0901481 -0.0688816 -0.975437 -1.00401
4.623 -0.0891591 -0.0677751 -0.975527 -1.00408
4.624 -0.0881702 -0.0666695 -0.975615 -1.00415
4.625 -0.0871813 -0.0655649 -0.975703 -1.00421
4.626 -0.0861924 -0.0644611 -0.97579 -1.00428
4.627 -0.0852035 -0.0633583 -0.975875 -1.00434
4.628 -0.0842146 -0.0622564 -0.97596 -1.00441
4.629 -0.0832256 -0.0611554 -0.976044 -1.00447
4.63 -0.0822367 -0.0600554 -0.976127 -1.00453
4.631 -0.0812478 -0.0589563 -0.976208 -1.00459
4.632 -0.0802589 -0.057858 -0.976289 -1.00465
4.633 -0.07927 -0.0567608 -0.976369 -1.0047
4.634 -0.0782811 -0.0556644 -0.976448 -1.00476
4.635 -0.0772921 -0.054569 -0.976525 -1.00481
4.636 -0.0763032 -0.0534744 -0.976602 -1.00487
4.637 -0.0753143 -0.0523808 -0.976678 -1.00492
4.638 -0.0743254 -0.0512882 -0.976753 -1.00497
4.639 -0.0733365 -0.0501964 -0.976827 -1.00502
4.64 -0.0723476 -0.0491056 -0.9769 -1.00507
4.641 -0.0713586 -0.0480157 -0.976971 -1.00512
4.642 -0.0703697 -0.0469267 -0.977042 -1.00517
4.643 -0.0693808 -0.0458386 -0.977112 -1.00522
4.644 -0.0683919 -0.0447515 -0.977181 -1.00526
4.645 -0.067403 -0.0436653 -0.977249 -1.00531
4.646 -0.0664141 -0.04258 -0.977316 -1.00535
4.647 -0.0654252 -0.0414956 -0.977382 -1.00539
4.648 -0.0644362 -0.0404121 -0.977447 -1.00543
4.649 -0.0634473 -0.0393296 -0.977511 -1.00547
4.65 -0.0624584 -0.038248 -0.977574 -1.00551
4.651 -0.0614695 -0.0371673 -0.977636 -1.00555
4.652 -0.0604806 -0.0360876 -0.977697 -1.00558
4.653 -0.0594917 -0.0350087 -0.977757 -1.00562
4.654 -0.0585027 -0.0339308 -0.977816 -1.00565
4.655 -0.0575138 -0.0328538 -0.977874 -1.00569
4.656 -0.0565249 -0.0317777 -0.977931 -1.00572
4.657 -0.055536 -0.0307026 -0.977987 -1.00575
4.658 -0.0545471 -0.0296283 -0.978042 -1.00578
4.659 -0.0535582 -0.028555 -0.978096 -1.00581
4.66 -0.0525692 -0.0274827 -0.978149 -1.00584
4.661 -0.0515803 -0.0264112 -0.978201 -1.00587
4.662 -0.0505914 -0.0253407 -0.978252 -1.00589
4.663 -0.0496025 -0.024271 -0.978302 -1.00592
4.664 -0.0486136 -0.0232023 -0.978351 -1.00594
4.665 -0.0476247 -0.0221346 -0.978399 -1.00596
4.666 -0.0466357 -0.0210677 -0.978446 -1.00598
4.667 -0.0456468 -0.0200018 -0.978493 -1.006
4.668 -0.0446579 -0.0189368 -0.978538 -1.00602
4.669 -0.043669 -0.0178727 -0.978582 -1.00604
4.67 -0.0426801 -0.0168095 -0.978625 -1.00606
4.671 -0.0416912 -0.0157473 -0.978667 -1.00608
4.672 -0.0407023 -0.014686 -0.978708 -1.00609
4.673 -0.0397133 -0.0136256 -0.978749 -1.00611
4.674 -0.0387244 -0.0125661 -0.978788 -1.00612
4.675 -0.0377355 -0.0115076 -0.978826 -1.00613
4.676 -0.0367466 -0.0104499 -0.978863 -1.00614
4.677 -0.0357577 -0.00939324 -0.9789 -1.00615
4.678 -0.0347688 -0.00833745 -0.978935 -1.00616
4.679 -0.0337798 -0.00728259 -0.978969 -1.00617
4.68 -0.0327909 -0.00622866 -0.979002 -1.00618
4.681 -0.031802 -0.00517564 -0.979035 -1.00618
4.682 -0.0308131 -0.00412355 -0.979066 -1.00619
4.683 -0.0298242 -0.00307238 -0.979096 -1.00619
4.684 -0.0288353 -0.00202213 -0.979126 -1.00619
4.685 -0.0278463 -0.0009728 -0.979154 -1.00619
4.686 -0.0268574 7.56046e-05 -0.979181 -1.00619
4.687 -0.0258685 0.00112309 -0.979208 -1.00619
4.688 -0.0248796 0.00216965 -0.979233 -1.00619
4.689 -0.0238907 0.00321528 -0.979257 -1.00619
4.69 -0.0229018 0.00426 -0.979281 -1.00619
4.691 -0.0219128 0.00530379 -0.979303 -1.00618
4.692 -0.0209239 0.00634666 -0.979325 -1.00617
4.693 -0.019935 0.00738861 -0.979345 -1.00617
4.694 -0.0189461 0.00842964 -0.979365 -1.00616
4.695 -0.0179572 0.00946974 -0.979383 -1.00615
4.696 -0.0169683 0.0105089 -0.9794 -1.00614
4.697 -0.0159794 0.0115472 -0.979417 -1.00613
4.698 -0.0149904 0.0125845 -0.979432 -1.00612
4.699 -0.0140015 0.0136209 -0.979447 -1.0061
4.7 -0.0130126 0.0146564 -0.97946 -1.00609
4.701 -0.0120237 0.015691 -0.979473 -1.00608
4.702 -0.0110348 0.0167246 -0.979484 -1.00606
4.703 -0.0100459 0.0177574 -0.979495 -1.00604
4.704 -0.00905694 0.0187892 -0.979505 -1.00602
4.705 -0.00806803 0.0198201 -0.979513 -1.006
4.706 -0.00707911 0.02085 -0.979521 -1.00598
4.707 -0.00609019 0.021879 -0.979527 -1.00596
4.708 -0.00510128 0.0229072 -0.979533 -1.00594
4.709 -0.00411236 0.0239344 -0.979537 -1.00592
4.71 -0.00312345 0.0249606 -0.979541 -1.00589
4.711 -0.00213453 0.025986 -0.979544 -1.00587
4.712 -0.00114561 0.0270104 -0.979545 -1.00584
4.713 -0.000156698 0.0280339 -0.979546 -1.00581
4.714 0.000832218 0.0290565 -0.979546 -1.00578
4.715 0.00182113 0.0300781 -0.979544 -1.00575
4.716 0.00281005 0.0310989 -0.979542 -1.00572
4.717 0.00379897 0.0321187 -0.979539 -1.00569
4.718 0.00478788 0.0331376 -0.979534 -1.00566
4.719 0.0057768 0.0341555 -0.979529 -1.00563
4.72 0.00676571 0.0351726 -0.979523 -1.00559
4.721 0.00775463 0.0361887 -0.979516 -1.00556
4.722 0.00874355 0.0372039 -0.979507 -1.00552
4.723 0.00973246 0.0382182 -0.979498 -1.00548
4.724 0.0107214 0.0392315 -0.979488 -1.00544
4.725 0.0117103 0.040244 -0.979477 -1.0054
4.726 0.0126992 0.0412555 -0.979464 -1.00536
4.727 0.0136881 0.0422661 -0.979451 -1.00532
4.728 0.014677 0.0432758 -0.979437 -1.00528
4.729 0.015666 0.0442845 -0.979422 -1.00523
4.73 0.0166549 0.0452923 -0.979406 -1.00519
4.731 0.0176438 0.0462992 -0.979389 -1.00514
4.732 0.0186327 0.0473052 -0.97937 -1.0051
4.733 0.0196216 0.0483103 -0.979351 -1.00505
4.734 0.0206105 0.0493144 -0.979331 -1.005
4.735 0.0215995 0.0503176 -0.97931 -1.00495
4.736 0.0225884 0.0513199 -0.979288 -1.0049
4.737 0.0235773 0.0523213 -0.979265 -1.00485
4.738 0.0245662 0.0533217 -0.979241 -1.00479
4.739 0.0255551 0.0543212 -0.979216 -1.00474
4.74 0.026544 0.0553198 -0.97919 -1.00469
4.741 0.0275329 0.0563175 -0.979163 -1.00463
4.742 0.0285219 0.0573143 -0.979135 -1.00457
4.743 0.0295108 0.0583101 -0.979106 -1.00452
4.744 0.0304997 0.059305 -0.979076 -1.00446
4.745 0.0314886 0.060299 -0.979045 -1.0044
4.746 0.0324775 0.0612921 -0.979013 -1.00434
4.747 0.0334664 0.0622842 -0.97898 -1.00427
4.748 0.0344554 0.0632754 -0.978946 -1.00421
4.749 0.0354443 0.0642657 -0.978911 -1.00415
4.75 0.0364332 0.0652551 -0.978875 -1.00408
4.751 0.0374221 0.0662436 -0.978838 -1.00402
4.752 0.038411 0.0672311 -0.9788 -1.00395
4.753 0.0393999 0.0682177 -0.978761 -1.00388
4.754 0.0403889 0.0692034 -0.978721 -1.00381
4.755 0.0413778 0.0701882 -0.97868 -1.00374
4.756 0.0423667 0.071172 -0.978638 -1.00367
4.757 0.0433556 0.0721549 -0.978596 -1.0036
4.758 0.0443445 0.0731369 -0.978552 -1.00353
4.759 0.0453334 0.074118 -0.978507 -1.00346
4.76 0.0463224 0.0750981 -0.978461 -1.00338
4.761 0.0473113 0.0760774 -0.978414 -1.00331
4.762 0.0483002 0.0770557 -0.978366 -1.00323
4.763 0.0492891 0.0780331 -0.978318 -1.00315
4.764 0.050278 0.0790095 -0.978268 -1.00307
4.765 0.0512669 0.0799851 -0.978217 -1.00299
4.766 0.0522558 0.0809597 -0.978165 -1.00291
4.767 0.0532448 0.0819334 -0.978113 -1.00283
4.768 0.0542337 0.0829062 -0.978059 -1.00275
4.769 0.0552226 0.083878 -0.978004 -1.00267
4.77 0.0562115 0.084849 -0.977948 -1.00258
4.771 0.0572004 0.085819 -0.977892 -1.0025
4.772 0.0581893 0.0867881 -0.977834 -1.00241
4.773 0.0591783 0.0877562 -0.977775 -1.00232
4.774 0.0601672 0.0887235 -0.977716 -1.00223
4.775 0.0611561 0.0896898 -0.977655 -1.00214
4.776 0.062145 0.0906552 -0.977593 -1.00205
4.777 0.0631339 0.0916197 -0.977531 -1.00196
4.778 0.0641228 0.0925832 -0.977467 -1.00187
4.779 0.0651118 0.0935458 -0.977402 -1.00178
4.78 0.0661007 0.0945075 -0.977337 -1.00168
4.781 0.0670896 0.0954683 -0.97727 -1.00159
4.782 0.0680785 0.0964282 -0.977203 -1.00149
4.783 0.0690674 0.0973871 -0.977134 -1.0014
4.784 0.0700563 0.0983452 -0.977065 -1.0013
4.785 0.0710453 0.0993022 -0.976994 -1.0012
4.786 0.0720342 0.100258 -0.976922 -1.0011
4.787 0.0730231 0.101214 -0.97685 -1.001
4.788 0.074012 0.102168 -0.976776 -1.0009
4.789 0.0750009 0.103121 -0.976702 -1.0008
4.79 0.0759898 0.104074 -0.976626 -1.00069
4.791 0.0769787 0.105025 -0.97655 -1.00059
4.792 0.0779677 0.105976 -0.976472 -1.00048
4.793 0.0789566 0.106926 -0.976394 -1.00037
4.794 0.0799455 0.107875 -0.976315 -1.00027
4.795 0.0809344 0.108822 -0.976234 -1.00016
4.796 0.0819233 0.109769 -0.976153 -1.00005
4.797 0.0829122 0.110715 -0.97607 -0.99994
4.798 0.0839012 0.111661 -0.975987 -0.999829
4.799 0.0848901 0.112605 -0.975902 -0.999716
4.8 0.085879 0.113548 -0.975817 -0.999603
4.801 0.0868679 0.11449 -0.975731 -0.999489
4.802 0.0878568 0.115432 -0.975643 -0.999374
4.803 0.0888457 0.116372 -0.975555 -0.999258
4.804 0.0898347 0.117312 -0.975466 -0.999142
4.805 0.0908236 0.11825 -0.975375 -0.999024
4.806 0.0918125 0.119188 -0.975284 -0.998905
4.807 0.0928014 0.120125 -0.975192 -0.998785
4.808 0.0937903 0.121061 -0.975098 -0.998665
4.809 0.0947792 0.121996 -0.975004 -0.998543
4.81 0.0957682 0.12293 -0.974909 -0.998421
4.811 0.0967571 0.123863 -0.974813 -0.998297
4.812 0.097746 0.124795 -0.974715 -0.998173
4.813 0.0987349 0.125726 -0.974617 -0.998048
4.814 0.0997238 0.126657 -0.974518 -0.997922
4.815 0.100713 0.127586 -0.974418 -0.997795
4.816 0.101702 0.128515 -0.974316 -0.997666
4.817 0.102691 0.129442 -0.974214 -0.997538
4.818 0.103679 0.130369 -0.974111 -0.997408
4.819 0.104668 0.131295 -0.974007 -0.997277
4.82 0.105657 0.13222 -0.973902 -0.997145
4.821 0.106646 0.133143 -0.973796 -0.997012
4.822 0.107635 0.134066 -0.973688 -0.996879
4.823 0.108624 0.134988 -0.97358 -0.996744
4.824 0.109613 0.13591 -0.973471 -0.996609
4.825 0.110602 0.13683 -0.973361 -0.996472
4.826 0.111591 0.137749 -0.97325 -0.996335
4.827 0.11258 0.138667 -0.973138 -0.996197
4.828 0.113569 0.139585 -0.973025 -0.996058
4.829 0.114558 0.140501 -0.972911 -0.995918
4.83 0.115546 0.141417 -0.972796 -0.995777
4.831 0.116535 0.142332 -0.97268 -0.995635
4.832 0.117524 0.143245 -0.972563 -0.995492
4.833 0.118513 0.144158 -0.972445 -0.995348
4.834 0.119502 0.14507 -0.972326 -0.995204
4.835 0.120491 0.145981 -0.972206 -0.995058
4.836 0.12148 0.146891 -0.972085 -0.994912
4.837 0.122469 0.1478 -0.971963 -0.994764
4.838 0.123458 0.148709 -0.97184 -0.994616
4.839 0.124447 0.149616 -0.971716 -0.994467
4.84 0.125436 0.150522 -0.971591 -0.994317
4.841 0.126425 0.151428 -0.971465 -0.994166
4.842 0.127413 0.152332 -0.971338 -0.994014
4.843 0.128402 0.153236 -0.97121 -0.993861
4.844 0.129391 0.154138 -0.971081 -0.993708
4.845 0.13038 0.15504 -0.970951 -0.993553
4.846 0.131369 0.155941 -0.97082 -0.993398
4.847 0.132358 0.156841 -0.970688 -0.993241
4.848 0.133347 0.15774 -0.970556 -0.993084
4.849 0.134336 0.158638 -0.970422 -0.992926
4.85 0.135325 0.159535 -0.970287 -0.992767
4.851 0.136314 0.160431 -0.970151 -0.992607
4.852 0.137303 0.161327 -0.970014 -0.992446
4.853 0.138292 0.162221 -0.969877 -0.992284
4.854 0.13928 0.163115 -0.969738 -0.992121
4.855 0.140269 0.164007 -0.969598 -0.991958
4.856 0.141258 0.164899 -0.969457 -0.991793
4.857 0.142247 0.165789 -0.969315 -0.991628
4.858 0.143236 0.166679 -0.969173 -0.991462
4.859 0.144225 0.167568 -0.969029 -0.991295
4.86 0.145214 0.168456 -0.968884 -0.991127
4.861 0.146203 0.169343 -0.968739 -0.990958
4.862 0.147192 0.170229 -0.968592 -0.990788
4.863 0.148181 0.171114 -0.968444 -0.990617
4.864 0.14917 0.171998 -0.968296 -0.990446
4.865 0.150159 0.172882 -0.968146 -0.990273
4.866 0.151147 0.173764 -0.967995 -0.9901
4.867 0.152136 0.174646 -0.967844 -0.989926
4.868 0.153125 0.175526 -0.967691 -0.989751
4.869 0.154114 0.176406 -0.967537 -0.989575
4.87 0.155103 0.177284 -0.967383 -0.989398
4.871 0.156092 0.178162 -0.967227 -0.98922
4.872 0.157081 0.179039 -0.967071 -0.989041
4.873 0.15807 0.179915 -0.966913 -0.988862
4.874 0.159059 0.18079 -0.966754 -0.988682
4.875 0.160048 0.181664 -0.966595 -0.9885
4.876 0.161037 0.182537 -0.966434 -0.988318
4.877 0.162026 0.18341 -0.966273 -0.988135
4.878 0.163014 0.184281 -0.96611 -0.987951
4.879 0.164003 0.185151 -0.965947 -0.987767
4.88 0.164992 0.186021 -0.965782 -0.987581
4.881 0.165981 0.186889 -0.965617 -0.987395
4.882 0.16697 0.187757 -0.96545 -0.987207
4.883 0.167959 0.188624 -0.965283 -0.987019
4.884 0.168948 0.189489 -0.965114 -0.98683
4.885 0.169937 0.190354 -0.964945 -0.98664
4.886 0.170926 0.191218 -0.964774 -0.986449
4.887 0.171915 0.192081 -0.964603 -0.986258
4.888 0.172904 0.192943 -0.964431 -0.986065
4.889 0.173893 0.193805 -0.964257 -0.985872
4.89 0.174881 0.194665 -0.964083 -0.985678
4.891 0.17587 0.195524 -0.963907 -0.985483
4.892 0.176859 0.196383 -0.963731 -0.985287
4.893 0.177848 0.19724 -0.963554 -0.98509
4.894 0.178837 0.198097 -0.963375 -0.984892
4.895 0.179826 0.198952 -0.963196 -0.984694
4.896 0.180815 0.199807 -0.963016 -0.984494
4.897 0.181804 0.200661 -0.962834 -0.984294
4.898 0.182793 0.201514 -0.962652 -0.984093
4.899 0.183782 0.202366 -0.962469 -0.983891
4.9 0.184771 0.203217 -0.962285 -0.983688
4.901 0.18576 0.204067 -0.962099 -0.983485
4.902 0.186748 0.204916 -0.961913 -0.98328
4.903 0.187737 0.205764 -0.961726 -0.983075
4.904 0.188726 0.206612 -0.961538 -0.982869
4.905 0.189715 0.207458 -0.961348 -0.982662
4.906 0.190704 0.208303 -0.961158 -0.982454
4.907 0.191693 0.209148 -0.960967 -0.982245
4.908 0.192682 0.209992 -0.960775 -0.982035
4.909 0.193671 0.210834 -0.960582 -0.981825
4.91 0.19466 0.211676 -0.960387 -0.981614
4.911 0.195649 0.212517 -0.960192 -0.981402
4.912 0.196638 0.213357 -0.959996 -0.981189
4.913 0.197626 0.214196 -0.959799 -0.980975
4.914 0.198615 0.215034 -0.959601 -0.98076
4.915 0.199604 0.215871 -0.959402 -0.980545
4.916 0.200593 0.216708 -0.959202 -0.980328
4.917 0.201582 0.217543 -0.959001 -0.980111
4.918 0.202571 0.218377 -0.958799 -0.979893
4.919 0.20356 0.219211 -0.958595 -0.979675
4.92 0.204549 0.220044 -0.958391 -0.979455
4.921 0.205538 0.220875 -0.958186 -0.979235
4.922 0.206527 0.221706 -0.95798 -0.979013
4.923 0.207516 0.222536 -0.957773 -0.978791
4.924 0.208505 0.223365 -0.957565 -0.978568
4.925 0.209493 0.224193 -0.957356 -0.978344
4.926 0.210482 0.22502 -0.957146 -0.97812
4.927 0.211471 0.225846 -0.956935 -0.977894
4.928 0.21246 0.226671 -0.956723 -0.977668
4.929 0.213449 0.227495 -0.95651 -0.977441
4.93 0.214438 0.228319 -0.956296 -0.977213
4.931 0.215427 0.229141 -0.956082 -0.976984
4.932 0.216416 0.229963 -0.955866 -0.976755
4.933 0.217405 0.230783 -0.955649 -0.976524
4.934 0.218394 0.231603 -0.955431 -0.976293
4.935 0.219383 0.232422 -0.955212 -0.976061
4.936 0.220372 0.23324 -0.954992 -0.975828
4.937 0.22136 0.234056 -0.954771 -0.975595
4.938 0.222349 0.234872 -0.954549 -0.97536
4.939 0.223338 0.235687 -0.954326 -0.975125
4.94 0.224327 0.236502 -0.954103 -0.974889
4.941 0.225316 0.237315 -0.953878 -0.974652
4.942 0.226305 0.238127 -0.953652 -0.974414
4.943 0.227294 0.238938 -0.953425 -0.974176
4.944 0.228283 0.239749 -0.953197 -0.973936
4.945 0.229272 0.240558 -0.952969 -0.973696
4.946 0.230261 0.241367 -0.952739 -0.973455
4.947 0.23125 0.242175 -0.952508 -0.973214
4.948 0.232239 0.242982 -0.952276 -0.972971
4.949 0.233227 0.243787 -0.952044 -0.972728
4.95 0.234216 0.244592 -0.95181 -0.972483
4.951 0.235205 0.245396 -0.951575 -0.972238
4.952 0.236194 0.246199 -0.95134 -0.971993
4.953 0.237183 0.247001 -0.951103 -0.971746
4.954 0.238172 0.247803 -0.950865 -0.971499
4.955 0.239161 0.248603 -0.950626 -0.97125
4.956 0.24015 0.249402 -0.950387 -0.971001
4.957 0.241139 0.250201 -0.950146 -0.970752
4.958 0.242128 0.250998 -0.949905 -0.970501
4.959 0.243117 0.251795 -0.949662 -0.97025
4.96 0.244106 0.252591 -0.949418 -0.969997
4.961 0.245094 0.253385 -0.949174 -0.969744
4.962 0.246083 0.254179 -0.948928 -0.969491
4.963 0.247072 0.254972 -0.948682 -0.969236
4.964 0.248061 0.255764 -0.948434 -0.968981
4.965 0.24905 0.256555 -0.948185 -0.968725
4.966 0.250039 0.257346 -0.947936 -0.968468
4.967 0.251028 0.258135 -0.947685 -0.96821
4.968 0.252017 0.258923 -0.947434 -0.967951
4.969 0.253006 0.25971 -0.947181 -0.967692
4.97 0.253995 0.260497 -0.946928 -0.967432
4.971 0.254984 0.261282 -0.946673 -0.967171
4.972 0.255973 0.262067 -0.946418 -0.966909
4.973 0.256961 0.262851 -0.946161 -0.966647
4.974 0.25795 0.263634 -0.945904 -0.966384
4.975 0.258939 0.264415 -0.945645 -0.96612
4.976 0.259928 0.265196 -0.945386 -0.965855
4.977 0.260917 0.265976 -0.945126 -0.965589
4.978 0.261906 0.266755 -0.944864 -0.965323
4.979 0.262895 0.267534 -0.944602 -0.965056
4.98 0.263884 0.268311 -0.944338 -0.964788
4.981 0.264873 0.269087 -0.944074 -0.964519
4.982 0.265862 0.269863 -0.943809 -0.96425
4.983 0.266851 0.270637 -0.943542 -0.963979
4.984 0.26784 0.271411 -0.943275 -0.963708
4.985 0.268828 0.272183 -0.943007 -0.963437
4.986 0.269817 0.272955 -0.942737 -0.963164
4.987 0.270806 0.273726 -0.942467 -0.962891
4.988 0.271795 0.274496 -0.942196 -0.962616
4.989 0.272784 0.275265 -0.941923 -0.962342
4.99 0.273773 0.276033 -0.94165 -0.962066
4.991 0.274762 0.2768 -0.941376 -0.96179
4.992 0.275751 0.277566 -0.941101 -0.961512
4.993 0.27674 0.278331 -0.940824 -0.961234
4.994 0.277729 0.279096 -0.940547 -0.960956
4.995 0.278718 0.279859 -0.940269 -0.960676
4.996 0.279707 0.280621 -0.93999 -0.960396
4.997 0.280695 0.281383 -0.939709 -0.960115
4.998 0.281684 0.282144 -0.939428 -0.959833
4.999 0.282673 0.282903 -0.939146 -0.959551
5 0.283662 0.283662 -0.938863 -0.959267
5.001 0.284512 0.284421 -0.938579 -0.958983
5.002 0.285362 0.28518 -0.938294 -0.958699
5.003 0.286212 0.285939 -0.938008 -0.958413
5.004 0.287062 0.286698 -0.937721 -0.958127
5.005 0.287912 0.287458 -0.937434 -0.95784
5.006 0.288762 0.288219 -0.937146 -0.957552
5.007 0.289612 0.28898 -0.936856 -0.957263
5.008 0.290462 0.289741 -0.936566 -0.956974
5.009 0.291312 0.290502 -0.936276 -0.956684
5.01 0.292162 0.291264 -0.935984 -0.956393
5.011 0.293012 0.292026 -0.935691 -0.956101
5.012 0.293862 0.292789 -0.935398 -0.955809
5.013 0.294712 0.293552 -0.935104 -0.955516
5.014 0.295562 0.294315 -0.934808 -0.955222
5.015 0.296412 0.295079 -0.934512 -0.954927
5.016 0.297262 0.295843 -0.934216 -0.954631
5.017 0.298112 0.296607 -0.933918 -0.954335
5.018 0.298962 0.297372 -0.933619 -0.954038
5.019 0.299812 0.298137 -0.93332 -0.953741
5.02 0.300662 0.298902 -0.93302 -0.953442
5.021 0.301513 0.299668 -0.932719 -0.953143
5.022 0.302363 0.300434 -0.932417 -0.952843
5.023 0.303213 0.301201 -0.932114 -0.952542
5.024 0.304063 0.301968 -0.93181 -0.95224
5.025 0.304913 0.302735 -0.931506 -0.951938
5.026 0.305763 0.303503 -0.9312 -0.951635
5.027 0.306613 0.304271 -0.930894 -0.951331
5.028 0.307463 0.305039 -0.930587 -0.951026
5.029 0.308313 0.305808 -0.930279 -0.950721
5.03 0.309163 0.306577 -0.929971 -0.950415
5.031 0.310013 0.307347 -0.929661 -0.950108
5.032 0.310863 0.308117 -0.929351 -0.9498
5.033 0.311713 0.308887 -0.929039 -0.949491
5.034 0.312563 0.309658 -0.928727 -0.949182
5.035 0.313413 0.310429 -0.928414 -0.948872
5.036 0.314263 0.3112 -0.9281 -0.948561
5.037 0.315113 0.311972 -0.927786 -0.94825
5.038 0.315963 0.312744 -0.92747 -0.947937
5.039 0.316813 0.313516 -0.927154 -0.947624
5.04 0.317663 0.314289 -0.926836 -0.94731
5.041 0.318513 0.315062 -0.926518 -0.946996
5.042 0.319363 0.315836 -0.926199 -0.94668
5.043 0.320213 0.31661 -0.92588 -0.946364
5.044 0.321063 0.317384 -0.925559 -0.946047
5.045 0.321913 0.318159 -0.925238 -0.945729
5.046 0.322763 0.318934 -0.924915 -0.945411
5.047 0.323613 0.319709 -0.924592 -0.945091
5.048 0.324463 0.320485 -0.924268 -0.944771
5.049 0.325313 0.321261 -0.923943 -0.94445
5.05 0.326163 0.322038 -0.923617 -0.944129
5.051 0.327013 0.322814 -0.923291 -0.943806
5.052 0.327863 0.323592 -0.922963 -0.943483
5.053 0.328713 0.324369 -0.922635 -0.943159
5.054 0.329563 0.325147 -0.922306 -0.942834
5.055 0.330413 0.325926 -0.921976 -0.942509
5.056 0.331263 0.326704 -0.921645 -0.942183
5.057 0.332113 0.327483 -0.921313 -0.941855
5.058 0.332963 0.328263 -0.920981 -0.941528
5.059 0.333813 0.329043 -0.920647 -0.941199
5.06 0.334663 0.329823 -0.920313 -0.940869
5.061 0.335513 0.330603 -0.919978 -0.940539
5.062 0.336363 0.331384 -0.919642 -0.940208
5.063 0.337213 0.332165 -0.919305 -0.939876
5.064 0.338063 0.332947 -0.918968 -0.939544
5.065 0.338913 0.333729 -0.918629 -0.939211
5.066 0.339763 0.334511 -0.91829 -0.938876
5.067 0.340613 0.335294 -0.91795 -0.938542
5.068 0.341463 0.336077 -0.917609 -0.938206
5.069 0.342313 0.336861 -0.917267 -0.937869
5.07 0.343163 0.337644 -0.916924 -0.937532
5.071 0.344013 0.338429 -0.91658 -0.937194
5.072 0.344863 0.339213 -0.916236 -0.936855
5.073 0.345713 0.339998 -0.915891 -0.936516
5.074 0.346563 0.340783 -0.915545 -0.936175
5.075 0.347413 0.341569 -0.915198 -0.935834
5.076 0.348263 0.342355 -0.91485 -0.935492
5.077 0.349113 0.343141 -0.914501 -0.935149
5.078 0.349963 0.343928 -0.914152 -0.934806
5.079 0.350813 0.344715 -0.913801 -0.934462
5.08 0.351663 0.345503 -0.91345 -0.934116
5.081 0.352513 0.346291 -0.913098 -0.933771
5.082 0.353363 0.347079 -0.912745 -0.933424
5.083 0.354213 0.347868 -0.912391 -0.933076
5.084 0.355063 0.348657 -0.912036 -0.932728
5.085 0.355913 0.349446 -0.911681 -0.932379
5.086 0.356763 0.350236 -0.911325 -0.932029
5.087 0.357614 0.351026 -0.910967 -0.931679
5.088 0.358464 0.351816 -0.910609 -0.931327
5.089 0.359314 0.352607 -0.910251 -0.930975
5.09 0.360164 0.353398 -0.909891 -0.930622
5.091 0.361014 0.35419 -0.90953 -0.930268
5.092 0.361864 0.354981 -0.909169 -0.929914
5.093 0.362714 0.355774 -0.908806 -0.929558
5.094 0.363564 0.356566 -0.908443 -0.929202
5.095 0.364414 0.357359 -0.908079 -0.928845
5.096 0.365264 0.358153 -0.907715 -0.928487
5.097 0.366114 0.358946 -0.907349 -0.928129
5.098 0.366964 0.35974 -0.906982 -0.927769
5.099 0.367814 0.360535 -0.906615 -0.927409
5.1 0.368664 0.36133 -0.906247 -0.927048
5.101 0.369514 0.362125 -0.905878 -0.926687
5.102 0.370364 0.362921 -0.905508 -0.926324
5.103 0.371214 0.363716 -0.905137 -0.925961
5.104 0.372064 0.364513 -0.904765 -0.925597
5.105 0.372914 0.365309 -0.904393 -0.925232
5.106 0.373764 0.366106 -0.904019 -0.924866
5.107 0.374614 0.366904 -0.903645 -0.9245
5.108 0.375464 0.367702 -0.90327 -0.924132
5.109 0.376314 0.3685 -0.902894 -0.923764
5.11 0.377164 0.369298 -0.902518 -0.923395
5.111 0.378014 0.370097 -0.90214 -0.923026
5.112 0.378864 0.370896 -0.901761 -0.922655
5.113 0.379714 0.371696 -0.901382 -0.922284
5.114 0.380564 0.372496 -0.901002 -0.921912
5.115 0.381414 0.373296 -0.900621 -0.921539
5.116 0.382264 0.374097 -0.900239 -0.921165
5.117 0.383114 0.374898 -0.899857 -0.920791
5.118 0.383964 0.375699 -0.899473 -0.920415
5.119 0.384814 0.376501 -0.899089 -0.920039
5.12 0.385664 0.377303 -0.898703 -0.919662
5.121 0.386514 0.378106 -0.898317 -0.919285
5.122 0.387364 0.378909 -0.89793 -0.918906
5.123 0.388214 0.379712 -0.897543 -0.918527
5.124 0.389064 0.380516 -0.897154 -0.918147
5.125 0.389914 0.38132 -0.896764 -0.917766
5.126 0.390764 0.382124 -0.896374 -0.917384
5.127 0.391614 0.382929 -0.895983 -0.917001
5.128 0.392464 0.383734 -0.895591 -0.916618
5.129 0.393314 0.384539 -0.895198 -0.916234
5.13 0.394164 0.385345 -0.894804 -0.915849
5.131 0.395014 0.386151 -0.89441 -0.915463
5.132 0.395864 0.386958 -0.894014 -0.915077
5.133 0.396714 0.387765 -0.893618 -0.914689
5.134 0.397564 0.388572 -0.893221 -0.914301
5.135 0.398414 0.38938 -0.892823 -0.913912
5.136 0.399264 0.390188 -0.892424 -0.913522
5.137 0.400114 0.390996 -0.892024 -0.913132
5.138 0.400964 0.391805 -0.891624 -0.91274
5.139 0.401814 0.392614 -0.891222 -0.912348
5.14 0.402664 0.393424 -0.89082 -0.911955
5.141 0.403514 0.394233 -0.890417 -0.911561
5.142 0.404364 0.395044 -0.890013 -0.911167
5.143 0.405214 0.395854 -0.889608 -0.910771
5.144 0.406064 0.396665 -0.889203 -0.910375
5.145 0.406914 0.397477 -0.888796 -0.909978
5.146 0.407764 0.398288 -0.888389 -0.90958
5.147 0.408614 0.3991 -0.887981 -0.909181
5.148 0.409464 0.399913 -0.887572 -0.908782
5.149 0.410314 0.400725 -0.887162 -0.908382
5.15 0.411164 0.401539 -0.886751 -0.90798
5.151 0.412014 0.402352 -0.886339 -0.907579
5.152 0.412864 0.403166 -0.885927 -0.907176
5.153 0.413715 0.40398 -0.885514 -0.906772
5.154 0.414565 0.404795 -0.885099 -0.906368
5.155 0.415415 0.40561 -0.884685 -0.905963
5.156 0.416265 0.406425 -0.884269 -0.905557
5.157 0.417115 0.407241 -0.883852 -0.90515
5.158 0.417965 0.408057 -0.883434 -0.904742
5.159 0.418815 0.408874 -0.883016 -0.904334
5.16 0.419665 0.40969 -0.882597 -0.903924
5.161 0.420515 0.410508 -0.882177 -0.903514
5.162 0.421365 0.411325 -0.881756 -0.903103
5.163 0.422215 0.412143 -0.881334 -0.902692
5.164 0.423065 0.412961 -0.880911 -0.902279
5.165 0.423915 0.41378 -0.880488 -0.901866
5.166 0.424765 0.414599 -0.880064 -0.901452
5.167 0.425615 0.415419 -0.879638 -0.901036
5.168 0.426465 0.416238 -0.879212 -0.900621
5.169 0.427315 0.417058 -0.878785 -0.900204
5.17 0.428165 0.417879 -0.878358 -0.899787
5.171 0.429015 0.4187 -0.877929 -0.899368
5.172 0.429865 0.419521 -0.8775 -0.898949
5.173 0.430715 0.420343 -0.877069 -0.898529
5.174 0.431565 0.421165 -0.876638 -0.898108
5.175 0.432415 0.421987 -0.876206 -0.897687
5.176 0.433265 0.42281 -0.875773 -0.897264
5.177 0.434115 0.423633 -0.87534 -0.896841
5.178 0.434965 0.424456 -0.874905 -0.896417
5.179 0.435815 0.42528 -0.87447 -0.895992
5.18 0.436665 0.426104 -0.874034 -0.895567
5.181 0.437515 0.426929 -0.873596 -0.89514
5.182 0.438365 0.427753 -0.873158 -0.894713
5.183 0.439215 0.428579 -0.87272 -0.894285
5.184 0.440065 0.429404 -0.87228 -0.893856
5.185 0.440915 0.43023 -0.87184 -0.893426
5.186 0.441765 0.431057 -0.871398 -0.892995
5.187 0.442615 0.431883 -0.870956 -0.892564
5.188 0.443465 0.432711 -0.870513 -0.892131
5.189 0.444315 0.433538 -0.870069 -0.891698
5.19 0.445165 0.434366 -0.869624 -0.891264
5.191 0.446015 0.435194 -0.869179 -0.89083
5.192 0.446865 0.436023 -0.868732 -0.890394
5.193 0.447715 0.436852 -0.868285 -0.889958
5.194 0.448565 0.437681 -0.867837 -0.88952
5.195 0.449415 0.43851 -0.867388 -0.889082
5.196 0.450265 0.43934 -0.866938 -0.888643
5.197 0.451115 0.440171 -0.866487 -0.888203
5.198 0.451965 0.441002 -0.866036 -0.887763
5.199 0.452815 0.441833 -0.865583 -0.887321
5.2 0.453665 0.442664 -0.86513 -0.886879
5.201 0.454515 0.443496 -0.864676 -0.886436
5.202 0.455365 0.444328 -0.864221 -0.885992
5.203 0.456215 0.445161 -0.863765 -0.885547
5.204 0.457065 0.445994 -0.863309 -0.885102
5.205 0.457915 0.446827 -0.862851 -0.884656
5.206 0.458765 0.447661 -0.862393 -0.884208
5.207 0.459615 0.448495 -0.861934 -0.88376
5.208 0.460465 0.449329 -0.861474 -0.883311
5.209 0.461315 0.450164 -0.861013 -0.882862
5.21 0.462165 0.450999 -0.860551 -0.882411
5.211 0.463015 0.451835 -0.860088 -0.88196
5.212 0.463865 0.452671 -0.859625 -0.881507
5.213 0.464715 0.453507 -0.859161 -0.881054
5.214 0.465565 0.454344 -0.858696 -0.8806
5.215 0.466415 0.455181 -0.85823 -0.880145
5.216 0.467265 0.456018 -0.857763 -0.87969
5.217 0.468115 0.456856 -0.857295 -0.879233
5.218 0.468965 0.457694 -0.856827 -0.878776
5.219 0.469816 0.458532 -0.856357 -0.878318
5.22 0.470666 0.459371 -0.855887 -0.877859
5.221 0.471516 0.46021 -0.855416 -0.877399
5.222 0.472366 0.46105 -0.854944 -0.876939
5.223 0.473216 0.46189 -0.854471 -0.876477
5.224 0.474066 0.46273 -0.853997 -0.876015
5.225 0.474916 0.463571 -0.853523 -0.875552
5.226 0.475766 0.464412 -0.853048 -0.875088
5.227 0.476616 0.465253 -0.852571 -0.874623
5.228 0.477466 0.466095 -0.852094 -0.874157
5.229 0.478316 0.466937 -0.851616 -0.873691
5.23 0.479166 0.46778 -0.851138 -0.873223
5.231 0.480016 0.468623 -0.850658 -0.872755
5.232 0.480866 0.469466 -0.850178 -0.872286
5.233 0.481716 0.470309 -0.849696 -0.871816
5.234 0.482566 0.471153 -0.849214 -0.871346
5.235 0.483416 0.471998 -0.848731 -0.870874
5.236 0.484266 0.472842 -0.848247 -0.870402
5.237 0.485116 0.473687 -0.847763 -0.869928
5.238 0.485966 0.474533 -0.847277 -0.869454
5.239 0.486816 0.475379 -0.846791 -0.868979
5.24 0.487666 0.476225 -0.846304 -0.868503
5.241 0.488516 0.477071 -0.845815 -0.868027
5.242 0.489366 0.477918 -0.845327 -0.867549
5.243 0.490216 0.478766 -0.844837 -0.867071
5.244 0.491066 0.479613 -0.844346 -0.866592
5.245 0.491916 0.480461 -0.843855 -0.866112
5.246 0.492766 0.48131 -0.843362 -0.865631
5.247 0.493616 0.482158 -0.842869 -0.865149
5.248 0.494466 0.483007 -0.842375 -0.864666
5.249 0.495316 0.483857 -0.84188 -0.864183
5.25 0.496166 0.484707 -0.841384 -0.863699
5.251 0.497016 0.485557 -0.840888 -0.863214
5.252 0.497866 0.486407 -0.84039 -0.862728
5.253 0.498716 0.487258 -0.839892 -0.862241
5.254 0.499566 0.48811 -0.839393 -0.861753
5.255 0.500416 0.488961 -0.838893 -0.861265
5.256 0.501266 0.489813 -0.838392 -0.860775
5.257 0.502116 0.490666 -0.83789 -0.860285
5.258 0.502966 0.491519 -0.837388 -0.859794
5.259 0.503816 0.492372 -0.836885 -0.859302
5.26 0.504666 0.493225 -0.83638 -0.858809
5.261 0.505516 0.494079 -0.835875 -0.858315
5.262 0.506366 0.494933 -0.835369 -0.857821
5.263 0.507216 0.495788 -0.834862 -0.857326
5.264 0.508066 0.496643 -0.834355 -0.856829
5.265 0.508916 0.497498 -0.833846 -0.856332
5.266 0.509766 0.498354 -0.833337 -0.855834
5.267 0.510616 0.49921 -0.832827 -0.855336
5.268 0.511466 0.500066 -0.832316 -0.854836
5.269 0.512316 0.500923 -0.831804 -0.854336
5.27 0.513166 0.50178 -0.831291 -0.853834
5.271 0.514016 0.502638 -0.830778 -0.853332
5.272 0.514866 0.503496 -0.830263 -0.852829
5.273 0.515716 0.504354 -0.829748 -0.852325
5.274 0.516566 0.505213 -0.829232 -0.85182
5.275 0.517416 0.506072 -0.828715 -0.851315
5.276 0.518266 0.506931 -0.828197 -0.850808
5.277 0.519116 0.507791 -0.827678 -0.850301
5.278 0.519966 0.508651 -0.827159 -0.849792
5.279 0.520816 0.509511 -0.826638 -0.849283
5.28 0.521666 0.510372 -0.826117 -0.848773
5.281 0.522516 0.511233 -0.825595 -0.848263
5.282 0.523366 0.512095 -0.825072 -0.847751
5.283 0.524216 0.512957 -0.824548 -0.847238
5.284 0.525066 0.513819 -0.824023 -0.846725
5.285 0.525917 0.514682 -0.823498 -0.846211
5.286 0.526767 0.515545 -0.822972 -0.845696
5.287 0.527617 0.516408 -0.822444 -0.84518
5.288 0.528467 0.517272 -0.821916 -0.844663
5.289 0.529317 0.518136 -0.821388 -0.844145
5.29 0.530167 0.519001 -0.820858 -0.843627
5.291 0.531017 0.519866 -0.820327 -0.843107
5.292 0.531867 0.520731 -0.819796 -0.842587
5.293 0.532717 0.521596 -0.819263 -0.842066
5.294 0.533567 0.522462 -0.81873 -0.841544
5.295 0.534417 0.523329 -0.818196 -0.841021
5.296 0.535267 0.524195 -0.817661 -0.840497
5.297 0.536117 0.525062 -0.817126 -0.839972
5.298 0.536967 0.52593 -0.816589 -0.839447
5.299 0.537817 0.526798 -0.816052 -0.838921
5.3 0.538667 0.527666 -0.815514 -0.838393
5.301 0.539517 0.528534 -0.814975 -0.837865
5.302 0.540367 0.529403 -0.814435 -0.837336
5.303 0.541217 0.530273 -0.813894 -0.836806
5.304 0.542067 0.531142 -0.813352 -0.836276
5.305 0.542917 0.532012 -0.81281 -0.835744
5.306 0.543767 0.532883 -0.812266 -0.835212
5.307 0.544617 0.533753 -0.811722 -0.834678
5.308 0.545467 0.534624 -0.811177 -0.834144
5.309 0.546317 0.535496 -0.810631 -0.833609
5.31 0.547167 0.536368 -0.810084 -0.833073
5.311 0.548017 0.53724 -0.809537 -0.832536
5.312 0.548867 0.538112 -0.808988 -0.831999
5.313 0.549717 0.538985 -0.808439 -0.83146
5.314 0.550567 0.539859 -0.807889 -0.830921
5.315 0.551417 0.540732 -0.807338 -0.83038
5.316 0.552267 0.541606 -0.806786 -0.829839
5.317 0.553117 0.542481 -0.806233 -0.829297
5.318 0.553967 0.543356 -0.80568 -0.828754
5.319 0.554817 0.544231 -0.805126 -0.82821
5.32 0.555667 0.545106 -0.80457 -0.827666
5.321 0.556517 0.545982 -0.804014 -0.82712
5.322 0.557367 0.546858 -0.803457 -0.826574
5.323 0.558217 0.547735 -0.802899 -0.826027
5.324 0.559067 0.548612 -0.802341 -0.825478
5.325 0.559917 0.549489 -0.801781 -0.824929
5.326 0.560767 0.550367 -0.801221 -0.824379
5.327 0.561617 0.551245 -0.80066 -0.823829
5.328 0.562467 0.552123 -0.800098 -0.823277
5.329 0.563317 0.553002 -0.799535 -0.822724
5.33 0.564167 0.553881 -0.798971 -0.822171
5.331 0.565017 0.554761 -0.798407 -0.821617
5.332 0.565867 0.555641 -0.797841 -0.821061
5.333 0.566717 0.556521 -0.797275 -0.820505
5.334 0.567567 0.557402 -0.796708 -0.819948
5.335 0.568417 0.558283 -0.79614 -0.81939
5.336 0.569267 0.559164 -0.795571 -0.818832
5.337 0.570117 0.560046 -0.795001 -0.818272
5.338 0.570967 0.560928 -0.794431 -0.817712
5.339 0.571817 0.56181 -0.793859 -0.81715
5.34 0.572667 0.562693 -0.793287 -0.816588
5.341 0.573517 0.563576 -0.792714 -0.816025
5.342 0.574367 0.56446 -0.79214 -0.815461
5.343 0.575217 0.565344 -0.791565 -0.814896
5.344 0.576067 0.566228 -0.790989 -0.81433
5.345 0.576917 0.567113 -0.790413 -0.813764
5.346 0.577767 0.567998 -0.789836 -0.813196
5.347 0.578617 0.568883 -0.789257 -0.812628
5.348 0.579467 0.569769 -0.788678 -0.812058
5.349 0.580317 0.570655 -0.788098 -0.811488
5.35 0.581167 0.571542 -0.787518 -0.810917
5.351 0.582018 0.572429 -0.786936 -0.810345
5.352 0.582868 0.573316 -0.786354 -0.809772
5.353 0.583718 0.574203 -0.78577 -0.809198
5.354 0.584568 0.575091 -0.785186 -0.808624
5.355 0.585418 0.57598 -0.784601 -0.808048
5.356 0.586268 0.576868 -0.784015 -0.807472
5.357 0.587118 0.577757 -0.783429 -0.806894
5.358 0.587968 0.578647 -0.782841 -0.806316
5.359 0.588818 0.579537 -0.782253 -0.805737
5.36 0.589668 0.580427 -0.781664 -0.805157
5.361 0.590518 0.581317 -0.781073 -0.804576
5.362 0.591368 0.582208 -0.780483 -0.803994
5.363 0.592218 0.5831 -0.779891 -0.803412
5.364 0.593068 0.583991 -0.779298 -0.802828
5.365 0.593918 0.584883 -0.778705 -0.802244
5.366 0.594768 0.585776 -0.77811 -0.801659
5.367 0.595618 0.586668 -0.777515 -0.801072
5.368 0.596468 0.587561 -0.776919 -0.800485
5.369 0.597318 0.588455 -0.776322 -0.799897
5.37 0.598168 0.589349 -0.775724 -0.799308
5.371 0.599018 0.590243 -0.775126 -0.798718
5.372 0.599868 0.591137 -0.774526 -0.798128
5.373 0.600718 0.592032 -0.773926 -0.797536
5.374 0.601568 0.592928 -0.773325 -0.796944
5.375 0.602418 0.593823 -0.772723 -0.79635
5.376 0.603268 0.594719 -0.77212 -0.795756
5.377 0.604118 0.595616 -0.771516 -0.795161
5.378 0.604968 0.596513 -0.770912 -0.794565
5.379 0.605818 0.59741 -0.770306 -0.793968
5.38 0.606668 0.598307 -0.7697 -0.79337
5.381 0.607518 0.599205 -0.769093 -0.792771
5.382 0.608368 0.600103 -0.768485 -0.792172
5.383 0.609218 0.601002 -0.767876 -0.791571
5.384 0.610068 0.601901 -0.767267 -0.79097
5.385 0.610918 0.6028 -0.766656 -0.790367
5.386 0.611768 0.6037 -0.766045 -0.789764
5.387 0.612618 0.6046 -0.765433 -0.78916
5.388 0.613468 0.6055 -0.76482 -0.788555
5.389 0.614318 0.606401 -0.764206 -0.787949
5.39 0.615168 0.607302 -0.763591 -0.787342
5.391 0.616018 0.608204 -0.762975 -0.786734
5.392 0.616868 0.609106 -0.762359 -0.786126
5.393 0.617718 0.610008 -0.761742 -0.785516
5.394 0.618568 0.610911 -0.761124 -0.784906
5.395 0.619418 0.611814 -0.760505 -0.784294
5.396 0.620268 0.612717 -0.759885 -0.783682
5.397 0.621118 0.613621 -0.759264 -0.783069
5.398 0.621968 0.614525 -0.758642 -0.782455
5.399 0.622818 0.615429 -0.75802 -0.78184
5.4 0.623668 0.616334 -0.757397 -0.781224
5.401 0.624518 0.61724 -0.756773 -0.780607
5.402 0.625368 0.618145 -0.756148 -0.779989
5.403 0.626218 0.619051 -0.755522 -0.779371
5.404 0.627068 0.619957 -0.754895 -0.778751
5.405 0.627918 0.620864 -0.754268 -0.778131
5.406 0.628768 0.621771 -0.75364 -0.77751
5.407 0.629618 0.622678 -0.75301 -0.776887
5.408 0.630468 0.623586 -0.75238 -0.776264
5.409 0.631318 0.624494 -0.751749 -0.77564
5.41 0.632168 0.625403 -0.751118 -0.775015
5.411 0.633018 0.626312 -0.750485 -0.774389
5.412 0.633868 0.627221 -0.749852 -0.773763
5.413 0.634718 0.628131 -0.749217 -0.773135
5.414 0.635568 0.629041 -0.748582 -0.772506
5.415 0.636418 0.629951 -0.747946 -0.771877
5.416 0.637268 0.630862 -0.747309 -0.771246
5.417 0.638119 0.631773 -0.746672 -0.770615
5.418 0.638969 0.632684 -0.746033 -0.769983
5.419 0.639819 0.633596 -0.745394 -0.76935
5.42 0.640669 0.634508 -0.744753 -0.768716
5.421 0.641519 0.635421 -0.744112 -0.768081
5.422 0.642369 0.636333 -0.74347 -0.767445
5.423 0.643219 0.637247 -0.742828 -0.766808
5.424 0.644069 0.63816 -0.742184 -0.76617
5.425 0.644919 0.639074 -0.74154 -0.765532
5.426 0.645769 0.639989 -0.740894 -0.764892
5.427 0.646619 0.640903 -0.740248 -0.764252
5.428 0.647469 0.641819 -0.739601 -0.76361
5.429 0.648319 0.642734 -0.738953 -0.762968
5.43 0.649169 0.64365 -0.738304 -0.762325
5.431 0.650019 0.644566 -0.737655 -0.761681
5.432 0.650869 0.645483 -0.737004 -0.761036
5.433 0.651719 0.6464 -0.736353 -0.76039
5.434 0.652569 0.647317 -0.735701 -0.759743
5.435 0.653419 0.648235 -0.735048 -0.759095
5.436 0.654269 0.649153 -0.734394 -0.758446
5.437 0.655119 0.650071 -0.733739 -0.757797
5.438 0.655969 0.65099 -0.733084 -0.757146
5.439 0.656819 0.651909 -0.732427 -0.756495
5.44 0.657669 0.652828 -0.73177 -0.755843
5.441 0.658519 0.653748 -0.731112 -0.755189
5.442 0.659369 0.654669 -0.730453 -0.754535
5.443 0.660219 0.655589 -0.729793 -0.75388
5.444 0.661069 0.65651 -0.729133 -0.753224
5.445 0.661919 0.657431 -0.728471 -0.752567
5.446 0.662769 0.658353 -0.727809 -0.751909
5.447 0.663619 0.659275 -0.727146 -0.75125
5.448 0.664469 0.660198 -0.726482 -0.75059
5.449 0.665319 0.66112 -0.725817 -0.74993
5.45 0.666169 0.662044 -0.725151 -0.749268
5.451 0.667019 0.662967 -0.724484 -0.748606
5.452 0.667869 0.663891 -0.723817 -0.747942
5.453 0.668719 0.664815 -0.723149 -0.747278
5.454 0.669569 0.66574 -0.722479 -0.746613
5.455 0.670419 0.666665 -0.721809 -0.745946
5.456 0.671269 0.66759 -0.721139 -0.745279
5.457 0.672119 0.668516 -0.720467 -0.744611
5.458 0.672969 0.669442 -0.719794 -0.743942
5.459 0.673819 0.670369 -0.719121 -0.743272
5.46 0.674669 0.671296 -0.718447 -0.742602
5.461 0.675519 0.672223 -0.717772 -0.74193
5.462 0.676369 0.67315 -0.717096 -0.741257
5.463 0.677219 0.674078 -0.716419 -0.740583
5.464 0.678069 0.675007 -0.715741 -0.739909
5.465 0.678919 0.675935 -0.715063 -0.739233
5.466 0.679769 0.676864 -0.714383 -0.738557
5.467 0.680619 0.677794 -0.713703 -0.73788
5.468 0.681469 0.678723 -0.713022 -0.737201
5.469 0.682319 0.679654 -0.71234 -0.736522
5.47 0.683169 0.680584 -0.711658 -0.735842
5.471 0.684019 0.681515 -0.710974 -0.735161
5.472 0.684869 0.682446 -0.71029 -0.734479
5.473 0.685719 0.683378 -0.709604 -0.733796
5.474 0.686569 0.68431 -0.708918 -0.733112
5.475 0.687419 0.685242 -0.708231 -0.732428
5.476 0.688269 0.686175 -0.707543 -0.731742
5.477 0.689119 0.687108 -0.706855 -0.731055
5.478 0.689969 0.688041 -0.706165 -0.730368
5.479 0.690819 0.688975 -0.705475 -0.729679
5.48 0.691669 0.689909 -0.704783 -0.72899
5.481 0.692519 0.690844 -0.704091 -0.728299
5.482 0.69337 0.691779 -0.703398 -0.727608
5.483 0.69422 0.692714 -0.702705 -0.726916
5.484 0.69507 0.69365 -0.70201 -0.726223
5.485 0.69592 0.694586 -0.701314 -0.725529
5.486 0.69677 0.695522 -0.700618 -0.724833
5.487 0.69762 0.696459 -0.699921 -0.724137
5.488 0.69847 0.697396 -0.699223 -0.723441
5.489 0.69932 0.698333 -0.698524 -0.722743
5.49 0.70017 0.699271 -0.697824 -0.722044
5.491 0.70102 0.700209 -0.697124 -0.721344
5.492 0.70187 0.701148 -0.696422 -0.720643
5.493 0.70272 0.702087 -0.69572 -0.719942
5.494 0.70357 0.703026 -0.695017 -0.719239
5.495 0.70442 0.703966 -0.694313 -0.718536
5.496 0.70527 0.704906 -0.693608 -0.717831
5.497 0.70612 0.705846 -0.692902 -0.717126
5.498 0.70697 0.706787 -0.692196 -0.71642
5.499 0.70782 0.707728 -0.691488 -0.715712
5.5 0.70867 0.70867 -0.69078 -0.715004
5.501 0.709173 0.709611 -0.690071 -0.714295
5.502 0.709676 0.71055 -0.689362 -0.713585
5.503 0.710179 0.711487 -0.688652 -0.712874
5.504 0.710682 0.712422 -0.687941 -0.712162
5.505 0.711185 0.713356 -0.68723 -0.711449
5.506 0.711688 0.714288 -0.686519 -0.710735
5.507 0.712191 0.715219 -0.685807 -0.710021
5.508 0.712694 0.716147 -0.685095 -0.709305
5.509 0.713197 0.717074 -0.684382 -0.708588
5.51 0.7137 0.717999 -0.683668 -0.707871
5.511 0.714203 0.718922 -0.682954 -0.707152
5.512 0.714706 0.719844 -0.68224 -0.706433
5.513 0.715209 0.720763 -0.681525 -0.705713
5.514 0.715712 0.721681 -0.680809 -0.704991
5.515 0.716215 0.722598 -0.680093 -0.704269
5.516 0.716718 0.723512 -0.679377 -0.703546
5.517 0.717221 0.724425 -0.67866 -0.702822
5.518 0.717724 0.725336 -0.677942 -0.702097
5.519 0.718227 0.726245 -0.677224 -0.701371
5.52 0.71873 0.727153 -0.676506 -0.700645
5.521 0.719233 0.728058 -0.675787 -0.699917
5.522 0.719736 0.728962 -0.675067 -0.699189
5.523 0.720239 0.729865 -0.674348 -0.698459
5.524 0.720742 0.730765 -0.673627 -0.697729
5.525 0.721245 0.731664 -0.672906 -0.696998
5.526 0.721748 0.732561 -0.672185 -0.696266
5.527 0.722251 0.733456 -0.671463 -0.695533
5.528 0.722754 0.734349 -0.67074 -0.694799
5.529 0.723257 0.735241 -0.670017 -0.694064
5.53 0.72376 0.736131 -0.669294 -0.693328
5.531 0.724263 0.737019 -0.66857 -0.692592
5.532 0.724766 0.737905 -0.667845 -0.691854
5.533 0.725269 0.73879 -0.66712 -0.691116
5.534 0.725772 0.739673 -0.666394 -0.690377
5.535 0.726275 0.740554 -0.665668 -0.689637
5.536 0.726778 0.741434 -0.664942 -0.688896
5.537 0.727281 0.742311 -0.664215 -0.688154
5.538 0.727784 0.743187 -0.663487 -0.687411
5.539 0.728287 0.744061 -0.662759 -0.686667
5.54 0.72879 0.744934 -0.662031 -0.685923
5.541 0.729293 0.745804 -0.661302 -0.685177
5.542 0.729796 0.746673 -0.660572 -0.684431
5.543 0.730299 0.74754 -0.659842 -0.683684
5.544 0.730802 0.748406 -0.659112 -0.682936
5.545 0.731305 0.749269 -0.658381 -0.682187
5.546 0.731808 0.750131 -0.657649 -0.681438
5.547 0.732311 0.750991 -0.656917 -0.680687
5.548 0.732814 0.751849 -0.656184 -0.679936
5.549 0.733317 0.752706 -0.655451 -0.679183
5.55 0.73382 0.753561 -0.654718 -0.67843
5.551 0.734323 0.754414 -0.653984 -0.677676
5.552 0.734826 0.755265 -0.653249 -0.676921
5.553 0.735329 0.756115 -0.652514 -0.676166
5.554 0.735832 0.756963 -0.651778 -0.675409
5.555 0.736335 0.757809 -0.651042 -0.674652
5.556 0.736838 0.758653 -0.650306 -0.673893
5.557 0.737341 0.759495 -0.649569 -0.673134
5.558 0.737844 0.760336 -0.648831 -0.672374
5.559 0.738347 0.761175 -0.648093 -0.671614
5.56 0.73885 0.762013 -0.647354 -0.670852
5.561 0.739353 0.762848 -0.646615 -0.67009
5.562 0.739856 0.763682 -0.645876 -0.669326
5.563 0.740359 0.764514 -0.645136 -0.668562
5.564 0.740862 0.765344 -0.644395 -0.667797
5.565 0.741365 0.766173 -0.643654 -0.667032
5.566 0.741868 0.766999 -0.642912 -0.666265
5.567 0.742371 0.767824 -0.64217 -0.665498
5.568 0.742874 0.768648 -0.641427 -0.664729
5.569 0.743377 0.769469 -0.640684 -0.66396
5.57 0.74388 0.770289 -0.639941 -0.66319
5.571 0.744383 0.771107 -0.639197 -0.66242
5.572 0.744886 0.771923 -0.638452 -0.661648
5.573 0.745389 0.772738 -0.637707 -0.660876
5.574 0.745892 0.77355 -0.636961 -0.660103
5.575 0.746395 0.774361 -0.636215 -0.659329
5.576 0.746898 0.77517 -0.635468 -0.658554
5.577 0.747401 0.775978 -0.634721 -0.657778
5.578 0.747904 0.776784 -0.633974 -0.657002
5.579 0.748407 0.777588 -0.633225 -0.656225
5.58 0.74891 0.77839 -0.632477 -0.655447
5.581 0.749413 0.77919 -0.631728 -0.654668
5.582 0.749916 0.779989 -0.630978 -0.653889
5.583 0.750419 0.780786 -0.630228 -0.653108
5.584 0.750922 0.781581 -0.629477 -0.652327
5.585 0.751425 0.782374 -0.628726 -0.651545
5.586 0.751928 0.783166 -0.627974 -0.650762
5.587 0.752431 0.783956 -0.627222 -0.649979
5.588 0.752934 0.784744 -0.626469 -0.649194
5.589 0.753437 0.78553 -0.625716 -0.648409
5.59 0.75394 0.786315 -0.624963 -0.647623
5.591 0.754443 0.787098 -0.624208 -0.646837
5.592 0.754946 0.787879 -0.623454 -0.646049
5.593 0.755449 0.788658 -0.622698 -0.645261
5.594 0.755952 0.789436 -0.621943 -0.644472
5.595 0.756455 0.790212 -0.621187 -0.643682
5.596 0.756958 0.790986 -0.62043 -0.642891
5.597 0.757461 0.791758 -0.619673 -0.6421
5.598 0.757964 0.792529 -0.618915 -0.641308
5.599 0.758467 0.793298 -0.618157 -0.640515
5.6 0.75897 0.794065 -0.617398 -0.639721
5.601 0.759473 0.79483 -0.616639 -0.638927
5.602 0.759976 0.795594 -0.615879 -0.638132
5.603 0.760479 0.796356 -0.615119 -0.637336
5.604 0.760982 0.797116 -0.614358 -0.636539
5.605 0.761485 0.797874 -0.613597 -0.635741
5.606 0.761988 0.798631 -0.612835 -0.634943
5.607 0.762491 0.799385 -0.612073 -0.634144
5.608 0.762994 0.800139 -0.61131 -0.633344
5.609 0.763497 0.80089 -0.610547 -0.632544
5.61 0.764 0.801639 -0.609783 -0.631743
5.611 0.764503 0.802387 -0.609019 -0.630941
5.612 0.765006 0.803133 -0.608254 -0.630138
5.613 0.765509 0.803877 -0.607489 -0.629334
5.614 0.766012 0.80462 -0.606723 -0.62853
5.615 0.766515 0.805361 -0.605957 -0.627725
5.616 0.767018 0.8061 -0.60519 -0.626919
5.617 0.767521 0.806837 -0.604423 -0.626113
5.618 0.768024 0.807573 -0.603655 -0.625306
5.619 0.768527 0.808306 -0.602887 -0.624498
5.62 0.76903 0.809038 -0.602118 -0.623689
5.621 0.769533 0.809769 -0.601349 -0.62288
5.622 0.770036 0.810497 -0.600579 -0.622069
5.623 0.770539 0.811224 -0.599809 -0.621259
5.624 0.771042 0.811949 -0.599038 -0.620447
5.625 0.771545 0.812672 -0.598267 -0.619635
5.626 0.772048 0.813393 -0.597495 -0.618822
5.627 0.772551 0.814113 -0.596722 -0.618008
5.628 0.773054 0.814831 -0.59595 -0.617193
5.629 0.773557 0.815547 -0.595176 -0.616378
5.63 0.77406 0.816262 -0.594403 -0.615562
5.631 0.774563 0.816974 -0.593628 -0.614746
5.632 0.775066 0.817685 -0.592853 -0.613928
5.633 0.775569 0.818395 -0.592078 -0.61311
5.634 0.776072 0.819102 -0.591302 -0.612292
5.635 0.776575 0.819808 -0.590526 -0.611472
5.636 0.777078 0.820512 -0.589749 -0.610652
5.637 0.777581 0.821214 -0.588972 -0.609831
5.638 0.778084 0.821914 -0.588194 -0.60901
5.639 0.778587 0.822613 -0.587416 -0.608187
5.64 0.77909 0.82331 -0.586637 -0.607364
5.641 0.779593 0.824005 -0.585857 -0.606541
5.642 0.780096 0.824698 -0.585078 -0.605716
5.643 0.780599 0.82539 -0.584297 -0.604891
5.644 0.781102 0.82608 -0.583516 -0.604066
5.645 0.781605 0.826768 -0.582735 -0.603239
5.646 0.782108 0.827454 -0.581953 -0.602412
5.647 0.782611 0.828139 -0.581171 -0.601584
5.648 0.783114 0.828822 -0.580388 -0.600756
5.649 0.783617 0.829503 -0.579605 -0.599927
5.65 0.78412 0.830182 -0.578821 -0.599097
5.651 0.784623 0.83086 -0.578036 -0.598266
5.652 0.785126 0.831536 -0.577251 -0.597435
5.653 0.785629 0.83221 -0.576466 -0.596603
5.654 0.786132 0.832882 -0.57568 -0.595771
5.655 0.786635 0.833553 -0.574894 -0.594937
5.656 0.787138 0.834222 -0.574107 -0.594104
5.657 0.787641 0.834889 -0.57332 -0.593269
5.658 0.788144 0.835554 -0.572532 -0.592434
5.659 0.788647 0.836217 -0.571743 -0.591598
5.66 0.78915 0.836879 -0.570954 -0.590761
5.661 0.789653 0.837539 -0.570165 -0.589924
5.662 0.790156 0.838198 -0.569375 -0.589086
5.663 0.790659 0.838854 -0.568585 -0.588248
5.664 0.791162 0.839509 -0.567794 -0.587409
5.665 0.791665 0.840162 -0.567002 -0.586569
5.666 0.792168 0.840813 -0.56621 -0.585728
5.667 0.792671 0.841463 -0.565418 -0.584887
5.668 0.793174 0.842111 -0.564625 -0.584045
5.669 0.793677 0.842757 -0.563832 -0.583203
5.67 0.79418 0.843401 -0.563038 -0.58236
5.671 0.794683 0.844043 -0.562243 -0.581516
5.672 0.795186 0.844684 -0.561448 -0.580672
5.673 0.795689 0.845323 -0.560653 -0.579827
5.674 0.796192 0.84596 -0.559857 -0.578981
5.675 0.796695 0.846596 -0.559061 -0.578135
5.676 0.797198 0.84723 -0.558264 -0.577288
5.677 0.797701 0.847861 -0.557466 -0.57644
5.678 0.798204 0.848492 -0.556668 -0.575592
5.679 0.798707 0.84912 -0.55587 -0.574743
5.68 0.79921 0.849747 -0.555071 -0.573894
5.681 0.799713 0.850372 -0.554271 -0.573044
5.682 0.800216 0.850995 -0.553471 -0.572193
5.683 0.800719 0.851616 -0.552671 -0.571342
5.684 0.801222 0.852236 -0.55187 -0.57049
5.685 0.801725 0.852854 -0.551068 -0.569637
5.686 0.802228 0.85347 -0.550266 -0.568784
5.687 0.802731 0.854085 -0.549464 -0.56793
5.688 0.803234 0.854697 -0.548661 -0.567076
5.689 0.803737 0.855308 -0.547858 -0.566221
5.69 0.80424 0.855917 -0.547054 -0.565365
5.691 0.804743 0.856525 -0.546249 -0.564509
5.692 0.805246 0.857131 -0.545444 -0.563652
5.693 0.805749 0.857734 -0.544639 -0.562795
5.694 0.806252 0.858337 -0.543833 -0.561937
5.695 0.806755 0.858937 -0.543026 -0.561078
5.696 0.807258 0.859536 -0.542219 -0.560219
5.697 0.807761 0.860132 -0.541412 -0.559359
5.698 0.808264 0.860728 -0.540604 -0.558499
5.699 0.808767 0.861321 -0.539795 -0.557638
5.7 0.80927 0.861913 -0.538986 -0.556776
5.701 0.809773 0.862502 -0.538176 -0.555914
5.702 0.810276 0.863091 -0.537366 -0.555051
5.703 0.810779 0.863677 -0.536556 -0.554188
5.704 0.811282 0.864262 -0.535745 -0.553324
5.705 0.811785 0.864844 -0.534933 -0.552459
5.706 0.812288 0.865425 -0.534121 -0.551594
5.707 0.812791 0.866005 -0.533309 -0.550728
5.708 0.813294 0.866582 -0.532496 -0.549862
5.709 0.813797 0.867158 -0.531682 -0.548995
5.71 0.8143 0.867732 -0.530868 -0.548128
5.711 0.814803 0.868305 -0.530054 -0.54726
5.712 0.815306 0.868875 -0.529239 -0.546391
5.713 0.815809 0.869444 -0.528423 -0.545522
5.714 0.816312 0.870011 -0.527607 -0.544652
5.715 0.816815 0.870576 -0.52679 -0.543782
5.716 0.817318 0.87114 -0.525973 -0.542911
5.717 0.817821 0.871702 -0.525156 -0.54204
5.718 0.818324 0.872262 -0.524338 -0.541168
5.719 0.818827 0.87282 -0.523519 -0.540295
5.72 0.81933 0.873376 -0.5227 -0.539422
5.721 0.819833 0.873931 -0.52188 -0.538548
5.722 0.820336 0.874484 -0.52106 -0.537674
5.723 0.820839 0.875035 -0.52024 -0.536799
5.724 0.821342 0.875585 -0.519419 -0.535924
5.725 0.821845 0.876133 -0.518597 -0.535048
5.726 0.822348 0.876679 -0.517775 -0.534172
5.727 0.822851 0.877223 -0.516952 -0.533295
5.728 0.823354 0.877765 -0.516129 -0.532417
5.729 0.823857 0.878306 -0.515306 -0.531539
5.73 0.82436 0.878845 -0.514482 -0.530661
5.731 0.824863 0.879382 -0.513657 -0.529782
5.732 0.825366 0.879918 -0.512832 -0.528902
5.733 0.825869 0.880452 -0.512006 -0.528022
5.734 0.826372 0.880983 -0.51118 -0.527141
5.735 0.826875 0.881514 -0.510353 -0.52626
5.736 0.827378 0.882042 -0.509526 -0.525378
5.737 0.827881 0.882569 -0.508699 -0.524496
5.738 0.828384 0.883094 -0.507871 -0.523613
5.739 0.828887 0.883617 -0.507042 -0.52273
5.74 0.82939 0.884138 -0.506213 -0.521846
5.741 0.829893 0.884658 -0.505383 -0.520961
5.742 0.830396 0.885176 -0.504553 -0.520076
5.743 0.830899 0.885692 -0.503722 -0.519191
5.744 0.831402 0.886207 -0.502891 -0.518305
5.745 0.831905 0.886719 -0.50206 -0.517419
5.746 0.832408 0.88723 -0.501227 -0.516532
5.747 0.832911 0.887739 -0.500395 -0.515644
5.748 0.833414 0.888247 -0.499562 -0.514756
5.749 0.833917 0.888752 -0.498728 -0.513868
5.75 0.83442 0.889256 -0.497894 -0.512979
5.751 0.834923 0.889758 -0.497059 -0.512089
5.752 0.835426 0.890259 -0.496224 -0.511199
5.753 0.835929 0.890757 -0.495388 -0.510309
5.754 0.836432 0.891254 -0.494552 -0.509418
5.755 0.836935 0.891749 -0.493715 -0.508526
5.756 0.837438 0.892243 -0.492878 -0.507634
5.757 0.837941 0.892734 -0.49204 -0.506742
5.758 0.838444 0.893224 -0.491202 -0.505849
5.759 0.838947 0.893712 -0.490364 -0.504955
5.76 0.83945 0.894198 -0.489524 -0.504061
5.761 0.839953 0.894683 -0.488685 -0.503167
5.762 0.840456 0.895166 -0.487844 -0.502272
5.763 0.840959 0.895647 -0.487004 -0.501376
5.764 0.841462 0.896126 -0.486163 -0.500481
5.765 0.841965 0.896604 -0.485321 -0.499584
5.766 0.842468 0.89708 -0.484479 -0.498687
5.767 0.842971 0.897554 -0.483636 -0.49779
5.768 0.843474 0.898026 -0.482793 -0.496892
5.769 0.843977 0.898496 -0.481949 -0.495994
5.77 0.84448 0.898965 -0.481105 -0.495095
5.771 0.844983 0.899432 -0.48026 -0.494196
5.772 0.845486 0.899897 -0.479415 -0.493296
5.773 0.845989 0.900361 -0.478569 -0.492396
5.774 0.846492 0.900823 -0.477723 -0.491496
5.775 0.846995 0.901283 -0.476876 -0.490595
5.776 0.847498 0.901741 -0.476029 -0.489693
5.777 0.848001 0.902198 -0.475181 -0.488791
5.778 0.848504 0.902652 -0.474333 -0.487889
5.779 0.849007 0.903105 -0.473484 -0.486986
5.78 0.84951 0.903556 -0.472635 -0.486082
5.781 0.850013 0.904006 -0.471785 -0.485179
5.782 0.850516 0.904454 -0.470935 -0.484274
5.783 0.851019 0.9049 -0.470084 -0.48337
5.784 0.851522 0.905344 -0.469233 -0.482465
5.785 0.852025 0.905786 -0.468381 -0.481559
5.786 0.852528 0.906227 -0.467529 -0.480653
5.787 0.853031 0.906666 -0.466676 -0.479747
5.788 0.853534 0.907103 -0.465823 -0.47884
5.789 0.854037 0.907539 -0.464969 -0.477932
5.79 0.85454 0.907972 -0.464115 -0.477025
5.791 0.855043 0.908404 -0.46326 -0.476117
5.792 0.855546 0.908834 -0.462404 -0.475208
5.793 0.856049 0.909263 -0.461549 -0.474299
5.794 0.856552 0.90969 -0.460692 -0.473389
5.795 0.857055 0.910114 -0.459836 -0.472479
5.796 0.857558 0.910538 -0.458978 -0.471569
5.797 0.858061 0.910959 -0.45812 -0.470658
5.798 0.858564 0.911379 -0.457262 -0.469747
5.799 0.859067 0.911797 -0.456403 -0.468836
5.8 0.85957 0.912213 -0.455544 -0.467924
5.801 0.860073 0.912627 -0.454684 -0.467011
5.802 0.860576 0.91304 -0.453824 -0.466098
5.803 0.861079 0.913451 -0.452963 -0.465185
5.804 0.861582 0.91386 -0.452102 -0.464271
5.805 0.862085 0.914267 -0.45124 -0.463357
5.806 0.862588 0.914673 -0.450378 -0.462443
5.807 0.863091 0.915077 -0.449515 -0.461528
5.808 0.863594 0.915479 -0.448651 -0.460613
5.809 0.864097 0.915879 -0.447787 -0.459697
5.81 0.8646 0.916278 -0.446923 -0.458781
5.811 0.865103 0.916674 -0.446058 -0.457865
5.812 0.865606 0.91707 -0.445193 -0.456948
5.813 0.866109 0.917463 -0.444327 -0.45603
5.814 0.866612 0.917854 -0.443461 -0.455113
5.815 0.867115 0.918244 -0.442594 -0.454195
5.816 0.867618 0.918632 -0.441726 -0.453276
5.817 0.868121 0.919019 -0.440859 -0.452357
5.818 0.868624 0.919403 -0.43999 -0.451438
5.819 0.869127 0.919786 -0.439121 -0.450519
5.82 0.86963 0.920167 -0.438252 -0.449599
5.821 0.870133 0.920546 -0.437382 -0.448678
5.822 0.870636 0.920924 -0.436512 -0.447758
5.823 0.871139 0.9213 -0.435641 -0.446836
5.824 0.871642 0.921674 -0.434769 -0.445915
5.825 0.872145 0.922046 -0.433898 -0.444993
5.826 0.872648 0.922416 -0.433025 -0.444071
5.827 0.873151 0.922785 -0.432152 -0.443148
5.828 0.873654 0.923152 -0.431279 -0.442225
5.829 0.874157 0.923517 -0.430405 -0.441302
5.83 0.87466 0.923881 -0.429531 -0.440378
5.831 0.875163 0.924243 -0.428656 -0.439454
5.832 0.875666 0.924603 -0.42778 -0.43853
5.833 0.876169 0.924961 -0.426904 -0.437605
5.834 0.876672 0.925317 -0.426028 -0.43668
5.835 0.877175 0.925672 -0.425151 -0.435754
5.836 0.877678 0.926025 -0.424274 -0.434829
5.837 0.878181 0.926376 -0.423396 -0.433902
5.838 0.878684 0.926726 -0.422517 -0.432976
5.839 0.879187 0.927073 -0.421638 -0.432049
5.84 0.87969 0.927419 -0.420759 -0.431122
5.841 0.880193 0.927764 -0.419879 -0.430194
5.842 0.880696 0.928106 -0.418998 -0.429266
5.843 0.881199 0.928447 -0.418117 -0.428338
5.844 0.881702 0.928786 -0.417236 -0.427409
5.845 0.882205 0.929123 -0.416354 -0.42648
5.846 0.882708 0.929458 -0.415472 -0.425551
5.847 0.883211 0.929792 -0.414589 -0.424621
5.848 0.883714 0.930124 -0.413705 -0.423691
5.849 0.884217 0.930454 -0.412821 -0.422761
5.85 0.88472 0.930782 -0.411937 -0.42183
5.851 0.885223 0.931109 -0.411052 -0.4209
5.852 0.885726 0.931434 -0.410166 -0.419968
5.853 0.886229 0.931757 -0.40928 -0.419037
5.854 0.886732 0.932079 -0.408394 -0.418105
5.855 0.887235 0.932398 -0.407507 -0.417172
5.856 0.887738 0.932716 -0.406619 -0.41624
5.857 0.888241 0.933032 -0.405731 -0.415307
5.858 0.888744 0.933346 -0.404843 -0.414374
5.859 0.889247 0.933659 -0.403954 -0.41344
5.86 0.88975 0.93397 -0.403064 -0.412507
5.861 0.890253 0.934279 -0.402174 -0.411572
5.862 0.890756 0.934586 -0.401284 -0.410638
5.863 0.891259 0.934892 -0.400393 -0.409703
5.864 0.891762 0.935196 -0.399501 -0.408768
5.865 0.892265 0.935498 -0.398609 -0.407833
5.866 0.892768 0.935798 -0.397717 -0.406897
5.867 0.893271 0.936097 -0.396824 -0.405961
5.868 0.893774 0.936394 -0.39593 -0.405025
5.869 0.894277 0.936689 -0.395036 -0.404088
5.87 0.89478 0.936982 -0.394142 -0.403152
5.871 0.895283 0.937274 -0.393247 -0.402215
5.872 0.895786 0.937563 -0.392351 -0.401277
5.873 0.896289 0.937851 -0.391455 -0.400339
5.874 0.896792 0.938138 -0.390559 -0.399401
5.875 0.897295 0.938422 -0.389662 -0.398463
5.876 0.897798 0.938705 -0.388764 -0.397525
5.877 0.898301 0.938986 -0.387866 -0.396586
5.878 0.898804 0.939265 -0.386967 -0.395647
5.879 0.899307 0.939543 -0.386068 -0.394707
5.88 0.89981 0.939819 -0.385169 -0.393767
5.881 0.900313 0.940093 -0.384269 -0.392828
5.882 0.900816 0.940365 -0.383368 -0.391887
5.883 0.901319 0.940635 -0.382467 -0.390947
5.884 0.901822 0.940904 -0.381566 -0.390006
5.885 0.902325 0.941171 -0.380663 -0.389065
5.886 0.902828 0.941436 -0.379761 -0.388124
5.887 0.903331 0.9417 -0.378858 -0.387182
5.888 0.903834 0.941961 -0.377954 -0.38624
5.889 0.904337 0.942221 -0.37705 -0.385298
5.89 0.90484 0.94248 -0.376146 -0.384356
5.891 0.905343 0.942736 -0.37524 -0.383413
5.892 0.905846 0.942991 -0.374335 -0.38247
5.893 0.906349 0.943244 -0.373429 -0.381527
5.894 0.906852 0.943495 -0.372522 -0.380584
5.895 0.907355 0.943744 -0.371615 -0.37964
5.896 0.907858 0.943992 -0.370707 -0.378696
5.897 0.908361 0.944238 -0.369799 -0.377752
5.898 0.908864 0.944482 -0.368891 -0.376808
5.899 0.909367 0.944725 -0.367982 -0.375863
5.9 0.90987 0.944965 -0.367072 -0.374918
5.901 0.910373 0.945204 -0.366162 -0.373973
5.902 0.910876 0.945441 -0.365251 -0.373028
5.903 0.911379 0.945677 -0.36434 -0.372083
5.904 0.911882 0.94591 -0.363428 -0.371137
5.905 0.912385 0.946142 -0.362516 -0.370191
5.906 0.912888 0.946372 -0.361604 -0.369244
5.907 0.913391 0.946601 -0.360691 -0.368298
5.908 0.913894 0.946827 -0.359777 -0.367351
5.909 0.914397 0.947052 -0.358863 -0.366404
5.91 0.9149 0.947275 -0.357948 -0.365457
5.911 0.915403 0.947497 -0.357033 -0.36451
5.912 0.915906 0.947716 -0.356117 -0.363562
5.913 0.916409 0.947934 -0.355201 -0.362614
5.914 0.916912 0.94815 -0.354284 -0.361666
5.915 0.917415 0.948365 -0.353367 -0.360718
5.916 0.917918 0.948577 -0.35245 -0.35977
5.917 0.918421 0.948788 -0.351531 -0.358821
5.918 0.918924 0.948997 -0.350613 -0.357872
5.919 0.919427 0.949205 -0.349694 -0.356923
5.92 0.91993 0.94941 -0.348774 -0.355974
5.921 0.920433 0.949614 -0.347854 -0.355024
5.922 0.920936 0.949816 -0.346933 -0.354074
5.923 0.921439 0.950016 -0.346012 -0.353124
5.924 0.921942 0.950215 -0.34509 -0.352174
5.925 0.922445 0.950412 -0.344168 -0.351224
5.926 0.922948 0.950607 -0.343245 -0.350273
5.927 0.923451 0.9508 -0.342322 -0.349323
5.928 0.923954 0.950991 -0.341398 -0.348372
5.929 0.924457 0.951181 -0.340474 -0.347421
5.93 0.92496 0.951369 -0.33955 -0.34647
5.931 0.925463 0.951556 -0.338624 -0.345518
5.932 0.925966 0.95174 -0.337699 -0.344566
5.933 0.926469 0.951923 -0.336772 -0.343615
5.934 0.926972 0.952104 -0.335846 -0.342663
5.935 0.927475 0.952283 -0.334918 -0.34171
5.936 0.927978 0.952461 -0.333991 -0.340758
5.937 0.928481 0.952636 -0.333062 -0.339805
5.938 0.928984 0.95281 -0.332134 -0.338853
5.939 0.929487 0.952983 -0.331204 -0.3379
5.94 0.92999 0.953153 -0.330275 -0.336947
5.941 0.930493 0.953322 -0.329345 -0.335994
5.942 0.930996 0.953489 -0.328414 -0.33504
5.943 0.931499 0.953654 -0.327483 -0.334087
5.944 0.932002 0.953817 -0.326551 -0.333133
5.945 0.932505 0.953979 -0.325619 -0.332179
5.946 0.933008 0.954139 -0.324686 -0.331225
5.947 0.933511 0.954297 -0.323753 -0.330271
5.948 0.934014 0.954454 -0.322819 -0.329316
5.949 0.934517 0.954608 -0.321884 -0.328362
5.95 0.93502 0.954761 -0.32095 -0.327407
5.951 0.935523 0.954912 -0.320014 -0.326452
5.952 0.936026 0.955062 -0.319079 -0.325497
5.953 0.936529 0.955209 -0.318142 -0.324542
5.954 0.937032 0.955355 -0.317206 -0.323587
5.955 0.937535 0.9555 -0.316268 -0.322631
5.956 0.938038 0.955642 -0.315331 -0.321676
5.957 0.938541 0.955783 -0.314392 -0.32072
5.958 0.939044 0.955921 -0.313453 -0.319764
5.959 0.939547 0.956059 -0.312514 -0.318808
5.96 0.94005 0.956194 -0.311574 -0.317852
5.961 0.940553 0.956328 -0.310634 -0.316896
5.962 0.941056 0.956459 -0.309693 -0.315939
5.963 0.941559 0.95659 -0.308752 -0.314983
5.964 0.942062 0.956718 -0.30781 -0.314026
5.965 0.942565 0.956845 -0.306868 -0.31307
5.966 0.943068 0.956969 -0.305925 -0.312113
5.967 0.943571 0.957093 -0.304982 -0.311156
5.968 0.944074 0.957214 -0.304038 -0.310198
5.969 0.944577 0.957333 -0.303094 -0.309241
5.97 0.94508 0.957451 -0.302149 -0.308284
5.971 0.945583 0.957567 -0.301203 -0.307326
5.972 0.946086 0.957682 -0.300258 -0.306369
5.973 0.946589 0.957794 -0.299311 -0.305411
5.974 0.947092 0.957905 -0.298364 -0.304453
5.975 0.947595 0.958014 -0.297417 -0.303495
5.976 0.948098 0.958121 -0.296469 -0.302537
5.977 0.948601 0.958227 -0.295521 -0.301579
5.978 0.949104 0.958331 -0.294572 -0.300621
5.979 0.949607 0.958433 -0.293623 -0.299662
5.98 0.95011 0.958533 -0.292673 -0.298704
5.981 0.950613 0.958632 -0.291722 -0.297745
5.982 0.951116 0.958728 -0.290772 -0.296786
5.983 0.951619 0.958823 -0.28982 -0.295828
5.984 0.952122 0.958917 -0.288868 -0.294869
5.985 0.952625 0.959008 -0.287916 -0.29391
5.986 0.953128 0.959098 -0.286963 -0.292951
5.987 0.953631 0.959186 -0.28601 -0.291992
5.988 0.954134 0.959272 -0.285056 -0.291032
5.989 0.954637 0.959357 -0.284101 -0.290073
5.99 0.95514 0.959439 -0.283146 -0.289114
5.991 0.955643 0.95952 -0.282191 -0.288154
5.992 0.956146 0.9596 -0.281235 -0.287195
5.993 0.956649 0.959677 -0.280279 -0.286235
5.994 0.957152 0.959753 -0.279322 -0.285275
5.995 0.957655 0.959827 -0.278365 -0.284315
5.996 0.958158 0.959899 -0.277407 -0.283356
5.997 0.958661 0.959969 -0.276448 -0.282396
5.998 0.959164 0.960038 -0.275489 -0.281436
5.999 0.959667 0.960105 -0.27453 -0.280476
6 0.96017 0.96017 -0.27357 -0.279515
6.001 0.960203 0.960235 -0.27261 -0.278555
6.002 0.960236 0.960299 -0.27165 -0.277595
6.003 0.960269 0.960363 -0.270689 -0.276635
6.004 0.960302 0.960427 -0.269729 -0.275674
6.005 0.960334 0.96049 -0.268769 -0.274714
6.006 0.960367 0.960554 -0.267808 -0.273753
6.007 0.9604 0.960617 -0.266848 -0.272793
6.008 0.960433 0.960681 -0.265888 -0.271832
6.009 0.960466 0.960744 -0.264927 -0.270871
6.01 0.960499 0.960807 -0.263967 -0.269911
6.011 0.960531 0.96087 -0.263006 -0.26895
6.012 0.960564 0.960933 -0.262046 -0.267989
6.013 0.960597 0.960996 -0.261085 -0.267028
6.014 0.96063 0.961058 -0.260124 -0.266067
6.015 0.960663 0.961121 -0.259164 -0.265106
6.016 0.960696 0.961183 -0.258203 -0.264145
6.017 0.960728 0.961245 -0.257242 -0.263183
6.018 0.960761 0.961308 -0.256282 -0.262222
6.019 0.960794 0.961369 -0.255321 -0.261261
6.02 0.960827 0.961431 -0.25436 -0.260299
6.021 0.96086 0.961493 -0.253399 -0.259338
6.022 0.960893 0.961555 -0.252438 -0.258376
6.023 0.960925 0.961616 -0.251477 -0.257415
6.024 0.960958 0.961678 -0.250516 -0.256453
6.025 0.960991 0.961739 -0.249555 -0.255491
6.026 0.961024 0.9618 -0.248594 -0.25453
6.027 0.961057 0.961861 -0.247633 -0.253568
6.028 0.96109 0.961922 -0.246672 -0.252606
6.029 0.961122 0.961982 -0.245711 -0.251644
6.03 0.961155 0.962043 -0.24475 -0.250682
6.031 0.961188 0.962103 -0.243789 -0.24972
6.032 0.961221 0.962164 -0.242828 -0.248758
6.033 0.961254 0.962224 -0.241866 -0.247796
6.034 0.961287 0.962284 -0.240905 -0.246833
6.035 0.96132 0.962344 -0.239944 -0.245871
6.036 0.961352 0.962404 -0.238983 -0.244909
6.037 0.961385 0.962464 -0.238021 -0.243946
6.038 0.961418 0.962523 -0.23706 -0.242984
6.039 0.961451 0.962583 -0.236098 -0.242021
6.04 0.961484 0.962642 -0.235137 -0.241059
6.041 0.961517 0.962701 -0.234175 -0.240096
6.042 0.961549 0.96276 -0.233214 -0.239133
6.043 0.961582 0.962819 -0.232252 -0.23817
6.044 0.961615 0.962878 -0.231291 -0.237208
6.045 0.961648 0.962937 -0.230329 -0.236245
6.046 0.961681 0.962995 -0.229367 -0.235282
6.047 0.961714 0.963054 -0.228406 -0.234319
6.048 0.961746 0.963112 -0.227444 -0.233356
6.049 0.961779 0.96317 -0.226482 -0.232392
6.05 0.961812 0.963229 -0.22552 -0.231429
6.051 0.961845 0.963286 -0.224559 -0.230466
6.052 0.961878 0.963344 -0.223597 -0.229503
6.053 0.961911 0.963402 -0.222635 -0.228539
6.054 0.961943 0.96346 -0.221673 -0.227576
6.055 0.961976 0.963517 -0.220711 -0.226612
6.056 0.962009 0.963574 -0.219749 -0.225649
6.057 0.962042 0.963632 -0.218787 -0.224685
6.058 0.962075 0.963689 -0.217825 -0.223722
6.059 0.962108 0.963746 -0.216863 -0.222758
6.06 0.96214 0.963802 -0.215901 -0.221794
6.061 0.962173 0.963859 -0.214938 -0.22083
6.062 0.962206 0.963916 -0.213976 -0.219866
6.063 0.962239 0.963972 -0.213014 -0.218902
6.064 0.962272 0.964028 -0.212052 -0.217938
6.065 0.962305 0.964085 -0.21109 -0.216974
6.066 0.962337 0.964141 -0.210127 -0.21601
6.067 0.96237 0.964197 -0.209165 -0.215046
6.068 0.962403 0.964252 -0.208202 -0.214082
6.069 0.962436 0.964308 -0.20724 -0.213118
6.07 0.962469 0.964364 -0.206278 -0.212153
6.071 0.962502 0.964419 -0.205315 -0.211189
6.072 0.962534 0.964474 -0.204353 -0.210224
6.073 0.962567 0.96453 -0.20339 -0.20926
6.074 0.9626 0.964585 -0.202427 -0.208295
6.075 0.962633 0.96464 -0.201465 -0.207331
6.076 0.962666 0.964694 -0.200502 -0.206366
6.077 0.962699 0.964749 -0.199539 -0.205401
6.078 0.962731 0.964804 -0.198577 -0.204437
6.079 0.962764 0.964858 -0.197614 -0.203472
6.08 0.962797 0.964912 -0.196651 -0.202507
6.081 0.96283 0.964967 -0.195688 -0.201542
6.082 0.962863 0.965021 -0.194726 -0.200577
6.083 0.962896 0.965075 -0.193763 -0.199612
6.084 0.962928 0.965128 -0.1928 -0.198647
6.085 0.962961 0.965182 -0.191837 -0.197682
6.086 0.962994 0.965236 -0.190874 -0.196716
6.087 0.963027 0.965289 -0.189911 -0.195751
6.088 0.96306 0.965342 -0.188948 -0.194786
6.089 0.963093 0.965395 -0.187985 -0.19382
6.09 0.963125 0.965448 -0.187022 -0.192855
6.091 0.963158 0.965501 -0.186058 -0.19189
6.092 0.963191 0.965554 -0.185095 -0.190924
6.093 0.963224 0.965607 -0.184132 -0.189958
6.094 0.963257 0.965659 -0.183169 -0.188993
6.095 0.96329 0.965712 -0.182206 -0.188027
6.096 0.963322 0.965764 -0.181242 -0.187061
6.097 0.963355 0.965816 -0.180279 -0.186096
6.098 0.963388 0.965868 -0.179316 -0.18513
6.099 0.963421 0.96592 -0.178352 -0.184164
6.1 0.963454 0.965972 -0.177389 -0.183198
6.101 0.963487 0.966024 -0.176425 -0.182232
6.102 0.963519 0.966075 -0.175462 -0.181266
6.103 0.963552 0.966127 -0.174498 -0.1803
6.104 0.963585 0.966178 -0.173535 -0.179334
6.105 0.963618 0.966229 -0.172571 -0.178367
6.106 0.963651 0.96628 -0.171607 -0.177401
6.107 0.963684 0.966331 -0.170644 -0.176435
6.108 0.963716 0.966382 -0.16968 -0.175468
6.109 0.963749 0.966432 -0.168716 -0.174502
6.11 0.963782 0.966483 -0.167753 -0.173536
6.111 0.963815 0.966533 -0.166789 -0.172569
6.112 0.963848 0.966584 -0.165825 -0.171603
6.113 0.963881 0.966634 -0.164861 -0.170636
6.114 0.963913 0.966684 -0.163897 -0.169669
6.115 0.963946 0.966734 -0.162933 -0.168703
6.116 0.963979 0.966783 -0.161969 -0.167736
6.117 0.964012 0.966833 -0.161005 -0.166769
6.118 0.964045 0.966883 -0.160041 -0.165802
6.119 0.964078 0.966932 -0.159077 -0.164835
6.12 0.96411 0.966981 -0.158113 -0.163868
6.121 0.964143 0.96703 -0.157149 -0.162901
6.122 0.964176 0.967079 -0.156185 -0.161934
6.123 0.964209 0.967128 -0.155221 -0.160967
6.124 0.964242 0.967177 -0.154256 -0.16
6.125 0.964275 0.967226 -0.153292 -0.159033
6.126 0.964307 0.967274 -0.152328 -0.158065
6.127 0.96434 0.967323 -0.151364 -0.157098
6.128 0.964373 0.967371 -0.150399 -0.156131
6.129 0.964406 0.967419 -0.149435 -0.155163
6.13 0.964439 0.967467 -0.14847 -0.154196
6.131 0.964472 0.967515 -0.147506 -0.153229
6.132 0.964504 0.967563 -0.146541 -0.152261
6.133 0.964537 0.96761 -0.145577 -0.151293
6.134 0.96457 0.967658 -0.144612 -0.150326
6.135 0.964603 0.967705 -0.143648 -0.149358
6.136 0.964636 0.967752 -0.142683 -0.14839
6.137 0.964669 0.967799 -0.141718 -0.147423
6.138 0.964701 0.967846 -0.140754 -0.146455
6.139 0.964734 0.967893 -0.139789 -0.145487
6.14 0.964767 0.96794 -0.138824 -0.144519
6.141 0.9648 0.967987 -0.13786 -0.143551
6.142 0.964833 0.968033 -0.136895 -0.142583
6.143 0.964866 0.96808 -0.13593 -0.141615
6.144 0.964898 0.968126 -0.134965 -0.140647
6.145 0.964931 0.968172 -0.134 -0.139679
6.146 0.964964 0.968218 -0.133035 -0.13871
6.147 0.964997 0.968264 -0.13207 -0.137742
6.148 0.96503 0.96831 -0.131105 -0.136774
6.149 0.965063 0.968355 -0.13014 -0.135806
6.15 0.965095 0.968401 -0.129175 -0.134837
6.151 0.965128 0.968446 -0.12821 -0.133869
6.152 0.965161 0.968491 -0.127245 -0.1329
6.153 0.965194 0.968536 -0.12628 -0.131932
6.154 0.965227 0.968581 -0.125314 -0.130963
6.155 0.96526 0.968626 -0.124349 -0.129995
6.156 0.965292 0.968671 -0.123384 -0.129026
6.157 0.965325 0.968716 -0.122419 -0.128057
6.158 0.965358 0.96876 -0.121453 -0.127089
6.159 0.965391 0.968804 -0.120488 -0.12612
6.16 0.965424 0.968849 -0.119522 -0.125151
6.161 0.965457 0.968893 -0.118557 -0.124182
6.162 0.96549 0.968937 -0.117591 -0.123213
6.163 0.965522 0.968981 -0.116626 -0.122244
6.164 0.965555 0.969024 -0.11566 -0.121275
6.165 0.965588 0.969068 -0.114695 -0.120306
6.166 0.965621 0.969111 -0.113729 -0.119337
6.167 0.965654 0.969155 -0.112764 -0.118368
6.168 0.965687 0.969198 -0.111798 -0.117399
6.169 0.965719 0.969241 -0.110832 -0.11643
6.17 0.965752 0.969284 -0.109867 -0.11546
6.171 0.965785 0.969327 -0.108901 -0.114491
6.172 0.965818 0.96937 -0.107935 -0.113522
6.173 0.965851 0.969412 -0.106969 -0.112552
6.174 0.965884 0.969455 -0.106003 -0.111583
6.175 0.965916 0.969497 -0.105037 -0.110613
6.176 0.965949 0.969539 -0.104071 -0.109644
6.177 0.965982 0.969581 -0.103105 -0.108674
6.178 0.966015 0.969623 -0.102139 -0.107705
6.179 0.966048 0.969665 -0.101173 -0.106735
6.18 0.966081 0.969707 -0.100207 -0.105765
6.181 0.966113 0.969748 -0.0992413 -0.104796
6.182 0.966146 0.96979 -0.0982751 -0.103826
6.183 0.966179 0.969831 -0.097309 -0.102856
6.184 0.966212 0.969872 -0.0963428 -0.101886
6.185 0.966245 0.969913 -0.0953766 -0.100916
6.186 0.966278 0.969954 -0.0944103 -0.0999464
6.187 0.96631 0.969995 -0.093444 -0.0989764
6.188 0.966343 0.970036 -0.0924777 -0.0980064
6.189 0.966376 0.970077 -0.0915113 -0.0970363
6.19 0.966409 0.970117 -0.0905449 -0.0960662
6.191 0.966442 0.970157 -0.0895785 -0.0950961
6.192 0.966475 0.970197 -0.088612 -0.0941259
6.193 0.966507 0.970238 -0.0876455 -0.0931557
6.194 0.96654 0.970278 -0.086679 -0.0921854
6.195 0.966573 0.970317 -0.0857125 -0.0912151
6.196 0.966606 0.970357 -0.0847459 -0.0902448
6.197 0.966639 0.970397 -0.0837793 -0.0892744
6.198 0.966672 0.970436 -0.0828126 -0.088304
6.199 0.966704 0.970475 -0.0818459 -0.0873336
6.2 0.966737 0.970515 -0.0808792 -0.0863631
6.201 0.96677 0.970554 -0.0799124 -0.0853925
6.202 0.966803 0.970593 -0.0789457 -0.084422
6.203 0.966836 0.970631 -0.0779788 -0.0834513
6.204 0.966869 0.97067 -0.077012 -0.0824807
6.205 0.966901 0.970709 -0.0760451 -0.08151
6.206 0.966934 0.970747 -0.0750782 -0.0805393
6.207 0.966967 0.970785 -0.0741112 -0.0795685
6.208 0.967 0.970824 -0.0731442 -0.0785977
6.209 0.967033 0.970862 -0.0721772 -0.0776269
6.21 0.967066 0.9709 -0.0712102 -0.076656
6.211 0.967098 0.970937 -0.0702431 -0.0756851
6.212 0.967131 0.970975 -0.069276 -0.0747141
6.213 0.967164 0.971013 -0.0683088 -0.0737431
6.214 0.967197 0.97105 -0.0673417 -0.0727721
6.215 0.96723 0.971087 -0.0663744 -0.071801
6.216 0.967263 0.971125 -0.0654072 -0.0708299
6.217 0.967295 0.971162 -0.0644399 -0.0698588
6.218 0.967328 0.971198 -0.0634726 -0.0688876
6.219 0.967361 0.971235 -0.0625053 -0.0679164
6.22 0.967394 0.971272 -0.0615379 -0.0669451
6.221 0.967427 0.971309 -0.0605705 -0.0659738
6.222 0.96746 0.971345 -0.059603 -0.0650025
6.223 0.967492 0.971381 -0.0586356 -0.0640311
6.224 0.967525 0.971417 -0.057668 -0.0630597
6.225 0.967558 0.971453 -0.0567005 -0.0620883
6.226 0.967591 0.971489 -0.0557329 -0.0611168
6.227 0.967624 0.971525 -0.0547653 -0.0601453
6.228 0.967657 0.971561 -0.0537977 -0.0591738
6.229 0.967689 0.971596 -0.05283 -0.0582022
6.23 0.967722 0.971632 -0.0518623 -0.0572306
6.231 0.967755 0.971667 -0.0508946 -0.0562589
6.232 0.967788 0.971702 -0.0499268 -0.0552872
6.233 0.967821 0.971737 -0.048959 -0.0543155
6.234 0.967854 0.971772 -0.0479911 -0.0533438
6.235 0.967886 0.971807 -0.0470233 -0.052372
6.236 0.967919 0.971842 -0.0460554 -0.0514002
6.237 0.967952 0.971876 -0.0450874 -0.0504283
6.238 0.967985 0.971911 -0.0441195 -0.0494564
6.239 0.968018 0.971945 -0.0431515 -0.0484845
6.24 0.968051 0.971979 -0.0421834 -0.0475125
6.241 0.968083 0.972013 -0.0412154 -0.0465405
6.242 0.968116 0.972047 -0.0402473 -0.0455685
6.243 0.968149 0.972081 -0.0392791 -0.0445964
6.244 0.968182 0.972114 -0.038311 -0.0436243
6.245 0.968215 0.972148 -0.0373428 -0.0426522
6.246 0.968248 0.972181 -0.0363745 -0.04168
6.247 0.96828 0.972215 -0.0354063 -0.0407078
6.248 0.968313 0.972248 -0.034438 -0.0397356
6.249 0.968346 0.972281 -0.0334696 -0.0387633
6.25 0.968379 0.972314 -0.0325013 -0.037791
6.251 0.968412 0.972346 -0.0315329 -0.0368187
6.252 0.968445 0.972379 -0.0305645 -0.0358463
6.253 0.968477 0.972412 -0.029596 -0.034874
6.254 0.96851 0.972444 -0.0286275 -0.0339015
6.255 0.968543 0.972476 -0.027659 -0.0329291
6.256 0.968576 0.972508 -0.0266904 -0.0319566
6.257 0.968609 0.97254 -0.0257218 -0.030984
6.258 0.968642 0.972572 -0.0247532 -0.0300115
6.259 0.968674 0.972604 -0.0237845 -0.0290389
6.26 0.968707 0.972636 -0.0228159 -0.0280663
6.261 0.96874 0.972667 -0.0218471 -0.0270936
6.262 0.968773 0.972699 -0.0208784 -0.0261209
6.263 0.968806 0.97273 -0.0199096 -0.0251482
6.264 0.968839 0.972761 -0.0189408 -0.0241755
6.265 0.968871 0.972792 -0.0179719 -0.0232027
6.266 0.968904 0.972823 -0.017003 -0.0222299
6.267 0.968937 0.972854 -0.0160341 -0.0212571
6.268 0.96897 0.972884 -0.0150651 -0.0202842
6.269 0.969003 0.972915 -0.0140962 -0.0193113
6.27 0.969036 0.972945 -0.0131271 -0.0183384
6.271 0.969068 0.972975 -0.0121581 -0.0173654
6.272 0.969101 0.973006 -0.011189 -0.0163924
6.273 0.969134 0.973036 -0.0102199 -0.0154194
6.274 0.969167 0.973065 -0.00925074 -0.0144463
6.275 0.9692 0.973095 -0.00828155 -0.0134733
6.276 0.969233 0.973125 -0.00731234 -0.0125002
6.277 0.969265 0.973154 -0.00634309 -0.011527
6.278 0.969298 0.973184 -0.0053738 -0.0105538
6.279 0.969331 0.973213 -0.00440449 -0.00958065
6.28 0.969364 0.973242 -0.00343514 -0.00860742
6.281 0.969397 0.973271 -0.00246576 -0.00763417
6.282 0.96943 0.9733 -0.00149635 -0.00666088
6.283 0.969463 0.973329 -0.000526902 -0.00568757
6.284 0.969495 0.973357 0.000442576 -0.00471422
6.285 0.969528 0.973386 0.00141209 -0.00374085
6.286 0.969561 0.973414 0.00238163 -0.00276745
6.287 0.969594 0.973442 0.00335121 -0.00179402
6.288 0.969627 0.97347 0.00432082 -0.000820566
6.289 0.96966 0.973498 0.00529046 0.000152918
6.29 0.969692 0.973526 0.00626014 0.00112643
6.291 0.969725 0.973554 0.00722985 0.00209997
6.292 0.969758 0.973582 0.00819959 0.00307354
6.293 0.969791 0.973609 0.00916936 0.00404713
6.294 0.969824 0.973637 0.0101392 0.00502076
6.295 0.969857 0.973664 0.011109 0.00599441
6.296 0.969889 0.973691 0.0120789 0.00696808
6.297 0.969922 0.973718 0.0130488 0.00794179
6.298 0.969955 0.973745 0.0140187 0.00891552
6.299 0.969988 0.973771 0.0149887 0.00988928
6.3 0.970021 0.973798 0.0159587 0.0108631
6.301 0.970054 0.973824 0.0169287 0.0118369
6.302 0.970086 0.973851 0.0178988 0.0128107
6.303 0.970119 0.973877 0.0188689 0.0137846
6.304 0.970152 0.973903 0.0198391 0.0147585
6.305 0.970185 0.973929 0.0208092 0.0157324
6.306 0.970218 0.973955 0.0217794 0.0167063
6.307 0.970251 0.973981 0.0227497 0.0176803
6.308 0.970283 0.974006 0.0237199 0.0186543
6.309 0.970316 0.974032 0.0246902 0.0196283
6.31 0.970349 0.974057 0.0256606 0.0206023
6.311 0.970382 0.974082 0.0266309 0.0215764
6.312 0.970415 0.974107 0.0276013 0.0225505
6.313 0.970448 0.974132 0.0285717 0.0235246
6.314 0.97048 0.974157 0.0295422 0.0244988
6.315 0.970513 0.974182 0.0305127 0.0254729
6.316 0.970546 0.974207 0.0314832 0.0264471
6.317 0.970579 0.974231 0.0324538 0.0274214
6.318 0.970612 0.974255 0.0334244 0.0283956
6.319 0.970645 0.97428 0.034395 0.0293699
6.32 0.970677 0.974304 0.0353657 0.0303442
6.321 0.97071 0.974328 0.0363364 0.0313185
6.322 0.970743 0.974351 0.0373071 0.0322928
6.323 0.970776 0.974375 0.0382779 0.0332672
6.324 0.970809 0.974399 0.0392487 0.0342416
6.325 0.970842 0.974422 0.0402195 0.035216
6.326 0.970874 0.974445 0.0411903 0.0361904
6.327 0.970907 0.974469 0.0421612 0.0371649
6.328 0.97094 0.974492 0.0431322 0.0381393
6.329 0.970973 0.974515 0.0441031 0.0391139
6.33 0.971006 0.974538 0.0450741 0.0400884
6.331 0.971039 0.97456 0.0460451 0.0410629
6.332 0.971071 0.974583 0.0470162 0.0420375
6.333 0.971104 0.974605 0.0479873 0.0430121
6.334 0.971137 0.974628 0.0489584 0.0439867
6.335 0.97117 0.97465 0.0499295 0.0449613
6.336 0.971203 0.974672 0.0509007 0.045936
6.337 0.971236 0.974694 0.0518719 0.0469107
6.338 0.971268 0.974716 0.0528432 0.0478854
6.339 0.971301 0.974737 0.0538145 0.0488601
6.34 0.971334 0.974759 0.0547858 0.0498349
6.341 0.971367 0.97478 0.0557572 0.0508096
6.342 0.9714 0.974802 0.0567285 0.0517844
6.343 0.971433 0.974823 0.0576999 0.0527592
6.344 0.971465 0.974844 0.0586714 0.0537341
6.345 0.971498 0.974865 0.0596429 0.0547089
6.346 0.971531 0.974886 0.0606144 0.0556838
6.347 0.971564 0.974906 0.0615859 0.0566587
6.348 0.971597 0.974927 0.0625575 0.0576336
6.349 0.97163 0.974947 0.0635291 0.0586086
6.35 0.971662 0.974968 0.0645008 0.0595835
6.351 0.971695 0.974988 0.0654725 0.0605585
6.352 0.971728 0.975008 0.0664442 0.0615335
6.353 0.971761 0.975028 0.0674159 0.0625085
6.354 0.971794 0.975048 0.0683877 0.0634835
6.355 0.971827 0.975067 0.0693595 0.0644586
6.356 0.971859 0.975087 0.0703313 0.0654337
6.357 0.971892 0.975106 0.0713032 0.0664088
6.358 0.971925 0.975126 0.0722751 0.0673839
6.359 0.971958 0.975145 0.0732471 0.068359
6.36 0.971991 0.975164 0.074219 0.0693342
6.361 0.972024 0.975183 0.0751911 0.0703094
6.362 0.972056 0.975201 0.0761631 0.0712845
6.363 0.972089 0.97522 0.0771352 0.0722598
6.364 0.972122 0.975239 0.0781073 0.073235
6.365 0.972155 0.975257 0.0790794 0.0742102
6.366 0.972188 0.975275 0.0800516 0.0751855
6.367 0.972221 0.975294 0.0810238 0.0761608
6.368 0.972253 0.975312 0.081996 0.0771361
6.369 0.972286 0.975329 0.0829683 0.0781114
6.37 0.972319 0.975347 0.0839406 0.0790867
6.371 0.972352 0.975365 0.0849129 0.0800621
6.372 0.972385 0.975382 0.0858853 0.0810375
6.373 0.972418 0.9754 0.0868577 0.0820129
6.374 0.97245 0.975417 0.0878301 0.0829883
6.375 0.972483 0.975434 0.0888026 0.0839637
6.376 0.972516 0.975451 0.0897751 0.0849391
6.377 0.972549 0.975468 0.0907476 0.0859146
6.378 0.972582 0.975485 0.0917202 0.0868901
6.379 0.972615 0.975502 0.0926928 0.0878656
6.38 0.972647 0.975518 0.0936654 0.0888411
6.381 0.97268 0.975535 0.0946381 0.0898166
6.382 0.972713 0.975551 0.0956108 0.0907922
6.383 0.972746 0.975567 0.0965835 0.0917677
6.384 0.972779 0.975583 0.0975563 0.0927433
6.385 0.972812 0.975599 0.0985291 0.0937189
6.386 0.972844 0.975615 0.0995019 0.0946945
6.387 0.972877 0.97563 0.100475 0.0956701
6.388 0.97291 0.975646 0.101448 0.0966457
6.389 0.972943 0.975661 0.102421 0.0976214
6.39 0.972976 0.975677 0.103394 0.0985971
6.391 0.973009 0.975692 0.104367 0.0995728
6.392 0.973041 0.975707 0.10534 0.100548
6.393 0.973074 0.975722 0.106313 0.101524
6.394 0.973107 0.975736 0.107286 0.1025
6.395 0.97314 0.975751 0.108259 0.103476
6.396 0.973173 0.975766 0.109232 0.104451
6.397 0.973206 0.97578 0.110205 0.105427
6.398 0.973238 0.975794 0.111178 0.106403
6.399 0.973271 0.975808 0.112152 0.107379
6.4 0.973304 0.975822 0.113125 0.108355
6.401 0.973337 0.975836 0.114098 0.10933
6.402 0.97337 0.97585 0.115072 0.110306
6.403 0.973403 0.975864 0.116045 0.111282
6.404 0.973435 0.975877 0.117018 0.112258
6.405 0.973468 0.975891 0.117992 0.113234
6.406 0.973501 0.975904 0.118965 0.11421
6.407 0.973534 0.975917 0.119939 0.115186
6.408 0.973567 0.97593 0.120912 0.116162
6.409 0.9736 0.975943 0.121886 0.117138
6.41 0.973633 0.975956 0.12286 0.118113
6.411 0.973665 0.975968 0.123833 0.119089
6.412 0.973698 0.975981 0.124807 0.120065
6.413 0.973731 0.975993 0.125781 0.121041
6.414 0.973764 0.976005 0.126754 0.122017
6.415 0.973797 0.976017 0.127728 0.122993
6.416 0.97383 0.976029 0.128702 0.123969
6.417 0.973862 0.976041 0.129676 0.124945
6.418 0.973895 0.976053 0.13065 0.125922
6.419 0.973928 0.976065 0.131624 0.126898
6.42 0.973961 0.976076 0.132598 0.127874
6.421 0.973994 0.976088 0.133572 0.12885
6.422 0.974027 0.976099 0.134546 0.129826
6.423 0.974059 0.97611 0.13552 0.130802
6.424 0.974092 0.976121 0.136494 0.131778
6.425 0.974125 0.976132 0.137468 0.132754
6.426 0.974158 0.976142 0.138442 0.13373
6.427 0.974191 0.976153 0.139416 0.134706
6.428 0.974224 0.976164 0.14039 0.135683
6.429 0.974256 0.976174 0.141365 0.136659
6.43 0.974289 0.976184 0.142339 0.137635
6.431 0.974322 0.976194 0.143313 0.138611
6.432 0.974355 0.976204 0.144287 0.139587
6.433 0.974388 0.976214 0.145262 0.140564
6.434 0.974421 0.976224 0.146236 0.14154
6.435 0.974453 0.976233 0.147211 0.142516
6.436 0.974486 0.976243 0.148185 0.143492
6.437 0.974519 0.976252 0.14916 0.144468
6.438 0.974552 0.976261 0.150134 0.145445
6.439 0.974585 0.976271 0.151109 0.146421
6.44 0.974618 0.97628 0.152083 0.147397
6.441 0.97465 0.976288 0.153058 0.148374
6.442 0.974683 0.976297 0.154033 0.14935
6.443 0.974716 0.976306 0.155007 0.150326
6.444 0.974749 0.976314 0.155982 0.151302
6.445 0.974782 0.976323 0.156957 0.152279
6.446 0.974815 0.976331 0.157932 0.153255
6.447 0.974847 0.976339 0.158907 0.154231
6.448 0.97488 0.976347 0.159881 0.155208
6.449 0.974913 0.976355 0.160856 0.156184
6.45 0.974946 0.976362 0.161831 0.157161
6.451 0.974979 0.97637 0.162806 0.158137
6.452 0.975012 0.976377 0.163781 0.159113
6.453 0.975044 0.976385 0.164756 0.16009
6.454 0.975077 0.976392 0.165731 0.161066
6.455 0.97511 0.976399 0.166706 0.162042
6.456 0.975143 0.976406 0.167681 0.163019
6.457 0.975176 0.976413 0.168657 0.163995
6.458 0.975209 0.97642 0.169632 0.164972
6.459 0.975241 0.976426 0.170607 0.165948
6.46 0.975274 0.976433 0.171582 0.166924
6.461 0.975307 0.976439 0.172558 0.167901
6.462 0.97534 0.976445 0.173533 0.168877
6.463 0.975373 0.976451 0.174508 0.169854
6.464 0.975406 0.976457 0.175484 0.17083
6.465 0.975438 0.976463 0.176459 0.171807
6.466 0.975471 0.976469 0.177435 0.172783
6.467 0.975504 0.976474 0.17841 0.17376
6.468 0.975537 0.97648 0.179386 0.174736
6.469 0.97557 0.976485 0.180361 0.175713
6.47 0.975603 0.97649 0.181337 0.176689
6.471 0.975635 0.976495 0.182312 0.177666
6.472 0.975668 0.9765 0.183288 0.178642
6.473 0.975701 0.976505 0.184264 0.179619
6.474 0.975734 0.97651 0.185239 0.180595
6.475 0.975767 0.976514 0.186215 0.181572
6.476 0.9758 0.976519 0.187191 0.182548
6.477 0.975832 0.976523 0.188167 0.183525
6.478 0.975865 0.976527 0.189143 0.184501
6.479 0.975898 0.976531 0.190118 0.185478
6.48 0.975931 0.976535 0.191094 0.186454
6.481 0.975964 0.976539 0.19207 0.187431
6.482 0.975997 0.976543 0.193046 0.188407
6.483 0.976029 0.976546 0.194022 0.189384
6.484 0.976062 0.97655 0.194998 0.19036
6.485 0.976095 0.976553 0.195974 0.191337
6.486 0.976128 0.976556 0.196951 0.192314
6.487 0.976161 0.976559 0.197927 0.19329
6.488 0.976194 0.976562 0.198903 0.194267
6.489 0.976226 0.976565 0.199879 0.195243
6.49 0.976259 0.976568 0.200855 0.19622
6.491 0.976292 0.97657 0.201832 0.197196
6.492 0.976325 0.976573 0.202808 0.198173
6.493 0.976358 0.976575 0.203784 0.199149
6.494 0.976391 0.976577 0.204761 0.200126
6.495 0.976423 0.976579 0.205737 0.201103
6.496 0.976456 0.976581 0.206713 0.202079
6.497 0.976489 0.976583 0.20769 0.203056
6.498 0.976522 0.976585 0.208666 0.204032
6.499 0.976555 0.976586 0.209643 0.205009
6.5 0.976588 0.976588 0.21062 0.205986
6.501 0.976142 0.976588 0.211596 0.206962
6.502 0.975697 0.976587 0.212572 0.207939
6.503 0.975252 0.976584 0.213547 0.208915
6.504 0.974806 0.976579 0.214522 0.209892
6.505 0.974361 0.976572 0.215497 0.210868
6.506 0.973915 0.976564 0.216471 0.211845
6.507 0.97347 0.976553 0.217445 0.212822
6.508 0.973025 0.976541 0.218418 0.213798
6.509 0.972579 0.976527 0.219391 0.214775
6.51 0.972134 0.976512 0.220363 0.215751
6.511 0.971689 0.976494 0.221335 0.216728
6.512 0.971243 0.976475 0.222307 0.217704
6.513 0.970798 0.976454 0.223278 0.218681
6.514 0.970352 0.976432 0.224248 0.219657
6.515 0.969907 0.976407 0.225218 0.220634
6.516 0.969462 0.976381 0.226188 0.22161
6.517 0.969016 0.976352 0.227157 0.222586
6.518 0.968571 0.976323 0.228126 0.223563
6.519 0.968126 0.976291 0.229094 0.224539
6.52 0.96768 0.976257 0.230062 0.225515
6.521 0.967235 0.976222 0.23103 0.226491
6.522 0.966789 0.976185 0.231997 0.227468
6.523 0.966344 0.976146 0.232963 0.228444
6.524 0.965899 0.976106 0.233929 0.22942
6.525 0.965453 0.976063 0.234895 0.230396
6.526 0.965008 0.976019 0.23586 0.231372
6.527 0.964563 0.975973 0.236825 0.232348
6.528 0.964117 0.975925 0.237789 0.233324
6.529 0.963672 0.975876 0.238753 0.2343
6.53 0.963227 0.975824 0.239717 0.235276
6.531 0.962781 0.975771 0.24068 0.236252
6.532 0.962336 0.975716 0.241642 0.237227
6.533 0.96189 0.975659 0.242604 0.238203
6.534 0.961445 0.975601 0.243566 0.239179
6.535 0.961 0.975541 0.244527 0.240154
6.536 0.960554 0.975479 0.245488 0.24113
6.537 0.960109 0.975415 0.246448 0.242105
6.538 0.959664 0.975349 0.247408 0.243081
6.539 0.959218 0.975282 0.248368 0.244056
6.54 0.958773 0.975212 0.249327 0.245031
6.541 0.958327 0.975141 0.250285 0.246006
6.542 0.957882 0.975069 0.251243 0.246981
6.543 0.957437 0.974994 0.252201 0.247956
6.544 0.956991 0.974918 0.253158 0.248931
6.545 0.956546 0.974839 0.254115 0.249906
6.546 0.956101 0.974759 0.255071 0.250881
6.547 0.955655 0.974678 0.256027 0.251856
6.548 0.95521 0.974594 0.256983 0.25283
6.549 0.954764 0.974509 0.257938 0.253805
6.55 0.954319 0.974422 0.258892 0.254779
6.551 0.953874 0.974333 0.259846 0.255754
6.552 0.953428 0.974242 0.2608 0.256728
6.553 0.952983 0.97415 0.261753 0.257702
6.554 0.952538 0.974056 0.262706 0.258676
6.555 0.952092 0.97396 0.263658 0.25965
6.556 0.951647 0.973862 0.26461 0.260624
6.557 0.951201 0.973762 0.265562 0.261598
6.558 0.950756 0.973661 0.266513 0.262572
6.559 0.950311 0.973558 0.267463 0.263545
6.56 0.949865 0.973453 0.268413 0.264519
6.561 0.94942 0.973346 0.269363 0.265492
6.562 0.948975 0.973237 0.270312 0.266466
6.563 0.948529 0.973127 0.271261 0.267439
6.564 0.948084 0.973015 0.272209 0.268412
6.565 0.947639 0.972901 0.273157 0.269385
6.566 0.947193 0.972785 0.274104 0.270358
6.567 0.946748 0.972668 0.275051 0.27133
6.568 0.946302 0.972549 0.275998 0.272303
6.569 0.945857 0.972428 0.276944 0.273276
6.57 0.945412 0.972305 0.27789 0.274248
6.571 0.944966 0.97218 0.278835 0.27522
6.572 0.944521 0.972054 0.279779 0.276192
6.573 0.944076 0.971925 0.280724 0.277164
6.574 0.94363 0.971795 0.281668 0.278136
6.575 0.943185 0.971664 0.282611 0.279108
6.576 0.942739 0.97153 0.283554 0.280079
6.577 0.942294 0.971395 0.284496 0.281051
6.578 0.941849 0.971258 0.285439 0.282022
6.579 0.941403 0.971119 0.28638 0.282993
6.58 0.940958 0.970978 0.287321 0.283964
6.581 0.940513 0.970836 0.288262 0.284935
6.582 0.940067 0.970691 0.289202 0.285906
6.583 0.939622 0.970545 0.290142 0.286877
6.584 0.939176 0.970397 0.291082 0.287847
6.585 0.938731 0.970248 0.292021 0.288818
6.586 0.938286 0.970096 0.292959 0.289788
6.587 0.93784 0.969943 0.293897 0.290758
6.588 0.937395 0.969788 0.294835 0.291728
6.589 0.93695 0.969631 0.295772 0.292697
6.59 0.936504 0.969473 0.296709 0.293667
6.591 0.936059 0.969312 0.297645 0.294636
6.592 0.935614 0.96915 0.298581 0.295605
6.593 0.935168 0.968986 0.299516 0.296575
6.594 0.934723 0.968821 0.300451 0.297543
6.595 0.934277 0.968653 0.301386 0.298512
6.596 0.933832 0.968484 0.30232 0.299481
6.597 0.933387 0.968313 0.303253 0.300449
6.598 0.932941 0.96814 0.304186 0.301417
6.599 0.932496 0.967965 0.305119 0.302385
6.6 0.932051 0.967789 0.306051 0.303353
6.601 0.931605 0.967611 0.306983 0.304321
6.602 0.93116 0.967431 0.307915 0.305289
6.603 0.930714 0.967249 0.308846 0.306256
6.604 0.930269 0.967065 0.309776 0.307223
6.605 0.929824 0.96688 0.310706 0.30819
6.606 0.929378 0.966693 0.311636 0.309157
6.607 0.928933 0.966504 0.312565 0.310123
6.608 0.928488 0.966313 0.313494 0.31109
6.609 0.928042 0.96612 0.314422 0.312056
6.61 0.927597 0.965926 0.31535 0.313022
6.611 0.927151 0.96573 0.316277 0.313988
6.612 0.926706 0.965532 0.317204 0.314953
6.613 0.926261 0.965332 0.31813 0.315919
6.614 0.925815 0.965131 0.319057 0.316884
6.615 0.92537 0.964928 0.319982 0.317849
6.616 0.924925 0.964723 0.320907 0.318814
6.617 0.924479 0.964516 0.321832 0.319779
6.618 0.924034 0.964307 0.322756 0.320743
6.619 0.923589 0.964097 0.32368 0.321707
6.62 0.923143 0.963885 0.324603 0.322671
6.621 0.922698 0.963671 0.325526 0.323635
6.622 0.922252 0.963455 0.326449 0.324599
6.623 0.921807 0.963237 0.327371 0.325562
6.624 0.921362 0.963018 0.328292 0.326525
6.625 0.920916 0.962797 0.329214 0.327488
6.626 0.920471 0.962574 0.330134 0.328451
6.627 0.920026 0.962349 0.331054 0.329413
6.628 0.91958 0.962123 0.331974 0.330375
6.629 0.919135 0.961895 0.332894 0.331337
6.63 0.918689 0.961665 0.333813 0.332299
6.631 0.918244 0.961433 0.334731 0.333261
6.632 0.917799 0.961199 0.335649 0.334222
6.633 0.917353 0.960964 0.336567 0.335183
6.634 0.916908 0.960727 0.337484 0.336144
6.635 0.916463 0.960488 0.3384 0.337105
6.636 0.916017 0.960247 0.339317 0.338065
6.637 0.915572 0.960004 0.340232 0.339025
6.638 0.915126 0.95976 0.341148 0.339985
6.639 0.914681 0.959514 0.342063 0.340945
6.64 0.914236 0.959266 0.342977 0.341904
6.641 0.91379 0.959016 0.343891 0.342863
6.642 0.913345 0.958765 0.344805 0.343822
6.643 0.9129 0.958511 0.345718 0.344781
6.644 0.912454 0.958256 0.346631 0.345739
6.645 0.912009 0.957999 0.347543 0.346697
6.646 0.911563 0.957741 0.348455 0.347655
6.647 0.911118 0.95748 0.349366 0.348613
6.648 0.910673 0.957218 0.350277 0.34957
6.649 0.910227 0.956954 0.351187 0.350527
6.65 0.909782 0.956688 0.352097 0.351484
6.651 0.909337 0.956421 0.353007 0.35244
6.652 0.908891 0.956151 0.353916 0.353397
6.653 0.908446 0.95588 0.354825 0.354353
6.654 0.908001 0.955607 0.355733 0.355308
6.655 0.907555 0.955333 0.356641 0.356264
6.656 0.90711 0.955056 0.357548 0.357219
6.657 0.906664 0.954778 0.358455 0.358174
6.658 0.906219 0.954498 0.359361 0.359129
6.659 0.905774 0.954216 0.360267 0.360083
6.66 0.905328 0.953932 0.361173 0.361037
6.661 0.904883 0.953647 0.362078 0.361991
6.662 0.904438 0.95336 0.362983 0.362944
6.663 0.903992 0.953071 0.363887 0.363898
6.664 0.903547 0.95278 0.364791 0.364851
6.665 0.903101 0.952487 0.365694 0.365803
6.666 0.902656 0.952193 0.366597 0.366755
6.667 0.902211 0.951897 0.367499 0.367708
6.668 0.901765 0.951599 0.368401 0.368659
6.669 0.90132 0.951299 0.369303 0.369611
6.67 0.900875 0.950997 0.370204 0.370562
6.671 0.900429 0.950694 0.371104 0.371513
6.672 0.899984 0.950389 0.372005 0.372463
6.673 0.899538 0.950082 0.372904 0.373414
6.674 0.899093 0.949773 0.373804 0.374363
6.675 0.898648 0.949463 0.374703 0.375313
6.676 0.898202 0.949151 0.375601 0.376262
6.677 0.897757 0.948837 0.376499 0.377211
6.678 0.897312 0.948521 0.377397 0.37816
6.679 0.896866 0.948203 0.378294 0.379108
6.68 0.896421 0.947884 0.37919 0.380056
6.681 0.895976 0.947563 0.380087 0.381004
6.682 0.89553 0.94724 0.380982 0.381952
6.683 0.895085 0.946915 0.381878 0.382899
6.684 0.894639 0.946588 0.382772 0.383845
6.685 0.894194 0.94626 0.383667 0.384792
6.686 0.893749 0.94593 0.384561 0.385738
6.687 0.893303 0.945598 0.385454 0.386684
6.688 0.892858 0.945264 0.386347 0.387629
6.689 0.892413 0.944929 0.38724 0.388574
6.69 0.891967 0.944592 0.388132 0.389519
6.691 0.891522 0.944253 0.389024 0.390463
6.692 0.891076 0.943912 0.389915 0.391407
6.693 0.890631 0.943569 0.390806 0.392351
6.694 0.890186 0.943225 0.391697 0.393295
6.695 0.88974 0.942879 0.392587 0.394238
6.696 0.889295 0.942531 0.393476 0.39518
6.697 0.88885 0.942181 0.394365 0.396123
6.698 0.888404 0.941829 0.395254 0.397065
6.699 0.887959 0.941476 0.396142 0.398006
6.7 0.887513 0.941121 0.39703 0.398948
6.701 0.887068 0.940764 0.397917 0.399889
6.702 0.886623 0.940405 0.398804 0.400829
6.703 0.886177 0.940045 0.39969 0.401769
6.704 0.885732 0.939682 0.400576 0.402709
6.705 0.885287 0.939318 0.401462 0.403649
6.706 0.884841 0.938952 0.402347 0.404588
6.707 0.884396 0.938585 0.403231 0.405527
6.708 0.883951 0.938215 0.404116 0.406465
6.709 0.883505 0.937844 0.404999 0.407403
6.71 0.88306 0.937471 0.405883 0.408341
6.711 0.882614 0.937096 0.406765 0.409278
6.712 0.882169 0.93672 0.407648 0.410215
6.713 0.881724 0.936341 0.40853 0.411152
6.714 0.881278 0.935961 0.409411 0.412088
6.715 0.880833 0.935579 0.410292 0.413023
6.716 0.880388 0.935196 0.411173 0.413959
6.717 0.879942 0.93481 0.412053 0.414894
6.718 0.879497 0.934423 0.412933 0.415828
6.719 0.879051 0.934034 0.413812 0.416763
6.72 0.878606 0.933643 0.414691 0.417697
6.721 0.878161 0.93325 0.415569 0.41863
6.722 0.877715 0.932856 0.416447 0.419563
6.723 0.87727 0.93246 0.417325 0.420496
6.724 0.876825 0.932062 0.418202 0.421428
6.725 0.876379 0.931662 0.419078 0.42236
6.726 0.875934 0.93126 0.419954 0.423291
6.727 0.875488 0.930857 0.42083 0.424222
6.728 0.875043 0.930452 0.421705 0.425153
6.729 0.874598 0.930045 0.42258 0.426083
6.73 0.874152 0.929636 0.423455 0.427013
6.731 0.873707 0.929225 0.424329 0.427942
6.732 0.873262 0.928813 0.425202 0.428872
6.733 0.872816 0.928399 0.426075 0.4298
6.734 0.872371 0.927983 0.426948 0.430728
6.735 0.871926 0.927565 0.42782 0.431656
6.736 0.87148 0.927146 0.428692 0.432583
6.737 0.871035 0.926725 0.429563 0.43351
6.738 0.870589 0.926302 0.430434 0.434437
6.739 0.870144 0.925877 0.431304 0.435363
6.74 0.869699 0.92545 0.432174 0.436289
6.741 0.869253 0.925022 0.433043 0.437214
6.742 0.868808 0.924592 0.433912 0.438139
6.743 0.868363 0.92416 0.434781 0.439063
6.744 0.867917 0.923726 0.435649 0.439987
6.745 0.867472 0.92329 0.436517 0.440911
6.746 0.867026 0.922853 0.437384 0.441834
6.747 0.866581 0.922414 0.438251 0.442756
6.748 0.866136 0.921973 0.439117 0.443678
6.749 0.86569 0.92153 0.439983 0.4446
6.75 0.865245 0.921086 0.440849 0.445521
6.751 0.8648 0.92064 0.441714 0.446442
6.752 0.864354 0.920192 0.442578 0.447363
6.753 0.863909 0.919742 0.443442 0.448283
6.754 0.863463 0.91929 0.444306 0.449202
6.755 0.863018 0.918837 0.445169 0.450121
6.756 0.862573 0.918382 0.446032 0.45104
6.757 0.862127 0.917925 0.446894 0.451958
6.758 0.861682 0.917466 0.447756 0.452876
6.759 0.861237 0.917005 0.448618 0.453793
6.76 0.860791 0.916543 0.449479 0.45471
6.761 0.860346 0.916079 0.450339 0.455626
6.762 0.8599 0.915613 0.451199 0.456542
6.763 0.859455 0.915145 0.452059 0.457457
6.764 0.85901 0.914676 0.452918 0.458372
6.765 0.858564 0.914204 0.453777 0.459287
6.766 0.858119 0.913731 0.454636 0.460201
6.767 0.857674 0.913256 0.455493 0.461114
6.768 0.857228 0.91278 0.456351 0.462027
6.769 0.856783 0.912301 0.457208 0.46294
6.77 0.856338 0.911821 0.458064 0.463852
6.771 0.855892 0.911339 0.458921 0.464763
6.772 0.855447 0.910855 0.459776 0.465674
6.773 0.855001 0.91037 0.460631 0.466585
6.774 0.854556 0.909882 0.461486 0.467495
6.775 0.854111 0.909393 0.462341 0.468405
6.776 0.853665 0.908902 0.463194 0.469314
6.777 0.85322 0.90841 0.464048 0.470223
6.778 0.852775 0.907915 0.464901 0.471131
6.779 0.852329 0.907419 0.465753 0.472038
6.78 0.851884 0.906921 0.466606 0.472946
6.781 0.851438 0.906421 0.467457 0.473852
6.782 0.850993 0.905919 0.468308 0.474758
6.783 0.850548 0.905416 0.469159 0.475664
6.784 0.850102 0.90491 0.47001 0.476569
6.785 0.849657 0.904403 0.470859 0.477474
6.786 0.849212 0.903895 0.471709 0.478378
6.787 0.848766 0.903384 0.472558 0.479282
6.788 0.848321 0.902872 0.473406 0.480185
6.789 0.847875 0.902357 0.474254 0.481087
6.79 0.84743 0.901842 0.475102 0.48199
6.791 0.846985 0.901324 0.475949 0.482891
6.792 0.846539 0.900804 0.476796 0.483792
6.793 0.846094 0.900283 0.477642 0.484693
6.794 0.845649 0.89976 0.478488 0.485593
6.795 0.845203 0.899235 0.479334 0.486492
6.796 0.844758 0.898708 0.480179 0.487391
6.797 0.844313 0.89818 0.481023 0.48829
6.798 0.843867 0.89765 0.481867 0.489188
6.799 0.843422 0.897118 0.482711 0.490085
6.8 0.842976 0.896584 0.483554 0.490982
6.801 0.842531 0.896048 0.484397 0.491878
6.802 0.842086 0.895511 0.485239 0.492774
6.803 0.84164 0.894972 0.486081 0.493669
6.804 0.841195 0.894431 0.486922 0.494564
6.805 0.84075 0.893888 0.487763 0.495458
6.806 0.840304 0.893343 0.488604 0.496352
6.807 0.839859 0.892797 0.489444 0.497245
6.808 0.839413 0.892249 0.490284 0.498137
6.809 0.838968 0.891699 0.491123 0.499029
6.81 0.838523 0.891147 0.491962 0.499921
6.811 0.838077 0.890594 0.4928 0.500811
6.812 0.837632 0.890038 0.493638 0.501702
6.813 0.837187 0.889481 0.494475 0.502592
6.814 0.836741 0.888923 0.495312 0.503481
6.815 0.836296 0.888362 0.496149 0.504369
6.816 0.83585 0.8878 0.496985 0.505257
6.817 0.835405 0.887235 0.49782 0.506145
6.818 0.83496 0.886669 0.498656 0.507032
6.819 0.834514 0.886102 0.49949 0.507918
6.82 0.834069 0.885532 0.500325 0.508804
6.821 0.833624 0.884961 0.501158 0.509689
6.822 0.833178 0.884388 0.501992 0.510574
6.823 0.832733 0.883813 0.502825 0.511458
6.824 0.832288 0.883236 0.503657 0.512342
6.825 0.831842 0.882657 0.504489 0.513225
6.826 0.831397 0.882077 0.505321 0.514107
6.827 0.830951 0.881495 0.506152 0.514989
6.828 0.830506 0.880911 0.506983 0.51587
6.829 0.830061 0.880326 0.507813 0.516751
6.83 0.829615 0.879738 0.508643 0.517631
6.831 0.82917 0.879149 0.509472 0.51851
6.832 0.828725 0.878558 0.510301 0.519389
6.833 0.828279 0.877965 0.51113 0.520267
6.834 0.827834 0.877371 0.511958 0.521145
6.835 0.827388 0.876774 0.512786 0.522022
6.836 0.826943 0.876176 0.513613 0.522898
6.837 0.826498 0.875576 0.514439 0.523774
6.838 0.826052 0.874974 0.515266 0.52465
6.839 0.825607 0.874371 0.516092 0.525524
6.84 0.825162 0.873766 0.516917 0.526398
6.841 0.824716 0.873158 0.517742 0.527272
6.842 0.824271 0.87255 0.518566 0.528145
6.843 0.823825 0.871939 0.51939 0.529017
6.844 0.82338 0.871326 0.520214 0.529889
6.845 0.822935 0.870712 0.521037 0.53076
6.846 0.822489 0.870096 0.52186 0.53163
6.847 0.822044 0.869478 0.522682 0.5325
6.848 0.821599 0.868859 0.523504 0.533369
6.849 0.821153 0.868237 0.524325 0.534237
6.85 0.820708 0.867614 0.525146 0.535105
6.851 0.820262 0.866989 0.525967 0.535973
6.852 0.819817 0.866363 0.526787 0.536839
6.853 0.819372 0.865734 0.527606 0.537705
6.854 0.818926 0.865104 0.528426 0.538571
6.855 0.818481 0.864472 0.529244 0.539436
6.856 0.818036 0.863838 0.530062 0.5403
6.857 0.81759 0.863202 0.53088 0.541163
6.858 0.817145 0.862565 0.531698 0.542026
6.859 0.8167 0.861925 0.532515 0.542888
6.86 0.816254 0.861284 0.533331 0.54375
6.861 0.815809 0.860641 0.534147 0.544611
6.862 0.815363 0.859997 0.534963 0.545471
6.863 0.814918 0.85935 0.535778 0.546331
6.864 0.814473 0.858702 0.536593 0.54719
6.865 0.814027 0.858052 0.537407 0.548048
6.866 0.813582 0.857401 0.538221 0.548906
6.867 0.813137 0.856747 0.539034 0.549763
6.868 0.812691 0.856092 0.539847 0.55062
6.869 0.812246 0.855435 0.540659 0.551475
6.87 0.8118 0.854776 0.541471 0.55233
6.871 0.811355 0.854115 0.542283 0.553185
6.872 0.81091 0.853452 0.543094 0.554039
6.873 0.810464 0.852788 0.543905 0.554892
6.874 0.810019 0.852122 0.544715 0.555744
6.875 0.809574 0.851454 0.545525 0.556596
6.876 0.809128 0.850785 0.546334 0.557447
6.877 0.808683 0.850113 0.547143 0.558298
6.878 0.808237 0.84944 0.547951 0.559147
6.879 0.807792 0.848765 0.548759 0.559997
6.88 0.807347 0.848088 0.549567 0.560845
6.881 0.806901 0.84741 0.550374 0.561693
6.882 0.806456 0.846729 0.551181 0.56254
6.883 0.806011 0.846047 0.551987 0.563386
6.884 0.805565 0.845363 0.552793 0.564232
6.885 0.80512 0.844678 0.553598 0.565077
6.886 0.804675 0.84399 0.554403 0.565921
6.887 0.804229 0.843301 0.555208 0.566765
6.888 0.803784 0.84261 0.556012 0.567608
6.889 0.803338 0.841917 0.556815 0.56845
6.89 0.802893 0.841222 0.557618 0.569292
6.891 0.802448 0.840526 0.558421 0.570133
6.892 0.802002 0.839828 0.559223 0.570973
6.893 0.801557 0.839128 0.560025 0.571812
6.894 0.801112 0.838426 0.560826 0.572651
6.895 0.800666 0.837722 0.561627 0.573489
6.896 0.800221 0.837017 0.562428 0.574326
6.897 0.799775 0.83631 0.563228 0.575163
6.898 0.79933 0.835601 0.564027 0.575999
6.899 0.798885 0.83489 0.564826 0.576834
6.9 0.798439 0.834178 0.565625 0.577669
6.901 0.797994 0.833463 0.566423 0.578503
6.902 0.797549 0.832747 0.567221 0.579336
6.903 0.797103 0.832029 0.568018 0.580168
6.904 0.796658 0.83131 0.568815 0.581
6.905 0.796212 0.830588 0.569612 0.581831
6.906 0.795767 0.829865 0.570408 0.582661
6.907 0.795322 0.82914 0.571203 0.58349
6.908 0.794876 0.828413 0.571998 0.584319
6.909 0.794431 0.827685 0.572793 0.585147
6.91 0.793986 0.826954 0.573587 0.585975
6.911 0.79354 0.826222 0.574381 0.586801
6.912 0.793095 0.825488 0.575174 0.587627
6.913 0.79265 0.824752 0.575967 0.588452
6.914 0.792204 0.824015 0.576759 0.589277
6.915 0.791759 0.823275 0.577551 0.5901
6.916 0.791313 0.822534 0.578343 0.590923
6.917 0.790868 0.821791 0.579134 0.591745
6.918 0.790423 0.821047 0.579925 0.592567
6.919 0.789977 0.8203 0.580715 0.593387
6.92 0.789532 0.819552 0.581505 0.594207
6.921 0.789087 0.818802 0.582294 0.595026
6.922 0.788641 0.81805 0.583083 0.595845
6.923 0.788196 0.817297 0.583871 0.596663
6.924 0.78775 0.816541 0.584659 0.597479
6.925 0.787305 0.815784 0.585447 0.598296
6.926 0.78686 0.815025 0.586234 0.599111
6.927 0.786414 0.814264 0.58702 0.599926
6.928 0.785969 0.813502 0.587807 0.60074
6.929 0.785524 0.812737 0.588592 0.601553
6.93 0.785078 0.811971 0.589378 0.602365
6.931 0.784633 0.811203 0.590163 0.603177
6.932 0.784187 0.810434 0.590947 0.603987
6.933 0.783742 0.809662 0.591731 0.604797
6.934 0.783297 0.808889 0.592514 0.605607
6.935 0.782851 0.808114 0.593298 0.606415
6.936 0.782406 0.807337 0.59408 0.607223
6.937 0.781961 0.806558 0.594862 0.60803
6.938 0.781515 0.805778 0.595644 0.608836
6.939 0.78107 0.804996 0.596425 0.609642
6.94 0.780624 0.804212 0.597206 0.610446
6.941 0.780179 0.803426 0.597987 0.61125
6.942 0.779734 0.802638 0.598767 0.612053
6.943 0.779288 0.801849 0.599546 0.612855
6.944 0.778843 0.801058 0.600325 0.613657
6.945 0.778398 0.800265 0.601104 0.614457
6.946 0.777952 0.79947 0.601882 0.615257
6.947 0.777507 0.798674 0.60266 0.616056
6.948 0.777062 0.797875 0.603437 0.616855
6.949 0.776616 0.797075 0.604214 0.617652
6.95 0.776171 0.796274 0.60499 0.618449
6.951 0.775725 0.79547 0.605766 0.619245
6.952 0.77528 0.794664 0.606542 0.62004
6.953 0.774835 0.793857 0.607317 0.620834
6.954 0.774389 0.793048 0.608091 0.621627
6.955 0.773944 0.792237 0.608865 0.62242
6.956 0.773499 0.791425 0.609639 0.623212
6.957 0.773053 0.79061 0.610412 0.624003
6.958 0.772608 0.789794 0.611185 0.624793
6.959 0.772162 0.788976 0.611958 0.625582
6.96 0.771717 0.788157 0.61273 0.626371
6.961 0.771272 0.787335 0.613501 0.627159
6.962 0.770826 0.786512 0.614272 0.627946
6.963 0.770381 0.785687 0.615043 0.628732
6.964 0.769936 0.78486 0.615813 0.629517
6.965 0.76949 0.784031 0.616583 0.630301
6.966 0.769045 0.783201 0.617352 0.631085
6.967 0.768599 0.782369 0.618121 0.631868
6.968 0.768154 0.781535 0.618889 0.63265
6.969 0.767709 0.780699 0.619657 0.633431
6.97 0.767263 0.779861 0.620425 0.634211
6.971 0.766818 0.779022 0.621192 0.634991
6.972 0.766373 0.778181 0.621958 0.635769
6.973 0.765927 0.777338 0.622724 0.636547
6.974 0.765482 0.776493 0.62349 0.637324
6.975 0.765037 0.775646 0.624255 0.6381
6.976 0.764591 0.774798 0.62502 0.638875
6.977 0.764146 0.773948 0.625784 0.63965
6.978 0.7637 0.773096 0.626548 0.640423
6.979 0.763255 0.772242 0.627312 0.641196
6.98 0.76281 0.771387 0.628075 0.641968
6.981 0.762364 0.77053 0.628837 0.642739
6.982 0.761919 0.769671 0.6296 0.643509
6.983 0.761474 0.76881 0.630361 0.644278
6.984 0.761028 0.767947 0.631123 0.645046
6.985 0.760583 0.767083 0.631883 0.645814
6.986 0.760137 0.766217 0.632644 0.64658
6.987 0.759692 0.765349 0.633404 0.647346
6.988 0.759247 0.764479 0.634163 0.648111
6.989 0.758801 0.763607 0.634922 0.648875
6.99 0.758356 0.762734 0.635681 0.649638
6.991 0.757911 0.761859 0.636439 0.650401
6.992 0.757465 0.760982 0.637197 0.651162
6.993 0.75702 0.760103 0.637954 0.651923
6.994 0.756574 0.759223 0.638711 0.652682
6.995 0.756129 0.75834 0.639467 0.653441
6.996 0.755684 0.757456 0.640223 0.654199
6.997 0.755238 0.756571 0.640978 0.654956
6.998 0.754793 0.755683 0.641733 0.655712
6.999 0.754348 0.754793 0.642488 0.656467
7 0.753902 0.753902 0.643242 0.657222
7.001 0.753088 0.75301 0.643996 0.657975
7.002 0.752273 0.752119 0.644748 0.658728
7.003 0.751459 0.751227 0.6455 0.659479
7.004 0.750644 0.750336 0.646251 0.66023
7.005 0.74983 0.749446 0.647001 0.66098
7.006 0.749015 0.748555 0.647751 0.661729
7.007 0.748201 0.747665 0.648499 0.662477
7.008 0.747386 0.746775 0.649247 0.663224
7.009 0.746571 0.745886 0.649994 0.663971
7.01 0.745757 0.744997 0.65074 0.664716
7.011 0.744942 0.744108 0.651486 0.665461
7.012 0.744128 0.743219 0.65223 0.666204
7.013 0.743313 0.742331 0.652974 0.666947
7.014 0.742499 0.741443 0.653717 0.667689
7.015 0.741684 0.740556 0.654459 0.66843
7.016 0.74087 0.739668 0.6552 0.66917
7.017 0.740055 0.738781 0.655941 0.669909
7.018 0.739241 0.737895 0.65668 0.670648
7.019 0.738426 0.737008 0.657419 0.671385
7.02 0.737612 0.736122 0.658157 0.672122
7.021 0.736797 0.735237 0.658894 0.672857
7.022 0.735983 0.734351 0.659631 0.673592
7.023 0.735168 0.733466 0.660366 0.674326
7.024 0.734353 0.732581 0.661101 0.675059
7.025 0.733539 0.731697 0.661835 0.675791
7.026 0.732724 0.730813 0.662568 0.676523
7.027 0.73191 0.729929 0.6633 0.677253
7.028 0.731095 0.729045 0.664032 0.677982
7.029 0.730281 0.728162 0.664763 0.678711
7.03 0.729466 0.727279 0.665493 0.679439
7.031 0.728652 0.726396 0.666222 0.680166
7.032 0.727837 0.725514 0.66695 0.680892
7.033 0.727023 0.724632 0.667677 0.681617
7.034 0.726208 0.72375 0.668404 0.682341
7.035 0.725394 0.722869 0.66913 0.683064
7.036 0.724579 0.721988 0.669855 0.683787
7.037 0.723765 0.721107 0.670579 0.684508
7.038 0.72295 0.720227 0.671302 0.685229
7.039 0.722135 0.719346 0.672025 0.685949
7.04 0.721321 0.718467 0.672746 0.686667
7.041 0.720506 0.717587 0.673467 0.687385
7.042 0.719692 0.716708 0.674187 0.688103
7.043 0.718877 0.715829 0.674907 0.688819
7.044 0.718063 0.71495 0.675625 0.689534
7.045 0.717248 0.714072 0.676343 0.690249
7.046 0.716434 0.713194 0.67706 0.690962
7.047 0.715619 0.712316 0.677776 0.691675
7.048 0.714805 0.711439 0.678491 0.692387
7.049 0.71399 0.710562 0.679205 0.693098
7.05 0.713176 0.709685 0.679919 0.693808
7.051 0.712361 0.708809 0.680632 0.694517
7.052 0.711546 0.707933 0.681344 0.695226
7.053 0.710732 0.707057 0.682055 0.695933
7.054 0.709917 0.706181 0.682765 0.69664
7.055 0.709103 0.705306 0.683475 0.697346
7.056 0.708288 0.704431 0.684183 0.69805
7.057 0.707474 0.703557 0.684891 0.698754
7.058 0.706659 0.702682 0.685598 0.699458
7.059 0.705845 0.701808 0.686305 0.70016
7.06 0.70503 0.700935 0.68701 0.700861
7.061 0.704216 0.700061 0.687715 0.701562
7.062 0.703401 0.699188 0.688418 0.702261
7.063 0.702587 0.698316 0.689121 0.70296
7.064 0.701772 0.697443 0.689824 0.703658
7.065 0.700958 0.696571 0.690525 0.704355
7.066 0.700143 0.6957 0.691226 0.705051
7.067 0.699328 0.694828 0.691925 0.705746
7.068 0.698514 0.693957 0.692624 0.706441
7.069 0.697699 0.693086 0.693322 0.707134
7.07 0.696885 0.692215 0.69402 0.707827
7.071 0.69607 0.691345 0.694716 0.708519
7.072 0.695256 0.690475 0.695412 0.70921
7.073 0.694441 0.689606 0.696107 0.7099
7.074 0.693627 0.688736 0.696801 0.710589
7.075 0.692812 0.687867 0.697494 0.711277
7.076 0.691998 0.686999 0.698186 0.711965
7.077 0.691183 0.68613 0.698878 0.712651
7.078 0.690369 0.685262 0.699569 0.713337
7.079 0.689554 0.684395 0.700259 0.714022
7.08 0.68874 0.683527 0.700948 0.714706
7.081 0.687925 0.68266 0.701636 0.715389
7.082 0.68711 0.681793 0.702324 0.716071
7.083 0.686296 0.680927 0.70301 0.716752
7.084 0.685481 0.680061 0.703696 0.717433
7.085 0.684667 0.679195 0.704381 0.718112
7.086 0.683852 0.678329 0.705065 0.718791
7.087 0.683038 0.677464 0.705749 0.719469
7.088 0.682223 0.676599 0.706432 0.720146
7.089 0.681409 0.675734 0.707113 0.720822
7.09 0.680594 0.67487 0.707794 0.721498
7.091 0.67978 0.674006 0.708475 0.722172
7.092 0.678965 0.673142 0.709154 0.722846
7.093 0.678151 0.672279 0.709832 0.723518
7.094 0.677336 0.671416 0.71051 0.72419
7.095 0.676522 0.670553 0.711187 0.724861
7.096 0.675707 0.66969 0.711863 0.725531
7.097 0.674892 0.668828 0.712539 0.726201
7.098 0.674078 0.667966 0.713213 0.726869
7.099 0.673263 0.667105 0.713887 0.727536
7.1 0.672449 0.666244 0.71456 0.728203
7.101 0.671634 0.665383 0.715232 0.728869
7.102 0.67082 0.664522 0.715903 0.729534
7.103 0.670005 0.663662 0.716573 0.730198
7.104 0.669191 0.662802 0.717243 0.730861
7.105 0.668376 0.661942 0.717912 0.731524
7.106 0.667562 0.661083 0.71858 0.732185
7.107 0.666747 0.660224 0.719247 0.732846
7.108 0.665933 0.659365 0.719913 0.733506
7.109 0.665118 0.658507 0.720579 0.734164
7.11 0.664304 0.657648 0.721243 0.734823
7.111 0.663489 0.656791 0.721907 0.73548
7.112 0.662674 0.655933 0.72257 0.736136
7.113 0.66186 0.655076 0.723233 0.736792
7.114 0.661045 0.654219 0.723894 0.737446
7.115 0.660231 0.653363 0.724555 0.7381
7.116 0.659416 0.652506 0.725214 0.738753
7.117 0.658602 0.65165 0.725873 0.739405
7.118 0.657787 0.650795 0.726532 0.740056
7.119 0.656973 0.649939 0.727189 0.740707
7.12 0.656158 0.649084 0.727846 0.741356
7.121 0.655344 0.64823 0.728501 0.742005
7.122 0.654529 0.647375 0.729156 0.742653
7.123 0.653715 0.646521 0.72981 0.7433
7.124 0.6529 0.645667 0.730464 0.743946
7.125 0.652086 0.644814 0.731116 0.744591
7.126 0.651271 0.643961 0.731768 0.745235
7.127 0.650456 0.643108 0.732419 0.745879
7.128 0.649642 0.642255 0.733069 0.746522
7.129 0.648827 0.641403 0.733718 0.747163
7.13 0.648013 0.640551 0.734366 0.747804
7.131 0.647198 0.6397 0.735014 0.748444
7.132 0.646384 0.638848 0.735661 0.749084
7.133 0.645569 0.637997 0.736307 0.749722
7.134 0.644755 0.637147 0.736952 0.75036
7.135 0.64394 0.636296 0.737596 0.750996
7.136 0.643126 0.635446 0.73824 0.751632
7.137 0.642311 0.634596 0.738883 0.752267
7.138 0.641497 0.633747 0.739525 0.752902
7.139 0.640682 0.632898 0.740166 0.753535
7.14 0.639868 0.632049 0.740806 0.754167
7.141 0.639053 0.6312 0.741445 0.754799
7.142 0.638238 0.630352 0.742084 0.75543
7.143 0.637424 0.629504 0.742722 0.75606
7.144 0.636609 0.628657 0.743359 0.756689
7.145 0.635795 0.62781 0.743995 0.757317
7.146 0.63498 0.626963 0.74463 0.757944
7.147 0.634166 0.626116 0.745265 0.758571
7.148 0.633351 0.62527 0.745899 0.759197
7.149 0.632537 0.624424 0.746532 0.759821
7.15 0.631722 0.623578 0.747164 0.760445
7.151 0.630908 0.622732 0.747795 0.761069
7.152 0.630093 0.621887 0.748426 0.761691
7.153 0.629279 0.621043 0.749055 0.762312
7.154 0.628464 0.620198 0.749684 0.762933
7.155 0.62765 0.619354 0.750312 0.763553
7.156 0.626835 0.61851 0.75094 0.764172
7.157 0.62602 0.617667 0.751566 0.76479
7.158 0.625206 0.616823 0.752192 0.765407
7.159 0.624391 0.61598 0.752816 0.766023
7.16 0.623577 0.615138 0.75344 0.766639
7.161 0.622762 0.614296 0.754064 0.767254
7.162 0.621948 0.613454 0.754686 0.767868
7.163 0.621133 0.612612 0.755307 0.768481
7.164 0.620319 0.61177 0.755928 0.769093
7.165 0.619504 0.610929 0.756548 0.769704
7.166 0.61869 0.610089 0.757167 0.770315
7.167 0.617875 0.609248 0.757785 0.770924
7.168 0.617061 0.608408 0.758403 0.771533
7.169 0.616246 0.607568 0.75902 0.772141
7.17 0.615431 0.606729 0.759635 0.772748
7.171 0.614617 0.60589 0.76025 0.773355
7.172 0.613802 0.605051 0.760865 0.77396
7.173 0.612988 0.604212 0.761478 0.774565
7.174 0.612173 0.603374 0.762091 0.775169
7.175 0.611359 0.602536 0.762702 0.775771
7.176 0.610544 0.601698 0.763313 0.776374
7.177 0.60973 0.600861 0.763923 0.776975
7.178 0.608915 0.600024 0.764533 0.777575
7.179 0.608101 0.599187 0.765141 0.778175
7.18 0.607286 0.598351 0.765749 0.778774
7.181 0.606472 0.597515 0.766356 0.779372
7.182 0.605657 0.596679 0.766962 0.779969
7.183 0.604843 0.595843 0.767567 0.780565
7.184 0.604028 0.595008 0.768172 0.78116
7.185 0.603213 0.594173 0.768775 0.781755
7.186 0.602399 0.593339 0.769378 0.782349
7.187 0.601584 0.592505 0.76998 0.782942
7.188 0.60077 0.591671 0.770581 0.783534
7.189 0.599955 0.590837 0.771182 0.784125
7.19 0.599141 0.590004 0.771781 0.784715
7.191 0.598326 0.589171 0.77238 0.785305
7.192 0.597512 0.588338 0.772978 0.785894
7.193 0.596697 0.587506 0.773575 0.786482
7.194 0.595883 0.586674 0.774171 0.787069
7.195 0.595068 0.585842 0.774767 0.787655
7.196 0.594254 0.58501 0.775361 0.78824
7.197 0.593439 0.584179 0.775955 0.788825
7.198 0.592625 0.583348 0.776548 0.789409
7.199 0.59181 0.582518 0.77714 0.789992
7.2 0.590995 0.581688 0.777732 0.790574
7.201 0.590181 0.580858 0.778322 0.791155
7.202 0.589366 0.580028 0.778912 0.791736
7.203 0.588552 0.579199 0.779501 0.792315
7.204 0.587737 0.57837 0.780089 0.792894
7.205 0.586923 0.577541 0.780677 0.793472
7.206 0.586108 0.576713 0.781263 0.794049
7.207 0.585294 0.575885 0.781849 0.794625
7.208 0.584479 0.575057 0.782434 0.795201
7.209 0.583665 0.57423 0.783018 0.795775
7.21 0.58285 0.573403 0.783601 0.796349
7.211 0.582036 0.572576 0.784183 0.796922
7.212 0.581221 0.57175 0.784765 0.797494
7.213 0.580407 0.570923 0.785346 0.798066
7.214 0.579592 0.570097 0.785926 0.798636
7.215 0.578777 0.569272 0.786505 0.799206
7.216 0.577963 0.568447 0.787083 0.799775
7.217 0.577148 0.567622 0.787661 0.800343
7.218 0.576334 0.566797 0.788238 0.80091
7.219 0.575519 0.565973 0.788814 0.801476
7.22 0.574705 0.565149 0.789389 0.802042
7.221 0.57389 0.564325 0.789963 0.802607
7.222 0.573076 0.563502 0.790537 0.803171
7.223 0.572261 0.562679 0.791109 0.803734
7.224 0.571447 0.561856 0.791681 0.804296
7.225 0.570632 0.561034 0.792252 0.804857
7.226 0.569818 0.560211 0.792822 0.805418
7.227 0.569003 0.55939 0.793392 0.805978
7.228 0.568189 0.558568 0.79396 0.806537
7.229 0.567374 0.557747 0.794528 0.807095
7.23 0.566559 0.556926 0.795095 0.807652
7.231 0.565745 0.556105 0.795661 0.808209
7.232 0.56493 0.555285 0.796227 0.808765
7.233 0.564116 0.554465 0.796791 0.809319
7.234 0.563301 0.553645 0.797355 0.809873
7.235 0.562487 0.552826 0.797918 0.810427
7.236 0.561672 0.552007 0.79848 0.810979
7.237 0.560858 0.551188 0.799041 0.811531
7.238 0.560043 0.55037 0.799602 0.812082
7.239 0.559229 0.549552 0.800161 0.812631
7.24 0.558414 0.548734 0.80072 0.813181
7.241 0.5576 0.547917 0.801278 0.813729
7.242 0.556785 0.547099 0.801835 0.814276
7.243 0.555971 0.546283 0.802392 0.814823
7.244 0.555156 0.545466 0.802947 0.815369
7.245 0.554341 0.54465 0.803502 0.815914
7.246 0.553527 0.543834 0.804056 0.816458
7.247 0.552712 0.543018 0.804609 0.817002
7.248 0.551898 0.542203 0.805161 0.817544
7.249 0.551083 0.541388 0.805713 0.818086
7.25 0.550269 0.540573 0.806263 0.818627
7.251 0.549454 0.539759 0.806813 0.819167
7.252 0.54864 0.538945 0.807362 0.819707
7.253 0.547825 0.538131 0.807911 0.820245
7.254 0.547011 0.537318 0.808458 0.820783
7.255 0.546196 0.536504 0.809005 0.82132
7.256 0.545382 0.535692 0.80955 0.821856
7.257 0.544567 0.534879 0.810095 0.822391
7.258 0.543753 0.534067 0.810639 0.822926
7.259 0.542938 0.533255 0.811183 0.823459
7.26 0.542123 0.532443 0.811725 0.823992
7.261 0.541309 0.531632 0.812267 0.824524
7.262 0.540494 0.530821 0.812808 0.825055
7.263 0.53968 0.53001 0.813348 0.825586
7.264 0.538865 0.5292 0.813887 0.826115
7.265 0.538051 0.52839 0.814426 0.826644
7.266 0.537236 0.52758 0.814963 0.827172
7.267 0.536422 0.526771 0.8155 0.827699
7.268 0.535607 0.525962 0.816036 0.828226
7.269 0.534793 0.525153 0.816571 0.828751
7.27 0.533978 0.524345 0.817106 0.829276
7.271 0.533164 0.523536 0.817639 0.8298
7.272 0.532349 0.522729 0.818172 0.830323
7.273 0.531535 0.521921 0.818704 0.830846
7.274 0.53072 0.521114 0.819235 0.831367
7.275 0.529905 0.520307 0.819766 0.831888
7.276 0.529091 0.5195 0.820295 0.832408
7.277 0.528276 0.518694 0.820824 0.832927
7.278 0.527462 0.517888 0.821352 0.833445
7.279 0.526647 0.517082 0.821879 0.833963
7.28 0.525833 0.516277 0.822405 0.834479
7.281 0.525018 0.515472 0.82293 0.834995
7.282 0.524204 0.514667 0.823455 0.83551
7.283 0.523389 0.513863 0.823979 0.836024
7.284 0.522575 0.513058 0.824502 0.836538
7.285 0.52176 0.512255 0.825024 0.837051
7.286 0.520946 0.511451 0.825545 0.837562
7.287 0.520131 0.510648 0.826066 0.838073
7.288 0.519316 0.509845 0.826586 0.838584
7.289 0.518502 0.509042 0.827104 0.839093
7.29 0.517687 0.50824 0.827623 0.839602
7.291 0.516873 0.507438 0.82814 0.84011
7.292 0.516058 0.506636 0.828656 0.840617
7.293 0.515244 0.505835 0.829172 0.841123
7.294 0.514429 0.505034 0.829687 0.841628
7.295 0.513615 0.504233 0.830201 0.842133
7.296 0.5128 0.503433 0.830714 0.842637
7.297 0.511986 0.502633 0.831226 0.84314
7.298 0.511171 0.501833 0.831738 0.843642
7.299 0.510357 0.501034 0.832249 0.844143
7.3 0.509542 0.500234 0.832759 0.844644
7.301 0.508728 0.499435 0.833268 0.845144
7.302 0.507913 0.498637 0.833776 0.845643
7.303 0.507098 0.497839 0.834284 0.846141
7.304 0.506284 0.497041 0.83479 0.846639
7.305 0.505469 0.496243 0.835296 0.847135
7.306 0.504655 0.495446 0.835801 0.847631
7.307 0.50384 0.494649 0.836305 0.848126
7.308 0.503026 0.493852 0.836809 0.84862
7.309 0.502211 0.493056 0.837312 0.849114
7.31 0.501397 0.49226 0.837813 0.849607
7.311 0.500582 0.491464 0.838314 0.850098
7.312 0.499768 0.490668 0.838815 0.850589
7.313 0.498953 0.489873 0.839314 0.85108
7.314 0.498139 0.489078 0.839812 0.851569
7.315 0.497324 0.488284 0.84031 0.852058
7.316 0.49651 0.48749 0.840807 0.852546
7.317 0.495695 0.486696 0.841303 0.853033
7.318 0.49488 0.485902 0.841798 0.853519
7.319 0.494066 0.485109 0.842293 0.854005
7.32 0.493251 0.484316 0.842787 0.854489
7.321 0.492437 0.483523 0.843279 0.854973
7.322 0.491622 0.482731 0.843771 0.855456
7.323 0.490808 0.481939 0.844263 0.855939
7.324 0.489993 0.481147 0.844753 0.85642
7.325 0.489179 0.480356 0.845243 0.856901
7.326 0.488364 0.479565 0.845731 0.857381
7.327 0.48755 0.478774 0.846219 0.85786
7.328 0.486735 0.477983 0.846707 0.858339
7.329 0.485921 0.477193 0.847193 0.858816
7.33 0.485106 0.476403 0.847678 0.859293
7.331 0.484292 0.475614 0.848163 0.859769
7.332 0.483477 0.474825 0.848647 0.860244
7.333 0.482662 0.474036 0.84913 0.860719
7.334 0.481848 0.473247 0.849612 0.861192
7.335 0.481033 0.472459 0.850094 0.861665
7.336 0.480219 0.471671 0.850574 0.862137
7.337 0.479404 0.470883 0.851054 0.862608
7.338 0.47859 0.470096 0.851533 0.863079
7.339 0.477775 0.469308 0.852011 0.863549
7.34 0.476961 0.468522 0.852489 0.864018
7.341 0.476146 0.467735 0.852965 0.864486
7.342 0.475332 0.466949 0.853441 0.864953
7.343 0.474517 0.466163 0.853916 0.86542
7.344 0.473703 0.465378 0.85439 0.865885
7.345 0.472888 0.464593 0.854863 0.86635
7.346 0.472074 0.463808 0.855336 0.866815
7.347 0.471259 0.463023 0.855807 0.867278
7.348 0.470444 0.462239 0.856278 0.867741
7.349 0.46963 0.461455 0.856748 0.868202
7.35 0.468815 0.460671 0.857218 0.868664
7.351 0.468001 0.459888 0.857686 0.869124
7.352 0.467186 0.459105 0.858154 0.869583
7.353 0.466372 0.458322 0.85862 0.870042
7.354 0.465557 0.45754 0.859086 0.8705
7.355 0.464743 0.456757 0.859551 0.870957
7.356 0.463928 0.455976 0.860016 0.871413
7.357 0.463114 0.455194 0.860479 0.871869
7.358 0.462299 0.454413 0.860942 0.872324
7.359 0.461485 0.453632 0.861404 0.872778
7.36 0.46067 0.452852 0.861865 0.873231
7.361 0.459856 0.452071 0.862325 0.873684
7.362 0.459041 0.451291 0.862785 0.874135
7.363 0.458226 0.450512 0.863243 0.874586
7.364 0.457412 0.449732 0.863701 0.875036
7.365 0.456597 0.448953 0.864158 0.875486
7.366 0.455783 0.448175 0.864614 0.875934
7.367 0.454968 0.447396 0.86507 0.876382
7.368 0.454154 0.446618 0.865524 0.876829
7.369 0.453339 0.44584 0.865978 0.877275
7.37 0.452525 0.445063 0.866431 0.877721
7.371 0.45171 0.444286 0.866883 0.878165
7.372 0.450896 0.443509 0.867334 0.878609
7.373 0.450081 0.442732 0.867785 0.879052
7.374 0.449267 0.441956 0.868235 0.879495
7.375 0.448452 0.44118 0.868683 0.879936
7.376 0.447638 0.440405 0.869131 0.880377
7.377 0.446823 0.439629 0.869579 0.880817
7.378 0.446008 0.438855 0.870025 0.881256
7.379 0.445194 0.43808 0.870471 0.881695
7.38 0.444379 0.437305 0.870916 0.882132
7.381 0.443565 0.436531 0.871359 0.882569
7.382 0.44275 0.435758 0.871803 0.883006
7.383 0.441936 0.434984 0.872245 0.883441
7.384 0.441121 0.434211 0.872687 0.883875
7.385 0.440307 0.433438 0.873127 0.884309
7.386 0.439492 0.432666 0.873567 0.884742
7.387 0.438678 0.431894 0.874006 0.885175
7.388 0.437863 0.431122 0.874444 0.885606
7.389 0.437049 0.43035 0.874882 0.886037
7.39 0.436234 0.429579 0.875319 0.886467
7.391 0.43542 0.428808 0.875754 0.886896
7.392 0.434605 0.428037 0.876189 0.887324
7.393 0.43379 0.427267 0.876624 0.887752
7.394 0.432976 0.426497 0.877057 0.888179
7.395 0.432161 0.425727 0.87749 0.888605
7.396 0.431347 0.424958 0.877921 0.88903
7.397 0.430532 0.424189 0.878352 0.889455
7.398 0.429718 0.42342 0.878782 0.889879
7.399 0.428903 0.422652 0.879212 0.890302
7.4 0.428089 0.421884 0.87964 0.890724
7.401 0.427274 0.421116 0.880068 0.891146
7.402 0.42646 0.420348 0.880495 0.891566
7.403 0.425645 0.419581 0.880921 0.891986
7.404 0.424831 0.418814 0.881346 0.892406
7.405 0.424016 0.418047 0.88177 0.892824
7.406 0.423202 0.417281 0.882194 0.893242
7.407 0.422387 0.416515 0.882617 0.893659
7.408 0.421572 0.41575 0.883039 0.894075
7.409 0.420758 0.414984 0.88346 0.89449
7.41 0.419943 0.414219 0.88388 0.894905
7.411 0.419129 0.413454 0.8843 0.895318
7.412 0.418314 0.41269 0.884719 0.895732
7.413 0.4175 0.411926 0.885137 0.896144
7.414 0.416685 0.411162 0.885554 0.896555
7.415 0.415871 0.410399 0.88597 0.896966
7.416 0.415056 0.409635 0.886385 0.897376
7.417 0.414242 0.408872 0.8868 0.897785
7.418 0.413427 0.40811 0.887214 0.898194
7.419 0.412613 0.407348 0.887627 0.898602
7.42 0.411798 0.406586 0.888039 0.899009
7.421 0.410983 0.405824 0.88845 0.899415
7.422 0.410169 0.405063 0.888861 0.89982
7.423 0.409354 0.404302 0.889271 0.900225
7.424 0.40854 0.403541 0.88968 0.900629
7.425 0.407725 0.402781 0.890088 0.901032
7.426 0.406911 0.402021 0.890495 0.901434
7.427 0.406096 0.401261 0.890902 0.901836
7.428 0.405282 0.400501 0.891307 0.902237
7.429 0.404467 0.399742 0.891712 0.902637
7.43 0.403653 0.398983 0.892116 0.903036
7.431 0.402838 0.398225 0.89252 0.903435
7.432 0.402024 0.397467 0.892922 0.903833
7.433 0.401209 0.396709 0.893324 0.90423
7.434 0.400395 0.395951 0.893724 0.904626
7.435 0.39958 0.395194 0.894124 0.905022
7.436 0.398765 0.394437 0.894524 0.905417
7.437 0.397951 0.39368 0.894922 0.905811
7.438 0.397136 0.392924 0.895319 0.906204
7.439 0.396322 0.392168 0.895716 0.906597
7.44 0.395507 0.391412 0.896112 0.906988
7.441 0.394693 0.390657 0.896507 0.907379
7.442 0.393878 0.389901 0.896902 0.90777
7.443 0.393064 0.389147 0.897295 0.908159
7.444 0.392249 0.388392 0.897688 0.908548
7.445 0.391435 0.387638 0.898079 0.908936
7.446 0.39062 0.386884 0.898471 0.909323
7.447 0.389806 0.38613 0.898861 0.90971
7.448 0.388991 0.385377 0.89925 0.910096
7.449 0.388177 0.384624 0.899639 0.910481
7.45 0.387362 0.383872 0.900026 0.910865
7.451 0.386547 0.383119 0.900413 0.911248
7.452 0.385733 0.382367 0.9008 0.911631
7.453 0.384918 0.381616 0.901185 0.912013
7.454 0.384104 0.380864 0.901569 0.912394
7.455 0.383289 0.380113 0.901953 0.912775
7.456 0.382475 0.379362 0.902336 0.913154
7.457 0.38166 0.378612 0.902718 0.913533
7.458 0.380846 0.377862 0.903099 0.913912
7.459 0.380031 0.377112 0.90348 0.914289
7.46 0.379217 0.376362 0.903859 0.914666
7.461 0.378402 0.375613 0.904238 0.915042
7.462 0.377588 0.374864 0.904616 0.915417
7.463 0.376773 0.374116 0.904993 0.915792
7.464 0.375959 0.373367 0.90537 0.916165
7.465 0.375144 0.372619 0.905745 0.916538
7.466 0.374329 0.371872 0.90612 0.916911
7.467 0.373515 0.371124 0.906494 0.917282
7.468 0.3727 0.370377 0.906867 0.917653
7.469 0.371886 0.36963 0.907239 0.918023
7.47 0.371071 0.368884 0.907611 0.918392
7.471 0.370257 0.368138 0.907981 0.918761
7.472 0.369442 0.367392 0.908351 0.919128
7.473 0.368628 0.366647 0.90872 0.919495
7.474 0.367813 0.365901 0.909089 0.919862
7.475 0.366999 0.365157 0.909456 0.920227
7.476 0.366184 0.364412 0.909823 0.920592
7.477 0.36537 0.363668 0.910188 0.920956
7.478 0.364555 0.362924 0.910553 0.921319
7.479 0.363741 0.36218 0.910917 0.921682
7.48 0.362926 0.361437 0.911281 0.922044
7.481 0.362111 0.360694 0.911643 0.922405
7.482 0.361297 0.359951 0.912005 0.922765
7.483 0.360482 0.359209 0.912366 0.923125
7.484 0.359668 0.358467 0.912726 0.923484
7.485 0.358853 0.357725 0.913085 0.923842
7.486 0.358039 0.356983 0.913444 0.924199
7.487 0.357224 0.356242 0.913801 0.924556
7.488 0.35641 0.355501 0.914158 0.924911
7.489 0.355595 0.354761 0.914514 0.925267
7.49 0.354781 0.354021 0.914869 0.925621
7.491 0.353966 0.353281 0.915224 0.925975
7.492 0.353152 0.352541 0.915577 0.926328
7.493 0.352337 0.351802 0.91593 0.92668
7.494 0.351523 0.351063 0.916282 0.927031
7.495 0.350708 0.350324 0.916633 0.927382
7.496 0.349893 0.349586 0.916983 0.927732
7.497 0.349079 0.348848 0.917333 0.928081
7.498 0.348264 0.34811 0.917681 0.928429
7.499 0.34745 0.347372 0.918029 0.928777
7.5 0.346635 0.346635 0.918376 0.929124
7.501 0.345651 0.345898 0.918723 0.92947
7.502 0.344667 0.345159 0.919068 0.929816
7.503 0.343683 0.34442 0.919412 0.930161
7.504 0.342698 0.34368 0.919755 0.930505
7.505 0.341714 0.342938 0.920097 0.930848
7.506 0.34073 0.342196 0.920438 0.931191
7.507 0.339745 0.341452 0.920779 0.931533
7.508 0.338761 0.340708 0.921118 0.931874
7.509 0.337777 0.339963 0.921456 0.932214
7.51 0.336793 0.339216 0.921794 0.932554
7.511 0.335808 0.338469 0.92213 0.932892
7.512 0.334824 0.33772 0.922465 0.933231
7.513 0.33384 0.336971 0.922799 0.933568
7.514 0.332856 0.336221 0.923133 0.933904
7.515 0.331871 0.335469 0.923465 0.93424
7.516 0.330887 0.334717 0.923797 0.934575
7.517 0.329903 0.333964 0.924127 0.93491
7.518 0.328918 0.33321 0.924456 0.935243
7.519 0.327934 0.332454 0.924785 0.935576
7.52 0.32695 0.331698 0.925112 0.935908
7.521 0.325966 0.330941 0.925439 0.93624
7.522 0.324981 0.330183 0.925764 0.93657
7.523 0.323997 0.329423 0.926089 0.9369
7.524 0.323013 0.328663 0.926412 0.937229
7.525 0.322029 0.327902 0.926735 0.937557
7.526 0.321044 0.32714 0.927056 0.937885
7.527 0.32006 0.326377 0.927377 0.938212
7.528 0.319076 0.325612 0.927696 0.938538
7.529 0.318091 0.324847 0.928015 0.938863
7.53 0.317107 0.324081 0.928333 0.939187
7.531 0.316123 0.323314 0.928649 0.939511
7.532 0.315139 0.322546 0.928965 0.939834
7.533 0.314154 0.321777 0.929279 0.940156
7.534 0.31317 0.321007 0.929593 0.940477
7.535 0.312186 0.320236 0.929906 0.940798
7.536 0.311202 0.319463 0.930217 0.941118
7.537 0.310217 0.31869 0.930528 0.941437
7.538 0.309233 0.317916 0.930838 0.941755
7.539 0.308249 0.317141 0.931147 0.942073
7.54 0.307264 0.316365 0.931454 0.94239
7.541 0.30628 0.315588 0.931761 0.942705
7.542 0.305296 0.31481 0.932067 0.943021
7.543 0.304312 0.314031 0.932372 0.943335
7.544 0.303327 0.313251 0.932676 0.943649
7.545 0.302343 0.31247 0.932978 0.943962
7.546 0.301359 0.311688 0.93328 0.944274
7.547 0.300375 0.310905 0.933581 0.944585
7.548 0.29939 0.310121 0.933881 0.944896
7.549 0.298406 0.309336 0.93418 0.945205
7.55 0.297422 0.30855 0.934478 0.945514
7.551 0.296438 0.307763 0.934775 0.945822
7.552 0.295453 0.306976 0.935071 0.94613
7.553 0.294469 0.306187 0.935366 0.946436
7.554 0.293485 0.305397 0.93566 0.946742
7.555 0.2925 0.304606 0.935953 0.947047
7.556 0.291516 0.303814 0.936245 0.947351
7.557 0.290532 0.303021 0.936536 0.947655
7.558 0.289548 0.302227 0.936826 0.947957
7.559 0.288563 0.301432 0.937115 0.948259
7.56 0.287579 0.300637 0.937403 0.94856
7.561 0.286595 0.29984 0.93769 0.94886
7.562 0.285611 0.299042 0.937976 0.94916
7.563 0.284626 0.298243 0.938261 0.949459
7.564 0.283642 0.297443 0.938545 0.949756
7.565 0.282658 0.296643 0.938828 0.950053
7.566 0.281673 0.295841 0.939111 0.95035
7.567 0.280689 0.295038 0.939392 0.950645
7.568 0.279705 0.294234 0.939672 0.95094
7.569 0.278721 0.29343 0.939951 0.951234
7.57 0.277736 0.292624 0.940229 0.951527
7.571 0.276752 0.291817 0.940507 0.951819
7.572 0.275768 0.29101 0.940783 0.95211
7.573 0.274784 0.290201 0.941058 0.952401
7.574 0.273799 0.289391 0.941332 0.952691
7.575 0.272815 0.28858 0.941606 0.95298
7.576 0.271831 0.287769 0.941878 0.953268
7.577 0.270846 0.286956 0.942149 0.953555
7.578 0.269862 0.286143 0.94242 0.953842
7.579 0.268878 0.285328 0.942689 0.954127
7.58 0.267894 0.284512 0.942958 0.954412
7.581 0.266909 0.283696 0.943225 0.954696
7.582 0.265925 0.282878 0.943491 0.95498
7.583 0.264941 0.28206 0.943757 0.955262
7.584 0.263957 0.28124 0.944021 0.955544
7.585 0.262972 0.280419 0.944285 0.955825
7.586 0.261988 0.279598 0.944547 0.956105
7.587 0.261004 0.278775 0.944809 0.956384
7.588 0.260019 0.277952 0.945069 0.956662
7.589 0.259035 0.277127 0.945329 0.95694
7.59 0.258051 0.276302 0.945587 0.957216
7.591 0.257067 0.275475 0.945845 0.957492
7.592 0.256082 0.274648 0.946101 0.957767
7.593 0.255098 0.273819 0.946357 0.958042
7.594 0.254114 0.27299 0.946612 0.958315
7.595 0.25313 0.272159 0.946865 0.958588
7.596 0.252145 0.271328 0.947118 0.958859
7.597 0.251161 0.270496 0.94737 0.95913
7.598 0.250177 0.269662 0.94762 0.9594
7.599 0.249193 0.268828 0.94787 0.95967
7.6 0.248208 0.267992 0.948119 0.959938
7.601 0.247224 0.267156 0.948366 0.960206
7.602 0.24624 0.266319 0.948613 0.960472
7.603 0.245255 0.26548 0.948859 0.960738
7.604 0.244271 0.264641 0.949104 0.961003
7.605 0.243287 0.263801 0.949347 0.961268
7.606 0.242303 0.262959 0.94959 0.961531
7.607 0.241318 0.262117 0.949832 0.961793
7.608 0.240334 0.261274 0.950073 0.962055
7.609 0.23935 0.260429 0.950313 0.962316
7.61 0.238366 0.259584 0.950551 0.962576
7.611 0.237381 0.258738 0.950789 0.962835
7.612 0.236397 0.25789 0.951026 0.963093
7.613 0.235413 0.257042 0.951262 0.963351
7.614 0.234428 0.256193 0.951497 0.963608
7.615 0.233444 0.255343 0.951731 0.963863
7.616 0.23246 0.254492 0.951964 0.964118
7.617 0.231476 0.253639 0.952196 0.964372
7.618 0.230491 0.252786 0.952427 0.964626
7.619 0.229507 0.251932 0.952657 0.964878
7.62 0.228523 0.251077 0.952886 0.965129
7.621 0.227539 0.250221 0.953114 0.96538
7.622 0.226554 0.249363 0.953341 0.96563
7.623 0.22557 0.248505 0.953567 0.965879
7.624 0.224586 0.247646 0.953792 0.966127
7.625 0.223601 0.246786 0.954016 0.966374
7.626 0.222617 0.245925 0.954239 0.96662
7.627 0.221633 0.245063 0.954461 0.966866
7.628 0.220649 0.2442 0.954683 0.967111
7.629 0.219664 0.243336 0.954903 0.967354
7.63 0.21868 0.242471 0.955122 0.967597
7.631 0.217696 0.241604 0.95534 0.967839
7.632 0.216712 0.240737 0.955557 0.96808
7.633 0.215727 0.239869 0.955774 0.968321
7.634 0.214743 0.239 0.955989 0.96856
7.635 0.213759 0.23813 0.956203 0.968799
7.636 0.212775 0.237259 0.956416 0.969036
7.637 0.21179 0.236387 0.956629 0.969273
7.638 0.210806 0.235514 0.95684 0.969509
7.639 0.209822 0.23464 0.95705 0.969744
7.64 0.208837 0.233765 0.957259 0.969978
7.641 0.207853 0.232889 0.957468 0.970212
7.642 0.206869 0.232013 0.957675 0.970444
7.643 0.205885 0.231135 0.957882 0.970676
7.644 0.2049 0.230256 0.958087 0.970907
7.645 0.203916 0.229376 0.958291 0.971136
7.646 0.202932 0.228495 0.958495 0.971365
7.647 0.201948 0.227613 0.958697 0.971593
7.648 0.200963 0.22673 0.958899 0.971821
7.649 0.199979 0.225846 0.959099 0.972047
7.65 0.198995 0.224961 0.959299 0.972272
7.651 0.19801 0.224076 0.959497 0.972497
7.652 0.197026 0.223189 0.959695 0.97272
7.653 0.196042 0.222301 0.959891 0.972943
7.654 0.195058 0.221412 0.960087 0.973165
7.655 0.194073 0.220522 0.960281 0.973386
7.656 0.193089 0.219631 0.960475 0.973606
7.657 0.192105 0.21874 0.960667 0.973825
7.658 0.191121 0.217847 0.960859 0.974043
7.659 0.190136 0.216953 0.96105 0.974261
7.66 0.189152 0.216058 0.961239 0.974477
7.661 0.188168 0.215163 0.961428 0.974693
7.662 0.187183 0.214266 0.961616 0.974908
7.663 0.186199 0.213368 0.961802 0.975122
7.664 0.185215 0.21247 0.961988 0.975334
7.665 0.184231 0.21157 0.962173 0.975546
7.666 0.183246 0.210669 0.962357 0.975758
7.667 0.182262 0.209767 0.962539 0.975968
7.668 0.181278 0.208865 0.962721 0.976177
7.669 0.180294 0.207961 0.962902 0.976386
7.67 0.179309 0.207057 0.963082 0.976593
7.671 0.178325 0.206151 0.963261 0.9768
7.672 0.177341 0.205244 0.963438 0.977005
7.673 0.176356 0.204337 0.963615 0.97721
7.674 0.175372 0.203428 0.963791 0.977414
7.675 0.174388 0.202518 0.963966 0.977617
7.676 0.173404 0.201608 0.96414 0.977819
7.677 0.172419 0.200696 0.964313 0.97802
7.678 0.171435 0.199784 0.964485 0.97822
7.679 0.170451 0.19887 0.964656 0.97842
7.68 0.169467 0.197956 0.964826 0.978618
7.681 0.168482 0.19704 0.964995 0.978816
7.682 0.167498 0.196124 0.965163 0.979012
7.683 0.166514 0.195206 0.96533 0.979208
7.684 0.16553 0.194288 0.965496 0.979403
7.685 0.164545 0.193368 0.965661 0.979596
7.686 0.163561 0.192448 0.965825 0.979789
7.687 0.162577 0.191526 0.965988 0.979981
7.688 0.161592 0.190604 0.96615 0.980172
7.689 0.160608 0.18968 0.966311 0.980363
7.69 0.159624 0.188756 0.966471 0.980552
7.691 0.15864 0.187831 0.96663 0.98074
7.692 0.157655 0.186904 0.966788 0.980927
7.693 0.156671 0.185977 0.966945 0.981114
7.694 0.155687 0.185048 0.967102 0.981299
7.695 0.154703 0.184119 0.967257 0.981484
7.696 0.153718 0.183189 0.967411 0.981668
7.697 0.152734 0.182257 0.967564 0.98185
7.698 0.15175 0.181325 0.967717 0.982032
7.699 0.150765 0.180392 0.967868 0.982213
7.7 0.149781 0.179457 0.968018 0.982393
7.701 0.148797 0.178522 0.968167 0.982572
7.702 0.147813 0.177586 0.968316 0.98275
7.703 0.146828 0.176648 0.968463 0.982927
7.704 0.145844 0.17571 0.968609 0.983103
7.705 0.14486 0.174771 0.968755 0.983279
7.706 0.143876 0.173831 0.968899 0.983453
7.707 0.142891 0.172889 0.969042 0.983626
7.708 0.141907 0.171947 0.969185 0.983799
7.709 0.140923 0.171004 0.969326 0.98397
7.71 0.139938 0.17006 0.969467 0.984141
7.711 0.138954 0.169115 0.969606 0.98431
7.712 0.13797 0.168168 0.969745 0.984479
7.713 0.136986 0.167221 0.969882 0.984647
7.714 0.136001 0.166273 0.970019 0.984813
7.715 0.135017 0.165324 0.970154 0.984979
7.716 0.134033 0.164374 0.970289 0.985144
7.717 0.133049 0.163423 0.970422 0.985308
7.718 0.132064 0.162471 0.970555 0.985471
7.719 0.13108 0.161517 0.970686 0.985633
7.72 0.130096 0.160563 0.970817 0.985794
7.721 0.129111 0.159608 0.970946 0.985954
7.722 0.128127 0.158652 0.971075 0.986113
7.723 0.127143 0.157695 0.971203 0.986271
7.724 0.126159 0.156737 0.971329 0.986428
7.725 0.125174 0.155778 0.971455 0.986585
7.726 0.12419 0.154818 0.97158 0.98674
7.727 0.123206 0.153857 0.971703 0.986894
7.728 0.122222 0.152895 0.971826 0.987048
7.729 0.121237 0.151932 0.971948 0.9872
7.73 0.120253 0.150968 0.972069 0.987352
7.731 0.119269 0.150003 0.972188 0.987502
7.732 0.118285 0.149037 0.972307 0.987652
7.733 0.1173 0.14807 0.972425 0.9878
7.734 0.116316 0.147102 0.972542 0.987948
7.735 0.115332 0.146133 0.972658 0.988094
7.736 0.114347 0.145163 0.972772 0.98824
7.737 0.113363 0.144192 0.972886 0.988385
7.738 0.112379 0.14322 0.972999 0.988528
7.739 0.111395 0.142247 0.973111 0.988671
7.74 0.11041 0.141274 0.973222 0.988813
7.741 0.109426 0.140299 0.973332 0.988954
7.742 0.108442 0.139323 0.973441 0.989093
7.743 0.107458 0.138346 0.973549 0.989232
7.744 0.106473 0.137368 0.973656 0.98937
7.745 0.105489 0.136389 0.973762 0.989507
7.746 0.104505 0.135409 0.973867 0.989643
7.747 0.10352 0.134429 0.973971 0.989778
7.748 0.102536 0.133447 0.974074 0.989912
7.749 0.101552 0.132464 0.974176 0.990045
7.75 0.100568 0.13148 0.974277 0.990177
7.751 0.0995834 0.130496 0.974377 0.990308
7.752 0.0985991 0.12951 0.974476 0.990438
7.753 0.0976148 0.128523 0.974574 0.990567
7.754 0.0966306 0.127535 0.974671 0.990695
7.755 0.0956463 0.126547 0.974767 0.990822
7.756 0.094662 0.125557 0.974862 0.990948
7.757 0.0936777 0.124566 0.974957 0.991073
7.758 0.0926935 0.123574 0.97505 0.991197
7.759 0.0917092 0.122582 0.975142 0.99132
7.76 0.0907249 0.121588 0.975233 0.991442
7.761 0.0897407 0.120593 0.975323 0.991563
7.762 0.0887564 0.119598 0.975413 0.991683
7.763 0.0877721 0.118601 0.975501 0.991802
7.764 0.0867879 0.117604 0.975588 0.991921
7.765 0.0858036 0.116605 0.975675 0.992038
7.766 0.0848193 0.115605 0.97576 0.992154
7.767 0.083835 0.114605 0.975844 0.992269
7.768 0.0828508 0.113603 0.975928 0.992383
7.769 0.0818665 0.112601 0.97601 0.992496
7.77 0.0808822 0.111597 0.976091 0.992608
7.771 0.079898 0.110593 0.976172 0.992719
7.772 0.0789137 0.109587 0.976251 0.992829
7.773 0.0779294 0.10858 0.976329 0.992938
7.774 0.0769451 0.107573 0.976407 0.993046
7.775 0.0759609 0.106564 0.976483 0.993154
7.776 0.0749766 0.105555 0.976559 0.99326
7.777 0.0739923 0.104544 0.976633 0.993365
7.778 0.0730081 0.103533 0.976707 0.993469
7.779 0.0720238 0.102521 0.976779 0.993572
7.78 0.0710395 0.101507 0.976851 0.993674
7.781 0.0700553 0.100493 0.976921 0.993775
7.782 0.069071 0.0994772 0.976991 0.993875
7.783 0.0680867 0.0984608 0.97706 0.993974
7.784 0.0671024 0.0974434 0.977127 0.994072
7.785 0.0661182 0.096425 0.977194 0.994169
7.786 0.0651339 0.0954056 0.977259 0.994265
7.787 0.0641496 0.0943852 0.977324 0.994359
7.788 0.0631654 0.0933638 0.977388 0.994453
7.789 0.0621811 0.0923415 0.97745 0.994546
7.79 0.0611968 0.0913181 0.977512 0.994638
7.791 0.0602125 0.0902938 0.977573 0.994729
7.792 0.0592283 0.0892685 0.977632 0.994819
7.793 0.058244 0.0882422 0.977691 0.994907
7.794 0.0572597 0.0872149 0.977749 0.994995
7.795 0.0562755 0.0861866 0.977806 0.995082
7.796 0.0552912 0.0851573 0.977862 0.995167
7.797 0.0543069 0.084127 0.977916 0.995252
7.798 0.0533226 0.0830958 0.97797 0.995336
7.799 0.0523384 0.0820635 0.978023 0.995418
7.8 0.0513541 0.0810303 0.978075 0.9955
7.801 0.0503698 0.079996 0.978126 0.99558
7.802 0.0493856 0.0789608 0.978176 0.99566
7.803 0.0484013 0.0779246 0.978224 0.995738
7.804 0.047417 0.0768874 0.978272 0.995816
7.805 0.0464328 0.0758493 0.978319 0.995892
7.806 0.0454485 0.0748101 0.978365 0.995967
7.807 0.0444642 0.0737699 0.97841 0.996042
7.808 0.0434799 0.0727288 0.978454 0.996115
7.809 0.0424957 0.0716866 0.978497 0.996187
7.81 0.0415114 0.0706435 0.978539 0.996258
7.811 0.0405271 0.0695994 0.97858 0.996328
7.812 0.0395429 0.0685543 0.97862 0.996397
7.813 0.0385586 0.0675082 0.978659 0.996465
7.814 0.0375743 0.0664611 0.978697 0.996532
7.815 0.03659 0.065413 0.978734 0.996598
7.816 0.0356058 0.064364 0.97877 0.996663
7.817 0.0346215 0.0633139 0.978806 0.996727
7.818 0.0336372 0.0622629 0.97884 0.99679
7.819 0.032653 0.0612108 0.978873 0.996852
7.82 0.0316687 0.0601578 0.978905 0.996912
7.821 0.0306844 0.0591038 0.978936 0.996972
7.822 0.0297002 0.0580488 0.978966 0.997031
7.823 0.0287159 0.0569928 0.978996 0.997088
7.824 0.0277316 0.0559358 0.979024 0.997145
7.825 0.0267473 0.0548779 0.979051 0.9972
7.826 0.0257631 0.0538189 0.979077 0.997254
7.827 0.0247788 0.052759 0.979103 0.997308
7.828 0.0237945 0.051698 0.979127 0.99736
7.829 0.0228103 0.0506361 0.97915 0.997411
7.83 0.021826 0.0495732 0.979173 0.997461
7.831 0.0208417 0.0485093 0.979194 0.99751
7.832 0.0198574 0.0474444 0.979214 0.997558
7.833 0.0188732 0.0463785 0.979234 0.997605
7.834 0.0178889 0.0453117 0.979252 0.997651
7.835 0.0169046 0.0442438 0.979269 0.997696
7.836 0.0159204 0.043175 0.979286 0.997739
7.837 0.0149361 0.0421051 0.979301 0.997782
7.838 0.0139518 0.0410343 0.979316 0.997824
7.839 0.0129675 0.0399625 0.979329 0.997864
7.84 0.0119833 0.0388897 0.979342 0.997903
7.841 0.010999 0.0378159 0.979353 0.997942
7.842 0.0100147 0.0367411 0.979364 0.997979
7.843 0.00903047 0.0356653 0.979373 0.998015
7.844 0.0080462 0.0345886 0.979382 0.99805
7.845 0.00706193 0.0335108 0.979389 0.998084
7.846 0.00607765 0.0324321 0.979396 0.998117
7.847 0.00509338 0.0313523 0.979401 0.998149
7.848 0.00410911 0.0302716 0.979406 0.99818
7.849 0.00312484 0.0291899 0.97941 0.99821
7.85 0.00214057 0.0281072 0.979412 0.998239
7.851 0.0011563 0.0270235 0.979414 0.998266
7.852 0.00017203 0.0259389 0.979414 0.998293
7.853 -0.00081224 0.0248532 0.979414 0.998318
7.854 -0.00179651 0.0237665 0.979413 0.998342
7.855 -0.00278078 0.0226789 0.979411 0.998365
7.856 -0.00376505 0.0215903 0.979407 0.998388
7.857 -0.00474932 0.0205006 0.979403 0.998409
7.858 -0.00573359 0.01941 0.979398 0.998429
7.859 -0.00671786 0.0183184 0.979392 0.998447
7.86 -0.00770214 0.0172258 0.979384 0.998465
7.861 -0.00868641 0.0161323 0.979376 0.998482
7.862 -0.00967068 0.0150377 0.979367 0.998498
7.863 -0.0106549 0.0139421 0.979357 0.998512
7.864 -0.0116392 0.0128456 0.979346 0.998525
7.865 -0.0126235 0.0117481 0.979334 0.998538
7.866 -0.0136078 0.0106495 0.97932 0.998549
7.867 -0.014592 0.00955003 0.979306 0.998559
7.868 -0.0155763 0.00844952 0.979291 0.998568
7.869 -0.0165606 0.00734803 0.979275 0.998576
7.87 -0.0175448 0.00624555 0.979258 0.998583
7.871 -0.0185291 0.00514208 0.97924 0.998588
7.872 -0.0195134 0.00403762 0.979221 0.998593
7.873 -0.0204977 0.00293217 0.979201 0.998596
7.874 -0.0214819 0.00182574 0.97918 0.998599
7.875 -0.0224662 0.000718309 0.979158 0.9986
7.876 -0.0234505 -0.000390107 0.979135 0.9986
7.877 -0.0244347 -0.00149951 0.979111 0.998599
7.878 -0.025419 -0.00260991 0.979086 0.998597
7.879 -0.0264033 -0.00372129 0.97906 0.998594
7.88 -0.0273875 -0.00483366 0.979033 0.99859
7.881 -0.0283718 -0.00594703 0.979006 0.998584
7.882 -0.0293561 -0.00706138 0.978977 0.998578
7.883 -0.0303404 -0.00817672 0.978947 0.99857
7.884 -0.0313246 -0.00929305 0.978916 0.998562
7.885 -0.0323089 -0.0104104 0.978884 0.998552
7.886 -0.0332932 -0.0115287 0.978851 0.998541
7.887 -0.0342774 -0.012648 0.978818 0.998529
7.888 -0.0352617 -0.0137683 0.978783 0.998515
7.889 -0.036246 -0.0148895 0.978747 0.998501
7.89 -0.0372303 -0.0160118 0.97871 0.998486
7.891 -0.0382145 -0.0171351 0.978673 0.998469
7.892 -0.0391988 -0.0182593 0.978634 0.998451
7.893 -0.0401831 -0.0193845 0.978594 0.998433
7.894 -0.0411673 -0.0205107 0.978554 0.998413
7.895 -0.0421516 -0.021638 0.978512 0.998392
7.896 -0.0431359 -0.0227662 0.978469 0.998369
7.897 -0.0441202 -0.0238953 0.978426 0.998346
7.898 -0.0451044 -0.0250255 0.978381 0.998322
7.899 -0.0460887 -0.0261567 0.978335 0.998296
7.9 -0.047073 -0.0272889 0.978289 0.998269
7.901 -0.0480572 -0.028422 0.978241 0.998241
7.902 -0.0490415 -0.0295561 0.978193 0.998212
7.903 -0.0500258 -0.0306913 0.978143 0.998182
7.904 -0.05101 -0.0318274 0.978093 0.998151
7.905 -0.0519943 -0.0329645 0.978041 0.998119
7.906 -0.0529786 -0.0341026 0.977989 0.998085
7.907 -0.0539629 -0.0352416 0.977935 0.99805
7.908 -0.0549471 -0.0363817 0.977881 0.998015
7.909 -0.0559314 -0.0375228 0.977825 0.997978
7.91 -0.0569157 -0.0386648 0.977769 0.99794
7.911 -0.0578999 -0.0398079 0.977712 0.9979
7.912 -0.0588842 -0.0409519 0.977653 0.99786
7.913 -0.0598685 -0.0420969 0.977594 0.997818
7.914 -0.0608528 -0.0432429 0.977533 0.997776
7.915 -0.061837 -0.0443899 0.977472 0.997732
7.916 -0.0628213 -0.0455379 0.97741 0.997687
7.917 -0.0638056 -0.0466869 0.977346 0.997641
7.918 -0.0647898 -0.0478368 0.977282 0.997594
7.919 -0.0657741 -0.0489878 0.977217 0.997545
7.92 -0.0667584 -0.0501397 0.977151 0.997496
7.921 -0.0677426 -0.0512927 0.977083 0.997445
7.922 -0.0687269 -0.0524466 0.977015 0.997393
7.923 -0.0697112 -0.0536015 0.976946 0.99734
7.924 -0.0706955 -0.0547574 0.976876 0.997286
7.925 -0.0716797 -0.0559143 0.976804 0.997231
7.926 -0.072664 -0.0570721 0.976732 0.997174
7.927 -0.0736483 -0.058231 0.976659 0.997116
7.928 -0.0746325 -0.0593909 0.976585 0.997058
7.929 -0.0756168 -0.0605517 0.97651 0.996998
7.93 -0.0766011 -0.0617135 0.976434 0.996936
7.931 -0.0775854 -0.0628764 0.976357 0.996874
7.932 -0.0785696 -0.0640402 0.976279 0.996811
7.933 -0.0795539 -0.065205 0.9762 0.996746
7.934 -0.0805382 -0.0663708 0.976119 0.99668
7.935 -0.0815224 -0.0675375 0.976038 0.996613
7.936 -0.0825067 -0.0687053 0.975956 0.996545
7.937 -0.083491 -0.0698741 0.975873 0.996476
7.938 -0.0844753 -0.0710438 0.975789 0.996405
7.939 -0.0854595 -0.0722146 0.975704 0.996334
7.94 -0.0864438 -0.0733863 0.975619 0.996261
7.941 -0.0874281 -0.074559 0.975532 0.996187
7.942 -0.0884123 -0.0757327 0.975444 0.996112
7.943 -0.0893966 -0.0769074 0.975355 0.996036
7.944 -0.0903809 -0.0780831 0.975265 0.995958
7.945 -0.0913651 -0.0792597 0.975174 0.995879
7.946 -0.0923494 -0.0804374 0.975082 0.9958
7.947 -0.0933337 -0.0816161 0.974989 0.995719
7.948 -0.094318 -0.0827957 0.974895 0.995636
7.949 -0.0953022 -0.0839763 0.974801 0.995553
7.95 -0.0962865 -0.0851579 0.974705 0.995468
7.951 -0.0972708 -0.0863405 0.974608 0.995383
7.952 -0.098255 -0.0875241 0.97451 0.995296
7.953 -0.0992393 -0.0887087 0.974412 0.995208
7.954 -0.100224 -0.0898943 0.974312 0.995118
7.955 -0.101208 -0.0910809 0.974211 0.995028
7.956 -0.102192 -0.0922684 0.974109 0.994936
7.957 -0.103176 -0.093457 0.974007 0.994843
7.958 -0.104161 -0.0946465 0.973903 0.994749
7.959 -0.105145 -0.095837 0.973798 0.994654
7.96 -0.106129 -0.0970285 0.973693 0.994558
7.961 -0.107113 -0.098221 0.973586 0.99446
7.962 -0.108098 -0.0994145 0.973479 0.994361
7.963 -0.109082 -0.100609 0.97337 0.994261
7.964 -0.110066 -0.101804 0.97326 0.99416
7.965 -0.111051 -0.103001 0.97315 0.994058
7.966 -0.112035 -0.104198 0.973038 0.993954
7.967 -0.113019 -0.105397 0.972926 0.993849
7.968 -0.114003 -0.106596 0.972812 0.993743
7.969 -0.114988 -0.107797 0.972698 0.993636
7.97 -0.115972 -0.108998 0.972582 0.993528
7.971 -0.116956 -0.1102 0.972466 0.993418
7.972 -0.11794 -0.111404 0.972348 0.993307
7.973 -0.118925 -0.112608 0.97223 0.993195
7.974 -0.119909 -0.113814 0.972111 0.993082
7.975 -0.120893 -0.11502 0.97199 0.992967
7.976 -0.121878 -0.116227 0.971869 0.992852
7.977 -0.122862 -0.117436 0.971746 0.992735
7.978 -0.123846 -0.118645 0.971623 0.992617
7.979 -0.12483 -0.119855 0.971499 0.992498
7.98 -0.125815 -0.121066 0.971373 0.992377
7.981 -0.126799 -0.122279 0.971247 0.992256
7.982 -0.127783 -0.123492 0.97112 0.992133
7.983 -0.128767 -0.124706 0.970991 0.992009
7.984 -0.129752 -0.125921 0.970862 0.991883
7.985 -0.130736 -0.127138 0.970732 0.991757
7.986 -0.13172 -0.128355 0.970601 0.991629
7.987 -0.132705 -0.129573 0.970469 0.9915
7.988 -0.133689 -0.130792 0.970335 0.99137
7.989 -0.134673 -0.132013 0.970201 0.991238
7.99 -0.135657 -0.133234 0.970066 0.991106
7.991 -0.136642 -0.134456 0.96993 0.990972
7.992 -0.137626 -0.135679 0.969793 0.990837
7.993 -0.13861 -0.136903 0.969655 0.990701
7.994 -0.139594 -0.138128 0.969516 0.990563
7.995 -0.140579 -0.139355 0.969375 0.990424
7.996 -0.141563 -0.140582 0.969234 0.990284
7.997 -0.142547 -0.14181 0.969092 0.990143
7.998 -0.143531 -0.143039 0.968949 0.990001
7.999 -0.144516 -0.144269 0.968805 0.989857
8 -0.1455 -0.1455 0.96866 0.989712
8.001 -0.146413 -0.146731 0.968514 0.989566
8.002 -0.147326 -0.147961 0.968367 0.989419
8.003 -0.148239 -0.149189 0.96822 0.98927
8.004 -0.149152 -0.150416 0.968071 0.98912
8.005 -0.150065 -0.151642 0.967921 0.988969
8.006 -0.150978 -0.152867 0.967771 0.988817
8.007 -0.151891 -0.15409 0.967619 0.988664
8.008 -0.152804 -0.155312 0.967467 0.988509
8.009 -0.153717 -0.156533 0.967314 0.988353
8.01 -0.15463 -0.157752 0.96716 0.988196
8.011 -0.155543 -0.15897 0.967004 0.988038
8.012 -0.156456 -0.160187 0.966848 0.987878
8.013 -0.157369 -0.161403 0.966692 0.987717
8.014 -0.158282 -0.162617 0.966534 0.987555
8.015 -0.159195 -0.16383 0.966375 0.987392
8.016 -0.160108 -0.165042 0.966215 0.987228
8.017 -0.161021 -0.166253 0.966055 0.987062
8.018 -0.161934 -0.167462 0.965893 0.986895
8.019 -0.162847 -0.16867 0.965731 0.986727
8.02 -0.163761 -0.169877 0.965568 0.986558
8.021 -0.164674 -0.171082 0.965403 0.986387
8.022 -0.165587 -0.172286 0.965238 0.986215
8.023 -0.1665 -0.173489 0.965072 0.986043
8.024 -0.167413 -0.174691 0.964905 0.985869
8.025 -0.168326 -0.175891 0.964737 0.985693
8.026 -0.169239 -0.17709 0.964569 0.985517
8.027 -0.170152 -0.178288 0.964399 0.985339
8.028 -0.171065 -0.179485 0.964228 0.98516
8.029 -0.171978 -0.18068 0.964057 0.98498
8.03 -0.172891 -0.181874 0.963884 0.984799
8.031 -0.173804 -0.183067 0.963711 0.984616
8.032 -0.174717 -0.184258 0.963537 0.984433
8.033 -0.17563 -0.185448 0.963362 0.984248
8.034 -0.176543 -0.186637 0.963185 0.984062
8.035 -0.177456 -0.187825 0.963008 0.983875
8.036 -0.178369 -0.189011 0.962831 0.983686
8.037 -0.179282 -0.190196 0.962652 0.983497
8.038 -0.180195 -0.19138 0.962472 0.983306
8.039 -0.181108 -0.192562 0.962291 0.983114
8.04 -0.182021 -0.193744 0.96211 0.982921
8.041 -0.182934 -0.194924 0.961927 0.982726
8.042 -0.183847 -0.196102 0.961744 0.982531
8.043 -0.18476 -0.19728 0.96156 0.982334
8.044 -0.185673 -0.198456 0.961374 0.982136
8.045 -0.186586 -0.199631 0.961188 0.981937
8.046 -0.187499 -0.200804 0.961001 0.981737
8.047 -0.188412 -0.201977 0.960813 0.981536
8.048 -0.189325 -0.203148 0.960624 0.981333
8.049 -0.190238 -0.204317 0.960435 0.981129
8.05 -0.191151 -0.205486 0.960244 0.980924
8.051 -0.192064 -0.206653 0.960052 0.980718
8.052 -0.192977 -0.207819 0.95986 0.980511
8.053 -0.19389 -0.208984 0.959666 0.980303
8.054 -0.194803 -0.210147 0.959472 0.980093
8.055 -0.195716 -0.211309 0.959277 0.979882
8.056 -0.196629 -0.21247 0.959081 0.97967
8.057 -0.197542 -0.21363 0.958884 0.979457
8.058 -0.198455 -0.214788 0.958686 0.979243
8.059 -0.199368 -0.215945 0.958487 0.979028
8.06 -0.200281 -0.217101 0.958287 0.978811
8.061 -0.201194 -0.218255 0.958086 0.978594
8.062 -0.202108 -0.219409 0.957884 0.978375
8.063 -0.203021 -0.22056 0.957682 0.978155
8.064 -0.203934 -0.221711 0.957478 0.977934
8.065 -0.204847 -0.22286 0.957274 0.977711
8.066 -0.20576 -0.224009 0.957069 0.977488
8.067 -0.206673 -0.225155 0.956862 0.977263
8.068 -0.207586 -0.226301 0.956655 0.977038
8.069 -0.208499 -0.227445 0.956447 0.976811
8.07 -0.209412 -0.228588 0.956238 0.976583
8.071 -0.210325 -0.22973 0.956028 0.976354
8.072 -0.211238 -0.230871 0.955818 0.976123
8.073 -0.212151 -0.23201 0.955606 0.975892
8.074 -0.213064 -0.233148 0.955393 0.975659
8.075 -0.213977 -0.234284 0.95518 0.975426
8.076 -0.21489 -0.23542 0.954965 0.975191
8.077 -0.215803 -0.236554 0.95475 0.974955
8.078 -0.216716 -0.237687 0.954534 0.974718
8.079 -0.217629 -0.238818 0.954317 0.974479
8.08 -0.218542 -0.239948 0.954099 0.97424
8.081 -0.219455 -0.241077 0.95388 0.973999
8.082 -0.220368 -0.242205 0.95366 0.973758
8.083 -0.221281 -0.243332 0.953439 0.973515
8.084 -0.222194 -0.244457 0.953217 0.973271
8.085 -0.223107 -0.245581 0.952994 0.973026
8.086 -0.22402 -0.246703 0.952771 0.97278
8.087 -0.224933 -0.247825 0.952546 0.972533
8.088 -0.225846 -0.248945 0.952321 0.972284
8.089 -0.226759 -0.250064 0.952095 0.972035
8.09 -0.227672 -0.251181 0.951867 0.971784
8.091 -0.228585 -0.252297 0.951639 0.971532
8.092 -0.229498 -0.253412 0.95141 0.97128
8.093 -0.230411 -0.254526 0.95118 0.971026
8.094 -0.231324 -0.255638 0.950949 0.970771
8.095 -0.232237 -0.25675 0.950718 0.970514
8.096 -0.23315 -0.257859 0.950485 0.970257
8.097 -0.234063 -0.258968 0.950251 0.969999
8.098 -0.234976 -0.260075 0.950017 0.969739
8.099 -0.235889 -0.261181 0.949781 0.969479
8.1 -0.236802 -0.262286 0.949545 0.969217
8.101 -0.237715 -0.26339 0.949308 0.968954
8.102 -0.238628 -0.264492 0.94907 0.96869
8.103 -0.239541 -0.265593 0.948831 0.968425
8.104 -0.240455 -0.266693 0.948591 0.968159
8.105 -0.241368 -0.267791 0.94835 0.967892
8.106 -0.242281 -0.268888 0.948108 0.967623
8.107 -0.243194 -0.269984 0.947865 0.967354
8.108 -0.244107 -0.271079 0.947621 0.967083
8.109 -0.24502 -0.272172 0.947377 0.966812
8.11 -0.245933 -0.273264 0.947131 0.966539
8.111 -0.246846 -0.274355 0.946885 0.966265
8.112 -0.247759 -0.275444 0.946638 0.96599
8.113 -0.248672 -0.276533 0.94639 0.965714
8.114 -0.249585 -0.27762 0.94614 0.965437
8.115 -0.250498 -0.278705 0.94589 0.965159
8.116 -0.251411 -0.27979 0.945639 0.96488
8.117 -0.252324 -0.280873 0.945388 0.964599
8.118 -0.253237 -0.281955 0.945135 0.964318
8.119 -0.25415 -0.283035 0.944881 0.964035
8.12 -0.255063 -0.284114 0.944626 0.963752
8.121 -0.255976 -0.285193 0.944371 0.963467
8.122 -0.256889 -0.286269 0.944114 0.963182
8.123 -0.257802 -0.287345 0.943857 0.962895
8.124 -0.258715 -0.288419 0.943599 0.962607
8.125 -0.259628 -0.289492 0.94334 0.962318
8.126 -0.260541 -0.290564 0.94308 0.962028
8.127 -0.261454 -0.291634 0.942819 0.961737
8.128 -0.262367 -0.292703 0.942557 0.961445
8.129 -0.26328 -0.293771 0.942294 0.961151
8.13 -0.264193 -0.294837 0.94203 0.960857
8.131 -0.265106 -0.295903 0.941766 0.960562
8.132 -0.266019 -0.296967 0.9415 0.960265
8.133 -0.266932 -0.29803 0.941233 0.959968
8.134 -0.267845 -0.299091 0.940966 0.959669
8.135 -0.268758 -0.300151 0.940698 0.95937
8.136 -0.269671 -0.30121 0.940429 0.959069
8.137 -0.270584 -0.302268 0.940158 0.958767
8.138 -0.271497 -0.303324 0.939887 0.958464
8.139 -0.27241 -0.304379 0.939615 0.95816
8.14 -0.273323 -0.305433 0.939343 0.957856
8.141 -0.274236 -0.306486 0.939069 0.95755
8.142 -0.275149 -0.307537 0.938794 0.957243
8.143 -0.276062 -0.308587 0.938519 0.956935
8.144 -0.276975 -0.309636 0.938242 0.956625
8.145 -0.277888 -0.310683 0.937965 0.956315
8.146 -0.278801 -0.311729 0.937686 0.956004
8.147 -0.279715 -0.312774 0.937407 0.955692
8.148 -0.280628 -0.313818 0.937127 0.955379
8.149 -0.281541 -0.31486 0.936846 0.955064
8.15 -0.282454 -0.315901 0.936564 0.954749
8.151 -0.283367 -0.316941 0.936281 0.954432
8.152 -0.28428 -0.31798 0.935997 0.954115
8.153 -0.285193 -0.319017 0.935712 0.953796
8.154 -0.286106 -0.320053 0.935427 0.953477
8.155 -0.287019 -0.321087 0.93514 0.953156
8.156 -0.287932 -0.322121 0.934853 0.952835
8.157 -0.288845 -0.323153 0.934564 0.952512
8.158 -0.289758 -0.324184 0.934275 0.952188
8.159 -0.290671 -0.325214 0.933985 0.951864
8.16 -0.291584 -0.326242 0.933694 0.951538
8.161 -0.292497 -0.327269 0.933401 0.951211
8.162 -0.29341 -0.328295 0.933109 0.950883
8.163 -0.294323 -0.329319 0.932815 0.950555
8.164 -0.295236 -0.330343 0.93252 0.950225
8.165 -0.296149 -0.331364 0.932224 0.949894
8.166 -0.297062 -0.332385 0.931928 0.949562
8.167 -0.297975 -0.333405 0.93163 0.949229
8.168 -0.298888 -0.334423 0.931332 0.948895
8.169 -0.299801 -0.33544 0.931032 0.94856
8.17 -0.300714 -0.336455 0.930732 0.948224
8.171 -0.301627 -0.33747 0.930431 0.947887
8.172 -0.30254 -0.338483 0.930129 0.947549
8.173 -0.303453 -0.339494 0.929826 0.94721
8.174 -0.304366 -0.340505 0.929522 0.94687
8.175 -0.305279 -0.341514 0.929217 0.946529
8.176 -0.306192 -0.342522 0.928911 0.946187
8.177 -0.307105 -0.343529 0.928605 0.945844
8.178 -0.308018 -0.344534 0.928297 0.9455
8.179 -0.308931 -0.345538 0.927989 0.945155
8.18 -0.309844 -0.346541 0.927679 0.944809
8.181 -0.310757 -0.347543 0.927369 0.944462
8.182 -0.31167 -0.348543 0.927058 0.944114
8.183 -0.312583 -0.349542 0.926746 0.943765
8.184 -0.313496 -0.35054 0.926433 0.943415
8.185 -0.314409 -0.351536 0.926119 0.943064
8.186 -0.315322 -0.352531 0.925804 0.942712
8.187 -0.316235 -0.353525 0.925488 0.942359
8.188 -0.317148 -0.354518 0.925171 0.942005
8.189 -0.318062 -0.355509 0.924854 0.94165
8.19 -0.318975 -0.3565 0.924535 0.941294
8.191 -0.319888 -0.357488 0.924216 0.940937
8.192 -0.320801 -0.358476 0.923895 0.940579
8.193 -0.321714 -0.359462 0.923574 0.94022
8.194 -0.322627 -0.360447 0.923252 0.93986
8.195 -0.32354 -0.361431 0.922929 0.939499
8.196 -0.324453 -0.362413 0.922605 0.939137
8.197 -0.325366 -0.363395 0.92228 0.938774
8.198 -0.326279 -0.364375 0.921954 0.93841
8.199 -0.327192 -0.365353 0.921627 0.938046
8.2 -0.328105 -0.366331 0.9213 0.93768
8.201 -0.329018 -0.367307 0.920971 0.937313
8.202 -0.329931 -0.368282 0.920642 0.936945
8.203 -0.330844 -0.369255 0.920311 0.936576
8.204 -0.331757 -0.370227 0.91998 0.936207
8.205 -0.33267 -0.371198 0.919648 0.935836
8.206 -0.333583 -0.372168 0.919315 0.935464
8.207 -0.334496 -0.373136 0.918981 0.935092
8.208 -0.335409 -0.374104 0.918646 0.934718
8.209 -0.336322 -0.37507 0.91831 0.934343
8.21 -0.337235 -0.376034 0.917973 0.933968
8.211 -0.338148 -0.376998 0.917635 0.933591
8.212 -0.339061 -0.37796 0.917297 0.933214
8.213 -0.339974 -0.37892 0.916957 0.932835
8.214 -0.340887 -0.37988 0.916617 0.932456
8.215 -0.3418 -0.380838 0.916275 0.932076
8.216 -0.342713 -0.381795 0.915933 0.931694
8.217 -0.343626 -0.382751 0.91559 0.931312
8.218 -0.344539 -0.383705 0.915246 0.930929
8.219 -0.345452 -0.384659 0.914901 0.930545
8.22 -0.346365 -0.38561 0.914555 0.930159
8.221 -0.347278 -0.386561 0.914208 0.929773
8.222 -0.348191 -0.38751 0.91386 0.929386
8.223 -0.349104 -0.388458 0.913512 0.928998
8.224 -0.350017 -0.389405 0.913162 0.928609
8.225 -0.35093 -0.390351 0.912812 0.92822
8.226 -0.351843 -0.391295 0.91246 0.927829
8.227 -0.352756 -0.392238 0.912108 0.927437
8.228 -0.353669 -0.39318 0.911755 0.927044
8.229 -0.354582 -0.39412 0.911401 0.926651
8.23 -0.355495 -0.395059 0.911046 0.926256
8.231 -0.356409 -0.395997 0.91069 0.925861
8.232 -0.357322 -0.396934 0.910333 0.925464
8.233 -0.358235 -0.397869 0.909975 0.925067
8.234 -0.359148 -0.398803 0.909616 0.924668
8.235 -0.360061 -0.399736 0.909257 0.924269
8.236 -0.360974 -0.400667 0.908896 0.923869
8.237 -0.361887 -0.401598 0.908535 0.923468
8.238 -0.3628 -0.402526 0.908173 0.923066
8.239 -0.363713 -0.403454 0.907809 0.922663
8.24 -0.364626 -0.404381 0.907445 0.922259
8.241 -0.365539 -0.405306 0.90708 0.921854
8.242 -0.366452 -0.40623 0.906714 0.921448
8.243 -0.367365 -0.407152 0.906347 0.921041
8.244 -0.368278 -0.408073 0.905979 0.920634
8.245 -0.369191 -0.408993 0.905611 0.920225
8.246 -0.370104 -0.409912 0.905241 0.919816
8.247 -0.371017 -0.41083 0.90487 0.919405
8.248 -0.37193 -0.411746 0.904499 0.918994
8.249 -0.372843 -0.412661 0.904127 0.918582
8.25 -0.373756 -0.413575 0.903753 0.918169
8.251 -0.374669 -0.414487 0.903379 0.917755
8.252 -0.375582 -0.415398 0.903004 0.91734
8.253 -0.376495 -0.416308 0.902628 0.916924
8.254 -0.377408 -0.417216 0.902251 0.916507
8.255 -0.378321 -0.418124 0.901873 0.91609
8.256 -0.379234 -0.41903 0.901494 0.915671
8.257 -0.380147 -0.419934 0.901115 0.915252
8.258 -0.38106 -0.420838 0.900734 0.914831
8.259 -0.381973 -0.42174 0.900352 0.91441
8.26 -0.382886 -0.422641 0.89997 0.913988
8.261 -0.383799 -0.423541 0.899587 0.913565
8.262 -0.384712 -0.424439 0.899202 0.913141
8.263 -0.385625 -0.425336 0.898817 0.912716
8.264 -0.386538 -0.426232 0.898431 0.91229
8.265 -0.387451 -0.427127 0.898044 0.911863
8.266 -0.388364 -0.42802 0.897656 0.911436
8.267 -0.389277 -0.428912 0.897267 0.911007
8.268 -0.39019 -0.429803 0.896878 0.910578
8.269 -0.391103 -0.430692 0.896487 0.910148
8.27 -0.392016 -0.43158 0.896095 0.909716
8.271 -0.392929 -0.432467 0.895703 0.909284
8.272 -0.393842 -0.433353 0.89531 0.908852
8.273 -0.394756 -0.434237 0.894915 0.908418
8.274 -0.395669 -0.43512 0.89452 0.907983
8.275 -0.396582 -0.436002 0.894124 0.907547
8.276 -0.397495 -0.436882 0.893727 0.907111
8.277 -0.398408 -0.437762 0.893329 0.906674
8.278 -0.399321 -0.43864 0.89293 0.906236
8.279 -0.400234 -0.439516 0.89253 0.905796
8.28 -0.401147 -0.440392 0.89213 0.905356
8.281 -0.40206 -0.441266 0.891728 0.904916
8.282 -0.402973 -0.442139 0.891326 0.904474
8.283 -0.403886 -0.44301 0.890922 0.904031
8.284 -0.404799 -0.443881 0.890518 0.903588
8.285 -0.405712 -0.44475 0.890113 0.903144
8.286 -0.406625 -0.445618 0.889706 0.902698
8.287 -0.407538 -0.446484 0.889299 0.902252
8.288 -0.408451 -0.447349 0.888891 0.901805
8.289 -0.409364 -0.448213 0.888482 0.901358
8.29 -0.410277 -0.449076 0.888073 0.900909
8.291 -0.41119 -0.449938 0.887662 0.90046
8.292 -0.412103 -0.450798 0.88725 0.900009
8.293 -0.413016 -0.451657 0.886838 0.899558
8.294 -0.413929 -0.452514 0.886424 0.899106
8.295 -0.414842 -0.45337 0.88601 0.898653
8.296 -0.415755 -0.454226 0.885594 0.898199
8.297 -0.416668 -0.455079 0.885178 0.897744
8.298 -0.417581 -0.455932 0.884761 0.897289
8.299 -0.418494 -0.456783 0.884343 0.896833
8.3 -0.419407 -0.457633 0.883924 0.896375
8.301 -0.42032 -0.458482 0.883504 0.895917
8.302 -0.421233 -0.459329 0.883084 0.895458
8.303 -0.422146 -0.460175 0.882662 0.894999
8.304 -0.423059 -0.46102 0.882239 0.894538
8.305 -0.423972 -0.461864 0.881816 0.894077
8.306 -0.424885 -0.462706 0.881391 0.893614
8.307 -0.425798 -0.463547 0.880966 0.893151
8.308 -0.426711 -0.464387 0.88054 0.892687
8.309 -0.427624 -0.465225 0.880113 0.892222
8.31 -0.428537 -0.466062 0.879684 0.891757
8.311 -0.42945 -0.466898 0.879255 0.89129
8.312 -0.430363 -0.467733 0.878826 0.890823
8.313 -0.431276 -0.468566 0.878395 0.890355
8.314 -0.432189 -0.469398 0.877963 0.889886
8.315 -0.433103 -0.470229 0.87753 0.889416
8.316 -0.434016 -0.471059 0.877097 0.888945
8.317 -0.434929 -0.471887 0.876662 0.888474
8.318 -0.435842 -0.472714 0.876227 0.888002
8.319 -0.436755 -0.47354 0.875791 0.887529
8.32 -0.437668 -0.474364 0.875353 0.887055
8.321 -0.438581 -0.475188 0.874915 0.88658
8.322 -0.439494 -0.47601 0.874476 0.886104
8.323 -0.440407 -0.47683 0.874036 0.885628
8.324 -0.44132 -0.47765 0.873595 0.885151
8.325 -0.442233 -0.478468 0.873154 0.884672
8.326 -0.443146 -0.479284 0.872711 0.884194
8.327 -0.444059 -0.4801 0.872267 0.883714
8.328 -0.444972 -0.480914 0.871823 0.883233
8.329 -0.445885 -0.481727 0.871377 0.882752
8.33 -0.446798 -0.482539 0.870931 0.88227
8.331 -0.447711 -0.483349 0.870484 0.881787
8.332 -0.448624 -0.484159 0.870036 0.881303
8.333 -0.449537 -0.484967 0.869587 0.880819
8.334 -0.45045 -0.485773 0.869137 0.880333
8.335 -0.451363 -0.486579 0.868686 0.879847
8.336 -0.452276 -0.487383 0.868234 0.87936
8.337 -0.453189 -0.488185 0.867781 0.878872
8.338 -0.454102 -0.488987 0.867327 0.878384
8.339 -0.455015 -0.489787 0.866873 0.877894
8.34 -0.455928 -0.490586 0.866417 0.877404
8.341 -0.456841 -0.491384 0.865961 0.876913
8.342 -0.457754 -0.49218 0.865504 0.876421
8.343 -0.458667 -0.492975 0.865046 0.875929
8.344 -0.45958 -0.493769 0.864586 0.875435
8.345 -0.460493 -0.494562 0.864126 0.874941
8.346 -0.461406 -0.495353 0.863665 0.874446
8.347 -0.462319 -0.496143 0.863204 0.873951
8.348 -0.463232 -0.496932 0.862741 0.873454
8.349 -0.464145 -0.49772 0.862277 0.872957
8.35 -0.465058 -0.498506 0.861813 0.872459
8.351 -0.465971 -0.499291 0.861347 0.87196
8.352 -0.466884 -0.500075 0.860881 0.87146
8.353 -0.467797 -0.500857 0.860413 0.87096
8.354 -0.46871 -0.501638 0.859945 0.870458
8.355 -0.469623 -0.502418 0.859476 0.869956
8.356 -0.470536 -0.503197 0.859006 0.869454
8.357 -0.47145 -0.503974 0.858535 0.86895
8.358 -0.472363 -0.50475 0.858063 0.868446
8.359 -0.473276 -0.505525 0.85759 0.86794
8.36 -0.474189 -0.506298 0.857116 0.867435
8.361 -0.475102 -0.50707 0.856642 0.866928
8.362 -0.476015 -0.507841 0.856166 0.86642
8.363 -0.476928 -0.508611 0.85569 0.865912
8.364 -0.477841 -0.50938 0.855212 0.865403
8.365 -0.478754 -0.510147 0.854734 0.864893
8.366 -0.479667 -0.510912 0.854255 0.864383
8.367 -0.48058 -0.511677 0.853775 0.863872
8.368 -0.481493 -0.51244 0.853294 0.86336
8.369 -0.482406 -0.513202 0.852812 0.862847
8.37 -0.483319 -0.513963 0.852329 0.862333
8.371 -0.484232 -0.514723 0.851845 0.861819
8.372 -0.485145 -0.515481 0.85136 0.861304
8.373 -0.486058 -0.516238 0.850875 0.860788
8.374 -0.486971 -0.516993 0.850388 0.860271
8.375 -0.487884 -0.517748 0.849901 0.859754
8.376 -0.488797 -0.518501 0.849412 0.859236
8.377 -0.48971 -0.519253 0.848923 0.858717
8.378 -0.490623 -0.520003 0.848433 0.858197
8.379 -0.491536 -0.520753 0.847942 0.857677
8.38 -0.492449 -0.521501 0.84745 0.857156
8.381 -0.493362 -0.522247 0.846957 0.856634
8.382 -0.494275 -0.522993 0.846463 0.856111
8.383 -0.495188 -0.523737 0.845968 0.855588
8.384 -0.496101 -0.52448 0.845473 0.855064
8.385 -0.497014 -0.525222 0.844976 0.854539
8.386 -0.497927 -0.525962 0.844479 0.854013
8.387 -0.49884 -0.526701 0.84398 0.853487
8.388 -0.499753 -0.527439 0.843481 0.85296
8.389 -0.500666 -0.528175 0.842981 0.852432
8.39 -0.501579 -0.528911 0.84248 0.851904
8.391 -0.502492 -0.529645 0.841978 0.851374
8.392 -0.503405 -0.530377 0.841475 0.850844
8.393 -0.504318 -0.531109 0.840971 0.850313
8.394 -0.505231 -0.531839 0.840466 0.849782
8.395 -0.506144 -0.532568 0.83996 0.84925
8.396 -0.507057 -0.533296 0.839454 0.848717
8.397 -0.50797 -0.534022 0.838946 0.848183
8.398 -0.508883 -0.534747 0.838438 0.847649
8.399 -0.509797 -0.535471 0.837929 0.847114
8.4 -0.51071 -0.536193 0.837418 0.846578
8.401 -0.511623 -0.536915 0.836907 0.846041
8.402 -0.512536 -0.537635 0.836395 0.845504
8.403 -0.513449 -0.538353 0.835882 0.844966
8.404 -0.514362 -0.539071 0.835368 0.844427
8.405 -0.515275 -0.539787 0.834853 0.843888
8.406 -0.516188 -0.540502 0.834338 0.843348
8.407 -0.517101 -0.541215 0.833821 0.842807
8.408 -0.518014 -0.541928 0.833303 0.842265
8.409 -0.518927 -0.542639 0.832785 0.841723
8.41 -0.51984 -0.543349 0.832266 0.84118
8.411 -0.520753 -0.544057 0.831745 0.840636
8.412 -0.521666 -0.544764 0.831224 0.840092
8.413 -0.522579 -0.54547 0.830702 0.839547
8.414 -0.523492 -0.546175 0.830179 0.839001
8.415 -0.524405 -0.546878 0.829655 0.838454
8.416 -0.525318 -0.547581 0.82913 0.837907
8.417 -0.526231 -0.548281 0.828604 0.837359
8.418 -0.527144 -0.548981 0.828078 0.836811
8.419 -0.528057 -0.549679 0.82755 0.836261
8.42 -0.52897 -0.550376 0.827022 0.835711
8.421 -0.529883 -0.551072 0.826492 0.835161
8.422 -0.530796 -0.551767 0.825962 0.834609
8.423 -0.531709 -0.55246 0.82543 0.834057
8.424 -0.532622 -0.553152 0.824898 0.833504
8.425 -0.533535 -0.553843 0.824365 0.832951
8.426 -0.534448 -0.554532 0.823831 0.832397
8.427 -0.535361 -0.55522 0.823296 0.831842
8.428 -0.536274 -0.555907 0.822761 0.831286
8.429 -0.537187 -0.556593 0.822224 0.83073
8.43 -0.5381 -0.557277 0.821686 0.830173
8.431 -0.539013 -0.55796 0.821148 0.829615
8.432 -0.539926 -0.558642 0.820608 0.829057
8.433 -0.540839 -0.559322 0.820068 0.828498
8.434 -0.541752 -0.560001 0.819526 0.827938
8.435 -0.542665 -0.560679 0.818984 0.827378
8.436 -0.543578 -0.561356 0.818441 0.826817
8.437 -0.544491 -0.562031 0.817897 0.826255
8.438 -0.545404 -0.562705 0.817352 0.825693
8.439 -0.546317 -0.563378 0.816806 0.82513
8.44 -0.54723 -0.56405 0.81626 0.824566
8.441 -0.548144 -0.56472 0.815712 0.824002
8.442 -0.549057 -0.565389 0.815163 0.823437
8.443 -0.54997 -0.566057 0.814614 0.822871
8.444 -0.550883 -0.566723 0.814063 0.822305
8.445 -0.551796 -0.567389 0.813512 0.821738
8.446 -0.552709 -0.568052 0.81296 0.82117
8.447 -0.553622 -0.568715 0.812407 0.820602
8.448 -0.554535 -0.569376 0.811852 0.820032
8.449 -0.555448 -0.570037 0.811297 0.819463
8.45 -0.556361 -0.570695 0.810742 0.818892
8.451 -0.557274 -0.571353 0.810185 0.818321
8.452 -0.558187 -0.572009 0.809627 0.81775
8.453 -0.5591 -0.572664 0.809068 0.817177
8.454 -0.560013 -0.573318 0.808509 0.816604
8.455 -0.560926 -0.57397 0.807948 0.816031
8.456 -0.561839 -0.574622 0.807387 0.815456
8.457 -0.562752 -0.575271 0.806825 0.814881
8.458 -0.563665 -0.57592 0.806261 0.814306
8.459 -0.564578 -0.576567 0.805697 0.81373
8.46 -0.565491 -0.577214 0.805132 0.813153
8.461 -0.566404 -0.577858 0.804566 0.812575
8.462 -0.567317 -0.578502 0.803999 0.811997
8.463 -0.56823 -0.579144 0.803432 0.811418
8.464 -0.569143 -0.579785 0.802863 0.810839
8.465 -0.570056 -0.580425 0.802293 0.810259
8.466 -0.570969 -0.581063 0.801723 0.809678
8.467 -0.571882 -0.5817 0.801151 0.809097
8.468 -0.572795 -0.582336 0.800579 0.808514
8.469 -0.573708 -0.582971 0.800006 0.807932
8.47 -0.574621 -0.583604 0.799432 0.807349
8.471 -0.575534 -0.584236 0.798857 0.806765
8.472 -0.576447 -0.584867 0.798281 0.80618
8.473 -0.57736 -0.585497 0.797704 0.805595
8.474 -0.578273 -0.586125 0.797126 0.805009
8.475 -0.579186 -0.586752 0.796547 0.804423
8.476 -0.580099 -0.587378 0.795968 0.803836
8.477 -0.581012 -0.588002 0.795387 0.803248
8.478 -0.581925 -0.588625 0.794806 0.80266
8.479 -0.582838 -0.589247 0.794223 0.802071
8.48 -0.583751 -0.589868 0.79364 0.801481
8.481 -0.584664 -0.590487 0.793056 0.800891
8.482 -0.585577 -0.591105 0.792471 0.8003
8.483 -0.58649 -0.591722 0.791885 0.799709
8.484 -0.587404 -0.592337 0.791298 0.799117
8.485 -0.588317 -0.592951 0.79071 0.798524
8.486 -0.58923 -0.593564 0.790121 0.797931
8.487 -0.590143 -0.594176 0.789531 0.797337
8.488 -0.591056 -0.594786 0.788941 0.796742
8.489 -0.591969 -0.595396 0.788349 0.796147
8.49 -0.592882 -0.596003 0.787757 0.795552
8.491 -0.593795 -0.59661 0.787163 0.794955
8.492 -0.594708 -0.597215 0.786569 0.794358
8.493 -0.595621 -0.597819 0.785974 0.793761
8.494 -0.596534 -0.598422 0.785378 0.793163
8.495 -0.597447 -0.599024 0.784781 0.792564
8.496 -0.59836 -0.599624 0.784183 0.791965
8.497 -0.599273 -0.600223 0.783584 0.791365
8.498 -0.600186 -0.60082 0.782984 0.790764
8.499 -0.601099 -0.601417 0.782384 0.790163
8.5 -0.602012 -0.602012 0.781782 0.789561
8.501 -0.60263 -0.602606 0.78118 0.788959
8.502 -0.603248 -0.603201 0.780577 0.788356
8.503 -0.603867 -0.603796 0.779973 0.787753
8.504 -0.604485 -0.604391 0.779369 0.787149
8.505 -0.605103 -0.604985 0.778764 0.786544
8.506 -0.605721 -0.60558 0.778159 0.785939
8.507 -0.60634 -0.606176 0.777553 0.785333
8.508 -0.606958 -0.606771 0.776946 0.784726
8.509 -0.607576 -0.607366 0.776339 0.784119
8.51 -0.608194 -0.607961 0.775731 0.783512
8.511 -0.608813 -0.608557 0.775123 0.782903
8.512 -0.609431 -0.609152 0.774514 0.782294
8.513 -0.610049 -0.609748 0.773904 0.781685
8.514 -0.610667 -0.610344 0.773293 0.781075
8.515 -0.611285 -0.61094 0.772683 0.780464
8.516 -0.611904 -0.611536 0.772071 0.779853
8.517 -0.612522 -0.612132 0.771459 0.779241
8.518 -0.61314 -0.612728 0.770846 0.778629
8.519 -0.613758 -0.613324 0.770232 0.778016
8.52 -0.614377 -0.61392 0.769618 0.777402
8.521 -0.614995 -0.614517 0.769004 0.776788
8.522 -0.615613 -0.615113 0.768388 0.776173
8.523 -0.616231 -0.61571 0.767772 0.775558
8.524 -0.61685 -0.616307 0.767156 0.774942
8.525 -0.617468 -0.616903 0.766539 0.774325
8.526 -0.618086 -0.6175 0.765921 0.773708
8.527 -0.618704 -0.618097 0.765303 0.77309
8.528 -0.619323 -0.618694 0.764684 0.772472
8.529 -0.619941 -0.619292 0.764064 0.771853
8.53 -0.620559 -0.619889 0.763444 0.771233
8.531 -0.621177 -0.620486 0.762823 0.770613
8.532 -0.621795 -0.621084 0.762201 0.769992
8.533 -0.622414 -0.621681 0.761579 0.769371
8.534 -0.623032 -0.622279 0.760956 0.768749
8.535 -0.62365 -0.622877 0.760333 0.768126
8.536 -0.624268 -0.623475 0.759709 0.767503
8.537 -0.624887 -0.624073 0.759085 0.766879
8.538 -0.625505 -0.624671 0.758459 0.766255
8.539 -0.626123 -0.625269 0.757834 0.76563
8.54 -0.626741 -0.625867 0.757207 0.765004
8.541 -0.62736 -0.626465 0.75658 0.764378
8.542 -0.627978 -0.627064 0.755952 0.763751
8.543 -0.628596 -0.627662 0.755324 0.763124
8.544 -0.629214 -0.628261 0.754695 0.762496
8.545 -0.629833 -0.62886 0.754066 0.761868
8.546 -0.630451 -0.629458 0.753436 0.761238
8.547 -0.631069 -0.630057 0.752805 0.760609
8.548 -0.631687 -0.630656 0.752173 0.759978
8.549 -0.632306 -0.631255 0.751541 0.759347
8.55 -0.632924 -0.631854 0.750909 0.758716
8.551 -0.633542 -0.632454 0.750276 0.758084
8.552 -0.63416 -0.633053 0.749642 0.757451
8.553 -0.634778 -0.633653 0.749007 0.756818
8.554 -0.635397 -0.634252 0.748372 0.756184
8.555 -0.636015 -0.634852 0.747736 0.755549
8.556 -0.636633 -0.635452 0.7471 0.754914
8.557 -0.637251 -0.636051 0.746463 0.754278
8.558 -0.63787 -0.636651 0.745826 0.753642
8.559 -0.638488 -0.637251 0.745187 0.753005
8.56 -0.639106 -0.637852 0.744549 0.752367
8.561 -0.639724 -0.638452 0.743909 0.751729
8.562 -0.640343 -0.639052 0.743269 0.75109
8.563 -0.640961 -0.639652 0.742629 0.750451
8.564 -0.641579 -0.640253 0.741987 0.749811
8.565 -0.642197 -0.640854 0.741345 0.74917
8.566 -0.642816 -0.641454 0.740703 0.748529
8.567 -0.643434 -0.642055 0.74006 0.747888
8.568 -0.644052 -0.642656 0.739416 0.747245
8.569 -0.64467 -0.643257 0.738772 0.746602
8.57 -0.645288 -0.643858 0.738127 0.745959
8.571 -0.645907 -0.644459 0.737481 0.745315
8.572 -0.646525 -0.64506 0.736835 0.74467
8.573 -0.647143 -0.645662 0.736188 0.744024
8.574 -0.647761 -0.646263 0.735541 0.743378
8.575 -0.64838 -0.646865 0.734893 0.742732
8.576 -0.648998 -0.647467 0.734244 0.742085
8.577 -0.649616 -0.648068 0.733595 0.741437
8.578 -0.650234 -0.64867 0.732945 0.740789
8.579 -0.650853 -0.649272 0.732294 0.74014
8.58 -0.651471 -0.649874 0.731643 0.73949
8.581 -0.652089 -0.650476 0.730991 0.73884
8.582 -0.652707 -0.651078 0.730339 0.738189
8.583 -0.653326 -0.651681 0.729686 0.737538
8.584 -0.653944 -0.652283 0.729032 0.736886
8.585 -0.654562 -0.652886 0.728378 0.736233
8.586 -0.65518 -0.653488 0.727723 0.73558
8.587 -0.655798 -0.654091 0.727067 0.734926
8.588 -0.656417 -0.654694 0.726411 0.734272
8.589 -0.657035 -0.655297 0.725755 0.733617
8.59 -0.657653 -0.6559 0.725097 0.732961
8.591 -0.658271 -0.656503 0.724439 0.732305
8.592 -0.65889 -0.657106 0.723781 0.731648
8.593 -0.659508 -0.657709 0.723122 0.730991
8.594 -0.660126 -0.658312 0.722462 0.730333
8.595 -0.660744 -0.658916 0.721801 0.729674
8.596 -0.661363 -0.65952 0.72114 0.729015
8.597 -0.661981 -0.660123 0.720479 0.728355
8.598 -0.662599 -0.660727 0.719816 0.727695
8.599 -0.663217 -0.661331 0.719153 0.727034
8.6 -0.663836 -0.661935 0.71849 0.726372
8.601 -0.664454 -0.662539 0.717826 0.72571
8.602 -0.665072 -0.663143 0.717161 0.725047
8.603 -0.66569 -0.663747 0.716496 0.724384
8.604 -0.666309 -0.664351 0.71583 0.723719
8.605 -0.666927 -0.664956 0.715163 0.723055
8.606 -0.667545 -0.66556 0.714496 0.72239
8.607 -0.668163 -0.666165 0.713828 0.721724
8.608 -0.668781 -0.66677 0.713159 0.721057
8.609 -0.6694 -0.667374 0.71249 0.72039
8.61 -0.670018 -0.667979 0.711821 0.719722
8.611 -0.670636 -0.668584 0.71115 0.719054
8.612 -0.671254 -0.669189 0.710479 0.718385
8.613 -0.671873 -0.669794 0.709808 0.717716
8.614 -0.672491 -0.6704 0.709136 0.717046
8.615 -0.673109 -0.671005 0.708463 0.716375
8.616 -0.673727 -0.671611 0.707789 0.715704
8.617 -0.674346 -0.672216 0.707115 0.715032
8.618 -0.674964 -0.672822 0.706441 0.714359
8.619 -0.675582 -0.673427 0.705765 0.713686
8.62 -0.6762 -0.674033 0.70509 0.713012
8.621 -0.676819 -0.674639 0.704413 0.712338
8.622 -0.677437 -0.675245 0.703736 0.711663
8.623 -0.678055 -0.675851 0.703058 0.710988
8.624 -0.678673 -0.676458 0.70238 0.710311
8.625 -0.679291 -0.677064 0.701701 0.709635
8.626 -0.67991 -0.67767 0.701021 0.708957
8.627 -0.680528 -0.678277 0.700341 0.708279
8.628 -0.681146 -0.678883 0.69966 0.707601
8.629 -0.681764 -0.67949 0.698979 0.706922
8.63 -0.682383 -0.680097 0.698297 0.706242
8.631 -0.683001 -0.680704 0.697614 0.705561
8.632 -0.683619 -0.681311 0.696931 0.70488
8.633 -0.684237 -0.681918 0.696247 0.704199
8.634 -0.684856 -0.682525 0.695562 0.703517
8.635 -0.685474 -0.683132 0.694877 0.702834
8.636 -0.686092 -0.68374 0.694191 0.70215
8.637 -0.68671 -0.684347 0.693505 0.701466
8.638 -0.687329 -0.684955 0.692818 0.700782
8.639 -0.687947 -0.685562 0.69213 0.700096
8.64 -0.688565 -0.68617 0.691442 0.69941
8.641 -0.689183 -0.686778 0.690753 0.698724
8.642 -0.689802 -0.687386 0.690063 0.698037
8.643 -0.69042 -0.687994 0.689373 0.697349
8.644 -0.691038 -0.688602 0.688683 0.696661
8.645 -0.691656 -0.68921 0.687991 0.695972
8.646 -0.692274 -0.689818 0.687299 0.695282
8.647 -0.692893 -0.690427 0.686607 0.694592
8.648 -0.693511 -0.691035 0.685914 0.693902
8.649 -0.694129 -0.691644 0.68522 0.69321
8.65 -0.694747 -0.692252 0.684525 0.692518
8.651 -0.695366 -0.692861 0.68383 0.691826
8.652 -0.695984 -0.69347 0.683135 0.691133
8.653 -0.696602 -0.694079 0.682438 0.690439
8.654 -0.69722 -0.694688 0.681741 0.689744
8.655 -0.697839 -0.695297 0.681044 0.689049
8.656 -0.698457 -0.695907 0.680346 0.688354
8.657 -0.699075 -0.696516 0.679647 0.687658
8.658 -0.699693 -0.697125 0.678948 0.686961
8.659 -0.700312 -0.697735 0.678248 0.686263
8.66 -0.70093 -0.698345 0.677547 0.685565
8.661 -0.701548 -0.698954 0.676846 0.684867
8.662 -0.702166 -0.699564 0.676144 0.684167
8.663 -0.702784 -0.700174 0.675441 0.683468
8.664 -0.703403 -0.700784 0.674738 0.682767
8.665 -0.704021 -0.701394 0.674035 0.682066
8.666 -0.704639 -0.702004 0.67333 0.681364
8.667 -0.705257 -0.702615 0.672625 0.680662
8.668 -0.705876 -0.703225 0.67192 0.679959
8.669 -0.706494 -0.703836 0.671213 0.679256
8.67 -0.707112 -0.704446 0.670507 0.678551
8.671 -0.70773 -0.705057 0.669799 0.677847
8.672 -0.708349 -0.705668 0.669091 0.677141
8.673 -0.708967 -0.706278 0.668383 0.676435
8.674 -0.709585 -0.706889 0.667673 0.675729
8.675 -0.710203 -0.7075 0.666963 0.675022
8.676 -0.710822 -0.708112 0.666253 0.674314
8.677 -0.71144 -0.708723 0.665542 0.673605
8.678 -0.712058 -0.709334 0.66483 0.672896
8.679 -0.712676 -0.709946 0.664118 0.672187
8.68 -0.713295 -0.710557 0.663405 0.671476
8.681 -0.713913 -0.711169 0.662691 0.670766
8.682 -0.714531 -0.711781 0.661977 0.670054
8.683 -0.715149 -0.712392 0.661262 0.669342
8.684 -0.715767 -0.713004 0.660547 0.668629
8.685 -0.716386 -0.713616 0.65983 0.667916
8.686 -0.717004 -0.714228 0.659114 0.667202
8.687 -0.717622 -0.714841 0.658396 0.666488
8.688 -0.71824 -0.715453 0.657679 0.665772
8.689 -0.718859 -0.716065 0.65696 0.665057
8.69 -0.719477 -0.716678 0.656241 0.66434
8.691 -0.720095 -0.71729 0.655521 0.663623
8.692 -0.720713 -0.717903 0.654801 0.662906
8.693 -0.721332 -0.718516 0.65408 0.662187
8.694 -0.72195 -0.719129 0.653358 0.661469
8.695 -0.722568 -0.719742 0.652636 0.660749
8.696 -0.723186 -0.720355 0.651913 0.660029
8.697 -0.723805 -0.720968 0.651189 0.659308
8.698 -0.724423 -0.721581 0.650465 0.658587
8.699 -0.725041 -0.722194 0.64974 0.657865
8.7 -0.725659 -0.722808 0.649015 0.657143
8.701 -0.726277 -0.723421 0.648289 0.65642
8.702 -0.726896 -0.724035 0.647563 0.655696
8.703 -0.727514 -0.724649 0.646835 0.654972
8.704 -0.728132 -0.725263 0.646108 0.654247
8.705 -0.72875 -0.725876 0.645379 0.653521
8.706 -0.729369 -0.726491 0.64465 0.652795
8.707 -0.729987 -0.727105 0.64392 0.652068
8.708 -0.730605 -0.727719 0.64319 0.651341
8.709 -0.731223 -0.728333 0.642459 0.650613
8.71 -0.731842 -0.728947 0.641728 0.649884
8.711 -0.73246 -0.729562 0.640995 0.649155
8.712 -0.733078 -0.730177 0.640263 0.648425
8.713 -0.733696 -0.730791 0.639529 0.647694
8.714 -0.734315 -0.731406 0.638795 0.646963
8.715 -0.734933 -0.732021 0.638061 0.646232
8.716 -0.735551 -0.732636 0.637325 0.645499
8.717 -0.736169 -0.733251 0.63659 0.644766
8.718 -0.736788 -0.733866 0.635853 0.644033
8.719 -0.737406 -0.734481 0.635116 0.643299
8.72 -0.738024 -0.735097 0.634378 0.642564
8.721 -0.738642 -0.735712 0.63364 0.641828
8.722 -0.73926 -0.736328 0.632901 0.641092
8.723 -0.739879 -0.736943 0.632161 0.640356
8.724 -0.740497 -0.737559 0.631421 0.639619
8.725 -0.741115 -0.738175 0.63068 0.638881
8.726 -0.741733 -0.738791 0.629939 0.638142
8.727 -0.742352 -0.739407 0.629197 0.637403
8.728 -0.74297 -0.740023 0.628454 0.636663
8.729 -0.743588 -0.740639 0.627711 0.635923
8.73 -0.744206 -0.741255 0.626967 0.635182
8.731 -0.744825 -0.741872 0.626223 0.634441
8.732 -0.745443 -0.742488 0.625477 0.633698
8.733 -0.746061 -0.743105 0.624732 0.632956
8.734 -0.746679 -0.743721 0.623985 0.632212
8.735 -0.747298 -0.744338 0.623238 0.631468
8.736 -0.747916 -0.744955 0.622491 0.630723
8.737 -0.748534 -0.745572 0.621743 0.629978
8.738 -0.749152 -0.746189 0.620994 0.629232
8.739 -0.74977 -0.746806 0.620244 0.628486
8.74 -0.750389 -0.747423 0.619494 0.627739
8.741 -0.751007 -0.748041 0.618743 0.626991
8.742 -0.751625 -0.748658 0.617992 0.626243
8.743 -0.752243 -0.749276 0.61724 0.625494
8.744 -0.752862 -0.749893 0.616488 0.624744
8.745 -0.75348 -0.750511 0.615734 0.623994
8.746 -0.754098 -0.751129 0.614981 0.623243
8.747 -0.754716 -0.751747 0.614226 0.622492
8.748 -0.755335 -0.752365 0.613471 0.62174
8.749 -0.755953 -0.752983 0.612716 0.620987
8.75 -0.756571 -0.753601 0.611959 0.620234
8.751 -0.757189 -0.754219 0.611202 0.61948
8.752 -0.757808 -0.754838 0.610445 0.618725
8.753 -0.758426 -0.755456 0.609687 0.61797
8.754 -0.759044 -0.756075 0.608928 0.617214
8.755 -0.759662 -0.756693 0.608169 0.616458
8.756 -0.760281 -0.757312 0.607409 0.615701
8.757 -0.760899 -0.757931 0.606648 0.614943
8.758 -0.761517 -0.75855 0.605887 0.614185
8.759 -0.762135 -0.759169 0.605125 0.613426
8.76 -0.762753 -0.759788 0.604363 0.612667
8.761 -0.763372 -0.760407 0.6036 0.611907
8.762 -0.76399 -0.761027 0.602836 0.611146
8.763 -0.764608 -0.761646 0.602072 0.610385
8.764 -0.765226 -0.762266 0.601307 0.609623
8.765 -0.765845 -0.762885 0.600541 0.60886
8.766 -0.766463 -0.763505 0.599775 0.608097
8.767 -0.767081 -0.764125 0.599008 0.607333
8.768 -0.767699 -0.764745 0.598241 0.606569
8.769 -0.768318 -0.765365 0.597473 0.605803
8.77 -0.768936 -0.765985 0.596704 0.605038
8.771 -0.769554 -0.766605 0.595935 0.604272
8.772 -0.770172 -0.767225 0.595165 0.603505
8.773 -0.770791 -0.767845 0.594395 0.602737
8.774 -0.771409 -0.768466 0.593624 0.601969
8.775 -0.772027 -0.769087 0.592852 0.6012
8.776 -0.772645 -0.769707 0.59208 0.600431
8.777 -0.773263 -0.770328 0.591307 0.599661
8.778 -0.773882 -0.770949 0.590533 0.59889
8.779 -0.7745 -0.77157 0.589759 0.598119
8.78 -0.775118 -0.772191 0.588984 0.597347
8.781 -0.775736 -0.772812 0.588209 0.596574
8.782 -0.776355 -0.773433 0.587433 0.595801
8.783 -0.776973 -0.774054 0.586656 0.595028
8.784 -0.777591 -0.774676 0.585879 0.594253
8.785 -0.778209 -0.775297 0.585101 0.593478
8.786 -0.778828 -0.775919 0.584322 0.592703
8.787 -0.779446 -0.776541 0.583543 0.591926
8.788 -0.780064 -0.777163 0.582763 0.59115
8.789 -0.780682 -0.777784 0.581983 0.590372
8.79 -0.781301 -0.778406 0.581202 0.589594
8.791 -0.781919 -0.779029 0.58042 0.588815
8.792 -0.782537 -0.779651 0.579638 0.588036
8.793 -0.783155 -0.780273 0.578855 0.587256
8.794 -0.783773 -0.780895 0.578072 0.586475
8.795 -0.784392 -0.781518 0.577288 0.585694
8.796 -0.78501 -0.78214 0.576503 0.584912
8.797 -0.785628 -0.782763 0.575718 0.58413
8.798 -0.786246 -0.783386 0.574932 0.583347
8.799 -0.786865 -0.784009 0.574145 0.582563
8.8 -0.787483 -0.784632 0.573358 0.581779
8.801 -0.788101 -0.785255 0.57257 0.580994
8.802 -0.788719 -0.785878 0.571782 0.580208
8.803 -0.789338 -0.786501 0.570993 0.579422
8.804 -0.789956 -0.787124 0.570203 0.578635
8.805 -0.790574 -0.787748 0.569413 0.577848
8.806 -0.791192 -0.788371 0.568622 0.57706
8.807 -0.791811 -0.788995 0.56783 0.576271
8.808 -0.792429 -0.789619 0.567038 0.575482
8.809 -0.793047 -0.790242 0.566246 0.574692
8.81 -0.793665 -0.790866 0.565452 0.573901
8.811 -0.794284 -0.79149 0.564658 0.57311
8.812 -0.794902 -0.792114 0.563864 0.572318
8.813 -0.79552 -0.792738 0.563068 0.571526
8.814 -0.796138 -0.793363 0.562273 0.570733
8.815 -0.796756 -0.793987 0.561476 0.569939
8.816 -0.797375 -0.794612 0.560679 0.569145
8.817 -0.797993 -0.795236 0.559881 0.56835
8.818 -0.798611 -0.795861 0.559083 0.567554
8.819 -0.799229 -0.796486 0.558284 0.566758
8.82 -0.799848 -0.79711 0.557485 0.565961
8.821 -0.800466 -0.797735 0.556685 0.565164
8.822 -0.801084 -0.79836 0.555884 0.564366
8.823 -0.801702 -0.798985 0.555082 0.563567
8.824 -0.802321 -0.799611 0.55428 0.562768
8.825 -0.802939 -0.800236 0.553478 0.561968
8.826 -0.803557 -0.800861 0.552674 0.561168
8.827 -0.804175 -0.801487 0.551871 0.560366
8.828 -0.804794 -0.802113 0.551066 0.559565
8.829 -0.805412 -0.802738 0.550261 0.558762
8.83 -0.80603 -0.803364 0.549455 0.557959
8.831 -0.806648 -0.80399 0.548649 0.557155
8.832 -0.807266 -0.804616 0.547842 0.556351
8.833 -0.807885 -0.805242 0.547034 0.555546
8.834 -0.808503 -0.805868 0.546226 0.554741
8.835 -0.809121 -0.806494 0.545417 0.553934
8.836 -0.809739 -0.807121 0.544608 0.553128
8.837 -0.810358 -0.807747 0.543798 0.55232
8.838 -0.810976 -0.808374 0.542987 0.551512
8.839 -0.811594 -0.809 0.542176 0.550703
8.84 -0.812212 -0.809627 0.541364 0.549894
8.841 -0.812831 -0.810254 0.540552 0.549084
8.842 -0.813449 -0.810881 0.539738 0.548274
8.843 -0.814067 -0.811508 0.538925 0.547462
8.844 -0.814685 -0.812135 0.53811 0.546651
8.845 -0.815304 -0.812762 0.537295 0.545838
8.846 -0.815922 -0.81339 0.53648 0.545025
8.847 -0.81654 -0.814017 0.535663 0.544211
8.848 -0.817158 -0.814645 0.534847 0.543397
8.849 -0.817777 -0.815272 0.534029 0.542582
8.85 -0.818395 -0.8159 0.533211 0.541766
8.851 -0.819013 -0.816528 0.532392 0.54095
8.852 -0.819631 -0.817155 0.531573 0.540133
8.853 -0.820249 -0.817783 0.530753 0.539316
8.854 -0.820868 -0.818412 0.529933 0.538498
8.855 -0.821486 -0.81904 0.529111 0.537679
8.856 -0.822104 -0.819668 0.52829 0.53686
8.857 -0.822722 -0.820296 0.527467 0.53604
8.858 -0.823341 -0.820925 0.526644 0.535219
8.859 -0.823959 -0.821553 0.52582 0.534398
8.86 -0.824577 -0.822182 0.524996 0.533576
8.861 -0.825195 -0.822811 0.524171 0.532754
8.862 -0.825814 -0.82344 0.523346 0.53193
8.863 -0.826432 -0.824068 0.52252 0.531107
8.864 -0.82705 -0.824698 0.521693 0.530282
8.865 -0.827668 -0.825327 0.520866 0.529457
8.866 -0.828287 -0.825956 0.520038 0.528632
8.867 -0.828905 -0.826585 0.519209 0.527805
8.868 -0.829523 -0.827215 0.51838 0.526978
8.869 -0.830141 -0.827844 0.51755 0.526151
8.87 -0.830759 -0.828474 0.51672 0.525323
8.871 -0.831378 -0.829103 0.515888 0.524494
8.872 -0.831996 -0.829733 0.515057 0.523665
8.873 -0.832614 -0.830363 0.514224 0.522835
8.874 -0.833232 -0.830993 0.513392 0.522004
8.875 -0.833851 -0.831623 0.512558 0.521173
8.876 -0.834469 -0.832253 0.511724 0.520341
8.877 -0.835087 -0.832883 0.510889 0.519508
8.878 -0.835705 -0.833514 0.510054 0.518675
8.879 -0.836324 -0.834144 0.509218 0.517841
8.88 -0.836942 -0.834775 0.508381 0.517007
8.881 -0.83756 -0.835405 0.507544 0.516171
8.882 -0.838178 -0.836036 0.506706 0.515336
8.883 -0.838797 -0.836667 0.505867 0.514499
8.884 -0.839415 -0.837298 0.505028 0.513662
8.885 -0.840033 -0.837929 0.504189 0.512825
8.886 -0.840651 -0.83856 0.503348 0.511987
8.887 -0.84127 -0.839191 0.502507 0.511148
8.888 -0.841888 -0.839823 0.501666 0.510308
8.889 -0.842506 -0.840454 0.500824 0.509468
8.89 -0.843124 -0.841086 0.499981 0.508627
8.891 -0.843742 -0.841717 0.499137 0.507786
8.892 -0.844361 -0.842349 0.498293 0.506944
8.893 -0.844979 -0.842981 0.497449 0.506101
8.894 -0.845597 -0.843612 0.496603 0.505258
8.895 -0.846215 -0.844244 0.495757 0.504414
8.896 -0.846834 -0.844876 0.494911 0.503569
8.897 -0.847452 -0.845509 0.494064 0.502724
8.898 -0.84807 -0.846141 0.493216 0.501878
8.899 -0.848688 -0.846773 0.492368 0.501032
8.9 -0.849307 -0.847406 0.491519 0.500185
8.901 -0.849925 -0.848038 0.490669 0.499337
8.902 -0.850543 -0.848671 0.489819 0.498489
8.903 -0.851161 -0.849304 0.488968 0.49764
8.904 -0.85178 -0.849936 0.488116 0.49679
8.905 -0.852398 -0.850569 0.487264 0.49594
8.906 -0.853016 -0.851202 0.486412 0.495089
8.907 -0.853634 -0.851835 0.485558 0.494237
8.908 -0.854252 -0.852469 0.484704 0.493385
8.909 -0.854871 -0.853102 0.48385 0.492533
8.91 -0.855489 -0.853735 0.482995 0.491679
8.911 -0.856107 -0.854369 0.482139 0.490825
8.912 -0.856725 -0.855002 0.481282 0.48997
8.913 -0.857344 -0.855636 0.480425 0.489115
8.914 -0.857962 -0.85627 0.479568 0.488259
8.915 -0.85858 -0.856904 0.478709 0.487403
8.916 -0.859198 -0.857538 0.47785 0.486545
8.917 -0.859817 -0.858172 0.476991 0.485687
8.918 -0.860435 -0.858806 0.476131 0.484829
8.919 -0.861053 -0.85944 0.47527 0.48397
8.92 -0.861671 -0.860075 0.474409 0.48311
8.921 -0.86229 -0.860709 0.473547 0.48225
8.922 -0.862908 -0.861344 0.472684 0.481389
8.923 -0.863526 -0.861978 0.471821 0.480527
8.924 -0.864144 -0.862613 0.470957 0.479665
8.925 -0.864763 -0.863248 0.470093 0.478802
8.926 -0.865381 -0.863883 0.469228 0.477938
8.927 -0.865999 -0.864518 0.468362 0.477074
8.928 -0.866617 -0.865153 0.467496 0.476209
8.929 -0.867235 -0.865788 0.466629 0.475344
8.93 -0.867854 -0.866423 0.465761 0.474478
8.931 -0.868472 -0.867059 0.464893 0.473611
8.932 -0.86909 -0.867694 0.464024 0.472743
8.933 -0.869708 -0.86833 0.463155 0.471875
8.934 -0.870327 -0.868965 0.462285 0.471007
8.935 -0.870945 -0.869601 0.461414 0.470138
8.936 -0.871563 -0.870237 0.460543 0.469268
8.937 -0.872181 -0.870873 0.459671 0.468397
8.938 -0.8728 -0.871509 0.458799 0.467526
8.939 -0.873418 -0.872145 0.457925 0.466654
8.94 -0.874036 -0.872781 0.457052 0.465782
8.941 -0.874654 -0.873418 0.456177 0.464908
8.942 -0.875273 -0.874054 0.455302 0.464035
8.943 -0.875891 -0.874691 0.454427 0.46316
8.944 -0.876509 -0.875327 0.453551 0.462285
8.945 -0.877127 -0.875964 0.452674 0.46141
8.946 -0.877745 -0.876601 0.451796 0.460533
8.947 -0.878364 -0.877238 0.450918 0.459657
8.948 -0.878982 -0.877875 0.45004 0.458779
8.949 -0.8796 -0.878512 0.44916 0.457901
8.95 -0.880218 -0.879149 0.44828 0.457022
8.951 -0.880837 -0.879786 0.4474 0.456142
8.952 -0.881455 -0.880424 0.446519 0.455262
8.953 -0.882073 -0.881061 0.445637 0.454382
8.954 -0.882691 -0.881699 0.444755 0.4535
8.955 -0.88331 -0.882337 0.443872 0.452618
8.956 -0.883928 -0.882974 0.442988 0.451736
8.957 -0.884546 -0.883612 0.442104 0.450852
8.958 -0.885164 -0.88425 0.441219 0.449968
8.959 -0.885783 -0.884888 0.440333 0.449084
8.96 -0.886401 -0.885526 0.439447 0.448199
8.961 -0.887019 -0.886165 0.438561 0.447313
8.962 -0.887637 -0.886803 0.437673 0.446426
8.963 -0.888256 -0.887441 0.436785 0.445539
8.964 -0.888874 -0.88808 0.435897 0.444651
8.965 -0.889492 -0.888719 0.435008 0.443763
8.966 -0.89011 -0.889357 0.434118 0.442874
8.967 -0.890728 -0.889996 0.433227 0.441984
8.968 -0.891347 -0.890635 0.432336 0.441094
8.969 -0.891965 -0.891274 0.431445 0.440203
8.97 -0.892583 -0.891913 0.430552 0.439311
8.971 -0.893201 -0.892552 0.42966 0.438419
8.972 -0.89382 -0.893192 0.428766 0.437526
8.973 -0.894438 -0.893831 0.427872 0.436633
8.974 -0.895056 -0.89447 0.426977 0.435739
8.975 -0.895674 -0.89511 0.426082 0.434844
8.976 -0.896293 -0.89575 0.425186 0.433948
8.977 -0.896911 -0.896389 0.424289 0.433052
8.978 -0.897529 -0.897029 0.423392 0.432156
8.979 -0.898147 -0.897669 0.422494 0.431258
8.98 -0.898766 -0.898309 0.421596 0.43036
8.981 -0.899384 -0.898949 0.420697 0.429462
8.982 -0.900002 -0.89959 0.419797 0.428562
8.983 -0.90062 -0.90023 0.418897 0.427662
8.984 -0.901238 -0.90087 0.417996 0.426762
8.985 -0.901857 -0.901511 0.417094 0.425861
8.986 -0.902475 -0.902152 0.416192 0.424959
8.987 -0.903093 -0.902792 0.415289 0.424056
8.988 -0.903711 -0.903433 0.414386 0.423153
8.989 -0.90433 -0.904074 0.413482 0.42225
8.99 -0.904948 -0.904715 0.412577 0.421345
8.991 -0.905566 -0.905356 0.411672 0.42044
8.992 -0.906184 -0.905997 0.410766 0.419534
8.993 -0.906803 -0.906639 0.409859 0.418628
8.994 -0.907421 -0.90728 0.408952 0.417721
8.995 -0.908039 -0.907921 0.408045 0.416814
8.996 -0.908657 -0.908563 0.407136 0.415905
8.997 -0.909276 -0.909205 0.406227 0.414996
8.998 -0.909894 -0.909846 0.405318 0.414087
8.999 -0.910512 -0.910488 0.404408 0.413177
