# r numerical exact
0.0001 9.999e-05 9.999e-05
0.000157117 0.000157093 0.000157093
0.000211507 0.000211462 0.000211462
0.000263787 0.000263717 0.000263717
0.000314564 0.000314465 0.000314465
0.000364292 0.000364159 0.000364159
0.000413292 0.000413122 0.000413122
0.000461786 0.000461572 0.000461572
0.000509922 0.000509662 0.000509662
0.000557803 0.000557492 0.000557492
0.0006055 0.000605134 0.000605134
0.000653062 0.000652635 0.000652635
0.00070052 0.00070003 0.00070003
0.000747901 0.000747342 0.000747342
0.000795219 0.000794587 0.000794587
0.000842488 0.000841778 0.000841778
0.000889716 0.000888925 0.000888925
0.00093691 0.000936033 0.000936033
0.000984076 0.000983108 0.000983108
0.00103122 0.00103015 0.00103015
0.00107833 0.00107717 0.00107717
0.00112543 0.00112417 0.00112417
0.00117252 0.00117114 0.00117114
0.00121959 0.0012181 0.0012181
0.00126664 0.00126504 0.00126504
0.00131368 0.00131196 0.00131196
0.00136071 0.00135886 0.00135886
0.00140773 0.00140575 0.00140575
0.00145474 0.00145263 0.00145263
0.00150174 0.00149949 0.00149949
0.00154874 0.00154634 0.00154634
0.00159572 0.00159318 0.00159318
0.0016427 0.00164 0.00164
0.00168967 0.00168682 0.00168682
0.00173664 0.00173362 0.00173362
0.0017836 0.00178042 0.00178042
0.00183055 0.0018272 0.0018272
0.0018775 0.00187398 0.00187398
0.00192445 0.00192075 0.00192075
0.00197139 0.00196751 0.00196751
0.00201832 0.00201425 0.00201425
0.00206526 0.002061 0.002061
0.00211219 0.00210773 0.00210773
0.00215911 0.00215445 0.00215445
0.00220603 0.00220117 0.00220117
0.00225295 0.00224788 0.00224788
0.00229987 0.00229458 0.00229458
0.00234678 0.00234128 0.00234128
0.00239369 0.00238797 0.00238797
0.0024406 0.00243465 0.00243465
0.0024875 0.00248132 0.00248132
0.00253441 0.00252799 0.00252799
0.00258131 0.00257465 0.00257465
0.00262821 0.00262131 0.00262131
0.0026751 0.00266796 0.00266796
0.002722 0.0027146 0.0027146
0.00276889 0.00276123 0.00276123
0.00281578 0.00280786 0.00280786
0.00286267 0.00285449 0.00285449
0.00290956 0.00290111 0.00290111
0.00295644 0.00294772 0.00294772
0.00300333 0.00299432 0.00299432
0.00305021 0.00304092 0.00304092
0.0030971 0.00308752 0.00308752
0.00314398 0.00313411 0.00313411
0.00319086 0.00318069 0.00318069
0.00323774 0.00322727 0.00322727
0.00328461 0.00327384 0.00327384
0.00333149 0.00332041 0.00332041
0.00337837 0.00336697 0.00336697
0.00342524 0.00341353 0.00341353
0.00347212 0.00346008 0.00346008
0.00351899 0.00350663 0.00350663
0.00356586 0.00355317 0.00355317
0.00361273 0.0035997 0.0035997
0.0036596 0.00364623 0.00364623
0.00370647 0.00369276 0.00369276
0.00375334 0.00373928 0.00373928
0.00380021 0.0037858 0.0037858
0.00384708 0.00383231 0.00383231
0.00389395 0.00387881 0.00387881
0.00394081 0.00392531 0.00392531
0.00398768 0.00397181 0.00397181
0.00403455 0.0040183 0.0040183
0.00408141 0.00406479 0.00406479
0.00412828 0.00411127 0.00411127
0.00417514 0.00415775 0.00415775
0.00422201 0.00420422 0.00420422
0.00426887 0.00425069 0.00425069
0.00431573 0.00429715 0.00429715
0.0043626 0.00434361 0.00434361
0.00440946 0.00439006 0.00439006
0.00445632 0.00443651 0.00443651
0.00450318 0.00448295 0.00448295
0.00455005 0.00452939 0.00452939
0.00459691 0.00457582 0.00457582
0.00464377 0.00462225 0.00462225
0.00469063 0.00466868 0.00466868
0.00473749 0.0047151 0.0047151
0.00478435 0.00476152 0.00476152
0.00483121 0.00480793 0.00480793
0.00487807 0.00485434 0.00485434
0.00492493 0.00490074 0.00490074
0.0049718 0.00494714 0.00494714
0.00501866 0.00499353 0.00499353
0.00506552 0.00503992 0.00503992
0.00511238 0.00508631 0.00508631
0.00515924 0.00513269 0.00513269
0.0052061 0.00517906 0.00517906
0.00525296 0.00522543 0.00522543
0.00529982 0.0052718 0.0052718
0.00534668 0.00531817 0.00531817
0.00539354 0.00536452 0.00536452
0.0054404 0.00541088 0.00541088
0.00548726 0.00545723 0.00545723
0.00553412 0.00550357 0.00550357
0.00558098 0.00554992 0.00554992
0.00562784 0.00559625 0.00559625
0.0056747 0.00564258 0.00564258
0.00572156 0.00568891 0.00568891
0.00576842 0.00573524 0.00573524
0.00581528 0.00578156 0.00578156
0.00586214 0.00582787 0.00582787
0.005909 0.00587418 0.00587418
0.00595586 0.00592049 0.00592049
0.00600272 0.00596679 0.00596679
0.00604958 0.00601309 0.00601309
0.00609644 0.00605939 0.00605939
0.0061433 0.00610568 0.00610568
0.00619016 0.00615196 0.00615196
0.00623702 0.00619824 0.00619824
0.00628389 0.00624452 0.00624452
0.00633075 0.00629079 0.00629079
0.00637761 0.00633706 0.00633706
0.00642447 0.00638333 0.00638333
0.00647133 0.00642959 0.00642959
0.00651819 0.00647585 0.00647585
0.00656506 0.0065221 0.0065221
0.00661192 0.00656835 0.00656835
0.00665878 0.00661459 0.00661459
0.00670565 0.00666083 0.00666083
0.00675251 0.00670707 0.00670707
0.00679937 0.0067533 0.0067533
0.00684624 0.00679953 0.00679953
0.0068931 0.00684575 0.00684575
0.00693996 0.00689197 0.00689197
0.00698683 0.00693818 0.00693818
0.00703369 0.00698439 0.00698439
0.00708056 0.0070306 0.0070306
0.00712742 0.0070768 0.0070768
0.00717429 0.007123 0.007123
0.00722115 0.0071692 0.0071692
0.00726802 0.00721539 0.00721539
0.00731489 0.00726157 0.00726157
0.00736175 0.00730776 0.00730776
0.00740862 0.00735393 0.00735393
0.00745549 0.00740011 0.00740011
0.00750235 0.00744628 0.00744628
0.00754922 0.00749244 0.00749245
0.00759609 0.00753861 0.00753861
0.00764296 0.00758476 0.00758476
0.00768983 0.00763092 0.00763092
0.00773669 0.00767707 0.00767707
0.00778356 0.00772321 0.00772321
0.00783043 0.00776936 0.00776936
0.0078773 0.00781549 0.00781549
0.00792417 0.00786163 0.00786163
0.00797104 0.00790776 0.00790776
0.00801791 0.00795388 0.00795388
0.00806478 0.008 0.008
0.00811166 0.00804612 0.00804612
0.00815853 0.00809224 0.00809224
0.0082054 0.00813835 0.00813835
0.00825227 0.00818445 0.00818445
0.00829914 0.00823055 0.00823055
0.00834602 0.00827665 0.00827665
0.00839289 0.00832274 0.00832274
0.00843976 0.00836883 0.00836883
0.00848664 0.00841492 0.00841492
0.00853351 0.008461 0.008461
0.00858039 0.00850708 0.00850708
0.00862726 0.00855315 0.00855315
0.00867414 0.00859922 0.00859922
0.00872101 0.00864529 0.00864529
0.00876789 0.00869135 0.00869135
0.00881476 0.00873741 0.00873741
0.00886164 0.00878346 0.00878346
0.00890852 0.00882951 0.00882951
0.0089554 0.00887555 0.00887555
0.00900227 0.0089216 0.0089216
0.00904915 0.00896763 0.00896763
0.00909603 0.00901367 0.00901367
0.00914291 0.0090597 0.0090597
0.00918979 0.00910572 0.00910572
0.00923667 0.00915175 0.00915175
0.00928355 0.00919776 0.00919776
0.00933043 0.00924378 0.00924378
0.00937731 0.00928979 0.00928979
0.00942419 0.00933579 0.00933579
0.00947107 0.0093818 0.0093818
0.00951796 0.00942779 0.00942779
0.00956484 0.00947379 0.00947379
0.00961172 0.00951978 0.00951978
0.00965861 0.00956577 0.00956577
0.00970549 0.00961175 0.00961175
0.00975237 0.00965773 0.00965773
0.00979926 0.0097037 0.0097037
0.00984614 0.00974967 0.00974967
0.00989303 0.00979564 0.00979564
0.00993991 0.0098416 0.0098416
0.0099868 0.00988756 0.00988756
0.0100337 0.00993352 0.00993352
0.0100806 0.00997947 0.00997947
0.0101275 0.0100254 0.0100254
0.0101743 0.0100714 0.0100714
0.0102212 0.0101173 0.0101173
0.0102681 0.0101632 0.0101632
0.010315 0.0102092 0.0102092
0.0103619 0.0102551 0.0102551
0.0104088 0.010301 0.010301
0.0104557 0.0103469 0.0103469
0.0105026 0.0103929 0.0103929
0.0105495 0.0104388 0.0104388
0.0105964 0.0104847 0.0104847
0.0106433 0.0105306 0.0105306
0.0106901 0.0105765 0.0105765
0.010737 0.0106224 0.0106224
0.0107839 0.0106683 0.0106683
0.0108308 0.0107142 0.0107142
0.0108777 0.01076 0.01076
0.0109246 0.0108059 0.0108059
0.0109715 0.0108518 0.0108518
0.0110184 0.0108977 0.0108977
0.0110653 0.0109435 0.0109435
0.0111122 0.0109894 0.0109894
0.0111591 0.0110353 0.0110353
0.011206 0.0110811 0.0110811
0.0112529 0.011127 0.011127
0.0112998 0.0111728 0.0111728
0.0113467 0.0112187 0.0112187
0.0113936 0.0112645 0.0112645
0.0114405 0.0113104 0.0113104
0.0114874 0.0113562 0.0113562
0.0115343 0.011402 0.011402
0.0115812 0.0114478 0.0114478
0.0116281 0.0114937 0.0114937
0.011675 0.0115395 0.0115395
0.0117219 0.0115853 0.0115853
0.0117688 0.0116311 0.0116311
0.0118157 0.0116769 0.0116769
0.0118626 0.0117227 0.0117227
0.0119095 0.0117685 0.0117685
0.0119564 0.0118143 0.0118143
0.0120033 0.0118601 0.0118601
0.0120502 0.0119059 0.0119059
0.0120971 0.0119517 0.0119517
0.012144 0.0119975 0.0119975
0.012191 0.0120432 0.0120432
0.0122379 0.012089 0.012089
0.0122848 0.0121348 0.0121348
0.0123317 0.0121805 0.0121805
0.0123786 0.0122263 0.0122263
0.0124255 0.0122721 0.0122721
0.0124724 0.0123178 0.0123178
0.0125193 0.0123636 0.0123636
0.0125662 0.0124093 0.0124093
0.0126131 0.012455 0.012455
0.0126601 0.0125008 0.0125008
0.012707 0.0125465 0.0125465
0.0127539 0.0125922 0.0125922
0.0128008 0.012638 0.012638
0.0128477 0.0126837 0.0126837
0.0128946 0.0127294 0.0127294
0.0129415 0.0127751 0.0127751
0.0129884 0.0128208 0.0128208
0.0130354 0.0128665 0.0128665
0.0130823 0.0129123 0.0129123
0.0131292 0.0129579 0.0129579
0.0131761 0.0130036 0.0130036
0.013223 0.0130493 0.0130493
0.01327 0.013095 0.013095
0.0133169 0.0131407 0.0131407
0.0133638 0.0131864 0.0131864
0.0134107 0.0132321 0.0132321
0.0134576 0.0132777 0.0132777
0.0135046 0.0133234 0.0133234
0.0135515 0.0133691 0.0133691
0.0135984 0.0134147 0.0134147
0.0136453 0.0134604 0.0134604
0.0136922 0.013506 0.013506
0.0137392 0.0135517 0.0135517
0.0137861 0.0135973 0.0135973
0.013833 0.013643 0.013643
0.0138799 0.0136886 0.0136886
0.0139269 0.0137343 0.0137343
0.0139738 0.0137799 0.0137799
0.0140207 0.0138255 0.0138255
0.0140676 0.0138711 0.0138711
0.0141146 0.0139167 0.0139167
0.0141615 0.0139624 0.0139624
0.0142084 0.014008 0.014008
0.0142554 0.0140536 0.0140536
0.0143023 0.0140992 0.0140992
0.0143492 0.0141448 0.0141448
0.0143961 0.0141904 0.0141904
0.0144431 0.014236 0.014236
0.01449 0.0142816 0.0142816
0.0145369 0.0143271 0.0143271
0.0145839 0.0143727 0.0143727
0.0146308 0.0144183 0.0144183
0.0146777 0.0144639 0.0144639
0.0147247 0.0145094 0.0145094
0.0147716 0.014555 0.014555
0.0148185 0.0146006 0.0146006
0.0148655 0.0146461 0.0146461
0.0149124 0.0146917 0.0146917
0.0149594 0.0147372 0.0147372
0.0150063 0.0147828 0.0147828
0.0150532 0.0148283 0.0148283
0.0151002 0.0148739 0.0148739
0.0151471 0.0149194 0.0149194
0.015194 0.0149649 0.0149649
0.015241 0.0150105 0.0150105
0.0152879 0.015056 0.015056
0.0153349 0.0151015 0.0151015
0.0153818 0.015147 0.015147
0.0154288 0.0151925 0.0151925
0.0154757 0.015238 0.015238
0.0155226 0.0152835 0.0152835
0.0155696 0.015329 0.015329
0.0156165 0.0153745 0.0153745
0.0156635 0.01542 0.01542
0.0157104 0.0154655 0.0154655
0.0157574 0.015511 0.015511
0.0158043 0.0155565 0.0155565
0.0158513 0.015602 0.015602
0.0158982 0.0156474 0.0156474
0.0159451 0.0156929 0.0156929
0.0159921 0.0157384 0.0157384
0.016039 0.0157838 0.0157838
0.016086 0.0158293 0.0158293
0.0161329 0.0158748 0.0158748
0.0161799 0.0159202 0.0159202
0.0162268 0.0159657 0.0159657
0.0162738 0.0160111 0.0160111
0.0163207 0.0160565 0.0160565
0.0163677 0.016102 0.016102
0.0164147 0.0161474 0.0161474
0.0164616 0.0161928 0.0161928
0.0165086 0.0162383 0.0162383
0.0165555 0.0162837 0.0162837
0.0166025 0.0163291 0.0163291
0.0166494 0.0163745 0.0163745
0.0166964 0.0164199 0.0164199
0.0167433 0.0164653 0.0164653
0.0167903 0.0165107 0.0165107
0.0168373 0.0165561 0.0165561
0.0168842 0.0166015 0.0166015
0.0169312 0.0166469 0.0166469
0.0169781 0.0166923 0.0166923
0.0170251 0.0167377 0.0167377
0.0170721 0.0167831 0.0167831
0.017119 0.0168284 0.0168284
0.017166 0.0168738 0.0168738
0.0172129 0.0169192 0.0169192
0.0172599 0.0169646 0.0169646
0.0173069 0.0170099 0.0170099
0.0173538 0.0170553 0.0170553
0.0174008 0.0171006 0.0171006
0.0174478 0.017146 0.017146
0.0174947 0.0171913 0.0171913
0.0175417 0.0172367 0.0172367
0.0175887 0.017282 0.017282
0.0176356 0.0173273 0.0173273
0.0176826 0.0173727 0.0173727
0.0177296 0.017418 0.017418
0.0177765 0.0174633 0.0174633
0.0178235 0.0175086 0.0175086
0.0178705 0.0175539 0.0175539
0.0179174 0.0175993 0.0175993
0.0179644 0.0176446 0.0176446
0.0180114 0.0176899 0.0176899
0.0180583 0.0177352 0.0177352
0.0181053 0.0177805 0.0177805
0.0181523 0.0178258 0.0178258
0.0181993 0.0178711 0.0178711
0.0182462 0.0179163 0.0179163
0.0182932 0.0179616 0.0179616
0.0183402 0.0180069 0.0180069
0.0183872 0.0180522 0.0180522
0.0184341 0.0180974 0.0180974
0.0184811 0.0181427 0.0181427
0.0185281 0.018188 0.018188
0.0185751 0.0182332 0.0182332
0.0186221 0.0182785 0.0182785
0.018669 0.0183237 0.0183237
0.018716 0.018369 0.018369
0.018763 0.0184142 0.0184142
0.01881 0.0184595 0.0184595
0.018857 0.0185047 0.0185047
0.0189039 0.0185499 0.0185499
0.0189509 0.0185952 0.0185952
0.0189979 0.0186404 0.0186404
0.0190449 0.0186856 0.0186856
0.0190919 0.0187308 0.0187308
0.0191389 0.018776 0.018776
0.0191858 0.0188213 0.0188213
0.0192328 0.0188665 0.0188665
0.0192798 0.0189117 0.0189117
0.0193268 0.0189569 0.0189569
0.0193738 0.0190021 0.0190021
0.0194208 0.0190472 0.0190472
0.0194678 0.0190924 0.0190924
0.0195148 0.0191376 0.0191376
0.0195617 0.0191828 0.0191828
0.0196087 0.019228 0.019228
0.0196557 0.0192731 0.0192731
0.0197027 0.0193183 0.0193183
0.0197497 0.0193635 0.0193635
0.0197967 0.0194086 0.0194086
0.0198437 0.0194538 0.0194538
0.0198907 0.019499 0.019499
0.0199377 0.0195441 0.0195441
0.0199847 0.0195893 0.0195893
0.0200317 0.0196344 0.0196344
0.0200787 0.0196795 0.0196795
0.0201257 0.0197247 0.0197247
0.0201727 0.0197698 0.0197698
0.0202197 0.0198149 0.0198149
0.0202667 0.0198601 0.0198601
0.0203137 0.0199052 0.0199052
0.0203607 0.0199503 0.0199503
0.0204077 0.0199954 0.0199954
0.0204547 0.0200405 0.0200405
0.0205017 0.0200856 0.0200856
0.0205487 0.0201307 0.0201307
0.0205957 0.0201758 0.0201758
0.0206427 0.0202209 0.0202209
0.0206897 0.020266 0.020266
0.0207367 0.0203111 0.0203111
0.0207837 0.0203562 0.0203562
0.0208307 0.0204012 0.0204012
0.0208777 0.0204463 0.0204463
0.0209247 0.0204914 0.0204914
0.0209717 0.0205365 0.0205365
0.0210187 0.0205815 0.0205815
0.0210657 0.0206266 0.0206266
0.0211127 0.0206716 0.0206716
0.0211597 0.0207167 0.0207167
0.0212067 0.0207617 0.0207617
0.0212537 0.0208068 0.0208068
0.0213008 0.0208518 0.0208518
0.0213478 0.0208969 0.0208969
0.0213948 0.0209419 0.0209419
0.0214418 0.0209869 0.0209869
0.0214888 0.021032 0.021032
0.0215358 0.021077 0.021077
0.0215828 0.021122 0.021122
0.0216298 0.021167 0.021167
0.0216769 0.021212 0.021212
0.0217239 0.021257 0.021257
0.0217709 0.021302 0.021302
0.0218179 0.021347 0.021347
0.0218649 0.021392 0.021392
0.0219119 0.021437 0.021437
0.021959 0.021482 0.021482
0.022006 0.021527 0.021527
0.022053 0.021572 0.021572
0.0221 0.021617 0.021617
0.022147 0.0216619 0.0216619
0.0221941 0.0217069 0.0217069
0.0222411 0.0217519 0.0217519
0.0222881 0.0217968 0.0217968
0.0223351 0.0218418 0.0218418
0.0223822 0.0218868 0.0218868
0.0224292 0.0219317 0.0219317
0.0224762 0.0219767 0.0219767
0.0225232 0.0220216 0.0220216
0.0225703 0.0220665 0.0220665
0.0226173 0.0221115 0.0221115
0.0226643 0.0221564 0.0221564
0.0227113 0.0222013 0.0222013
0.0227584 0.0222463 0.0222463
0.0228054 0.0222912 0.0222912
0.0228524 0.0223361 0.0223361
0.0228994 0.022381 0.022381
0.0229465 0.0224259 0.0224259
0.0229935 0.0224708 0.0224708
0.0230405 0.0225157 0.0225157
0.0230876 0.0225606 0.0225606
0.0231346 0.0226055 0.0226055
0.0231816 0.0226504 0.0226504
0.0232287 0.0226953 0.0226953
0.0232757 0.0227402 0.0227402
0.0233227 0.0227851 0.0227851
0.0233698 0.02283 0.02283
0.0234168 0.0228748 0.0228748
0.0234639 0.0229197 0.0229197
0.0235109 0.0229646 0.0229646
0.0235579 0.0230094 0.0230094
0.023605 0.0230543 0.0230543
0.023652 0.0230992 0.0230992
0.023699 0.023144 0.023144
0.0237461 0.0231888 0.0231889
0.0237931 0.0232337 0.0232337
0.0238402 0.0232785 0.0232785
0.0238872 0.0233234 0.0233234
0.0239343 0.0233682 0.0233682
0.0239813 0.023413 0.023413
0.0240283 0.0234579 0.0234579
0.0240754 0.0235027 0.0235027
0.0241224 0.0235475 0.0235475
0.0241695 0.0235923 0.0235923
0.0242165 0.0236371 0.0236371
0.0242636 0.0236819 0.0236819
0.0243106 0.0237267 0.0237267
0.0243577 0.0237715 0.0237715
0.0244047 0.0238163 0.0238163
0.0244518 0.0238611 0.0238611
0.0244988 0.0239059 0.0239059
0.0245459 0.0239507 0.0239507
0.0245929 0.0239955 0.0239955
0.02464 0.0240403 0.0240403
0.024687 0.024085 0.024085
0.0247341 0.0241298 0.0241298
0.0247811 0.0241746 0.0241746
0.0248282 0.0242193 0.0242193
0.0248752 0.0242641 0.0242641
0.0249223 0.0243088 0.0243088
0.0249693 0.0243536 0.0243536
0.0250164 0.0243983 0.0243983
0.0250634 0.0244431 0.0244431
0.0251105 0.0244878 0.0244878
0.0251576 0.0245326 0.0245326
0.0252046 0.0245773 0.0245773
0.0252517 0.024622 0.024622
0.0252987 0.0246667 0.0246667
0.0253458 0.0247115 0.0247115
0.0253929 0.0247562 0.0247562
0.0254399 0.0248009 0.0248009
0.025487 0.0248456 0.0248456
0.025534 0.0248903 0.0248903
0.0255811 0.024935 0.024935
0.0256282 0.0249797 0.0249797
0.0256752 0.0250244 0.0250244
0.0257223 0.0250691 0.0250691
0.0257694 0.0251138 0.0251138
0.0258164 0.0251585 0.0251585
0.0258635 0.0252032 0.0252032
0.0259106 0.0252478 0.0252478
0.0259576 0.0252925 0.0252925
0.0260047 0.0253372 0.0253372
0.0260518 0.0253818 0.0253818
0.0260988 0.0254265 0.0254265
0.0261459 0.0254712 0.0254712
0.026193 0.0255158 0.0255158
0.0262401 0.0255605 0.0255605
0.0262871 0.0256051 0.0256051
0.0263342 0.0256498 0.0256498
0.0263813 0.0256944 0.0256944
0.0264283 0.025739 0.025739
0.0264754 0.0257837 0.0257837
0.0265225 0.0258283 0.0258283
0.0265696 0.0258729 0.0258729
0.0266166 0.0259175 0.0259175
0.0266637 0.0259622 0.0259622
0.0267108 0.0260068 0.0260068
0.0267579 0.0260514 0.0260514
0.026805 0.026096 0.026096
0.026852 0.0261406 0.0261406
0.0268991 0.0261852 0.0261852
0.0269462 0.0262298 0.0262298
0.0269933 0.0262744 0.0262744
0.0270404 0.026319 0.026319
0.0270874 0.0263636 0.0263636
0.0271345 0.0264081 0.0264081
0.0271816 0.0264527 0.0264527
0.0272287 0.0264973 0.0264973
0.0272758 0.0265419 0.0265419
0.0273229 0.0265864 0.0265864
0.0273699 0.026631 0.026631
0.027417 0.0266755 0.0266755
0.0274641 0.0267201 0.0267201
0.0275112 0.0267646 0.0267647
0.0275583 0.0268092 0.0268092
0.0276054 0.0268537 0.0268537
0.0276525 0.0268983 0.0268983
0.0276996 0.0269428 0.0269428
0.0277466 0.0269874 0.0269874
0.0277937 0.0270319 0.0270319
0.0278408 0.0270764 0.0270764
0.0278879 0.0271209 0.0271209
0.027935 0.0271654 0.0271654
0.0279821 0.02721 0.02721
0.0280292 0.0272545 0.0272545
0.0280763 0.027299 0.027299
0.0281234 0.0273435 0.0273435
0.0281705 0.027388 0.027388
0.0282176 0.0274325 0.0274325
0.0282647 0.027477 0.027477
0.0283118 0.0275215 0.0275215
0.0283589 0.0275659 0.0275659
0.028406 0.0276104 0.0276104
0.0284531 0.0276549 0.0276549
0.0285002 0.0276994 0.0276994
0.0285473 0.0277438 0.0277438
0.0285944 0.0277883 0.0277883
0.0286415 0.0278328 0.0278328
0.0286886 0.0278772 0.0278772
0.0287357 0.0279217 0.0279217
0.0287828 0.0279661 0.0279661
0.0288299 0.0280106 0.0280106
0.028877 0.028055 0.028055
0.0289241 0.0280995 0.0280995
0.0289712 0.0281439 0.0281439
0.0290183 0.0281883 0.0281883
0.0290654 0.0282328 0.0282328
0.0291125 0.0282772 0.0282772
0.0291596 0.0283216 0.0283216
0.0292067 0.028366 0.028366
0.0292538 0.0284105 0.0284105
0.029301 0.0284549 0.0284549
0.0293481 0.0284993 0.0284993
0.0293952 0.0285437 0.0285437
0.0294423 0.0285881 0.0285881
0.0294894 0.0286325 0.0286325
0.0295365 0.0286769 0.0286769
0.0295836 0.0287213 0.0287213
0.0296307 0.0287656 0.0287656
0.0296779 0.02881 0.02881
0.029725 0.0288544 0.0288544
0.0297721 0.0288988 0.0288988
0.0298192 0.0289431 0.0289431
0.0298663 0.0289875 0.0289875
0.0299134 0.0290319 0.0290319
0.0299606 0.0290762 0.0290762
0.0300077 0.0291206 0.0291206
0.0300548 0.0291649 0.0291649
0.0301019 0.0292093 0.0292093
0.030149 0.0292536 0.0292536
0.0301962 0.029298 0.029298
0.0302433 0.0293423 0.0293423
0.0302904 0.0293867 0.0293867
0.0303375 0.029431 0.029431
0.0303847 0.0294753 0.0294753
0.0304318 0.0295196 0.0295196
0.0304789 0.029564 0.029564
0.030526 0.0296083 0.0296083
0.0305732 0.0296526 0.0296526
0.0306203 0.0296969 0.0296969
0.0306674 0.0297412 0.0297412
0.0307145 0.0297855 0.0297855
0.0307617 0.0298298 0.0298298
0.0308088 0.0298741 0.0298741
0.0308559 0.0299184 0.0299184
0.0309031 0.0299627 0.0299627
0.0309502 0.0300069 0.0300069
0.0309973 0.0300512 0.0300512
0.0310444 0.0300955 0.0300955
0.0310916 0.0301398 0.0301398
0.0311387 0.030184 0.030184
0.0311859 0.0302283 0.0302283
0.031233 0.0302726 0.0302726
0.0312801 0.0303168 0.0303168
0.0313273 0.0303611 0.0303611
0.0313744 0.0304053 0.0304053
0.0314215 0.0304496 0.0304496
0.0314687 0.0304938 0.0304938
0.0315158 0.030538 0.030538
0.0315629 0.0305823 0.0305823
0.0316101 0.0306265 0.0306265
0.0316572 0.0306707 0.0306707
0.0317044 0.030715 0.030715
0.0317515 0.0307592 0.0307592
0.0317986 0.0308034 0.0308034
0.0318458 0.0308476 0.0308476
0.0318929 0.0308918 0.0308918
0.0319401 0.030936 0.030936
0.0319872 0.0309802 0.0309802
0.0320344 0.0310244 0.0310244
0.0320815 0.0310686 0.0310686
0.0321287 0.0311128 0.0311128
0.0321758 0.031157 0.031157
0.032223 0.0312012 0.0312012
0.0322701 0.0312454 0.0312454
0.0323173 0.0312895 0.0312895
0.0323644 0.0313337 0.0313337
0.0324116 0.0313779 0.0313779
0.0324587 0.031422 0.031422
0.0325059 0.0314662 0.0314662
0.032553 0.0315104 0.0315104
0.0326002 0.0315545 0.0315545
0.0326473 0.0315987 0.0315987
0.0326945 0.0316428 0.0316428
0.0327416 0.031687 0.031687
0.0327888 0.0317311 0.0317311
0.0328359 0.0317752 0.0317752
0.0328831 0.0318194 0.0318194
0.0329302 0.0318635 0.0318635
0.0329774 0.0319076 0.0319076
0.0330246 0.0319517 0.0319517
0.0330717 0.0319959 0.0319959
0.0331189 0.03204 0.03204
0.033166 0.0320841 0.0320841
0.0332132 0.0321282 0.0321282
0.0332604 0.0321723 0.0321723
0.0333075 0.0322164 0.0322164
0.0333547 0.0322605 0.0322605
0.0334018 0.0323046 0.0323046
0.033449 0.0323487 0.0323487
0.0334962 0.0323928 0.0323928
0.0335433 0.0324368 0.0324368
0.0335905 0.0324809 0.0324809
0.0336377 0.032525 0.032525
0.0336848 0.0325691 0.0325691
0.033732 0.0326131 0.0326131
0.0337792 0.0326572 0.0326572
0.0338263 0.0327012 0.0327012
0.0338735 0.0327453 0.0327453
0.0339207 0.0327894 0.0327894
0.0339678 0.0328334 0.0328334
0.034015 0.0328774 0.0328774
0.0340622 0.0329215 0.0329215
0.0341094 0.0329655 0.0329655
0.0341565 0.0330096 0.0330096
0.0342037 0.0330536 0.0330536
0.0342509 0.0330976 0.0330976
0.0342981 0.0331416 0.0331416
0.0343452 0.0331857 0.0331857
0.0343924 0.0332297 0.0332297
0.0344396 0.0332737 0.0332737
0.0344868 0.0333177 0.0333177
0.0345339 0.0333617 0.0333617
0.0345811 0.0334057 0.0334057
0.0346283 0.0334497 0.0334497
0.0346755 0.0334937 0.0334937
0.0347226 0.0335377 0.0335377
0.0347698 0.0335817 0.0335817
0.034817 0.0336256 0.0336256
0.0348642 0.0336696 0.0336696
0.0349114 0.0337136 0.0337136
0.0349586 0.0337576 0.0337576
0.0350057 0.0338015 0.0338015
0.0350529 0.0338455 0.0338455
0.0351001 0.0338895 0.0338895
0.0351473 0.0339334 0.0339334
0.0351945 0.0339774 0.0339774
0.0352417 0.0340213 0.0340213
0.0352889 0.0340653 0.0340653
0.035336 0.0341092 0.0341092
0.0353832 0.0341532 0.0341532
0.0354304 0.0341971 0.0341971
0.0354776 0.034241 0.034241
0.0355248 0.0342849 0.0342849
0.035572 0.0343289 0.0343289
0.0356192 0.0343728 0.0343728
0.0356664 0.0344167 0.0344167
0.0357136 0.0344606 0.0344606
0.0357608 0.0345045 0.0345045
0.035808 0.0345484 0.0345484
0.0358552 0.0345923 0.0345923
0.0359024 0.0346362 0.0346362
0.0359495 0.0346801 0.0346801
0.0359967 0.034724 0.034724
0.0360439 0.0347679 0.0347679
0.0360911 0.0348118 0.0348118
0.0361383 0.0348557 0.0348557
0.0361855 0.0348996 0.0348996
0.0362327 0.0349434 0.0349434
0.0362799 0.0349873 0.0349873
0.0363271 0.0350312 0.0350312
0.0363743 0.035075 0.035075
0.0364215 0.0351189 0.0351189
0.0364687 0.0351627 0.0351627
0.036516 0.0352066 0.0352066
0.0365632 0.0352504 0.0352504
0.0366104 0.0352943 0.0352943
0.0366576 0.0353381 0.0353381
0.0367048 0.035382 0.035382
0.036752 0.0354258 0.0354258
0.0367992 0.0354696 0.0354696
0.0368464 0.0355134 0.0355134
0.0368936 0.0355573 0.0355573
0.0369408 0.0356011 0.0356011
0.036988 0.0356449 0.0356449
0.0370352 0.0356887 0.0356887
0.0370824 0.0357325 0.0357325
0.0371297 0.0357763 0.0357763
0.0371769 0.0358201 0.0358201
0.0372241 0.0358639 0.0358639
0.0372713 0.0359077 0.0359077
0.0373185 0.0359515 0.0359515
0.0373657 0.0359953 0.0359953
0.0374129 0.0360391 0.0360391
0.0374602 0.0360828 0.0360828
0.0375074 0.0361266 0.0361266
0.0375546 0.0361704 0.0361704
0.0376018 0.0362142 0.0362142
0.037649 0.0362579 0.0362579
0.0376962 0.0363017 0.0363017
0.0377435 0.0363454 0.0363454
0.0377907 0.0363892 0.0363892
0.0378379 0.0364329 0.0364329
0.0378851 0.0364767 0.0364767
0.0379323 0.0365204 0.0365204
0.0379796 0.0365642 0.0365642
0.0380268 0.0366079 0.0366079
0.038074 0.0366516 0.0366516
0.0381212 0.0366954 0.0366954
0.0381685 0.0367391 0.0367391
0.0382157 0.0367828 0.0367828
0.0382629 0.0368265 0.0368265
0.0383102 0.0368702 0.0368702
0.0383574 0.0369139 0.036914
0.0384046 0.0369577 0.0369577
0.0384518 0.0370014 0.0370014
0.0384991 0.0370451 0.0370451
0.0385463 0.0370888 0.0370888
0.0385935 0.0371324 0.0371324
0.0386408 0.0371761 0.0371761
0.038688 0.0372198 0.0372198
0.0387352 0.0372635 0.0372635
0.0387825 0.0373072 0.0373072
0.0388297 0.0373508 0.0373508
0.0388769 0.0373945 0.0373945
0.0389242 0.0374382 0.0374382
0.0389714 0.0374818 0.0374818
0.0390186 0.0375255 0.0375255
0.0390659 0.0375692 0.0375692
0.0391131 0.0376128 0.0376128
0.0391604 0.0376565 0.0376565
0.0392076 0.0377001 0.0377001
0.0392548 0.0377437 0.0377437
0.0393021 0.0377874 0.0377874
0.0393493 0.037831 0.037831
0.0393966 0.0378746 0.0378746
0.0394438 0.0379183 0.0379183
0.039491 0.0379619 0.0379619
0.0395383 0.0380055 0.0380055
0.0395855 0.0380491 0.0380491
0.0396328 0.0380927 0.0380927
0.03968 0.0381363 0.0381363
0.0397273 0.0381799 0.0381799
0.0397745 0.0382235 0.0382235
0.0398218 0.0382671 0.0382671
0.039869 0.0383107 0.0383107
0.0399163 0.0383543 0.0383543
0.0399635 0.0383979 0.0383979
0.0400108 0.0384415 0.0384415
0.040058 0.0384851 0.0384851
0.0401053 0.0385287 0.0385287
0.0401525 0.0385722 0.0385722
0.0401998 0.0386158 0.0386158
0.040247 0.0386594 0.0386594
0.0402943 0.0387029 0.0387029
0.0403415 0.0387465 0.0387465
0.0403888 0.03879 0.03879
0.040436 0.0388336 0.0388336
0.0404833 0.0388771 0.0388771
0.0405305 0.0389207 0.0389207
0.0405778 0.0389642 0.0389642
0.0406251 0.0390077 0.0390077
0.0406723 0.0390513 0.0390513
0.0407196 0.0390948 0.0390948
0.0407668 0.0391383 0.0391383
0.0408141 0.0391818 0.0391818
0.0408614 0.0392254 0.0392254
0.0409086 0.0392689 0.0392689
0.0409559 0.0393124 0.0393124
0.0410032 0.0393559 0.0393559
0.0410504 0.0393994 0.0393994
0.0410977 0.0394429 0.0394429
0.0411449 0.0394864 0.0394864
0.0411922 0.0395299 0.0395299
0.0412395 0.0395734 0.0395734
0.0412867 0.0396169 0.0396169
0.041334 0.0396603 0.0396603
0.0413813 0.0397038 0.0397038
0.0414286 0.0397473 0.0397473
0.0414758 0.0397908 0.0397908
0.0415231 0.0398342 0.0398342
0.0415704 0.0398777 0.0398777
0.0416176 0.0399212 0.0399212
0.0416649 0.0399646 0.0399646
0.0417122 0.0400081 0.0400081
0.0417595 0.0400515 0.0400515
0.0418067 0.040095 0.040095
0.041854 0.0401384 0.0401384
0.0419013 0.0401818 0.0401818
0.0419486 0.0402253 0.0402253
0.0419958 0.0402687 0.0402687
0.0420431 0.0403121 0.0403121
0.0420904 0.0403556 0.0403556
0.0421377 0.040399 0.040399
0.0421849 0.0404424 0.0404424
0.0422322 0.0404858 0.0404858
0.0422795 0.0405292 0.0405292
0.0423268 0.0405726 0.0405726
0.0423741 0.040616 0.040616
0.0424214 0.0406594 0.0406594
0.0424686 0.0407028 0.0407028
0.0425159 0.0407462 0.0407462
0.0425632 0.0407896 0.0407896
0.0426105 0.040833 0.040833
0.0426578 0.0408764 0.0408764
0.0427051 0.0409197 0.0409197
0.0427523 0.0409631 0.0409631
0.0427996 0.0410065 0.0410065
0.0428469 0.0410498 0.0410498
0.0428942 0.0410932 0.0410932
0.0429415 0.0411366 0.0411366
0.0429888 0.0411799 0.0411799
0.0430361 0.0412233 0.0412233
0.0430834 0.0412666 0.0412666
0.0431307 0.04131 0.04131
0.043178 0.0413533 0.0413533
0.0432253 0.0413966 0.0413966
0.0432725 0.04144 0.04144
0.0433198 0.0414833 0.0414833
0.0433671 0.0415266 0.0415266
0.0434144 0.0415699 0.0415699
0.0434617 0.0416133 0.0416133
0.043509 0.0416566 0.0416566
0.0435563 0.0416999 0.0416999
0.0436036 0.0417432 0.0417432
0.0436509 0.0417865 0.0417865
0.0436982 0.0418298 0.0418298
0.0437455 0.0418731 0.0418731
0.0437928 0.0419164 0.0419164
0.0438401 0.0419597 0.0419597
0.0438874 0.042003 0.042003
0.0439347 0.0420463 0.0420463
0.043982 0.0420895 0.0420895
0.0440293 0.0421328 0.0421328
0.0440766 0.0421761 0.0421761
0.0441239 0.0422194 0.0422194
0.0441713 0.0422626 0.0422626
0.0442186 0.0423059 0.0423059
0.0442659 0.0423491 0.0423491
0.0443132 0.0423924 0.0423924
0.0443605 0.0424356 0.0424356
0.0444078 0.0424789 0.0424789
0.0444551 0.0425221 0.0425221
0.0445024 0.0425654 0.0425654
0.0445497 0.0426086 0.0426086
0.044597 0.0426518 0.0426518
0.0446444 0.0426951 0.0426951
0.0446917 0.0427383 0.0427383
0.044739 0.0427815 0.0427815
0.0447863 0.0428247 0.0428247
0.0448336 0.0428679 0.042868
0.0448809 0.0429112 0.0429112
0.0449282 0.0429544 0.0429544
0.0449756 0.0429976 0.0429976
0.0450229 0.0430408 0.0430408
0.0450702 0.043084 0.043084
0.0451175 0.0431272 0.0431272
0.0451648 0.0431704 0.0431704
0.0452122 0.0432135 0.0432135
0.0452595 0.0432567 0.0432567
0.0453068 0.0432999 0.0432999
0.0453541 0.0433431 0.0433431
0.0454014 0.0433862 0.0433862
0.0454488 0.0434294 0.0434294
0.0454961 0.0434726 0.0434726
0.0455434 0.0435157 0.0435157
0.0455907 0.0435589 0.0435589
0.0456381 0.043602 0.043602
0.0456854 0.0436452 0.0436452
0.0457327 0.0436883 0.0436883
0.0457801 0.0437315 0.0437315
0.0458274 0.0437746 0.0437746
0.0458747 0.0438178 0.0438178
0.045922 0.0438609 0.0438609
0.0459694 0.043904 0.043904
0.0460167 0.0439471 0.0439471
0.046064 0.0439903 0.0439903
0.0461114 0.0440334 0.0440334
0.0461587 0.0440765 0.0440765
0.046206 0.0441196 0.0441196
0.0462534 0.0441627 0.0441627
0.0463007 0.0442058 0.0442058
0.046348 0.0442489 0.0442489
0.0463954 0.044292 0.044292
0.0464427 0.0443351 0.0443351
0.0464901 0.0443782 0.0443782
0.0465374 0.0444213 0.0444213
0.0465847 0.0444644 0.0444644
0.0466321 0.0445074 0.0445074
0.0466794 0.0445505 0.0445505
0.0467268 0.0445936 0.0445936
0.0467741 0.0446367 0.0446367
0.0468214 0.0446797 0.0446797
0.0468688 0.0447228 0.0447228
0.0469161 0.0447658 0.0447658
0.0469635 0.0448089 0.0448089
0.0470108 0.0448519 0.0448519
0.0470582 0.044895 0.044895
0.0471055 0.044938 0.044938
0.0471529 0.0449811 0.0449811
0.0472002 0.0450241 0.0450241
0.0472475 0.0450671 0.0450671
0.0472949 0.0451102 0.0451102
0.0473422 0.0451532 0.0451532
0.0473896 0.0451962 0.0451962
0.0474369 0.0452392 0.0452392
0.0474843 0.0452822 0.0452822
0.0475317 0.0453252 0.0453252
0.047579 0.0453682 0.0453683
0.0476264 0.0454113 0.0454113
0.0476737 0.0454543 0.0454543
0.0477211 0.0454972 0.0454972
0.0477684 0.0455402 0.0455402
0.0478158 0.0455832 0.0455832
0.0478631 0.0456262 0.0456262
0.0479105 0.0456692 0.0456692
0.0479579 0.0457122 0.0457122
0.0480052 0.0457551 0.0457551
0.0480526 0.0457981 0.0457981
0.0480999 0.0458411 0.0458411
0.0481473 0.045884 0.045884
0.0481947 0.045927 0.045927
0.048242 0.04597 0.04597
0.0482894 0.0460129 0.0460129
0.0483367 0.0460559 0.0460559
0.0483841 0.0460988 0.0460988
0.0484315 0.0461418 0.0461418
0.0484788 0.0461847 0.0461847
0.0485262 0.0462276 0.0462276
0.0485736 0.0462706 0.0462706
0.0486209 0.0463135 0.0463135
0.0486683 0.0463564 0.0463564
0.0487157 0.0463993 0.0463993
0.048763 0.0464422 0.0464422
0.0488104 0.0464852 0.0464852
0.0488578 0.0465281 0.0465281
0.0489051 0.046571 0.046571
0.0489525 0.0466139 0.0466139
0.0489999 0.0466568 0.0466568
0.0490473 0.0466997 0.0466997
0.0490946 0.0467426 0.0467426
0.049142 0.0467855 0.0467855
0.0491894 0.0468283 0.0468283
0.0492368 0.0468712 0.0468712
0.0492841 0.0469141 0.0469141
0.0493315 0.046957 0.046957
0.0493789 0.0469998 0.0469998
0.0494263 0.0470427 0.0470427
0.0494737 0.0470856 0.0470856
0.049521 0.0471284 0.0471284
0.0495684 0.0471713 0.0471713
0.0496158 0.0472141 0.0472141
0.0496632 0.047257 0.047257
0.0497106 0.0472998 0.0472998
0.0497579 0.0473427 0.0473427
0.0498053 0.0473855 0.0473855
0.0498527 0.0474283 0.0474284
0.0499001 0.0474712 0.0474712
0.0499475 0.047514 0.047514
0.0499949 0.0475568 0.0475568
0.0500423 0.0475997 0.0475997
0.0500896 0.0476425 0.0476425
0.050137 0.0476853 0.0476853
0.0501844 0.0477281 0.0477281
0.0502318 0.0477709 0.0477709
0.0502792 0.0478137 0.0478137
0.0503266 0.0478565 0.0478565
0.050374 0.0478993 0.0478993
0.0504214 0.0479421 0.0479421
0.0504688 0.0479849 0.0479849
0.0505162 0.0480277 0.0480277
0.0505636 0.0480704 0.0480704
0.050611 0.0481132 0.0481132
0.0506583 0.048156 0.048156
0.0507057 0.0481988 0.0481988
0.0507531 0.0482415 0.0482415
0.0508005 0.0482843 0.0482843
0.0508479 0.0483271 0.0483271
0.0508953 0.0483698 0.0483698
0.0509427 0.0484126 0.0484126
0.0509901 0.0484553 0.0484553
0.0510375 0.0484981 0.0484981
0.0510849 0.0485408 0.0485408
0.0511323 0.0485835 0.0485835
0.0511797 0.0486263 0.0486263
0.0512271 0.048669 0.048669
0.0512745 0.0487117 0.0487117
0.051322 0.0487545 0.0487545
0.0513694 0.0487972 0.0487972
0.0514168 0.0488399 0.0488399
0.0514642 0.0488826 0.0488826
0.0515116 0.0489253 0.0489253
0.051559 0.048968 0.048968
0.0516064 0.0490107 0.0490107
0.0516538 0.0490534 0.0490534
0.0517012 0.0490961 0.0490961
0.0517486 0.0491388 0.0491388
0.051796 0.0491815 0.0491815
0.0518434 0.0492242 0.0492242
0.0518909 0.0492669 0.0492669
0.0519383 0.0493095 0.0493095
0.0519857 0.0493522 0.0493522
0.0520331 0.0493949 0.0493949
0.0520805 0.0494376 0.0494376
0.0521279 0.0494802 0.0494802
0.0521754 0.0495229 0.0495229
0.0522228 0.0495655 0.0495655
0.0522702 0.0496082 0.0496082
0.0523176 0.0496508 0.0496508
0.052365 0.0496935 0.0496935
0.0524124 0.0497361 0.0497361
0.0524599 0.0497788 0.0497788
0.0525073 0.0498214 0.0498214
0.0525547 0.049864 0.049864
0.0526021 0.0499067 0.0499067
0.0526496 0.0499493 0.0499493
0.052697 0.0499919 0.0499919
0.0527444 0.0500345 0.0500345
0.0527918 0.0500771 0.0500771
0.0528393 0.0501197 0.0501198
0.0528867 0.0501624 0.0501624
0.0529341 0.050205 0.050205
0.0529815 0.0502476 0.0502476
0.053029 0.0502902 0.0502902
0.0530764 0.0503327 0.0503327
0.0531238 0.0503753 0.0503753
0.0531713 0.0504179 0.0504179
0.0532187 0.0504605 0.0504605
0.0532661 0.0505031 0.0505031
0.0533136 0.0505457 0.0505457
0.053361 0.0505882 0.0505882
0.0534084 0.0506308 0.0506308
0.0534559 0.0506734 0.0506734
0.0535033 0.0507159 0.0507159
0.0535507 0.0507585 0.0507585
0.0535982 0.050801 0.050801
0.0536456 0.0508436 0.0508436
0.053693 0.0508861 0.0508861
0.0537405 0.0509287 0.0509287
0.0537879 0.0509712 0.0509712
0.0538354 0.0510137 0.0510137
0.0538828 0.0510563 0.0510563
0.0539302 0.0510988 0.0510988
0.0539777 0.0511413 0.0511413
0.0540251 0.0511838 0.0511839
0.0540726 0.0512264 0.0512264
0.05412 0.0512689 0.0512689
0.0541675 0.0513114 0.0513114
0.0542149 0.0513539 0.0513539
0.0542623 0.0513964 0.0513964
0.0543098 0.0514389 0.0514389
0.0543572 0.0514814 0.0514814
0.0544047 0.0515239 0.0515239
0.0544521 0.0515664 0.0515664
0.0544996 0.0516089 0.0516089
0.054547 0.0516513 0.0516514
0.0545945 0.0516938 0.0516938
0.0546419 0.0517363 0.0517363
0.0546894 0.0517788 0.0517788
0.0547368 0.0518212 0.0518212
0.0547843 0.0518637 0.0518637
0.0548318 0.0519062 0.0519062
0.0548792 0.0519486 0.0519486
0.0549267 0.0519911 0.0519911
0.0549741 0.0520335 0.0520335
0.0550216 0.052076 0.052076
0.055069 0.0521184 0.0521184
0.0551165 0.0521609 0.0521609
0.0551639 0.0522033 0.0522033
0.0552114 0.0522457 0.0522457
0.0552589 0.0522882 0.0522882
0.0553063 0.0523306 0.0523306
0.0553538 0.052373 0.052373
0.0554013 0.0524154 0.0524154
0.0554487 0.0524578 0.0524578
0.0554962 0.0525003 0.0525003
0.0555436 0.0525427 0.0525427
0.0555911 0.0525851 0.0525851
0.0556386 0.0526275 0.0526275
0.055686 0.0526699 0.0526699
0.0557335 0.0527123 0.0527123
0.055781 0.0527546 0.0527546
0.0558284 0.052797 0.052797
0.0558759 0.0528394 0.0528394
0.0559234 0.0528818 0.0528818
0.0559709 0.0529242 0.0529242
0.0560183 0.0529665 0.0529665
0.0560658 0.0530089 0.0530089
0.0561133 0.0530513 0.0530513
0.0561607 0.0530936 0.0530936
0.0562082 0.053136 0.053136
0.0562557 0.0531784 0.0531784
0.0563032 0.0532207 0.0532207
0.0563506 0.0532631 0.0532631
0.0563981 0.0533054 0.0533054
0.0564456 0.0533477 0.0533477
0.0564931 0.0533901 0.0533901
0.0565405 0.0534324 0.0534324
0.056588 0.0534747 0.0534747
0.0566355 0.0535171 0.0535171
0.056683 0.0535594 0.0535594
0.0567305 0.0536017 0.0536017
0.0567779 0.053644 0.053644
0.0568254 0.0536863 0.0536863
0.0568729 0.0537286 0.0537286
0.0569204 0.0537709 0.053771
0.0569679 0.0538132 0.0538133
0.0570154 0.0538555 0.0538555
0.0570629 0.0538978 0.0538978
0.0571103 0.0539401 0.0539401
0.0571578 0.0539824 0.0539824
0.0572053 0.0540247 0.0540247
0.0572528 0.054067 0.054067
0.0573003 0.0541093 0.0541093
0.0573478 0.0541515 0.0541515
0.0573953 0.0541938 0.0541938
0.0574428 0.0542361 0.0542361
0.0574903 0.0542783 0.0542783
0.0575377 0.0543206 0.0543206
0.0575852 0.0543628 0.0543629
0.0576327 0.0544051 0.0544051
0.0576802 0.0544473 0.0544474
0.0577277 0.0544896 0.0544896
0.0577752 0.0545318 0.0545318
0.0578227 0.0545741 0.0545741
0.0578702 0.0546163 0.0546163
0.0579177 0.0546585 0.0546585
0.0579652 0.0547008 0.0547008
0.0580127 0.054743 0.054743
0.0580602 0.0547852 0.0547852
0.0581077 0.0548274 0.0548274
0.0581552 0.0548696 0.0548696
0.0582027 0.0549119 0.0549119
0.0582502 0.0549541 0.0549541
0.0582977 0.0549963 0.0549963
0.0583452 0.0550385 0.0550385
0.0583927 0.0550807 0.0550807
0.0584402 0.0551228 0.0551229
0.0584877 0.055165 0.055165
0.0585352 0.0552072 0.0552072
0.0585828 0.0552494 0.0552494
0.0586303 0.0552916 0.0552916
0.0586778 0.0553338 0.0553338
0.0587253 0.0553759 0.0553759
0.0587728 0.0554181 0.0554181
0.0588203 0.0554603 0.0554603
0.0588678 0.0555024 0.0555024
0.0589153 0.0555446 0.0555446
0.0589628 0.0555867 0.0555867
0.0590104 0.0556289 0.0556289
0.0590579 0.055671 0.055671
0.0591054 0.0557132 0.0557132
0.0591529 0.0557553 0.0557553
0.0592004 0.0557974 0.0557974
0.0592479 0.0558396 0.0558396
0.0592954 0.0558817 0.0558817
0.059343 0.0559238 0.0559238
0.0593905 0.055966 0.055966
0.059438 0.0560081 0.0560081
0.0594855 0.0560502 0.0560502
0.059533 0.0560923 0.0560923
0.0595806 0.0561344 0.0561344
0.0596281 0.0561765 0.0561765
0.0596756 0.0562186 0.0562186
0.0597231 0.0562607 0.0562607
0.0597707 0.0563028 0.0563028
0.0598182 0.0563449 0.0563449
0.0598657 0.056387 0.056387
0.0599132 0.0564291 0.0564291
0.0599608 0.0564711 0.0564711
0.0600083 0.0565132 0.0565132
0.0600558 0.0565553 0.0565553
0.0601034 0.0565974 0.0565974
0.0601509 0.0566394 0.0566394
0.0601984 0.0566815 0.0566815
0.0602459 0.0567235 0.0567235
0.0602935 0.0567656 0.0567656
0.060341 0.0568076 0.0568076
0.0603885 0.0568497 0.0568497
0.0604361 0.0568917 0.0568917
0.0604836 0.0569338 0.0569338
0.0605311 0.0569758 0.0569758
0.0605787 0.0570178 0.0570178
0.0606262 0.0570599 0.0570599
0.0606738 0.0571019 0.0571019
0.0607213 0.0571439 0.0571439
0.0607688 0.0571859 0.0571859
0.0608164 0.057228 0.057228
0.0608639 0.05727 0.05727
0.0609115 0.057312 0.057312
0.060959 0.057354 0.057354
0.0610065 0.057396 0.057396
0.0610541 0.057438 0.057438
0.0611016 0.05748 0.05748
0.0611492 0.057522 0.057522
0.0611967 0.057564 0.057564
0.0612443 0.0576059 0.0576059
0.0612918 0.0576479 0.0576479
0.0613394 0.0576899 0.0576899
0.0613869 0.0577319 0.0577319
0.0614344 0.0577738 0.0577739
0.061482 0.0578158 0.0578158
0.0615295 0.0578578 0.0578578
0.0615771 0.0578997 0.0578997
0.0616246 0.0579417 0.0579417
0.0616722 0.0579836 0.0579836
0.0617198 0.0580256 0.0580256
0.0617673 0.0580675 0.0580675
0.0618149 0.0581095 0.0581095
0.0618624 0.0581514 0.0581514
0.06191 0.0581934 0.0581934
0.0619575 0.0582353 0.0582353
0.0620051 0.0582772 0.0582772
0.0620526 0.0583191 0.0583191
0.0621002 0.0583611 0.0583611
0.0621478 0.058403 0.058403
0.0621953 0.0584449 0.0584449
0.0622429 0.0584868 0.0584868
0.0622904 0.0585287 0.0585287
0.062338 0.0585706 0.0585706
0.0623856 0.0586125 0.0586125
0.0624331 0.0586544 0.0586544
0.0624807 0.0586963 0.0586963
0.0625283 0.0587382 0.0587382
0.0625758 0.0587801 0.0587801
0.0626234 0.058822 0.058822
0.0626709 0.0588638 0.0588638
0.0627185 0.0589057 0.0589057
0.0627661 0.0589476 0.0589476
0.0628137 0.0589895 0.0589895
0.0628612 0.0590313 0.0590313
0.0629088 0.0590732 0.0590732
0.0629564 0.059115 0.059115
0.0630039 0.0591569 0.0591569
0.0630515 0.0591987 0.0591987
0.0630991 0.0592406 0.0592406
0.0631466 0.0592824 0.0592824
0.0631942 0.0593243 0.0593243
0.0632418 0.0593661 0.0593661
0.0632894 0.0594079 0.059408
0.0633369 0.0594498 0.0594498
0.0633845 0.0594916 0.0594916
0.0634321 0.0595334 0.0595334
0.0634797 0.0595752 0.0595752
0.0635273 0.0596171 0.0596171
0.0635748 0.0596589 0.0596589
0.0636224 0.0597007 0.0597007
0.06367 0.0597425 0.0597425
0.0637176 0.0597843 0.0597843
0.0637652 0.0598261 0.0598261
0.0638127 0.0598679 0.0598679
0.0638603 0.0599097 0.0599097
0.0639079 0.0599515 0.0599515
0.0639555 0.0599932 0.0599932
0.0640031 0.060035 0.060035
0.0640507 0.0600768 0.0600768
0.0640983 0.0601186 0.0601186
0.0641458 0.0601603 0.0601604
0.0641934 0.0602021 0.0602021
0.064241 0.0602439 0.0602439
0.0642886 0.0602856 0.0602856
0.0643362 0.0603274 0.0603274
0.0643838 0.0603691 0.0603691
0.0644314 0.0604109 0.0604109
0.064479 0.0604526 0.0604526
0.0645266 0.0604944 0.0604944
0.0645742 0.0605361 0.0605361
0.0646218 0.0605779 0.0605779
0.0646694 0.0606196 0.0606196
0.064717 0.0606613 0.0606613
0.0647646 0.060703 0.060703
0.0648121 0.0607448 0.0607448
0.0648597 0.0607865 0.0607865
0.0649073 0.0608282 0.0608282
0.0649549 0.0608699 0.0608699
0.0650025 0.0609116 0.0609116
0.0650501 0.0609533 0.0609533
0.0650977 0.060995 0.060995
0.0651454 0.0610367 0.0610367
0.065193 0.0610784 0.0610784
0.0652406 0.0611201 0.0611201
0.0652882 0.0611618 0.0611618
0.0653358 0.0612035 0.0612035
0.0653834 0.0612451 0.0612451
0.065431 0.0612868 0.0612868
0.0654786 0.0613285 0.0613285
0.0655262 0.0613702 0.0613702
0.0655738 0.0614118 0.0614118
0.0656214 0.0614535 0.0614535
0.065669 0.0614951 0.0614951
0.0657166 0.0615368 0.0615368
0.0657642 0.0615785 0.0615785
0.0658119 0.0616201 0.0616201
0.0658595 0.0616617 0.0616617
0.0659071 0.0617034 0.0617034
0.0659547 0.061745 0.061745
0.0660023 0.0617867 0.0617867
0.0660499 0.0618283 0.0618283
0.0660975 0.0618699 0.0618699
0.0661452 0.0619115 0.0619115
0.0661928 0.0619532 0.0619532
0.0662404 0.0619948 0.0619948
0.066288 0.0620364 0.0620364
0.0663356 0.062078 0.062078
0.0663833 0.0621196 0.0621196
0.0664309 0.0621612 0.0621612
0.0664785 0.0622028 0.0622028
0.0665261 0.0622444 0.0622444
0.0665737 0.062286 0.062286
0.0666214 0.0623276 0.0623276
0.066669 0.0623692 0.0623692
0.0667166 0.0624107 0.0624107
0.0667642 0.0624523 0.0624523
0.0668119 0.0624939 0.0624939
0.0668595 0.0625355 0.0625355
0.0669071 0.062577 0.062577
0.0669548 0.0626186 0.0626186
0.0670024 0.0626602 0.0626602
0.06705 0.0627017 0.0627017
0.0670976 0.0627433 0.0627433
0.0671453 0.0627848 0.0627848
0.0671929 0.0628264 0.0628264
0.0672405 0.0628679 0.0628679
0.0672882 0.0629094 0.0629095
0.0673358 0.062951 0.062951
0.0673834 0.0629925 0.0629925
0.0674311 0.063034 0.063034
0.0674787 0.0630756 0.0630756
0.0675264 0.0631171 0.0631171
0.067574 0.0631586 0.0631586
0.0676216 0.0632001 0.0632001
0.0676693 0.0632416 0.0632416
0.0677169 0.0632831 0.0632831
0.0677646 0.0633246 0.0633247
0.0678122 0.0633662 0.0633662
0.0678598 0.0634076 0.0634077
0.0679075 0.0634491 0.0634491
0.0679551 0.0634906 0.0634906
0.0680028 0.0635321 0.0635321
0.0680504 0.0635736 0.0635736
0.0680981 0.0636151 0.0636151
0.0681457 0.0636566 0.0636566
0.0681934 0.063698 0.063698
0.068241 0.0637395 0.0637395
0.0682887 0.063781 0.063781
0.0683363 0.0638224 0.0638224
0.0683839 0.0638639 0.0638639
0.0684316 0.0639053 0.0639054
0.0684793 0.0639468 0.0639468
0.0685269 0.0639882 0.0639883
0.0685746 0.0640297 0.0640297
0.0686222 0.0640711 0.0640711
0.0686699 0.0641126 0.0641126
0.0687175 0.064154 0.064154
0.0687652 0.0641954 0.0641954
0.0688128 0.0642369 0.0642369
0.0688605 0.0642783 0.0642783
0.0689081 0.0643197 0.0643197
0.0689558 0.0643611 0.0643611
0.0690035 0.0644025 0.0644026
0.0690511 0.064444 0.064444
0.0690988 0.0644854 0.0644854
0.0691464 0.0645268 0.0645268
0.0691941 0.0645682 0.0645682
0.0692418 0.0646096 0.0646096
0.0692894 0.064651 0.064651
0.0693371 0.0646923 0.0646924
0.0693848 0.0647337 0.0647337
0.0694324 0.0647751 0.0647751
0.0694801 0.0648165 0.0648165
0.0695278 0.0648579 0.0648579
0.0695754 0.0648992 0.0648992
0.0696231 0.0649406 0.0649406
0.0696708 0.064982 0.064982
0.0697184 0.0650233 0.0650233
0.0697661 0.0650647 0.0650647
0.0698138 0.0651061 0.0651061
0.0698614 0.0651474 0.0651474
0.0699091 0.0651888 0.0651888
0.0699568 0.0652301 0.0652301
0.0700045 0.0652714 0.0652714
0.0700521 0.0653128 0.0653128
0.0700998 0.0653541 0.0653541
0.0701475 0.0653954 0.0653954
0.0701952 0.0654368 0.0654368
0.0702428 0.0654781 0.0654781
0.0702905 0.0655194 0.0655194
0.0703382 0.0655607 0.0655607
0.0703859 0.065602 0.065602
0.0704336 0.0656434 0.0656434
0.0704812 0.0656847 0.0656847
0.0705289 0.065726 0.065726
0.0705766 0.0657673 0.0657673
0.0706243 0.0658086 0.0658086
0.070672 0.0658498 0.0658499
0.0707197 0.0658911 0.0658911
0.0707673 0.0659324 0.0659324
0.070815 0.0659737 0.0659737
0.0708627 0.066015 0.066015
0.0709104 0.0660563 0.0660563
0.0709581 0.0660975 0.0660975
0.0710058 0.0661388 0.0661388
0.0710535 0.0661801 0.0661801
0.0711012 0.0662213 0.0662213
0.0711489 0.0662626 0.0662626
0.0711965 0.0663038 0.0663038
0.0712442 0.0663451 0.0663451
0.0712919 0.0663863 0.0663863
0.0713396 0.0664276 0.0664276
0.0713873 0.0664688 0.0664688
0.071435 0.0665101 0.0665101
0.0714827 0.0665513 0.0665513
0.0715304 0.0665925 0.0665925
0.0715781 0.0666337 0.0666337
0.0716258 0.066675 0.066675
0.0716735 0.0667162 0.0667162
0.0717212 0.0667574 0.0667574
0.0717689 0.0667986 0.0667986
0.0718166 0.0668398 0.0668398
0.0718643 0.066881 0.066881
0.071912 0.0669222 0.0669222
0.0719597 0.0669634 0.0669634
0.0720074 0.0670046 0.0670046
0.0720551 0.0670458 0.0670458
0.0721028 0.067087 0.067087
0.0721505 0.0671282 0.0671282
0.0721982 0.0671694 0.0671694
0.0722459 0.0672105 0.0672106
0.0722937 0.0672517 0.0672517
0.0723414 0.0672929 0.0672929
0.0723891 0.0673341 0.0673341
0.0724368 0.0673752 0.0673752
0.0724845 0.0674164 0.0674164
0.0725322 0.0674575 0.0674575
0.0725799 0.0674987 0.0674987
0.0726276 0.0675398 0.0675399
0.0726753 0.067581 0.067581
0.0727231 0.0676221 0.0676221
0.0727708 0.0676633 0.0676633
0.0728185 0.0677044 0.0677044
0.0728662 0.0677455 0.0677456
0.0729139 0.0677867 0.0677867
0.0729616 0.0678278 0.0678278
0.0730094 0.0678689 0.0678689
0.0730571 0.06791 0.06791
0.0731048 0.0679512 0.0679512
0.0731525 0.0679923 0.0679923
0.0732002 0.0680334 0.0680334
0.073248 0.0680745 0.0680745
0.0732957 0.0681156 0.0681156
0.0733434 0.0681567 0.0681567
0.0733911 0.0681978 0.0681978
0.0734389 0.0682389 0.0682389
0.0734866 0.06828 0.06828
0.0735343 0.068321 0.068321
0.073582 0.0683621 0.0683621
0.0736298 0.0684032 0.0684032
0.0736775 0.0684443 0.0684443
0.0737252 0.0684853 0.0684853
0.073773 0.0685264 0.0685264
0.0738207 0.0685675 0.0685675
0.0738684 0.0686085 0.0686085
0.0739162 0.0686496 0.0686496
0.0739639 0.0686906 0.0686907
0.0740116 0.0687317 0.0687317
0.0740594 0.0687727 0.0687727
0.0741071 0.0688138 0.0688138
0.0741548 0.0688548 0.0688548
0.0742026 0.0688959 0.0688959
0.0742503 0.0689369 0.0689369
0.074298 0.0689779 0.0689779
0.0743458 0.0690189 0.069019
0.0743935 0.06906 0.06906
0.0744413 0.069101 0.069101
0.074489 0.069142 0.069142
0.0745367 0.069183 0.069183
0.0745845 0.069224 0.069224
0.0746322 0.069265 0.069265
0.07468 0.069306 0.069306
0.0747277 0.069347 0.069347
0.0747755 0.069388 0.069388
0.0748232 0.069429 0.069429
0.074871 0.06947 0.06947
0.0749187 0.069511 0.069511
0.0749665 0.069552 0.069552
0.0750142 0.0695929 0.0695929
0.075062 0.0696339 0.0696339
0.0751097 0.0696749 0.0696749
0.0751575 0.0697159 0.0697159
0.0752052 0.0697568 0.0697568
0.075253 0.0697978 0.0697978
0.0753007 0.0698387 0.0698387
0.0753485 0.0698797 0.0698797
0.0753962 0.0699206 0.0699206
0.075444 0.0699616 0.0699616
0.0754917 0.0700025 0.0700025
0.0755395 0.0700435 0.0700435
0.0755872 0.0700844 0.0700844
0.075635 0.0701253 0.0701253
0.0756828 0.0701663 0.0701663
0.0757305 0.0702072 0.0702072
0.0757783 0.0702481 0.0702481
0.075826 0.070289 0.070289
0.0758738 0.0703299 0.0703299
0.0759216 0.0703709 0.0703709
0.0759693 0.0704118 0.0704118
0.0760171 0.0704527 0.0704527
0.0760649 0.0704936 0.0704936
0.0761126 0.0705345 0.0705345
0.0761604 0.0705754 0.0705754
0.0762082 0.0706163 0.0706163
0.0762559 0.0706571 0.0706571
0.0763037 0.070698 0.070698
0.0763515 0.0707389 0.0707389
0.0763992 0.0707798 0.0707798
0.076447 0.0708207 0.0708207
0.0764948 0.0708615 0.0708615
0.0765425 0.0709024 0.0709024
0.0765903 0.0709433 0.0709433
0.0766381 0.0709841 0.0709841
0.0766859 0.071025 0.071025
0.0767336 0.0710658 0.0710658
0.0767814 0.0711067 0.0711067
0.0768292 0.0711475 0.0711475
0.076877 0.0711884 0.0711884
0.0769248 0.0712292 0.0712292
0.0769725 0.07127 0.07127
0.0770203 0.0713109 0.0713109
0.0770681 0.0713517 0.0713517
0.0771159 0.0713925 0.0713925
0.0771637 0.0714333 0.0714334
0.0772114 0.0714742 0.0714742
0.0772592 0.071515 0.071515
0.077307 0.0715558 0.0715558
0.0773548 0.0715966 0.0715966
0.0774026 0.0716374 0.0716374
0.0774504 0.0716782 0.0716782
0.0774981 0.071719 0.071719
0.0775459 0.0717598 0.0717598
0.0775937 0.0718006 0.0718006
0.0776415 0.0718414 0.0718414
0.0776893 0.0718822 0.0718822
0.0777371 0.0719229 0.0719229
0.0777849 0.0719637 0.0719637
0.0778327 0.0720045 0.0720045
0.0778805 0.0720453 0.0720453
0.0779283 0.072086 0.072086
0.0779761 0.0721268 0.0721268
0.0780238 0.0721676 0.0721676
0.0780716 0.0722083 0.0722083
0.0781194 0.0722491 0.0722491
0.0781672 0.0722898 0.0722898
0.078215 0.0723306 0.0723306
0.0782628 0.0723713 0.0723713
0.0783106 0.072412 0.072412
0.0783584 0.0724528 0.0724528
0.0784062 0.0724935 0.0724935
0.078454 0.0725342 0.0725342
0.0785018 0.072575 0.072575
0.0785496 0.0726157 0.0726157
0.0785974 0.0726564 0.0726564
0.0786452 0.0726971 0.0726971
0.078693 0.0727378 0.0727378
0.0787409 0.0727785 0.0727785
0.0787887 0.0728192 0.0728193
0.0788365 0.07286 0.07286
0.0788843 0.0729006 0.0729007
0.0789321 0.0729413 0.0729413
0.0789799 0.072982 0.072982
0.0790277 0.0730227 0.0730227
0.0790755 0.0730634 0.0730634
0.0791233 0.0731041 0.0731041
0.0791711 0.0731448 0.0731448
0.0792189 0.0731854 0.0731854
0.0792668 0.0732261 0.0732261
0.0793146 0.0732668 0.0732668
0.0793624 0.0733074 0.0733074
0.0794102 0.0733481 0.0733481
0.079458 0.0733888 0.0733888
0.0795058 0.0734294 0.0734294
0.0795537 0.0734701 0.0734701
0.0796015 0.0735107 0.0735107
0.0796493 0.0735514 0.0735514
0.0796971 0.073592 0.073592
0.0797449 0.0736326 0.0736326
0.0797928 0.0736733 0.0736733
0.0798406 0.0737139 0.0737139
0.0798884 0.0737545 0.0737545
0.0799362 0.0737951 0.0737951
0.0799841 0.0738358 0.0738358
0.0800319 0.0738764 0.0738764
0.0800797 0.073917 0.073917
0.0801275 0.0739576 0.0739576
0.0801754 0.0739982 0.0739982
0.0802232 0.0740388 0.0740388
0.080271 0.0740794 0.0740794
0.0803188 0.07412 0.07412
0.0803667 0.0741606 0.0741606
0.0804145 0.0742012 0.0742012
0.0804623 0.0742418 0.0742418
0.0805102 0.0742823 0.0742823
0.080558 0.0743229 0.0743229
0.0806058 0.0743635 0.0743635
0.0806537 0.0744041 0.0744041
0.0807015 0.0744446 0.0744446
0.0807493 0.0744852 0.0744852
0.0807972 0.0745258 0.0745258
0.080845 0.0745663 0.0745663
0.0808929 0.0746069 0.0746069
0.0809407 0.0746474 0.0746474
0.0809885 0.074688 0.074688
0.0810364 0.0747285 0.0747285
0.0810842 0.0747691 0.0747691
0.0811321 0.0748096 0.0748096
0.0811799 0.0748501 0.0748501
0.0812278 0.0748907 0.0748907
0.0812756 0.0749312 0.0749312
0.0813234 0.0749717 0.0749717
0.0813713 0.0750122 0.0750122
0.0814191 0.0750527 0.0750527
0.081467 0.0750933 0.0750933
0.0815148 0.0751338 0.0751338
0.0815627 0.0751743 0.0751743
0.0816105 0.0752148 0.0752148
0.0816584 0.0752553 0.0752553
0.0817062 0.0752958 0.0752958
0.0817541 0.0753363 0.0753363
0.0818019 0.0753767 0.0753768
0.0818498 0.0754172 0.0754172
0.0818976 0.0754577 0.0754577
0.0819455 0.0754982 0.0754982
0.0819934 0.0755387 0.0755387
0.0820412 0.0755791 0.0755791
0.0820891 0.0756196 0.0756196
0.0821369 0.0756601 0.0756601
0.0821848 0.0757005 0.0757005
0.0822326 0.075741 0.075741
0.0822805 0.0757815 0.0757815
0.0823284 0.0758219 0.0758219
0.0823762 0.0758624 0.0758624
0.0824241 0.0759028 0.0759028
0.0824719 0.0759432 0.0759432
0.0825198 0.0759837 0.0759837
0.0825677 0.0760241 0.0760241
0.0826155 0.0760645 0.0760645
0.0826634 0.076105 0.076105
0.0827113 0.0761454 0.0761454
0.0827591 0.0761858 0.0761858
0.082807 0.0762262 0.0762262
0.0828549 0.0762666 0.0762666
0.0829027 0.0763071 0.0763071
0.0829506 0.0763475 0.0763475
0.0829985 0.0763879 0.0763879
0.0830464 0.0764283 0.0764283
0.0830942 0.0764687 0.0764687
0.0831421 0.0765091 0.0765091
0.08319 0.0765494 0.0765494
0.0832379 0.0765898 0.0765898
0.0832857 0.0766302 0.0766302
0.0833336 0.0766706 0.0766706
0.0833815 0.076711 0.076711
0.0834294 0.0767513 0.0767513
0.0834772 0.0767917 0.0767917
0.0835251 0.0768321 0.0768321
0.083573 0.0768724 0.0768724
0.0836209 0.0769128 0.0769128
0.0836688 0.0769532 0.0769532
0.0837166 0.0769935 0.0769935
0.0837645 0.0770339 0.0770339
0.0838124 0.0770742 0.0770742
0.0838603 0.0771145 0.0771145
0.0839082 0.0771549 0.0771549
0.0839561 0.0771952 0.0771952
0.084004 0.0772355 0.0772356
0.0840518 0.0772759 0.0772759
0.0840997 0.0773162 0.0773162
0.0841476 0.0773565 0.0773565
0.0841955 0.0773968 0.0773968
0.0842434 0.0774372 0.0774372
0.0842913 0.0774775 0.0774775
0.0843392 0.0775178 0.0775178
0.0843871 0.0775581 0.0775581
0.084435 0.0775984 0.0775984
0.0844829 0.0776387 0.0776387
0.0845308 0.077679 0.077679
0.0845786 0.0777193 0.0777193
0.0846265 0.0777595 0.0777596
0.0846744 0.0777998 0.0777998
0.0847223 0.0778401 0.0778401
0.0847702 0.0778804 0.0778804
0.0848181 0.0779207 0.0779207
0.084866 0.0779609 0.0779609
0.0849139 0.0780012 0.0780012
0.0849618 0.0780415 0.0780415
0.0850097 0.0780817 0.0780817
0.0850576 0.078122 0.078122
0.0851055 0.0781622 0.0781622
0.0851535 0.0782025 0.0782025
0.0852014 0.0782427 0.0782427
0.0852493 0.078283 0.078283
0.0852972 0.0783232 0.0783232
0.0853451 0.0783634 0.0783635
0.085393 0.0784037 0.0784037
0.0854409 0.0784439 0.0784439
0.0854888 0.0784841 0.0784841
0.0855367 0.0785244 0.0785244
0.0855846 0.0785646 0.0785646
0.0856325 0.0786048 0.0786048
0.0856805 0.078645 0.078645
0.0857284 0.0786852 0.0786852
0.0857763 0.0787254 0.0787254
0.0858242 0.0787656 0.0787656
0.0858721 0.0788058 0.0788058
0.08592 0.078846 0.078846
0.0859679 0.0788862 0.0788862
0.0860159 0.0789264 0.0789264
0.0860638 0.0789666 0.0789666
0.0861117 0.0790068 0.0790068
0.0861596 0.0790469 0.079047
0.0862075 0.0790871 0.0790871
0.0862555 0.0791273 0.0791273
0.0863034 0.0791675 0.0791675
0.0863513 0.0792076 0.0792076
0.0863992 0.0792478 0.0792478
0.0864472 0.0792879 0.079288
0.0864951 0.0793281 0.0793281
0.086543 0.0793682 0.0793683
0.0865909 0.0794084 0.0794084
0.0866389 0.0794485 0.0794485
0.0866868 0.0794887 0.0794887
0.0867347 0.0795288 0.0795288
0.0867827 0.079569 0.079569
0.0868306 0.0796091 0.0796091
0.0868785 0.0796492 0.0796492
0.0869264 0.0796893 0.0796893
0.0869744 0.0797295 0.0797295
0.0870223 0.0797696 0.0797696
0.0870702 0.0798097 0.0798097
0.0871182 0.0798498 0.0798498
0.0871661 0.0798899 0.0798899
0.0872141 0.07993 0.07993
0.087262 0.0799701 0.0799701
0.0873099 0.0800102 0.0800102
0.0873579 0.0800503 0.0800503
0.0874058 0.0800904 0.0800904
0.0874537 0.0801305 0.0801305
0.0875017 0.0801706 0.0801706
0.0875496 0.0802106 0.0802106
0.0875976 0.0802507 0.0802507
0.0876455 0.0802908 0.0802908
0.0876935 0.0803309 0.0803309
0.0877414 0.0803709 0.0803709
0.0877894 0.080411 0.080411
0.0878373 0.080451 0.0804511
0.0878852 0.0804911 0.0804911
0.0879332 0.0805312 0.0805312
0.0879811 0.0805712 0.0805712
0.0880291 0.0806112 0.0806113
0.088077 0.0806513 0.0806513
0.088125 0.0806913 0.0806913
0.0881729 0.0807314 0.0807314
0.0882209 0.0807714 0.0807714
0.0882689 0.0808114 0.0808114
0.0883168 0.0808515 0.0808515
0.0883648 0.0808915 0.0808915
0.0884127 0.0809315 0.0809315
0.0884607 0.0809715 0.0809715
0.0885086 0.0810115 0.0810115
0.0885566 0.0810515 0.0810515
0.0886045 0.0810915 0.0810915
0.0886525 0.0811315 0.0811315
0.0887005 0.0811715 0.0811715
0.0887484 0.0812115 0.0812115
0.0887964 0.0812515 0.0812515
0.0888444 0.0812915 0.0812915
0.0888923 0.0813315 0.0813315
0.0889403 0.0813715 0.0813715
0.0889882 0.0814114 0.0814115
0.0890362 0.0814514 0.0814514
0.0890842 0.0814914 0.0814914
0.0891321 0.0815314 0.0815314
0.0891801 0.0815713 0.0815713
0.0892281 0.0816113 0.0816113
0.089276 0.0816512 0.0816513
0.089324 0.0816912 0.0816912
0.089372 0.0817312 0.0817312
0.08942 0.0817711 0.0817711
0.0894679 0.081811 0.081811
0.0895159 0.081851 0.081851
0.0895639 0.0818909 0.0818909
0.0896119 0.0819309 0.0819309
0.0896598 0.0819708 0.0819708
0.0897078 0.0820107 0.0820107
0.0897558 0.0820506 0.0820506
0.0898038 0.0820906 0.0820906
0.0898517 0.0821305 0.0821305
0.0898997 0.0821704 0.0821704
0.0899477 0.0822103 0.0822103
0.0899957 0.0822502 0.0822502
0.0900437 0.0822901 0.0822901
0.0900916 0.08233 0.08233
0.0901396 0.0823699 0.0823699
0.0901876 0.0824098 0.0824098
0.0902356 0.0824497 0.0824497
0.0902836 0.0824896 0.0824896
0.0903316 0.0825295 0.0825295
0.0903795 0.0825693 0.0825693
0.0904275 0.0826092 0.0826092
0.0904755 0.0826491 0.0826491
0.0905235 0.082689 0.082689
0.0905715 0.0827288 0.0827288
0.0906195 0.0827687 0.0827687
0.0906675 0.0828085 0.0828085
0.0907155 0.0828484 0.0828484
0.0907635 0.0828882 0.0828883
0.0908115 0.0829281 0.0829281
0.0908595 0.0829679 0.082968
0.0909074 0.0830078 0.0830078
0.0909554 0.0830476 0.0830476
0.0910034 0.0830875 0.0830875
0.0910514 0.0831273 0.0831273
0.0910994 0.0831671 0.0831671
0.0911474 0.0832069 0.083207
0.0911954 0.0832468 0.0832468
0.0912434 0.0832866 0.0832866
0.0912914 0.0833264 0.0833264
0.0913394 0.0833662 0.0833662
0.0913874 0.083406 0.083406
0.0914354 0.0834458 0.0834458
0.0914834 0.0834856 0.0834856
0.0915315 0.0835254 0.0835254
0.0915795 0.0835652 0.0835652
0.0916275 0.083605 0.083605
0.0916755 0.0836448 0.0836448
0.0917235 0.0836846 0.0836846
0.0917715 0.0837244 0.0837244
0.0918195 0.0837641 0.0837642
0.0918675 0.0838039 0.0838039
0.0919155 0.0838437 0.0838437
0.0919635 0.0838835 0.0838835
0.0920115 0.0839232 0.0839232
0.0920596 0.083963 0.083963
0.0921076 0.0840027 0.0840028
0.0921556 0.0840425 0.0840425
0.0922036 0.0840823 0.0840823
0.0922516 0.084122 0.084122
0.0922996 0.0841617 0.0841618
0.0923477 0.0842015 0.0842015
0.0923957 0.0842412 0.0842412
0.0924437 0.084281 0.084281
0.0924917 0.0843207 0.0843207
0.0925397 0.0843604 0.0843604
0.0925878 0.0844001 0.0844001
0.0926358 0.0844399 0.0844399
0.0926838 0.0844796 0.0844796
0.0927318 0.0845193 0.0845193
0.0927798 0.084559 0.084559
0.0928279 0.0845987 0.0845987
0.0928759 0.0846384 0.0846384
0.0929239 0.0846781 0.0846781
0.092972 0.0847178 0.0847178
0.09302 0.0847575 0.0847575
0.093068 0.0847972 0.0847972
0.093116 0.0848369 0.0848369
0.0931641 0.0848766 0.0848766
0.0932121 0.0849162 0.0849163
0.0932601 0.0849559 0.0849559
0.0933082 0.0849956 0.0849956
0.0933562 0.0850353 0.0850353
0.0934042 0.0850749 0.0850749
0.0934523 0.0851146 0.0851146
0.0935003 0.0851543 0.0851543
0.0935483 0.0851939 0.0851939
0.0935964 0.0852336 0.0852336
0.0936444 0.0852732 0.0852732
0.0936925 0.0853129 0.0853129
0.0937405 0.0853525 0.0853525
0.0937885 0.0853921 0.0853922
0.0938366 0.0854318 0.0854318
0.0938846 0.0854714 0.0854714
0.0939327 0.085511 0.085511
0.0939807 0.0855507 0.0855507
0.0940288 0.0855903 0.0855903
0.0940768 0.0856299 0.0856299
0.0941249 0.0856695 0.0856695
0.0941729 0.0857091 0.0857091
0.0942209 0.0857487 0.0857488
0.094269 0.0857884 0.0857884
0.094317 0.085828 0.085828
0.0943651 0.0858676 0.0858676
0.0944131 0.0859072 0.0859072
0.0944612 0.0859467 0.0859468
0.0945093 0.0859863 0.0859863
0.0945573 0.0860259 0.0860259
0.0946054 0.0860655 0.0860655
0.0946534 0.0861051 0.0861051
0.0947015 0.0861447 0.0861447
0.0947495 0.0861842 0.0861842
0.0947976 0.0862238 0.0862238
0.0948456 0.0862634 0.0862634
0.0948937 0.0863029 0.0863029
0.0949418 0.0863425 0.0863425
0.0949898 0.086382 0.086382
0.0950379 0.0864216 0.0864216
0.0950859 0.0864611 0.0864611
0.095134 0.0865007 0.0865007
0.0951821 0.0865402 0.0865402
0.0952301 0.0865798 0.0865798
0.0952782 0.0866193 0.0866193
0.0953263 0.0866588 0.0866588
0.0953743 0.0866984 0.0866984
0.0954224 0.0867379 0.0867379
0.0954705 0.0867774 0.0867774
0.0955185 0.0868169 0.0868169
0.0955666 0.0868564 0.0868565
0.0956147 0.086896 0.086896
0.0956627 0.0869355 0.0869355
0.0957108 0.086975 0.086975
0.0957589 0.0870145 0.0870145
0.095807 0.087054 0.087054
0.095855 0.0870935 0.0870935
0.0959031 0.087133 0.087133
0.0959512 0.0871724 0.0871725
0.0959993 0.0872119 0.0872119
0.0960473 0.0872514 0.0872514
0.0960954 0.0872909 0.0872909
0.0961435 0.0873304 0.0873304
0.0961916 0.0873698 0.0873698
0.0962397 0.0874093 0.0874093
0.0962877 0.0874488 0.0874488
0.0963358 0.0874882 0.0874882
0.0963839 0.0875277 0.0875277
0.096432 0.0875671 0.0875671
0.0964801 0.0876066 0.0876066
0.0965282 0.087646 0.087646
0.0965762 0.0876855 0.0876855
0.0966243 0.0877249 0.0877249
0.0966724 0.0877644 0.0877644
0.0967205 0.0878038 0.0878038
0.0967686 0.0878432 0.0878432
0.0968167 0.0878827 0.0878827
0.0968648 0.0879221 0.0879221
0.0969129 0.0879615 0.0879615
0.0969609 0.0880009 0.0880009
0.097009 0.0880403 0.0880403
0.0970571 0.0880797 0.0880798
0.0971052 0.0881192 0.0881192
0.0971533 0.0881586 0.0881586
0.0972014 0.088198 0.088198
0.0972495 0.0882374 0.0882374
0.0972976 0.0882767 0.0882768
0.0973457 0.0883161 0.0883161
0.0973938 0.0883555 0.0883555
0.0974419 0.0883949 0.0883949
0.09749 0.0884343 0.0884343
0.0975381 0.0884737 0.0884737
0.0975862 0.088513 0.0885131
0.0976343 0.0885524 0.0885524
0.0976824 0.0885918 0.0885918
0.0977305 0.0886311 0.0886312
0.0977786 0.0886705 0.0886705
0.0978267 0.0887099 0.0887099
0.0978748 0.0887492 0.0887492
0.097923 0.0887886 0.0887886
0.0979711 0.0888279 0.0888279
0.0980192 0.0888673 0.0888673
0.0980673 0.0889066 0.0889066
0.0981154 0.0889459 0.0889459
0.0981635 0.0889853 0.0889853
0.0982116 0.0890246 0.0890246
0.0982597 0.0890639 0.0890639
0.0983078 0.0891033 0.0891033
0.098356 0.0891426 0.0891426
0.0984041 0.0891819 0.0891819
0.0984522 0.0892212 0.0892212
0.0985003 0.0892605 0.0892605
0.0985484 0.0892998 0.0892998
0.0985965 0.0893391 0.0893391
0.0986447 0.0893784 0.0893784
0.0986928 0.0894177 0.0894177
0.0987409 0.089457 0.089457
0.098789 0.0894963 0.0894963
0.0988371 0.0895356 0.0895356
0.0988853 0.0895749 0.0895749
0.0989334 0.0896142 0.0896142
0.0989815 0.0896534 0.0896534
0.0990296 0.0896927 0.0896927
0.0990778 0.089732 0.089732
0.0991259 0.0897712 0.0897713
0.099174 0.0898105 0.0898105
0.0992221 0.0898498 0.0898498
0.0992703 0.089889 0.089889
0.0993184 0.0899283 0.0899283
0.0993665 0.0899675 0.0899675
0.0994147 0.0900068 0.0900068
0.0994628 0.090046 0.090046
0.0995109 0.0900853 0.0900853
0.0995591 0.0901245 0.0901245
0.0996072 0.0901637 0.0901637
0.0996553 0.090203 0.090203
0.0997035 0.0902422 0.0902422
0.0997516 0.0902814 0.0902814
0.0997998 0.0903206 0.0903206
0.0998479 0.0903598 0.0903599
0.099896 0.0903991 0.0903991
0.0999442 0.0904383 0.0904383
0.0999923 0.0904775 0.0904775
0.10004 0.0905167 0.0905167
0.100089 0.0905559 0.0905559
0.100137 0.0905951 0.0905951
0.100185 0.0906343 0.0906343
0.100233 0.0906735 0.0906735
0.100281 0.0907126 0.0907127
0.100329 0.0907518 0.0907518
0.100377 0.090791 0.090791
0.100426 0.0908302 0.0908302
0.100474 0.0908694 0.0908694
0.100522 0.0909085 0.0909085
0.10057 0.0909477 0.0909477
0.100618 0.0909869 0.0909869
0.100666 0.091026 0.091026
0.100715 0.0910652 0.0910652
0.100763 0.0911043 0.0911043
0.100811 0.0911435 0.0911435
0.100859 0.0911826 0.0911826
0.100907 0.0912218 0.0912218
0.100955 0.0912609 0.0912609
0.101003 0.0913 0.0913
0.101052 0.0913392 0.0913392
0.1011 0.0913783 0.0913783
0.101148 0.0914174 0.0914174
0.101196 0.0914565 0.0914566
0.101244 0.0914957 0.0914957
0.101292 0.0915348 0.0915348
0.101341 0.0915739 0.0915739
0.101389 0.091613 0.091613
0.101437 0.0916521 0.0916521
0.101485 0.0916912 0.0916912
0.101533 0.0917303 0.0917303
0.101581 0.0917694 0.0917694
0.10163 0.0918085 0.0918085
0.101678 0.0918476 0.0918476
0.101726 0.0918867 0.0918867
0.101774 0.0919258 0.0919258
0.101822 0.0919648 0.0919649
0.10187 0.0920039 0.0920039
0.101919 0.092043 0.092043
0.101967 0.0920821 0.0920821
0.102015 0.0921211 0.0921211
0.102063 0.0921602 0.0921602
0.102111 0.0921992 0.0921993
0.102159 0.0922383 0.0922383
0.102208 0.0922774 0.0922774
0.102256 0.0923164 0.0923164
0.102304 0.0923555 0.0923555
0.102352 0.0923945 0.0923945
0.1024 0.0924335 0.0924335
0.102449 0.0924726 0.0924726
0.102497 0.0925116 0.0925116
0.102545 0.0925506 0.0925506
0.102593 0.0925897 0.0925897
0.102641 0.0926287 0.0926287
0.102689 0.0926677 0.0926677
0.102738 0.0927067 0.0927067
0.102786 0.0927457 0.0927457
0.102834 0.0927847 0.0927848
0.102882 0.0928237 0.0928238
0.10293 0.0928628 0.0928628
0.102979 0.0929018 0.0929018
0.103027 0.0929407 0.0929408
0.103075 0.0929797 0.0929798
0.103123 0.0930187 0.0930187
0.103171 0.0930577 0.0930577
0.10322 0.0930967 0.0930967
0.103268 0.0931357 0.0931357
0.103316 0.0931747 0.0931747
0.103364 0.0932136 0.0932136
0.103412 0.0932526 0.0932526
0.103461 0.0932916 0.0932916
0.103509 0.0933305 0.0933305
0.103557 0.0933695 0.0933695
0.103605 0.0934084 0.0934085
0.103653 0.0934474 0.0934474
0.103702 0.0934863 0.0934864
0.10375 0.0935253 0.0935253
0.103798 0.0935642 0.0935642
0.103846 0.0936032 0.0936032
0.103894 0.0936421 0.0936421
0.103943 0.093681 0.0936811
0.103991 0.09372 0.09372
0.104039 0.0937589 0.0937589
0.104087 0.0937978 0.0937978
0.104135 0.0938367 0.0938368
0.104184 0.0938757 0.0938757
0.104232 0.0939146 0.0939146
0.10428 0.0939535 0.0939535
0.104328 0.0939924 0.0939924
0.104376 0.0940313 0.0940313
0.104425 0.0940702 0.0940702
0.104473 0.0941091 0.0941091
0.104521 0.094148 0.094148
0.104569 0.0941869 0.0941869
0.104618 0.0942258 0.0942258
0.104666 0.0942646 0.0942646
0.104714 0.0943035 0.0943035
0.104762 0.0943424 0.0943424
0.10481 0.0943813 0.0943813
0.104859 0.0944201 0.0944201
0.104907 0.094459 0.094459
0.104955 0.0944979 0.0944979
0.105003 0.0945367 0.0945367
0.105052 0.0945756 0.0945756
0.1051 0.0946144 0.0946144
0.105148 0.0946533 0.0946533
0.105196 0.0946921 0.0946921
0.105244 0.094731 0.094731
0.105293 0.0947698 0.0947698
0.105341 0.0948086 0.0948087
0.105389 0.0948475 0.0948475
0.105437 0.0948863 0.0948863
0.105486 0.0949251 0.0949252
0.105534 0.094964 0.094964
0.105582 0.0950028 0.0950028
0.10563 0.0950416 0.0950416
0.105679 0.0950804 0.0950804
0.105727 0.0951192 0.0951192
0.105775 0.095158 0.095158
0.105823 0.0951968 0.0951968
0.105871 0.0952356 0.0952356
0.10592 0.0952744 0.0952744
0.105968 0.0953132 0.0953132
0.106016 0.095352 0.095352
0.106064 0.0953908 0.0953908
0.106113 0.0954296 0.0954296
0.106161 0.0954684 0.0954684
0.106209 0.0955071 0.0955071
0.106257 0.0955459 0.0955459
0.106306 0.0955847 0.0955847
0.106354 0.0956234 0.0956235
0.106402 0.0956622 0.0956622
0.10645 0.095701 0.095701
0.106499 0.0957397 0.0957397
0.106547 0.0957785 0.0957785
0.106595 0.0958172 0.0958172
0.106643 0.095856 0.095856
0.106692 0.0958947 0.0958947
0.10674 0.0959335 0.0959335
0.106788 0.0959722 0.0959722
0.106836 0.0960109 0.0960109
0.106885 0.0960497 0.0960497
0.106933 0.0960884 0.0960884
0.106981 0.0961271 0.0961271
0.107029 0.0961658 0.0961658
0.107078 0.0962046 0.0962046
0.107126 0.0962433 0.0962433
0.107174 0.096282 0.096282
0.107222 0.0963207 0.0963207
0.107271 0.0963594 0.0963594
0.107319 0.0963981 0.0963981
0.107367 0.0964368 0.0964368
0.107415 0.0964755 0.0964755
0.107464 0.0965142 0.0965142
0.107512 0.0965529 0.0965529
0.10756 0.0965915 0.0965916
0.107609 0.0966302 0.0966302
0.107657 0.0966689 0.0966689
0.107705 0.0967076 0.0967076
0.107753 0.0967462 0.0967463
0.107802 0.0967849 0.0967849
0.10785 0.0968236 0.0968236
0.107898 0.0968622 0.0968622
0.107946 0.0969009 0.0969009
0.107995 0.0969395 0.0969396
0.108043 0.0969782 0.0969782
0.108091 0.0970168 0.0970169
0.10814 0.0970555 0.0970555
0.108188 0.0970941 0.0970941
0.108236 0.0971328 0.0971328
0.108284 0.0971714 0.0971714
0.108333 0.09721 0.09721
0.108381 0.0972487 0.0972487
0.108429 0.0972873 0.0972873
0.108478 0.0973259 0.0973259
0.108526 0.0973645 0.0973645
0.108574 0.0974031 0.0974031
0.108622 0.0974417 0.0974418
0.108671 0.0974804 0.0974804
0.108719 0.097519 0.097519
0.108767 0.0975576 0.0975576
0.108815 0.0975962 0.0975962
0.108864 0.0976348 0.0976348
0.108912 0.0976733 0.0976734
0.10896 0.0977119 0.0977119
0.109009 0.0977505 0.0977505
0.109057 0.0977891 0.0977891
0.109105 0.0978277 0.0978277
0.109154 0.0978662 0.0978663
0.109202 0.0979048 0.0979048
0.10925 0.0979434 0.0979434
0.109298 0.097982 0.097982
0.109347 0.0980205 0.0980205
0.109395 0.0980591 0.0980591
0.109443 0.0980976 0.0980976
0.109492 0.0981362 0.0981362
0.10954 0.0981747 0.0981747
0.109588 0.0982133 0.0982133
0.109636 0.0982518 0.0982518
0.109685 0.0982903 0.0982904
0.109733 0.0983289 0.0983289
0.109781 0.0983674 0.0983674
0.10983 0.0984059 0.098406
0.109878 0.0984445 0.0984445
0.109926 0.098483 0.098483
0.109975 0.0985215 0.0985215
0.110023 0.09856 0.09856
0.110071 0.0985985 0.0985985
0.11012 0.098637 0.0986371
0.110168 0.0986756 0.0986756
0.110216 0.0987141 0.0987141
0.110264 0.0987526 0.0987526
0.110313 0.098791 0.0987911
0.110361 0.0988295 0.0988296
0.110409 0.098868 0.098868
0.110458 0.0989065 0.0989065
0.110506 0.098945 0.098945
0.110554 0.0989835 0.0989835
0.110603 0.0990219 0.099022
0.110651 0.0990604 0.0990604
0.110699 0.0990989 0.0990989
0.110748 0.0991374 0.0991374
0.110796 0.0991758 0.0991758
0.110844 0.0992143 0.0992143
0.110893 0.0992527 0.0992527
0.110941 0.0992912 0.0992912
0.110989 0.0993296 0.0993296
0.111038 0.0993681 0.0993681
0.111086 0.0994065 0.0994065
0.111134 0.099445 0.099445
0.111183 0.0994834 0.0994834
0.111231 0.0995218 0.0995218
0.111279 0.0995603 0.0995603
0.111328 0.0995987 0.0995987
0.111376 0.0996371 0.0996371
0.111424 0.0996755 0.0996755
0.111473 0.0997139 0.099714
0.111521 0.0997524 0.0997524
0.111569 0.0997908 0.0997908
0.111618 0.0998292 0.0998292
0.111666 0.0998676 0.0998676
0.111714 0.099906 0.099906
0.111763 0.0999444 0.0999444
0.111811 0.0999828 0.0999828
0.111859 0.100021 0.100021
0.111908 0.10006 0.10006
0.111956 0.100098 0.100098
0.112004 0.100136 0.100136
0.112053 0.100175 0.100175
0.112101 0.100213 0.100213
0.112149 0.100251 0.100251
0.112198 0.10029 0.10029
0.112246 0.100328 0.100328
0.112294 0.100367 0.100367
0.112343 0.100405 0.100405
0.112391 0.100443 0.100443
0.112439 0.100482 0.100482
0.112488 0.10052 0.10052
0.112536 0.100558 0.100558
0.112584 0.100597 0.100597
0.112633 0.100635 0.100635
0.112681 0.100673 0.100673
0.112729 0.100712 0.100712
0.112778 0.10075 0.10075
0.112826 0.100788 0.100788
0.112875 0.100827 0.100827
0.112923 0.100865 0.100865
0.112971 0.100903 0.100903
0.11302 0.100942 0.100942
0.113068 0.10098 0.10098
0.113116 0.101018 0.101018
0.113165 0.101056 0.101056
0.113213 0.101095 0.101095
0.113261 0.101133 0.101133
0.11331 0.101171 0.101171
0.113358 0.10121 0.10121
0.113406 0.101248 0.101248
0.113455 0.101286 0.101286
0.113503 0.101324 0.101324
0.113552 0.101363 0.101363
0.1136 0.101401 0.101401
0.113648 0.101439 0.101439
0.113697 0.101478 0.101478
0.113745 0.101516 0.101516
0.113793 0.101554 0.101554
0.113842 0.101592 0.101592
0.11389 0.101631 0.101631
0.113939 0.101669 0.101669
0.113987 0.101707 0.101707
0.114035 0.101745 0.101745
0.114084 0.101784 0.101784
0.114132 0.101822 0.101822
0.11418 0.10186 0.10186
0.114229 0.101898 0.101898
0.114277 0.101936 0.101936
0.114326 0.101975 0.101975
0.114374 0.102013 0.102013
0.114422 0.102051 0.102051
0.114471 0.102089 0.102089
0.114519 0.102128 0.102128
0.114567 0.102166 0.102166
0.114616 0.102204 0.102204
0.114664 0.102242 0.102242
0.114713 0.10228 0.10228
0.114761 0.102319 0.102319
0.114809 0.102357 0.102357
0.114858 0.102395 0.102395
0.114906 0.102433 0.102433
0.114955 0.102471 0.102471
0.115003 0.102509 0.102509
0.115051 0.102548 0.102548
0.1151 0.102586 0.102586
0.115148 0.102624 0.102624
0.115197 0.102662 0.102662
0.115245 0.1027 0.1027
0.115293 0.102738 0.102738
0.115342 0.102777 0.102777
0.11539 0.102815 0.102815
0.115439 0.102853 0.102853
0.115487 0.102891 0.102891
0.115535 0.102929 0.102929
0.115584 0.102967 0.102967
0.115632 0.103005 0.103005
0.115681 0.103044 0.103044
0.115729 0.103082 0.103082
0.115777 0.10312 0.10312
0.115826 0.103158 0.103158
0.115874 0.103196 0.103196
0.115923 0.103234 0.103234
0.115971 0.103272 0.103272
0.116019 0.10331 0.10331
0.116068 0.103348 0.103348
0.116116 0.103387 0.103387
0.116165 0.103425 0.103425
0.116213 0.103463 0.103463
0.116261 0.103501 0.103501
0.11631 0.103539 0.103539
0.116358 0.103577 0.103577
0.116407 0.103615 0.103615
0.116455 0.103653 0.103653
0.116504 0.103691 0.103691
0.116552 0.103729 0.103729
0.1166 0.103767 0.103767
0.116649 0.103805 0.103805
0.116697 0.103844 0.103844
0.116746 0.103882 0.103882
0.116794 0.10392 0.10392
0.116842 0.103958 0.103958
0.116891 0.103996 0.103996
0.116939 0.104034 0.104034
0.116988 0.104072 0.104072
0.117036 0.10411 0.10411
0.117085 0.104148 0.104148
0.117133 0.104186 0.104186
0.117181 0.104224 0.104224
0.11723 0.104262 0.104262
0.117278 0.1043 0.1043
0.117327 0.104338 0.104338
0.117375 0.104376 0.104376
0.117424 0.104414 0.104414
0.117472 0.104452 0.104452
0.11752 0.10449 0.10449
0.117569 0.104528 0.104528
0.117617 0.104566 0.104566
0.117666 0.104604 0.104604
0.117714 0.104642 0.104642
0.117763 0.10468 0.10468
0.117811 0.104718 0.104718
0.11786 0.104756 0.104756
0.117908 0.104794 0.104794
0.117956 0.104832 0.104832
0.118005 0.10487 0.10487
0.118053 0.104908 0.104908
0.118102 0.104946 0.104946
0.11815 0.104984 0.104984
0.118199 0.105022 0.105022
0.118247 0.10506 0.10506
0.118296 0.105098 0.105098
0.118344 0.105136 0.105136
0.118392 0.105174 0.105174
0.118441 0.105212 0.105212
0.118489 0.105249 0.105249
0.118538 0.105287 0.105287
0.118586 0.105325 0.105325
0.118635 0.105363 0.105363
0.118683 0.105401 0.105401
0.118732 0.105439 0.105439
0.11878 0.105477 0.105477
0.118829 0.105515 0.105515
0.118877 0.105553 0.105553
0.118925 0.105591 0.105591
0.118974 0.105629 0.105629
0.119022 0.105667 0.105667
0.119071 0.105705 0.105705
0.119119 0.105742 0.105742
0.119168 0.10578 0.10578
0.119216 0.105818 0.105818
0.119265 0.105856 0.105856
0.119313 0.105894 0.105894
0.119362 0.105932 0.105932
0.11941 0.10597 0.10597
0.119459 0.106008 0.106008
0.119507 0.106045 0.106045
0.119555 0.106083 0.106083
0.119604 0.106121 0.106121
0.119652 0.106159 0.106159
0.119701 0.106197 0.106197
0.119749 0.106235 0.106235
0.119798 0.106273 0.106273
0.119846 0.10631 0.10631
0.119895 0.106348 0.106348
0.119943 0.106386 0.106386
0.119992 0.106424 0.106424
0.12004 0.106462 0.106462
0.120089 0.1065 0.1065
0.120137 0.106537 0.106538
0.120186 0.106575 0.106575
0.120234 0.106613 0.106613
0.120283 0.106651 0.106651
0.120331 0.106689 0.106689
0.12038 0.106727 0.106727
0.120428 0.106764 0.106764
0.120477 0.106802 0.106802
0.120525 0.10684 0.10684
0.120574 0.106878 0.106878
0.120622 0.106916 0.106916
0.120671 0.106953 0.106953
0.120719 0.106991 0.106991
0.120768 0.107029 0.107029
0.120816 0.107067 0.107067
0.120864 0.107105 0.107105
0.120913 0.107142 0.107142
0.120961 0.10718 0.10718
0.12101 0.107218 0.107218
0.121058 0.107256 0.107256
0.121107 0.107293 0.107293
0.121155 0.107331 0.107331
0.121204 0.107369 0.107369
0.121252 0.107407 0.107407
0.121301 0.107444 0.107444
0.121349 0.107482 0.107482
0.121398 0.10752 0.10752
0.121446 0.107558 0.107558
0.121495 0.107595 0.107595
0.121543 0.107633 0.107633
0.121592 0.107671 0.107671
0.12164 0.107709 0.107709
0.121689 0.107746 0.107746
0.121737 0.107784 0.107784
0.121786 0.107822 0.107822
0.121835 0.107859 0.107859
0.121883 0.107897 0.107897
0.121932 0.107935 0.107935
0.12198 0.107973 0.107973
0.122029 0.10801 0.10801
0.122077 0.108048 0.108048
0.122126 0.108086 0.108086
0.122174 0.108123 0.108123
0.122223 0.108161 0.108161
0.122271 0.108199 0.108199
0.12232 0.108236 0.108236
0.122368 0.108274 0.108274
0.122417 0.108312 0.108312
0.122465 0.108349 0.108349
0.122514 0.108387 0.108387
0.122562 0.108425 0.108425
0.122611 0.108462 0.108462
0.122659 0.1085 0.1085
0.122708 0.108538 0.108538
0.122756 0.108575 0.108575
0.122805 0.108613 0.108613
0.122853 0.108651 0.108651
0.122902 0.108688 0.108688
0.12295 0.108726 0.108726
0.122999 0.108764 0.108764
0.123048 0.108801 0.108801
0.123096 0.108839 0.108839
0.123145 0.108877 0.108877
0.123193 0.108914 0.108914
0.123242 0.108952 0.108952
0.12329 0.108989 0.108989
0.123339 0.109027 0.109027
0.123387 0.109065 0.109065
0.123436 0.109102 0.109102
0.123484 0.10914 0.10914
0.123533 0.109177 0.109177
0.123581 0.109215 0.109215
0.12363 0.109253 0.109253
0.123679 0.10929 0.10929
0.123727 0.109328 0.109328
0.123776 0.109365 0.109365
0.123824 0.109403 0.109403
0.123873 0.109441 0.109441
0.123921 0.109478 0.109478
0.12397 0.109516 0.109516
0.124018 0.109553 0.109553
0.124067 0.109591 0.109591
0.124115 0.109628 0.109628
0.124164 0.109666 0.109666
0.124213 0.109704 0.109704
0.124261 0.109741 0.109741
0.12431 0.109779 0.109779
0.124358 0.109816 0.109816
0.124407 0.109854 0.109854
0.124455 0.109891 0.109891
0.124504 0.109929 0.109929
0.124552 0.109966 0.109966
0.124601 0.110004 0.110004
0.12465 0.110041 0.110041
0.124698 0.110079 0.110079
0.124747 0.110116 0.110116
0.124795 0.110154 0.110154
0.124844 0.110191 0.110191
0.124892 0.110229 0.110229
0.124941 0.110266 0.110266
0.124989 0.110304 0.110304
0.125038 0.110341 0.110341
0.125087 0.110379 0.110379
0.125135 0.110416 0.110416
0.125184 0.110454 0.110454
0.125232 0.110491 0.110491
0.125281 0.110529 0.110529
0.125329 0.110566 0.110566
0.125378 0.110604 0.110604
0.125427 0.110641 0.110641
0.125475 0.110679 0.110679
0.125524 0.110716 0.110716
0.125572 0.110754 0.110754
0.125621 0.110791 0.110791
0.125669 0.110829 0.110829
0.125718 0.110866 0.110866
0.125767 0.110904 0.110904
0.125815 0.110941 0.110941
0.125864 0.110978 0.110978
0.125912 0.111016 0.111016
0.125961 0.111053 0.111053
0.12601 0.111091 0.111091
0.126058 0.111128 0.111128
0.126107 0.111166 0.111166
0.126155 0.111203 0.111203
0.126204 0.11124 0.111241
0.126252 0.111278 0.111278
0.126301 0.111315 0.111315
0.12635 0.111353 0.111353
0.126398 0.11139 0.11139
0.126447 0.111428 0.111428
0.126495 0.111465 0.111465
0.126544 0.111502 0.111502
0.126593 0.11154 0.11154
0.126641 0.111577 0.111577
0.12669 0.111615 0.111615
0.126738 0.111652 0.111652
0.126787 0.111689 0.111689
0.126836 0.111727 0.111727
0.126884 0.111764 0.111764
0.126933 0.111801 0.111801
0.126981 0.111839 0.111839
0.12703 0.111876 0.111876
0.127079 0.111914 0.111914
0.127127 0.111951 0.111951
0.127176 0.111988 0.111988
0.127224 0.112026 0.112026
0.127273 0.112063 0.112063
0.127322 0.1121 0.1121
0.12737 0.112138 0.112138
0.127419 0.112175 0.112175
0.127467 0.112212 0.112212
0.127516 0.11225 0.11225
0.127565 0.112287 0.112287
0.127613 0.112324 0.112324
0.127662 0.112362 0.112362
0.12771 0.112399 0.112399
0.127759 0.112436 0.112436
0.127808 0.112474 0.112474
0.127856 0.112511 0.112511
0.127905 0.112548 0.112548
0.127954 0.112586 0.112586
0.128002 0.112623 0.112623
0.128051 0.11266 0.11266
0.128099 0.112697 0.112697
0.128148 0.112735 0.112735
0.128197 0.112772 0.112772
0.128245 0.112809 0.112809
0.128294 0.112847 0.112847
0.128342 0.112884 0.112884
0.128391 0.112921 0.112921
0.12844 0.112958 0.112958
0.128488 0.112996 0.112996
0.128537 0.113033 0.113033
0.128586 0.11307 0.11307
0.128634 0.113108 0.113108
0.128683 0.113145 0.113145
0.128732 0.113182 0.113182
0.12878 0.113219 0.113219
0.128829 0.113257 0.113257
0.128877 0.113294 0.113294
0.128926 0.113331 0.113331
0.128975 0.113368 0.113368
0.129023 0.113405 0.113405
0.129072 0.113443 0.113443
0.129121 0.11348 0.11348
0.129169 0.113517 0.113517
0.129218 0.113554 0.113554
0.129267 0.113592 0.113592
0.129315 0.113629 0.113629
0.129364 0.113666 0.113666
0.129412 0.113703 0.113703
0.129461 0.11374 0.11374
0.12951 0.113778 0.113778
0.129558 0.113815 0.113815
0.129607 0.113852 0.113852
0.129656 0.113889 0.113889
0.129704 0.113926 0.113926
0.129753 0.113964 0.113964
0.129802 0.114001 0.114001
0.12985 0.114038 0.114038
0.129899 0.114075 0.114075
0.129948 0.114112 0.114112
0.129996 0.114149 0.11415
0.130045 0.114187 0.114187
0.130094 0.114224 0.114224
0.130142 0.114261 0.114261
0.130191 0.114298 0.114298
0.13024 0.114335 0.114335
0.130288 0.114372 0.114372
0.130337 0.11441 0.11441
0.130385 0.114447 0.114447
0.130434 0.114484 0.114484
0.130483 0.114521 0.114521
0.130531 0.114558 0.114558
0.13058 0.114595 0.114595
0.130629 0.114632 0.114632
0.130677 0.11467 0.11467
0.130726 0.114707 0.114707
0.130775 0.114744 0.114744
0.130823 0.114781 0.114781
0.130872 0.114818 0.114818
0.130921 0.114855 0.114855
0.130969 0.114892 0.114892
0.131018 0.114929 0.114929
0.131067 0.114966 0.114966
0.131115 0.115004 0.115004
0.131164 0.115041 0.115041
0.131213 0.115078 0.115078
0.131262 0.115115 0.115115
0.13131 0.115152 0.115152
0.131359 0.115189 0.115189
0.131408 0.115226 0.115226
0.131456 0.115263 0.115263
0.131505 0.1153 0.1153
0.131554 0.115337 0.115337
0.131602 0.115374 0.115374
0.131651 0.115411 0.115411
0.1317 0.115448 0.115448
0.131748 0.115485 0.115486
0.131797 0.115523 0.115523
0.131846 0.11556 0.11556
0.131894 0.115597 0.115597
0.131943 0.115634 0.115634
0.131992 0.115671 0.115671
0.13204 0.115708 0.115708
0.132089 0.115745 0.115745
0.132138 0.115782 0.115782
0.132187 0.115819 0.115819
0.132235 0.115856 0.115856
0.132284 0.115893 0.115893
0.132333 0.11593 0.11593
0.132381 0.115967 0.115967
0.13243 0.116004 0.116004
0.132479 0.116041 0.116041
0.132527 0.116078 0.116078
0.132576 0.116115 0.116115
0.132625 0.116152 0.116152
0.132674 0.116189 0.116189
0.132722 0.116226 0.116226
0.132771 0.116263 0.116263
0.13282 0.1163 0.1163
0.132868 0.116337 0.116337
0.132917 0.116374 0.116374
0.132966 0.116411 0.116411
0.133014 0.116448 0.116448
0.133063 0.116485 0.116485
0.133112 0.116522 0.116522
0.133161 0.116559 0.116559
0.133209 0.116596 0.116596
0.133258 0.116633 0.116633
0.133307 0.11667 0.11667
0.133355 0.116707 0.116707
0.133404 0.116743 0.116743
0.133453 0.11678 0.11678
0.133502 0.116817 0.116817
0.13355 0.116854 0.116854
0.133599 0.116891 0.116891
0.133648 0.116928 0.116928
0.133696 0.116965 0.116965
0.133745 0.117002 0.117002
0.133794 0.117039 0.117039
0.133843 0.117076 0.117076
0.133891 0.117113 0.117113
0.13394 0.11715 0.11715
0.133989 0.117187 0.117187
0.134038 0.117223 0.117223
0.134086 0.11726 0.11726
0.134135 0.117297 0.117297
0.134184 0.117334 0.117334
0.134232 0.117371 0.117371
0.134281 0.117408 0.117408
0.13433 0.117445 0.117445
0.134379 0.117482 0.117482
0.134427 0.117519 0.117519
0.134476 0.117555 0.117555
0.134525 0.117592 0.117592
0.134574 0.117629 0.117629
0.134622 0.117666 0.117666
0.134671 0.117703 0.117703
0.13472 0.11774 0.11774
0.134768 0.117777 0.117777
0.134817 0.117813 0.117813
0.134866 0.11785 0.11785
0.134915 0.117887 0.117887
0.134963 0.117924 0.117924
0.135012 0.117961 0.117961
0.135061 0.117998 0.117998
0.13511 0.118035 0.118035
0.135158 0.118071 0.118071
0.135207 0.118108 0.118108
0.135256 0.118145 0.118145
0.135305 0.118182 0.118182
0.135353 0.118219 0.118219
0.135402 0.118255 0.118255
0.135451 0.118292 0.118292
0.1355 0.118329 0.118329
0.135548 0.118366 0.118366
0.135597 0.118403 0.118403
0.135646 0.118439 0.118439
0.135695 0.118476 0.118476
0.135743 0.118513 0.118513
0.135792 0.11855 0.11855
0.135841 0.118587 0.118587
0.13589 0.118623 0.118623
0.135939 0.11866 0.11866
0.135987 0.118697 0.118697
0.136036 0.118734 0.118734
0.136085 0.118771 0.118771
0.136134 0.118807 0.118807
0.136182 0.118844 0.118844
0.136231 0.118881 0.118881
0.13628 0.118918 0.118918
0.136329 0.118954 0.118954
0.136377 0.118991 0.118991
0.136426 0.119028 0.119028
0.136475 0.119065 0.119065
0.136524 0.119101 0.119101
0.136572 0.119138 0.119138
0.136621 0.119175 0.119175
0.13667 0.119211 0.119212
0.136719 0.119248 0.119248
0.136768 0.119285 0.119285
0.136816 0.119322 0.119322
0.136865 0.119358 0.119358
0.136914 0.119395 0.119395
0.136963 0.119432 0.119432
0.137011 0.119469 0.119469
0.13706 0.119505 0.119505
0.137109 0.119542 0.119542
0.137158 0.119579 0.119579
0.137207 0.119615 0.119615
0.137255 0.119652 0.119652
0.137304 0.119689 0.119689
0.137353 0.119725 0.119725
0.137402 0.119762 0.119762
0.137451 0.119799 0.119799
0.137499 0.119835 0.119835
0.137548 0.119872 0.119872
0.137597 0.119909 0.119909
0.137646 0.119945 0.119945
0.137694 0.119982 0.119982
0.137743 0.120019 0.120019
0.137792 0.120055 0.120055
0.137841 0.120092 0.120092
0.13789 0.120129 0.120129
0.137938 0.120165 0.120165
0.137987 0.120202 0.120202
0.138036 0.120239 0.120239
0.138085 0.120275 0.120275
0.138134 0.120312 0.120312
0.138182 0.120349 0.120349
0.138231 0.120385 0.120385
0.13828 0.120422 0.120422
0.138329 0.120458 0.120458
0.138378 0.120495 0.120495
0.138426 0.120532 0.120532
0.138475 0.120568 0.120568
0.138524 0.120605 0.120605
0.138573 0.120642 0.120642
0.138622 0.120678 0.120678
0.138671 0.120715 0.120715
0.138719 0.120751 0.120751
0.138768 0.120788 0.120788
0.138817 0.120824 0.120825
0.138866 0.120861 0.120861
0.138915 0.120898 0.120898
0.138963 0.120934 0.120934
0.139012 0.120971 0.120971
0.139061 0.121007 0.121007
0.13911 0.121044 0.121044
0.139159 0.121081 0.121081
0.139207 0.121117 0.121117
0.139256 0.121154 0.121154
0.139305 0.12119 0.12119
0.139354 0.121227 0.121227
0.139403 0.121263 0.121263
0.139452 0.1213 0.1213
0.1395 0.121336 0.121336
0.139549 0.121373 0.121373
0.139598 0.12141 0.12141
0.139647 0.121446 0.121446
0.139696 0.121483 0.121483
0.139745 0.121519 0.121519
0.139793 0.121556 0.121556
0.139842 0.121592 0.121592
0.139891 0.121629 0.121629
0.13994 0.121665 0.121665
0.139989 0.121702 0.121702
0.140038 0.121738 0.121738
0.140086 0.121775 0.121775
0.140135 0.121811 0.121811
0.140184 0.121848 0.121848
0.140233 0.121884 0.121884
0.140282 0.121921 0.121921
0.140331 0.121957 0.121957
0.140379 0.121994 0.121994
0.140428 0.12203 0.12203
0.140477 0.122067 0.122067
0.140526 0.122103 0.122103
0.140575 0.12214 0.12214
0.140624 0.122176 0.122176
0.140673 0.122213 0.122213
0.140721 0.122249 0.122249
0.14077 0.122285 0.122286
0.140819 0.122322 0.122322
0.140868 0.122358 0.122358
0.140917 0.122395 0.122395
0.140966 0.122431 0.122431
0.141014 0.122468 0.122468
0.141063 0.122504 0.122504
0.141112 0.122541 0.122541
0.141161 0.122577 0.122577
0.14121 0.122614 0.122614
0.141259 0.12265 0.12265
0.141308 0.122686 0.122686
0.141356 0.122723 0.122723
0.141405 0.122759 0.122759
0.141454 0.122796 0.122796
0.141503 0.122832 0.122832
0.141552 0.122868 0.122868
0.141601 0.122905 0.122905
0.14165 0.122941 0.122941
0.141699 0.122978 0.122978
0.141747 0.123014 0.123014
0.141796 0.12305 0.123051
0.141845 0.123087 0.123087
0.141894 0.123123 0.123123
0.141943 0.12316 0.12316
0.141992 0.123196 0.123196
0.142041 0.123232 0.123232
0.142089 0.123269 0.123269
0.142138 0.123305 0.123305
0.142187 0.123342 0.123342
0.142236 0.123378 0.123378
0.142285 0.123414 0.123414
0.142334 0.123451 0.123451
0.142383 0.123487 0.123487
0.142432 0.123523 0.123523
0.14248 0.12356 0.12356
0.142529 0.123596 0.123596
0.142578 0.123632 0.123632
0.142627 0.123669 0.123669
0.142676 0.123705 0.123705
0.142725 0.123741 0.123741
0.142774 0.123778 0.123778
0.142823 0.123814 0.123814
0.142872 0.12385 0.12385
0.14292 0.123887 0.123887
0.142969 0.123923 0.123923
0.143018 0.123959 0.123959
0.143067 0.123996 0.123996
0.143116 0.124032 0.124032
0.143165 0.124068 0.124068
0.143214 0.124105 0.124105
0.143263 0.124141 0.124141
0.143312 0.124177 0.124177
0.14336 0.124213 0.124214
0.143409 0.12425 0.12425
0.143458 0.124286 0.124286
0.143507 0.124322 0.124322
0.143556 0.124359 0.124359
0.143605 0.124395 0.124395
0.143654 0.124431 0.124431
0.143703 0.124467 0.124467
0.143752 0.124504 0.124504
0.143801 0.12454 0.12454
0.14385 0.124576 0.124576
0.143898 0.124613 0.124613
0.143947 0.124649 0.124649
0.143996 0.124685 0.124685
0.144045 0.124721 0.124721
0.144094 0.124758 0.124758
0.144143 0.124794 0.124794
0.144192 0.12483 0.12483
0.144241 0.124866 0.124866
0.14429 0.124902 0.124902
0.144339 0.124939 0.124939
0.144388 0.124975 0.124975
0.144436 0.125011 0.125011
0.144485 0.125047 0.125047
0.144534 0.125084 0.125084
0.144583 0.12512 0.12512
0.144632 0.125156 0.125156
0.144681 0.125192 0.125192
0.14473 0.125228 0.125228
0.144779 0.125265 0.125265
0.144828 0.125301 0.125301
0.144877 0.125337 0.125337
0.144926 0.125373 0.125373
0.144975 0.125409 0.125409
0.145024 0.125446 0.125446
0.145072 0.125482 0.125482
0.145121 0.125518 0.125518
0.14517 0.125554 0.125554
0.145219 0.12559 0.12559
0.145268 0.125626 0.125627
0.145317 0.125663 0.125663
0.145366 0.125699 0.125699
0.145415 0.125735 0.125735
0.145464 0.125771 0.125771
0.145513 0.125807 0.125807
0.145562 0.125843 0.125843
0.145611 0.12588 0.12588
0.14566 0.125916 0.125916
0.145709 0.125952 0.125952
0.145758 0.125988 0.125988
0.145806 0.126024 0.126024
0.145855 0.12606 0.12606
0.145904 0.126096 0.126096
0.145953 0.126133 0.126133
0.146002 0.126169 0.126169
0.146051 0.126205 0.126205
0.1461 0.126241 0.126241
0.146149 0.126277 0.126277
0.146198 0.126313 0.126313
0.146247 0.126349 0.126349
0.146296 0.126385 0.126385
0.146345 0.126421 0.126421
0.146394 0.126458 0.126458
0.146443 0.126494 0.126494
0.146492 0.12653 0.12653
0.146541 0.126566 0.126566
0.14659 0.126602 0.126602
0.146639 0.126638 0.126638
0.146688 0.126674 0.126674
0.146737 0.12671 0.12671
0.146786 0.126746 0.126746
0.146835 0.126782 0.126782
0.146883 0.126818 0.126818
0.146932 0.126854 0.126854
0.146981 0.12689 0.126891
0.14703 0.126927 0.126927
0.147079 0.126963 0.126963
0.147128 0.126999 0.126999
0.147177 0.127035 0.127035
0.147226 0.127071 0.127071
0.147275 0.127107 0.127107
0.147324 0.127143 0.127143
0.147373 0.127179 0.127179
0.147422 0.127215 0.127215
0.147471 0.127251 0.127251
0.14752 0.127287 0.127287
0.147569 0.127323 0.127323
0.147618 0.127359 0.127359
0.147667 0.127395 0.127395
0.147716 0.127431 0.127431
0.147765 0.127467 0.127467
0.147814 0.127503 0.127503
0.147863 0.127539 0.127539
0.147912 0.127575 0.127575
0.147961 0.127611 0.127611
0.14801 0.127647 0.127647
0.148059 0.127683 0.127683
0.148108 0.127719 0.127719
0.148157 0.127755 0.127755
0.148206 0.127791 0.127791
0.148255 0.127827 0.127827
0.148304 0.127863 0.127863
0.148353 0.127899 0.127899
0.148402 0.127935 0.127935
0.148451 0.127971 0.127971
0.1485 0.128007 0.128007
0.148549 0.128043 0.128043
0.148598 0.128079 0.128079
0.148647 0.128115 0.128115
0.148696 0.128151 0.128151
0.148745 0.128187 0.128187
0.148794 0.128222 0.128223
0.148843 0.128258 0.128258
0.148892 0.128294 0.128294
0.148941 0.12833 0.12833
0.14899 0.128366 0.128366
0.149039 0.128402 0.128402
0.149088 0.128438 0.128438
0.149137 0.128474 0.128474
0.149186 0.12851 0.12851
0.149235 0.128546 0.128546
0.149284 0.128582 0.128582
0.149333 0.128618 0.128618
0.149382 0.128654 0.128654
0.149431 0.128689 0.12869
0.14948 0.128725 0.128725
0.149529 0.128761 0.128761
0.149578 0.128797 0.128797
0.149627 0.128833 0.128833
0.149676 0.128869 0.128869
0.149725 0.128905 0.128905
0.149774 0.128941 0.128941
0.149823 0.128977 0.128977
0.149872 0.129012 0.129012
0.149921 0.129048 0.129048
0.14997 0.129084 0.129084
0.150019 0.12912 0.12912
0.150068 0.129156 0.129156
0.150117 0.129192 0.129192
0.150166 0.129228 0.129228
0.150215 0.129263 0.129264
0.150264 0.129299 0.129299
0.150313 0.129335 0.129335
0.150362 0.129371 0.129371
0.150411 0.129407 0.129407
0.15046 0.129443 0.129443
0.150509 0.129479 0.129479
0.150558 0.129514 0.129514
0.150607 0.12955 0.12955
0.150656 0.129586 0.129586
0.150705 0.129622 0.129622
0.150754 0.129658 0.129658
0.150803 0.129693 0.129694
0.150853 0.129729 0.129729
0.150902 0.129765 0.129765
0.150951 0.129801 0.129801
0.151 0.129837 0.129837
0.151049 0.129872 0.129873
0.151098 0.129908 0.129908
0.151147 0.129944 0.129944
0.151196 0.12998 0.12998
0.151245 0.130016 0.130016
0.151294 0.130051 0.130051
0.151343 0.130087 0.130087
0.151392 0.130123 0.130123
0.151441 0.130159 0.130159
0.15149 0.130195 0.130195
0.151539 0.13023 0.13023
0.151588 0.130266 0.130266
0.151637 0.130302 0.130302
0.151686 0.130338 0.130338
0.151735 0.130373 0.130373
0.151784 0.130409 0.130409
0.151833 0.130445 0.130445
0.151883 0.130481 0.130481
0.151932 0.130516 0.130516
0.151981 0.130552 0.130552
0.15203 0.130588 0.130588
0.152079 0.130624 0.130624
0.152128 0.130659 0.130659
0.152177 0.130695 0.130695
0.152226 0.130731 0.130731
0.152275 0.130766 0.130766
0.152324 0.130802 0.130802
0.152373 0.130838 0.130838
0.152422 0.130874 0.130874
0.152471 0.130909 0.130909
0.15252 0.130945 0.130945
0.152569 0.130981 0.130981
0.152618 0.131016 0.131016
0.152668 0.131052 0.131052
0.152717 0.131088 0.131088
0.152766 0.131123 0.131124
0.152815 0.131159 0.131159
0.152864 0.131195 0.131195
0.152913 0.131231 0.131231
0.152962 0.131266 0.131266
0.153011 0.131302 0.131302
0.15306 0.131338 0.131338
0.153109 0.131373 0.131373
0.153158 0.131409 0.131409
0.153207 0.131445 0.131445
0.153256 0.13148 0.13148
0.153306 0.131516 0.131516
0.153355 0.131551 0.131552
0.153404 0.131587 0.131587
0.153453 0.131623 0.131623
0.153502 0.131658 0.131658
0.153551 0.131694 0.131694
0.1536 0.13173 0.13173
0.153649 0.131765 0.131765
0.153698 0.131801 0.131801
0.153747 0.131837 0.131837
0.153796 0.131872 0.131872
0.153846 0.131908 0.131908
0.153895 0.131943 0.131943
0.153944 0.131979 0.131979
0.153993 0.132015 0.132015
0.154042 0.13205 0.13205
0.154091 0.132086 0.132086
0.15414 0.132121 0.132122
0.154189 0.132157 0.132157
0.154238 0.132193 0.132193
0.154287 0.132228 0.132228
0.154337 0.132264 0.132264
0.154386 0.132299 0.132299
0.154435 0.132335 0.132335
0.154484 0.132371 0.132371
0.154533 0.132406 0.132406
0.154582 0.132442 0.132442
0.154631 0.132477 0.132477
0.15468 0.132513 0.132513
0.154729 0.132548 0.132548
0.154779 0.132584 0.132584
0.154828 0.13262 0.13262
0.154877 0.132655 0.132655
0.154926 0.132691 0.132691
0.154975 0.132726 0.132726
0.155024 0.132762 0.132762
0.155073 0.132797 0.132797
0.155122 0.132833 0.132833
0.155171 0.132868 0.132868
0.155221 0.132904 0.132904
0.15527 0.132939 0.132939
0.155319 0.132975 0.132975
0.155368 0.133011 0.133011
0.155417 0.133046 0.133046
0.155466 0.133082 0.133082
0.155515 0.133117 0.133117
0.155564 0.133153 0.133153
0.155614 0.133188 0.133188
0.155663 0.133224 0.133224
0.155712 0.133259 0.133259
0.155761 0.133295 0.133295
0.15581 0.13333 0.13333
0.155859 0.133366 0.133366
0.155908 0.133401 0.133401
0.155958 0.133437 0.133437
0.156007 0.133472 0.133472
0.156056 0.133507 0.133508
0.156105 0.133543 0.133543
0.156154 0.133578 0.133578
0.156203 0.133614 0.133614
0.156252 0.133649 0.133649
0.156302 0.133685 0.133685
0.156351 0.13372 0.13372
0.1564 0.133756 0.133756
0.156449 0.133791 0.133791
0.156498 0.133827 0.133827
0.156547 0.133862 0.133862
0.156596 0.133898 0.133898
0.156646 0.133933 0.133933
0.156695 0.133968 0.133968
0.156744 0.134004 0.134004
0.156793 0.134039 0.134039
0.156842 0.134075 0.134075
0.156891 0.13411 0.13411
0.15694 0.134146 0.134146
0.15699 0.134181 0.134181
0.157039 0.134216 0.134216
0.157088 0.134252 0.134252
0.157137 0.134287 0.134287
0.157186 0.134323 0.134323
0.157235 0.134358 0.134358
0.157285 0.134393 0.134393
0.157334 0.134429 0.134429
0.157383 0.134464 0.134464
0.157432 0.1345 0.1345
0.157481 0.134535 0.134535
0.15753 0.13457 0.13457
0.15758 0.134606 0.134606
0.157629 0.134641 0.134641
0.157678 0.134677 0.134677
0.157727 0.134712 0.134712
0.157776 0.134747 0.134747
0.157825 0.134783 0.134783
0.157875 0.134818 0.134818
0.157924 0.134853 0.134853
0.157973 0.134889 0.134889
0.158022 0.134924 0.134924
0.158071 0.134959 0.134959
0.15812 0.134995 0.134995
0.15817 0.13503 0.13503
0.158219 0.135065 0.135066
0.158268 0.135101 0.135101
0.158317 0.135136 0.135136
0.158366 0.135171 0.135172
0.158416 0.135207 0.135207
0.158465 0.135242 0.135242
0.158514 0.135277 0.135278
0.158563 0.135313 0.135313
0.158612 0.135348 0.135348
0.158661 0.135383 0.135383
0.158711 0.135419 0.135419
0.15876 0.135454 0.135454
0.158809 0.135489 0.135489
0.158858 0.135525 0.135525
0.158907 0.13556 0.13556
0.158957 0.135595 0.135595
0.159006 0.135631 0.135631
0.159055 0.135666 0.135666
0.159104 0.135701 0.135701
0.159153 0.135736 0.135736
0.159203 0.135772 0.135772
0.159252 0.135807 0.135807
0.159301 0.135842 0.135842
0.15935 0.135877 0.135878
0.159399 0.135913 0.135913
0.159449 0.135948 0.135948
0.159498 0.135983 0.135983
0.159547 0.136019 0.136019
0.159596 0.136054 0.136054
0.159645 0.136089 0.136089
0.159695 0.136124 0.136124
0.159744 0.13616 0.13616
0.159793 0.136195 0.136195
0.159842 0.13623 0.13623
0.159891 0.136265 0.136265
0.159941 0.1363 0.136301
0.15999 0.136336 0.136336
0.160039 0.136371 0.136371
0.160088 0.136406 0.136406
0.160138 0.136441 0.136441
0.160187 0.136477 0.136477
0.160236 0.136512 0.136512
0.160285 0.136547 0.136547
0.160334 0.136582 0.136582
0.160384 0.136617 0.136617
0.160433 0.136653 0.136653
0.160482 0.136688 0.136688
0.160531 0.136723 0.136723
0.16058 0.136758 0.136758
0.16063 0.136793 0.136793
0.160679 0.136829 0.136829
0.160728 0.136864 0.136864
0.160777 0.136899 0.136899
0.160827 0.136934 0.136934
0.160876 0.136969 0.136969
0.160925 0.137004 0.137005
0.160974 0.13704 0.13704
0.161024 0.137075 0.137075
0.161073 0.13711 0.13711
0.161122 0.137145 0.137145
0.161171 0.13718 0.13718
0.161221 0.137215 0.137215
0.16127 0.137251 0.137251
0.161319 0.137286 0.137286
0.161368 0.137321 0.137321
0.161417 0.137356 0.137356
0.161467 0.137391 0.137391
0.161516 0.137426 0.137426
0.161565 0.137461 0.137461
0.161614 0.137497 0.137497
0.161664 0.137532 0.137532
0.161713 0.137567 0.137567
0.161762 0.137602 0.137602
0.161811 0.137637 0.137637
0.161861 0.137672 0.137672
0.16191 0.137707 0.137707
0.161959 0.137742 0.137742
0.162008 0.137777 0.137777
0.162058 0.137813 0.137813
0.162107 0.137848 0.137848
0.162156 0.137883 0.137883
0.162205 0.137918 0.137918
0.162255 0.137953 0.137953
0.162304 0.137988 0.137988
0.162353 0.138023 0.138023
0.162402 0.138058 0.138058
0.162452 0.138093 0.138093
0.162501 0.138128 0.138128
0.16255 0.138163 0.138163
0.1626 0.138198 0.138198
0.162649 0.138234 0.138234
0.162698 0.138269 0.138269
0.162747 0.138304 0.138304
0.162797 0.138339 0.138339
0.162846 0.138374 0.138374
0.162895 0.138409 0.138409
0.162944 0.138444 0.138444
0.162994 0.138479 0.138479
0.163043 0.138514 0.138514
0.163092 0.138549 0.138549
0.163142 0.138584 0.138584
0.163191 0.138619 0.138619
0.16324 0.138654 0.138654
0.163289 0.138689 0.138689
0.163339 0.138724 0.138724
0.163388 0.138759 0.138759
0.163437 0.138794 0.138794
0.163486 0.138829 0.138829
0.163536 0.138864 0.138864
0.163585 0.138899 0.138899
0.163634 0.138934 0.138934
0.163684 0.138969 0.138969
0.163733 0.139004 0.139004
0.163782 0.139039 0.139039
0.163831 0.139074 0.139074
0.163881 0.139109 0.139109
0.16393 0.139144 0.139144
0.163979 0.139179 0.139179
0.164029 0.139214 0.139214
0.164078 0.139249 0.139249
0.164127 0.139284 0.139284
0.164177 0.139319 0.139319
0.164226 0.139354 0.139354
0.164275 0.139389 0.139389
0.164324 0.139424 0.139424
0.164374 0.139459 0.139459
0.164423 0.139494 0.139494
0.164472 0.139529 0.139529
0.164522 0.139564 0.139564
0.164571 0.139599 0.139599
0.16462 0.139633 0.139633
0.16467 0.139668 0.139668
0.164719 0.139703 0.139703
0.164768 0.139738 0.139738
0.164817 0.139773 0.139773
0.164867 0.139808 0.139808
0.164916 0.139843 0.139843
0.164965 0.139878 0.139878
0.165015 0.139913 0.139913
0.165064 0.139948 0.139948
0.165113 0.139983 0.139983
0.165163 0.140018 0.140018
0.165212 0.140052 0.140052
0.165261 0.140087 0.140087
0.165311 0.140122 0.140122
0.16536 0.140157 0.140157
0.165409 0.140192 0.140192
0.165459 0.140227 0.140227
0.165508 0.140262 0.140262
0.165557 0.140297 0.140297
0.165607 0.140332 0.140332
0.165656 0.140366 0.140366
0.165705 0.140401 0.140401
0.165755 0.140436 0.140436
0.165804 0.140471 0.140471
0.165853 0.140506 0.140506
0.165902 0.140541 0.140541
0.165952 0.140576 0.140576
0.166001 0.14061 0.14061
0.16605 0.140645 0.140645
0.1661 0.14068 0.14068
0.166149 0.140715 0.140715
0.166198 0.14075 0.14075
0.166248 0.140785 0.140785
0.166297 0.140819 0.14082
0.166347 0.140854 0.140854
0.166396 0.140889 0.140889
0.166445 0.140924 0.140924
0.166495 0.140959 0.140959
0.166544 0.140994 0.140994
0.166593 0.141028 0.141028
0.166643 0.141063 0.141063
0.166692 0.141098 0.141098
0.166741 0.141133 0.141133
0.166791 0.141168 0.141168
0.16684 0.141202 0.141202
0.166889 0.141237 0.141237
0.166939 0.141272 0.141272
0.166988 0.141307 0.141307
0.167037 0.141342 0.141342
0.167087 0.141376 0.141376
0.167136 0.141411 0.141411
0.167185 0.141446 0.141446
0.167235 0.141481 0.141481
0.167284 0.141516 0.141516
0.167333 0.14155 0.14155
0.167383 0.141585 0.141585
0.167432 0.14162 0.14162
0.167482 0.141655 0.141655
0.167531 0.141689 0.141689
0.16758 0.141724 0.141724
0.16763 0.141759 0.141759
0.167679 0.141794 0.141794
0.167728 0.141828 0.141828
0.167778 0.141863 0.141863
0.167827 0.141898 0.141898
0.167876 0.141933 0.141933
0.167926 0.141967 0.141967
0.167975 0.142002 0.142002
0.168025 0.142037 0.142037
0.168074 0.142071 0.142071
0.168123 0.142106 0.142106
0.168173 0.142141 0.142141
0.168222 0.142176 0.142176
0.168271 0.14221 0.14221
0.168321 0.142245 0.142245
0.16837 0.14228 0.14228
0.16842 0.142314 0.142314
0.168469 0.142349 0.142349
0.168518 0.142384 0.142384
0.168568 0.142418 0.142419
0.168617 0.142453 0.142453
0.168667 0.142488 0.142488
0.168716 0.142523 0.142523
0.168765 0.142557 0.142557
0.168815 0.142592 0.142592
0.168864 0.142627 0.142627
0.168913 0.142661 0.142661
0.168963 0.142696 0.142696
0.169012 0.142731 0.142731
0.169062 0.142765 0.142765
0.169111 0.1428 0.1428
0.16916 0.142835 0.142835
0.16921 0.142869 0.142869
0.169259 0.142904 0.142904
0.169309 0.142938 0.142939
0.169358 0.142973 0.142973
0.169407 0.143008 0.143008
0.169457 0.143042 0.143042
0.169506 0.143077 0.143077
0.169556 0.143112 0.143112
0.169605 0.143146 0.143146
0.169654 0.143181 0.143181
0.169704 0.143216 0.143216
0.169753 0.14325 0.14325
0.169803 0.143285 0.143285
0.169852 0.143319 0.143319
0.169901 0.143354 0.143354
0.169951 0.143389 0.143389
0.17 0.143423 0.143423
0.17005 0.143458 0.143458
0.170099 0.143492 0.143492
0.170149 0.143527 0.143527
0.170198 0.143562 0.143562
0.170247 0.143596 0.143596
0.170297 0.143631 0.143631
0.170346 0.143665 0.143665
0.170396 0.1437 0.1437
0.170445 0.143734 0.143734
0.170494 0.143769 0.143769
0.170544 0.143804 0.143804
0.170593 0.143838 0.143838
0.170643 0.143873 0.143873
0.170692 0.143907 0.143907
0.170742 0.143942 0.143942
0.170791 0.143976 0.143976
0.17084 0.144011 0.144011
0.17089 0.144045 0.144046
0.170939 0.14408 0.14408
0.170989 0.144115 0.144115
0.171038 0.144149 0.144149
0.171088 0.144184 0.144184
0.171137 0.144218 0.144218
0.171186 0.144253 0.144253
0.171236 0.144287 0.144287
0.171285 0.144322 0.144322
0.171335 0.144356 0.144356
0.171384 0.144391 0.144391
0.171434 0.144425 0.144425
0.171483 0.14446 0.14446
0.171533 0.144494 0.144494
0.171582 0.144529 0.144529
0.171631 0.144563 0.144563
0.171681 0.144598 0.144598
0.17173 0.144632 0.144632
0.17178 0.144667 0.144667
0.171829 0.144701 0.144701
0.171879 0.144736 0.144736
0.171928 0.14477 0.14477
0.171978 0.144805 0.144805
0.172027 0.144839 0.144839
0.172076 0.144874 0.144874
0.172126 0.144908 0.144908
0.172175 0.144943 0.144943
0.172225 0.144977 0.144977
0.172274 0.145012 0.145012
0.172324 0.145046 0.145046
0.172373 0.14508 0.14508
0.172423 0.145115 0.145115
0.172472 0.145149 0.145149
0.172522 0.145184 0.145184
0.172571 0.145218 0.145218
0.172621 0.145253 0.145253
0.17267 0.145287 0.145287
0.172719 0.145322 0.145322
0.172769 0.145356 0.145356
0.172818 0.14539 0.14539
0.172868 0.145425 0.145425
0.172917 0.145459 0.145459
0.172967 0.145494 0.145494
0.173016 0.145528 0.145528
0.173066 0.145562 0.145563
0.173115 0.145597 0.145597
0.173165 0.145631 0.145631
0.173214 0.145666 0.145666
0.173264 0.1457 0.1457
0.173313 0.145735 0.145735
0.173363 0.145769 0.145769
0.173412 0.145803 0.145803
0.173462 0.145838 0.145838
0.173511 0.145872 0.145872
0.173561 0.145906 0.145906
0.17361 0.145941 0.145941
0.17366 0.145975 0.145975
0.173709 0.14601 0.14601
0.173758 0.146044 0.146044
0.173808 0.146078 0.146078
0.173857 0.146113 0.146113
0.173907 0.146147 0.146147
0.173956 0.146181 0.146181
0.174006 0.146216 0.146216
0.174055 0.14625 0.14625
0.174105 0.146284 0.146284
0.174154 0.146319 0.146319
0.174204 0.146353 0.146353
0.174253 0.146387 0.146387
0.174303 0.146422 0.146422
0.174352 0.146456 0.146456
0.174402 0.14649 0.14649
0.174451 0.146525 0.146525
0.174501 0.146559 0.146559
0.17455 0.146593 0.146593
0.1746 0.146628 0.146628
0.174649 0.146662 0.146662
0.174699 0.146696 0.146696
0.174748 0.146731 0.146731
0.174798 0.146765 0.146765
0.174847 0.146799 0.146799
0.174897 0.146834 0.146834
0.174946 0.146868 0.146868
0.174996 0.146902 0.146902
0.175046 0.146936 0.146936
0.175095 0.146971 0.146971
0.175145 0.147005 0.147005
0.175194 0.147039 0.147039
0.175244 0.147074 0.147074
0.175293 0.147108 0.147108
0.175343 0.147142 0.147142
0.175392 0.147176 0.147176
0.175442 0.147211 0.147211
0.175491 0.147245 0.147245
0.175541 0.147279 0.147279
0.17559 0.147313 0.147313
0.17564 0.147348 0.147348
0.175689 0.147382 0.147382
0.175739 0.147416 0.147416
0.175788 0.14745 0.14745
0.175838 0.147485 0.147485
0.175887 0.147519 0.147519
0.175937 0.147553 0.147553
0.175986 0.147587 0.147587
0.176036 0.147622 0.147622
0.176086 0.147656 0.147656
0.176135 0.14769 0.14769
0.176185 0.147724 0.147724
0.176234 0.147758 0.147759
0.176284 0.147793 0.147793
0.176333 0.147827 0.147827
0.176383 0.147861 0.147861
0.176432 0.147895 0.147895
0.176482 0.14793 0.14793
0.176531 0.147964 0.147964
0.176581 0.147998 0.147998
0.17663 0.148032 0.148032
0.17668 0.148066 0.148066
0.17673 0.1481 0.148101
0.176779 0.148135 0.148135
0.176829 0.148169 0.148169
0.176878 0.148203 0.148203
0.176928 0.148237 0.148237
0.176977 0.148271 0.148271
0.177027 0.148306 0.148306
0.177076 0.14834 0.14834
0.177126 0.148374 0.148374
0.177176 0.148408 0.148408
0.177225 0.148442 0.148442
0.177275 0.148476 0.148476
0.177324 0.14851 0.14851
0.177374 0.148545 0.148545
0.177423 0.148579 0.148579
0.177473 0.148613 0.148613
0.177522 0.148647 0.148647
0.177572 0.148681 0.148681
0.177622 0.148715 0.148715
0.177671 0.148749 0.148749
0.177721 0.148784 0.148784
0.17777 0.148818 0.148818
0.17782 0.148852 0.148852
0.177869 0.148886 0.148886
0.177919 0.14892 0.14892
0.177969 0.148954 0.148954
0.178018 0.148988 0.148988
0.178068 0.149022 0.149022
0.178117 0.149056 0.149056
0.178167 0.149091 0.149091
0.178216 0.149125 0.149125
0.178266 0.149159 0.149159
0.178316 0.149193 0.149193
0.178365 0.149227 0.149227
0.178415 0.149261 0.149261
0.178464 0.149295 0.149295
0.178514 0.149329 0.149329
0.178564 0.149363 0.149363
0.178613 0.149397 0.149397
0.178663 0.149431 0.149431
0.178712 0.149465 0.149465
0.178762 0.149499 0.149499
0.178812 0.149533 0.149534
0.178861 0.149568 0.149568
0.178911 0.149602 0.149602
0.17896 0.149636 0.149636
0.17901 0.14967 0.14967
0.179059 0.149704 0.149704
0.179109 0.149738 0.149738
0.179159 0.149772 0.149772
0.179208 0.149806 0.149806
0.179258 0.14984 0.14984
0.179307 0.149874 0.149874
0.179357 0.149908 0.149908
0.179407 0.149942 0.149942
0.179456 0.149976 0.149976
0.179506 0.15001 0.15001
0.179555 0.150044 0.150044
0.179605 0.150078 0.150078
0.179655 0.150112 0.150112
0.179704 0.150146 0.150146
0.179754 0.15018 0.15018
0.179804 0.150214 0.150214
0.179853 0.150248 0.150248
0.179903 0.150282 0.150282
0.179952 0.150316 0.150316
0.180002 0.15035 0.15035
0.180052 0.150384 0.150384
0.180101 0.150418 0.150418
0.180151 0.150452 0.150452
0.1802 0.150486 0.150486
0.18025 0.15052 0.15052
0.1803 0.150554 0.150554
0.180349 0.150588 0.150588
0.180399 0.150622 0.150622
0.180449 0.150656 0.150656
0.180498 0.15069 0.15069
0.180548 0.150724 0.150724
0.180597 0.150758 0.150758
0.180647 0.150791 0.150792
0.180697 0.150825 0.150825
0.180746 0.150859 0.150859
0.180796 0.150893 0.150893
0.180846 0.150927 0.150927
0.180895 0.150961 0.150961
0.180945 0.150995 0.150995
0.180995 0.151029 0.151029
0.181044 0.151063 0.151063
0.181094 0.151097 0.151097
0.181143 0.151131 0.151131
0.181193 0.151165 0.151165
0.181243 0.151199 0.151199
0.181292 0.151232 0.151233
0.181342 0.151266 0.151266
0.181392 0.1513 0.1513
0.181441 0.151334 0.151334
0.181491 0.151368 0.151368
0.181541 0.151402 0.151402
0.18159 0.151436 0.151436
0.18164 0.15147 0.15147
0.18169 0.151504 0.151504
0.181739 0.151537 0.151538
0.181789 0.151571 0.151571
0.181838 0.151605 0.151605
0.181888 0.151639 0.151639
0.181938 0.151673 0.151673
0.181987 0.151707 0.151707
0.182037 0.151741 0.151741
0.182087 0.151775 0.151775
0.182136 0.151808 0.151808
0.182186 0.151842 0.151842
0.182236 0.151876 0.151876
0.182285 0.15191 0.15191
0.182335 0.151944 0.151944
0.182385 0.151978 0.151978
0.182434 0.152011 0.152012
0.182484 0.152045 0.152045
0.182534 0.152079 0.152079
0.182583 0.152113 0.152113
0.182633 0.152147 0.152147
0.182683 0.152181 0.152181
0.182732 0.152214 0.152214
0.182782 0.152248 0.152248
0.182832 0.152282 0.152282
0.182881 0.152316 0.152316
0.182931 0.15235 0.15235
0.182981 0.152383 0.152384
0.18303 0.152417 0.152417
0.18308 0.152451 0.152451
0.18313 0.152485 0.152485
0.18318 0.152519 0.152519
0.183229 0.152552 0.152552
0.183279 0.152586 0.152586
0.183329 0.15262 0.15262
0.183378 0.152654 0.152654
0.183428 0.152688 0.152688
0.183478 0.152721 0.152721
0.183527 0.152755 0.152755
0.183577 0.152789 0.152789
0.183627 0.152823 0.152823
0.183676 0.152856 0.152856
0.183726 0.15289 0.15289
0.183776 0.152924 0.152924
0.183825 0.152958 0.152958
0.183875 0.152991 0.152991
0.183925 0.153025 0.153025
0.183975 0.153059 0.153059
0.184024 0.153093 0.153093
0.184074 0.153126 0.153126
0.184124 0.15316 0.15316
0.184173 0.153194 0.153194
0.184223 0.153228 0.153228
0.184273 0.153261 0.153261
0.184322 0.153295 0.153295
0.184372 0.153329 0.153329
0.184422 0.153362 0.153362
0.184472 0.153396 0.153396
0.184521 0.15343 0.15343
0.184571 0.153464 0.153464
0.184621 0.153497 0.153497
0.18467 0.153531 0.153531
0.18472 0.153565 0.153565
0.18477 0.153598 0.153598
0.18482 0.153632 0.153632
0.184869 0.153666 0.153666
0.184919 0.153699 0.153699
0.184969 0.153733 0.153733
0.185018 0.153767 0.153767
0.185068 0.1538 0.1538
0.185118 0.153834 0.153834
0.185168 0.153868 0.153868
0.185217 0.153901 0.153901
0.185267 0.153935 0.153935
0.185317 0.153969 0.153969
0.185367 0.154002 0.154002
0.185416 0.154036 0.154036
0.185466 0.15407 0.15407
0.185516 0.154103 0.154103
0.185565 0.154137 0.154137
0.185615 0.154171 0.154171
0.185665 0.154204 0.154204
0.185715 0.154238 0.154238
0.185764 0.154272 0.154272
0.185814 0.154305 0.154305
0.185864 0.154339 0.154339
0.185914 0.154372 0.154372
0.185963 0.154406 0.154406
0.186013 0.15444 0.15444
0.186063 0.154473 0.154473
0.186113 0.154507 0.154507
0.186162 0.15454 0.154541
0.186212 0.154574 0.154574
0.186262 0.154608 0.154608
0.186312 0.154641 0.154641
0.186361 0.154675 0.154675
0.186411 0.154708 0.154709
0.186461 0.154742 0.154742
0.186511 0.154776 0.154776
0.18656 0.154809 0.154809
0.18661 0.154843 0.154843
0.18666 0.154876 0.154876
0.18671 0.15491 0.15491
0.186759 0.154944 0.154944
0.186809 0.154977 0.154977
0.186859 0.155011 0.155011
0.186909 0.155044 0.155044
0.186958 0.155078 0.155078
0.187008 0.155111 0.155111
0.187058 0.155145 0.155145
0.187108 0.155178 0.155179
0.187157 0.155212 0.155212
0.187207 0.155246 0.155246
0.187257 0.155279 0.155279
0.187307 0.155313 0.155313
0.187356 0.155346 0.155346
0.187406 0.15538 0.15538
0.187456 0.155413 0.155413
0.187506 0.155447 0.155447
0.187556 0.15548 0.15548
0.187605 0.155514 0.155514
0.187655 0.155547 0.155547
0.187705 0.155581 0.155581
0.187755 0.155614 0.155614
0.187804 0.155648 0.155648
0.187854 0.155681 0.155681
0.187904 0.155715 0.155715
0.187954 0.155748 0.155748
0.188004 0.155782 0.155782
0.188053 0.155815 0.155815
0.188103 0.155849 0.155849
0.188153 0.155882 0.155882
0.188203 0.155916 0.155916
0.188252 0.155949 0.155949
0.188302 0.155983 0.155983
0.188352 0.156016 0.156016
0.188402 0.15605 0.15605
0.188452 0.156083 0.156083
0.188501 0.156117 0.156117
0.188551 0.15615 0.15615
0.188601 0.156184 0.156184
0.188651 0.156217 0.156217
0.188701 0.156251 0.156251
0.18875 0.156284 0.156284
0.1888 0.156317 0.156317
0.18885 0.156351 0.156351
0.1889 0.156384 0.156384
0.18895 0.156418 0.156418
0.188999 0.156451 0.156451
0.189049 0.156485 0.156485
0.189099 0.156518 0.156518
0.189149 0.156551 0.156552
0.189199 0.156585 0.156585
0.189248 0.156618 0.156618
0.189298 0.156652 0.156652
0.189348 0.156685 0.156685
0.189398 0.156719 0.156719
0.189448 0.156752 0.156752
0.189498 0.156785 0.156785
0.189547 0.156819 0.156819
0.189597 0.156852 0.156852
0.189647 0.156886 0.156886
0.189697 0.156919 0.156919
0.189747 0.156952 0.156952
0.189796 0.156986 0.156986
0.189846 0.157019 0.157019
0.189896 0.157053 0.157053
0.189946 0.157086 0.157086
0.189996 0.157119 0.157119
0.190046 0.157153 0.157153
0.190095 0.157186 0.157186
0.190145 0.157219 0.157219
0.190195 0.157253 0.157253
0.190245 0.157286 0.157286
0.190295 0.15732 0.15732
0.190345 0.157353 0.157353
0.190394 0.157386 0.157386
0.190444 0.15742 0.15742
0.190494 0.157453 0.157453
0.190544 0.157486 0.157486
0.190594 0.15752 0.15752
0.190644 0.157553 0.157553
0.190693 0.157586 0.157586
0.190743 0.15762 0.15762
0.190793 0.157653 0.157653
0.190843 0.157686 0.157686
0.190893 0.15772 0.15772
0.190943 0.157753 0.157753
0.190992 0.157786 0.157786
0.191042 0.15782 0.15782
0.191092 0.157853 0.157853
0.191142 0.157886 0.157886
0.191192 0.157919 0.15792
0.191242 0.157953 0.157953
0.191292 0.157986 0.157986
0.191341 0.158019 0.158019
0.191391 0.158053 0.158053
0.191441 0.158086 0.158086
0.191491 0.158119 0.158119
0.191541 0.158152 0.158153
0.191591 0.158186 0.158186
0.191641 0.158219 0.158219
0.19169 0.158252 0.158252
0.19174 0.158286 0.158286
0.19179 0.158319 0.158319
0.19184 0.158352 0.158352
0.19189 0.158385 0.158385
0.19194 0.158419 0.158419
0.19199 0.158452 0.158452
0.192039 0.158485 0.158485
0.192089 0.158518 0.158518
0.192139 0.158552 0.158552
0.192189 0.158585 0.158585
0.192239 0.158618 0.158618
0.192289 0.158651 0.158651
0.192339 0.158685 0.158685
0.192389 0.158718 0.158718
0.192438 0.158751 0.158751
0.192488 0.158784 0.158784
0.192538 0.158818 0.158818
0.192588 0.158851 0.158851
0.192638 0.158884 0.158884
0.192688 0.158917 0.158917
0.192738 0.15895 0.15895
0.192788 0.158984 0.158984
0.192837 0.159017 0.159017
0.192887 0.15905 0.15905
0.192937 0.159083 0.159083
0.192987 0.159116 0.159116
0.193037 0.15915 0.15915
0.193087 0.159183 0.159183
0.193137 0.159216 0.159216
0.193187 0.159249 0.159249
0.193237 0.159282 0.159282
0.193287 0.159316 0.159316
0.193336 0.159349 0.159349
0.193386 0.159382 0.159382
0.193436 0.159415 0.159415
0.193486 0.159448 0.159448
0.193536 0.159481 0.159481
0.193586 0.159515 0.159515
0.193636 0.159548 0.159548
0.193686 0.159581 0.159581
0.193736 0.159614 0.159614
0.193786 0.159647 0.159647
0.193835 0.15968 0.15968
0.193885 0.159713 0.159713
0.193935 0.159747 0.159747
0.193985 0.15978 0.15978
0.194035 0.159813 0.159813
0.194085 0.159846 0.159846
0.194135 0.159879 0.159879
0.194185 0.159912 0.159912
0.194235 0.159945 0.159945
0.194285 0.159978 0.159979
0.194335 0.160012 0.160012
0.194384 0.160045 0.160045
0.194434 0.160078 0.160078
0.194484 0.160111 0.160111
0.194534 0.160144 0.160144
0.194584 0.160177 0.160177
0.194634 0.16021 0.16021
0.194684 0.160243 0.160243
0.194734 0.160276 0.160276
0.194784 0.160309 0.16031
0.194834 0.160343 0.160343
0.194884 0.160376 0.160376
0.194934 0.160409 0.160409
0.194984 0.160442 0.160442
0.195034 0.160475 0.160475
0.195083 0.160508 0.160508
0.195133 0.160541 0.160541
0.195183 0.160574 0.160574
0.195233 0.160607 0.160607
0.195283 0.16064 0.16064
0.195333 0.160673 0.160673
0.195383 0.160706 0.160706
0.195433 0.160739 0.160739
0.195483 0.160772 0.160772
0.195533 0.160805 0.160806
0.195583 0.160839 0.160839
0.195633 0.160872 0.160872
0.195683 0.160905 0.160905
0.195733 0.160938 0.160938
0.195783 0.160971 0.160971
0.195833 0.161004 0.161004
0.195883 0.161037 0.161037
0.195932 0.16107 0.16107
0.195982 0.161103 0.161103
0.196032 0.161136 0.161136
0.196082 0.161169 0.161169
0.196132 0.161202 0.161202
0.196182 0.161235 0.161235
0.196232 0.161268 0.161268
0.196282 0.161301 0.161301
0.196332 0.161334 0.161334
0.196382 0.161367 0.161367
0.196432 0.1614 0.1614
0.196482 0.161433 0.161433
0.196532 0.161466 0.161466
0.196582 0.161499 0.161499
0.196632 0.161532 0.161532
0.196682 0.161565 0.161565
0.196732 0.161598 0.161598
0.196782 0.161631 0.161631
0.196832 0.161664 0.161664
0.196882 0.161697 0.161697
0.196932 0.161729 0.16173
0.196982 0.161762 0.161763
0.197032 0.161795 0.161795
0.197082 0.161828 0.161828
0.197132 0.161861 0.161861
0.197182 0.161894 0.161894
0.197232 0.161927 0.161927
0.197282 0.16196 0.16196
0.197332 0.161993 0.161993
0.197382 0.162026 0.162026
0.197432 0.162059 0.162059
0.197482 0.162092 0.162092
0.197532 0.162125 0.162125
0.197582 0.162158 0.162158
0.197631 0.162191 0.162191
0.197681 0.162224 0.162224
0.197731 0.162256 0.162257
0.197781 0.162289 0.162289
0.197831 0.162322 0.162322
0.197881 0.162355 0.162355
0.197931 0.162388 0.162388
0.197981 0.162421 0.162421
0.198031 0.162454 0.162454
0.198081 0.162487 0.162487
0.198131 0.16252 0.16252
0.198181 0.162553 0.162553
0.198231 0.162585 0.162585
0.198281 0.162618 0.162618
0.198331 0.162651 0.162651
0.198381 0.162684 0.162684
0.198431 0.162717 0.162717
0.198481 0.16275 0.16275
0.198531 0.162783 0.162783
0.198581 0.162816 0.162816
0.198632 0.162848 0.162848
0.198682 0.162881 0.162881
0.198732 0.162914 0.162914
0.198782 0.162947 0.162947
0.198832 0.16298 0.16298
0.198882 0.163013 0.163013
0.198932 0.163045 0.163046
0.198982 0.163078 0.163078
0.199032 0.163111 0.163111
0.199082 0.163144 0.163144
0.199132 0.163177 0.163177
0.199182 0.16321 0.16321
0.199232 0.163242 0.163243
0.199282 0.163275 0.163275
0.199332 0.163308 0.163308
0.199382 0.163341 0.163341
0.199432 0.163374 0.163374
0.199482 0.163407 0.163407
0.199532 0.163439 0.163439
0.199582 0.163472 0.163472
0.199632 0.163505 0.163505
0.199682 0.163538 0.163538
0.199732 0.163571 0.163571
0.199782 0.163603 0.163603
0.199832 0.163636 0.163636
0.199882 0.163669 0.163669
0.199932 0.163702 0.163702
0.199982 0.163734 0.163734
0.200032 0.163767 0.163767
0.200082 0.1638 0.1638
0.200132 0.163833 0.163833
0.200182 0.163866 0.163866
0.200232 0.163898 0.163898
0.200282 0.163931 0.163931
0.200333 0.163964 0.163964
0.200383 0.163997 0.163997
0.200433 0.164029 0.164029
0.200483 0.164062 0.164062
0.200533 0.164095 0.164095
0.200583 0.164128 0.164128
0.200633 0.16416 0.16416
0.200683 0.164193 0.164193
0.200733 0.164226 0.164226
0.200783 0.164258 0.164259
0.200833 0.164291 0.164291
0.200883 0.164324 0.164324
0.200933 0.164357 0.164357
0.200983 0.164389 0.164389
0.201033 0.164422 0.164422
0.201083 0.164455 0.164455
0.201133 0.164488 0.164488
0.201184 0.16452 0.16452
0.201234 0.164553 0.164553
0.201284 0.164586 0.164586
0.201334 0.164618 0.164618
0.201384 0.164651 0.164651
0.201434 0.164684 0.164684
0.201484 0.164716 0.164716
0.201534 0.164749 0.164749
0.201584 0.164782 0.164782
0.201634 0.164814 0.164815
0.201684 0.164847 0.164847
0.201734 0.16488 0.16488
0.201784 0.164912 0.164913
0.201834 0.164945 0.164945
0.201885 0.164978 0.164978
0.201935 0.16501 0.165011
0.201985 0.165043 0.165043
0.202035 0.165076 0.165076
0.202085 0.165108 0.165109
0.202135 0.165141 0.165141
0.202185 0.165174 0.165174
0.202235 0.165206 0.165206
0.202285 0.165239 0.165239
0.202335 0.165272 0.165272
0.202385 0.165304 0.165304
0.202436 0.165337 0.165337
0.202486 0.16537 0.16537
0.202536 0.165402 0.165402
0.202586 0.165435 0.165435
0.202636 0.165467 0.165468
0.202686 0.1655 0.1655
0.202736 0.165533 0.165533
0.202786 0.165565 0.165565
0.202836 0.165598 0.165598
0.202886 0.165631 0.165631
0.202937 0.165663 0.165663
0.202987 0.165696 0.165696
0.203037 0.165728 0.165728
0.203087 0.165761 0.165761
0.203137 0.165794 0.165794
0.203187 0.165826 0.165826
0.203237 0.165859 0.165859
0.203287 0.165891 0.165891
0.203337 0.165924 0.165924
0.203388 0.165956 0.165956
0.203438 0.165989 0.165989
0.203488 0.166022 0.166022
0.203538 0.166054 0.166054
0.203588 0.166087 0.166087
0.203638 0.166119 0.166119
0.203688 0.166152 0.166152
0.203738 0.166184 0.166184
0.203788 0.166217 0.166217
0.203839 0.166249 0.16625
0.203889 0.166282 0.166282
0.203939 0.166315 0.166315
0.203989 0.166347 0.166347
0.204039 0.16638 0.16638
0.204089 0.166412 0.166412
0.204139 0.166445 0.166445
0.20419 0.166477 0.166477
0.20424 0.16651 0.16651
0.20429 0.166542 0.166542
0.20434 0.166575 0.166575
0.20439 0.166607 0.166607
0.20444 0.16664 0.16664
0.20449 0.166672 0.166672
0.20454 0.166705 0.166705
0.204591 0.166737 0.166737
0.204641 0.16677 0.16677
0.204691 0.166802 0.166802
0.204741 0.166835 0.166835
0.204791 0.166867 0.166867
0.204841 0.1669 0.1669
0.204891 0.166932 0.166932
0.204942 0.166965 0.166965
0.204992 0.166997 0.166997
0.205042 0.16703 0.16703
0.205092 0.167062 0.167062
0.205142 0.167095 0.167095
0.205192 0.167127 0.167127
0.205243 0.16716 0.16716
0.205293 0.167192 0.167192
0.205343 0.167225 0.167225
0.205393 0.167257 0.167257
0.205443 0.16729 0.16729
0.205493 0.167322 0.167322
0.205544 0.167354 0.167354
0.205594 0.167387 0.167387
0.205644 0.167419 0.167419
0.205694 0.167452 0.167452
0.205744 0.167484 0.167484
0.205794 0.167517 0.167517
0.205845 0.167549 0.167549
0.205895 0.167581 0.167582
0.205945 0.167614 0.167614
0.205995 0.167646 0.167646
0.206045 0.167679 0.167679
0.206095 0.167711 0.167711
0.206146 0.167744 0.167744
0.206196 0.167776 0.167776
0.206246 0.167808 0.167808
0.206296 0.167841 0.167841
0.206346 0.167873 0.167873
0.206396 0.167906 0.167906
0.206447 0.167938 0.167938
0.206497 0.16797 0.16797
0.206547 0.168003 0.168003
0.206597 0.168035 0.168035
0.206647 0.168068 0.168068
0.206698 0.1681 0.1681
0.206748 0.168132 0.168132
0.206798 0.168165 0.168165
0.206848 0.168197 0.168197
0.206898 0.168229 0.16823
0.206949 0.168262 0.168262
0.206999 0.168294 0.168294
0.207049 0.168327 0.168327
0.207099 0.168359 0.168359
0.207149 0.168391 0.168391
0.2072 0.168424 0.168424
0.20725 0.168456 0.168456
0.2073 0.168488 0.168488
0.20735 0.168521 0.168521
0.2074 0.168553 0.168553
0.207451 0.168585 0.168585
0.207501 0.168618 0.168618
0.207551 0.16865 0.16865
0.207601 0.168682 0.168682
0.207651 0.168715 0.168715
0.207702 0.168747 0.168747
0.207752 0.168779 0.168779
0.207802 0.168812 0.168812
0.207852 0.168844 0.168844
0.207902 0.168876 0.168876
0.207953 0.168909 0.168909
0.208003 0.168941 0.168941
0.208053 0.168973 0.168973
0.208103 0.169005 0.169006
0.208154 0.169038 0.169038
0.208204 0.16907 0.16907
0.208254 0.169102 0.169102
0.208304 0.169135 0.169135
0.208354 0.169167 0.169167
0.208405 0.169199 0.169199
0.208455 0.169231 0.169232
0.208505 0.169264 0.169264
0.208555 0.169296 0.169296
0.208606 0.169328 0.169328
0.208656 0.169361 0.169361
0.208706 0.169393 0.169393
0.208756 0.169425 0.169425
0.208807 0.169457 0.169457
0.208857 0.16949 0.16949
0.208907 0.169522 0.169522
0.208957 0.169554 0.169554
0.209007 0.169586 0.169586
0.209058 0.169619 0.169619
0.209108 0.169651 0.169651
0.209158 0.169683 0.169683
0.209208 0.169715 0.169715
0.209259 0.169748 0.169748
0.209309 0.16978 0.16978
0.209359 0.169812 0.169812
0.209409 0.169844 0.169844
0.20946 0.169876 0.169876
0.20951 0.169909 0.169909
0.20956 0.169941 0.169941
0.20961 0.169973 0.169973
0.209661 0.170005 0.170005
0.209711 0.170037 0.170038
0.209761 0.17007 0.17007
0.209811 0.170102 0.170102
0.209862 0.170134 0.170134
0.209912 0.170166 0.170166
0.209962 0.170198 0.170199
0.210013 0.170231 0.170231
0.210063 0.170263 0.170263
0.210113 0.170295 0.170295
0.210163 0.170327 0.170327
0.210214 0.170359 0.170359
0.210264 0.170392 0.170392
0.210314 0.170424 0.170424
0.210364 0.170456 0.170456
0.210415 0.170488 0.170488
0.210465 0.17052 0.17052
0.210515 0.170552 0.170552
0.210565 0.170585 0.170585
0.210616 0.170617 0.170617
0.210666 0.170649 0.170649
0.210716 0.170681 0.170681
0.210767 0.170713 0.170713
0.210817 0.170745 0.170745
0.210867 0.170777 0.170777
0.210917 0.17081 0.17081
0.210968 0.170842 0.170842
0.211018 0.170874 0.170874
0.211068 0.170906 0.170906
0.211119 0.170938 0.170938
0.211169 0.17097 0.17097
0.211219 0.171002 0.171002
0.211269 0.171034 0.171034
0.21132 0.171066 0.171067
0.21137 0.171099 0.171099
0.21142 0.171131 0.171131
0.211471 0.171163 0.171163
0.211521 0.171195 0.171195
0.211571 0.171227 0.171227
0.211622 0.171259 0.171259
0.211672 0.171291 0.171291
0.211722 0.171323 0.171323
0.211772 0.171355 0.171355
0.211823 0.171387 0.171387
0.211873 0.17142 0.17142
0.211923 0.171452 0.171452
0.211974 0.171484 0.171484
0.212024 0.171516 0.171516
0.212074 0.171548 0.171548
0.212125 0.17158 0.17158
0.212175 0.171612 0.171612
0.212225 0.171644 0.171644
0.212276 0.171676 0.171676
0.212326 0.171708 0.171708
0.212376 0.17174 0.17174
0.212426 0.171772 0.171772
0.212477 0.171804 0.171804
0.212527 0.171836 0.171836
0.212577 0.171868 0.171868
0.212628 0.1719 0.1719
0.212678 0.171932 0.171932
0.212728 0.171964 0.171964
0.212779 0.171996 0.171996
0.212829 0.172028 0.172029
0.212879 0.17206 0.172061
0.21293 0.172092 0.172093
0.21298 0.172124 0.172125
0.21303 0.172156 0.172157
0.213081 0.172189 0.172189
0.213131 0.172221 0.172221
0.213181 0.172253 0.172253
0.213232 0.172285 0.172285
0.213282 0.172317 0.172317
0.213332 0.172349 0.172349
0.213383 0.17238 0.172381
0.213433 0.172412 0.172413
0.213483 0.172444 0.172445
0.213534 0.172476 0.172477
0.213584 0.172508 0.172509
0.213634 0.17254 0.17254
0.213685 0.172572 0.172572
0.213735 0.172604 0.172604
0.213785 0.172636 0.172636
0.213836 0.172668 0.172668
0.213886 0.1727 0.1727
0.213937 0.172732 0.172732
0.213987 0.172764 0.172764
0.214037 0.172796 0.172796
0.214088 0.172828 0.172828
0.214138 0.17286 0.17286
0.214188 0.172892 0.172892
0.214239 0.172924 0.172924
0.214289 0.172956 0.172956
0.214339 0.172988 0.172988
0.21439 0.17302 0.17302
0.21444 0.173052 0.173052
0.21449 0.173084 0.173084
0.214541 0.173115 0.173116
0.214591 0.173147 0.173147
0.214642 0.173179 0.173179
0.214692 0.173211 0.173211
0.214742 0.173243 0.173243
0.214793 0.173275 0.173275
0.214843 0.173307 0.173307
0.214893 0.173339 0.173339
0.214944 0.173371 0.173371
0.214994 0.173403 0.173403
0.215045 0.173435 0.173435
0.215095 0.173466 0.173467
0.215145 0.173498 0.173498
0.215196 0.17353 0.17353
0.215246 0.173562 0.173562
0.215296 0.173594 0.173594
0.215347 0.173626 0.173626
0.215397 0.173658 0.173658
0.215448 0.17369 0.17369
0.215498 0.173721 0.173722
0.215548 0.173753 0.173753
0.215599 0.173785 0.173785
0.215649 0.173817 0.173817
0.2157 0.173849 0.173849
0.21575 0.173881 0.173881
0.2158 0.173913 0.173913
0.215851 0.173944 0.173945
0.215901 0.173976 0.173976
0.215952 0.174008 0.174008
0.216002 0.17404 0.17404
0.216052 0.174072 0.174072
0.216103 0.174104 0.174104
0.216153 0.174135 0.174136
0.216204 0.174167 0.174167
0.216254 0.174199 0.174199
0.216304 0.174231 0.174231
0.216355 0.174263 0.174263
0.216405 0.174295 0.174295
0.216456 0.174326 0.174326
0.216506 0.174358 0.174358
0.216556 0.17439 0.17439
0.216607 0.174422 0.174422
0.216657 0.174454 0.174454
0.216708 0.174485 0.174485
0.216758 0.174517 0.174517
0.216808 0.174549 0.174549
0.216859 0.174581 0.174581
0.216909 0.174613 0.174613
0.21696 0.174644 0.174644
0.21701 0.174676 0.174676
0.217061 0.174708 0.174708
0.217111 0.17474 0.17474
0.217161 0.174771 0.174772
0.217212 0.174803 0.174803
0.217262 0.174835 0.174835
0.217313 0.174867 0.174867
0.217363 0.174899 0.174899
0.217414 0.17493 0.17493
0.217464 0.174962 0.174962
0.217514 0.174994 0.174994
0.217565 0.175026 0.175026
0.217615 0.175057 0.175057
0.217666 0.175089 0.175089
0.217716 0.175121 0.175121
0.217767 0.175152 0.175153
0.217817 0.175184 0.175184
0.217868 0.175216 0.175216
0.217918 0.175248 0.175248
0.217968 0.175279 0.175279
0.218019 0.175311 0.175311
0.218069 0.175343 0.175343
0.21812 0.175375 0.175375
0.21817 0.175406 0.175406
0.218221 0.175438 0.175438
0.218271 0.17547 0.17547
0.218322 0.175501 0.175501
0.218372 0.175533 0.175533
0.218422 0.175565 0.175565
0.218473 0.175596 0.175597
0.218523 0.175628 0.175628
0.218574 0.17566 0.17566
0.218624 0.175692 0.175692
0.218675 0.175723 0.175723
0.218725 0.175755 0.175755
0.218776 0.175787 0.175787
0.218826 0.175818 0.175818
0.218877 0.17585 0.17585
0.218927 0.175882 0.175882
0.218978 0.175913 0.175913
0.219028 0.175945 0.175945
0.219078 0.175977 0.175977
0.219129 0.176008 0.176008
0.219179 0.17604 0.17604
0.21923 0.176072 0.176072
0.21928 0.176103 0.176103
0.219331 0.176135 0.176135
0.219381 0.176166 0.176167
0.219432 0.176198 0.176198
0.219482 0.17623 0.17623
0.219533 0.176261 0.176261
0.219583 0.176293 0.176293
0.219634 0.176325 0.176325
0.219684 0.176356 0.176356
0.219735 0.176388 0.176388
0.219785 0.17642 0.17642
0.219836 0.176451 0.176451
0.219886 0.176483 0.176483
0.219937 0.176514 0.176514
0.219987 0.176546 0.176546
0.220038 0.176578 0.176578
0.220088 0.176609 0.176609
0.220139 0.176641 0.176641
0.220189 0.176672 0.176672
0.22024 0.176704 0.176704
0.22029 0.176736 0.176736
0.220341 0.176767 0.176767
0.220391 0.176799 0.176799
0.220442 0.17683 0.17683
0.220492 0.176862 0.176862
0.220543 0.176893 0.176894
0.220593 0.176925 0.176925
0.220644 0.176957 0.176957
0.220694 0.176988 0.176988
0.220745 0.17702 0.17702
0.220795 0.177051 0.177051
0.220846 0.177083 0.177083
0.220896 0.177114 0.177115
0.220947 0.177146 0.177146
0.220997 0.177178 0.177178
0.221048 0.177209 0.177209
0.221098 0.177241 0.177241
0.221149 0.177272 0.177272
0.221199 0.177304 0.177304
0.22125 0.177335 0.177335
0.2213 0.177367 0.177367
0.221351 0.177398 0.177398
0.221401 0.17743 0.17743
0.221452 0.177461 0.177461
0.221502 0.177493 0.177493
0.221553 0.177524 0.177524
0.221603 0.177556 0.177556
0.221654 0.177587 0.177588
0.221704 0.177619 0.177619
0.221755 0.17765 0.177651
0.221806 0.177682 0.177682
0.221856 0.177713 0.177714
0.221907 0.177745 0.177745
0.221957 0.177776 0.177777
0.222008 0.177808 0.177808
0.222058 0.177839 0.177839
0.222109 0.177871 0.177871
0.222159 0.177902 0.177902
0.22221 0.177934 0.177934
0.22226 0.177965 0.177965
0.222311 0.177997 0.177997
0.222361 0.178028 0.178028
0.222412 0.17806 0.17806
0.222463 0.178091 0.178091
0.222513 0.178123 0.178123
0.222564 0.178154 0.178154
0.222614 0.178186 0.178186
0.222665 0.178217 0.178217
0.222715 0.178249 0.178249
0.222766 0.17828 0.17828
0.222816 0.178311 0.178311
0.222867 0.178343 0.178343
0.222918 0.178374 0.178374
0.222968 0.178406 0.178406
0.223019 0.178437 0.178437
0.223069 0.178469 0.178469
0.22312 0.1785 0.1785
0.22317 0.178531 0.178532
0.223221 0.178563 0.178563
0.223272 0.178594 0.178594
0.223322 0.178626 0.178626
0.223373 0.178657 0.178657
0.223423 0.178689 0.178689
0.223474 0.17872 0.17872
0.223524 0.178751 0.178751
0.223575 0.178783 0.178783
0.223626 0.178814 0.178814
0.223676 0.178846 0.178846
0.223727 0.178877 0.178877
0.223777 0.178908 0.178908
0.223828 0.17894 0.17894
0.223878 0.178971 0.178971
0.223929 0.179002 0.179003
0.22398 0.179034 0.179034
0.22403 0.179065 0.179065
0.224081 0.179097 0.179097
0.224131 0.179128 0.179128
0.224182 0.179159 0.179159
0.224233 0.179191 0.179191
0.224283 0.179222 0.179222
0.224334 0.179253 0.179253
0.224384 0.179285 0.179285
0.224435 0.179316 0.179316
0.224485 0.179347 0.179348
0.224536 0.179379 0.179379
0.224587 0.17941 0.17941
0.224637 0.179441 0.179442
0.224688 0.179473 0.179473
0.224738 0.179504 0.179504
0.224789 0.179536 0.179536
0.22484 0.179567 0.179567
0.22489 0.179598 0.179598
0.224941 0.179629 0.17963
0.224991 0.179661 0.179661
0.225042 0.179692 0.179692
0.225093 0.179723 0.179724
0.225143 0.179755 0.179755
0.225194 0.179786 0.179786
0.225245 0.179817 0.179817
0.225295 0.179849 0.179849
0.225346 0.17988 0.17988
0.225396 0.179911 0.179911
0.225447 0.179943 0.179943
0.225498 0.179974 0.179974
0.225548 0.180005 0.180005
0.225599 0.180036 0.180037
0.22565 0.180068 0.180068
0.2257 0.180099 0.180099
0.225751 0.18013 0.18013
0.225801 0.180162 0.180162
0.225852 0.180193 0.180193
0.225903 0.180224 0.180224
0.225953 0.180255 0.180255
0.226004 0.180287 0.180287
0.226055 0.180318 0.180318
0.226105 0.180349 0.180349
0.226156 0.18038 0.18038
0.226206 0.180412 0.180412
0.226257 0.180443 0.180443
0.226308 0.180474 0.180474
0.226358 0.180505 0.180505
0.226409 0.180537 0.180537
0.22646 0.180568 0.180568
0.22651 0.180599 0.180599
0.226561 0.18063 0.18063
0.226612 0.180662 0.180662
0.226662 0.180693 0.180693
0.226713 0.180724 0.180724
0.226764 0.180755 0.180755
0.226814 0.180786 0.180787
0.226865 0.180818 0.180818
0.226915 0.180849 0.180849
0.226966 0.18088 0.18088
0.227017 0.180911 0.180911
0.227067 0.180942 0.180943
0.227118 0.180974 0.180974
0.227169 0.181005 0.181005
0.227219 0.181036 0.181036
0.22727 0.181067 0.181067
0.227321 0.181098 0.181099
0.227371 0.18113 0.18113
0.227422 0.181161 0.181161
0.227473 0.181192 0.181192
0.227523 0.181223 0.181223
0.227574 0.181254 0.181254
0.227625 0.181285 0.181286
0.227675 0.181317 0.181317
0.227726 0.181348 0.181348
0.227777 0.181379 0.181379
0.227827 0.18141 0.18141
0.227878 0.181441 0.181441
0.227929 0.181472 0.181473
0.227979 0.181504 0.181504
0.22803 0.181535 0.181535
0.228081 0.181566 0.181566
0.228131 0.181597 0.181597
0.228182 0.181628 0.181628
0.228233 0.181659 0.181659
0.228284 0.18169 0.181691
0.228334 0.181722 0.181722
0.228385 0.181753 0.181753
0.228436 0.181784 0.181784
0.228486 0.181815 0.181815
0.228537 0.181846 0.181846
0.228588 0.181877 0.181877
0.228638 0.181908 0.181908
0.228689 0.181939 0.181939
0.22874 0.181971 0.181971
0.22879 0.182002 0.182002
0.228841 0.182033 0.182033
0.228892 0.182064 0.182064
0.228943 0.182095 0.182095
0.228993 0.182126 0.182126
0.229044 0.182157 0.182157
0.229095 0.182188 0.182188
0.229145 0.182219 0.182219
0.229196 0.18225 0.18225
0.229247 0.182281 0.182282
0.229297 0.182312 0.182313
0.229348 0.182344 0.182344
0.229399 0.182375 0.182375
0.22945 0.182406 0.182406
0.2295 0.182437 0.182437
0.229551 0.182468 0.182468
0.229602 0.182499 0.182499
0.229652 0.18253 0.18253
0.229703 0.182561 0.182561
0.229754 0.182592 0.182592
0.229805 0.182623 0.182623
0.229855 0.182654 0.182654
0.229906 0.182685 0.182685
0.229957 0.182716 0.182716
0.230008 0.182747 0.182747
0.230058 0.182778 0.182778
0.230109 0.182809 0.182809
0.23016 0.18284 0.18284
0.23021 0.182871 0.182871
0.230261 0.182902 0.182902
0.230312 0.182933 0.182933
0.230363 0.182964 0.182965
0.230413 0.182995 0.182996
0.230464 0.183026 0.183027
0.230515 0.183057 0.183058
0.230566 0.183088 0.183089
0.230616 0.183119 0.18312
0.230667 0.18315 0.183151
0.230718 0.183181 0.183182
0.230769 0.183212 0.183213
0.230819 0.183243 0.183244
0.23087 0.183274 0.183274
0.230921 0.183305 0.183305
0.230972 0.183336 0.183336
0.231022 0.183367 0.183367
0.231073 0.183398 0.183398
0.231124 0.183429 0.183429
0.231175 0.18346 0.18346
0.231225 0.183491 0.183491
0.231276 0.183522 0.183522
0.231327 0.183553 0.183553
0.231378 0.183584 0.183584
0.231428 0.183615 0.183615
0.231479 0.183646 0.183646
0.23153 0.183677 0.183677
0.231581 0.183708 0.183708
0.231631 0.183739 0.183739
0.231682 0.18377 0.18377
0.231733 0.183801 0.183801
0.231784 0.183832 0.183832
0.231834 0.183863 0.183863
0.231885 0.183894 0.183894
0.231936 0.183924 0.183925
0.231987 0.183955 0.183955
0.232038 0.183986 0.183986
0.232088 0.184017 0.184017
0.232139 0.184048 0.184048
0.23219 0.184079 0.184079
0.232241 0.18411 0.18411
0.232291 0.184141 0.184141
0.232342 0.184172 0.184172
0.232393 0.184203 0.184203
0.232444 0.184234 0.184234
0.232495 0.184264 0.184265
0.232545 0.184295 0.184295
0.232596 0.184326 0.184326
0.232647 0.184357 0.184357
0.232698 0.184388 0.184388
0.232749 0.184419 0.184419
0.232799 0.18445 0.18445
0.23285 0.184481 0.184481
0.232901 0.184511 0.184512
0.232952 0.184542 0.184542
0.233003 0.184573 0.184573
0.233053 0.184604 0.184604
0.233104 0.184635 0.184635
0.233155 0.184666 0.184666
0.233206 0.184697 0.184697
0.233257 0.184727 0.184728
0.233307 0.184758 0.184758
0.233358 0.184789 0.184789
0.233409 0.18482 0.18482
0.23346 0.184851 0.184851
0.233511 0.184882 0.184882
0.233561 0.184913 0.184913
0.233612 0.184943 0.184943
0.233663 0.184974 0.184974
0.233714 0.185005 0.185005
0.233765 0.185036 0.185036
0.233815 0.185067 0.185067
0.233866 0.185097 0.185098
0.233917 0.185128 0.185128
0.233968 0.185159 0.185159
0.234019 0.18519 0.18519
0.23407 0.185221 0.185221
0.23412 0.185252 0.185252
0.234171 0.185282 0.185282
0.234222 0.185313 0.185313
0.234273 0.185344 0.185344
0.234324 0.185375 0.185375
0.234375 0.185405 0.185406
0.234425 0.185436 0.185436
0.234476 0.185467 0.185467
0.234527 0.185498 0.185498
0.234578 0.185529 0.185529
0.234629 0.185559 0.185559
0.23468 0.18559 0.18559
0.23473 0.185621 0.185621
0.234781 0.185652 0.185652
0.234832 0.185682 0.185683
0.234883 0.185713 0.185713
0.234934 0.185744 0.185744
0.234985 0.185775 0.185775
0.235035 0.185805 0.185806
0.235086 0.185836 0.185836
0.235137 0.185867 0.185867
0.235188 0.185898 0.185898
0.235239 0.185928 0.185929
0.23529 0.185959 0.185959
0.235341 0.18599 0.18599
0.235391 0.186021 0.186021
0.235442 0.186051 0.186051
0.235493 0.186082 0.186082
0.235544 0.186113 0.186113
0.235595 0.186144 0.186144
0.235646 0.186174 0.186174
0.235697 0.186205 0.186205
0.235747 0.186236 0.186236
0.235798 0.186266 0.186266
0.235849 0.186297 0.186297
0.2359 0.186328 0.186328
0.235951 0.186358 0.186359
0.236002 0.186389 0.186389
0.236053 0.18642 0.18642
0.236103 0.186451 0.186451
0.236154 0.186481 0.186481
0.236205 0.186512 0.186512
0.236256 0.186543 0.186543
0.236307 0.186573 0.186573
0.236358 0.186604 0.186604
0.236409 0.186635 0.186635
0.23646 0.186665 0.186665
0.23651 0.186696 0.186696
0.236561 0.186727 0.186727
0.236612 0.186757 0.186757
0.236663 0.186788 0.186788
0.236714 0.186819 0.186819
0.236765 0.186849 0.186849
0.236816 0.18688 0.18688
0.236867 0.186911 0.186911
0.236918 0.186941 0.186941
0.236968 0.186972 0.186972
0.237019 0.187003 0.187003
0.23707 0.187033 0.187033
0.237121 0.187064 0.187064
0.237172 0.187094 0.187095
0.237223 0.187125 0.187125
0.237274 0.187156 0.187156
0.237325 0.187186 0.187186
0.237376 0.187217 0.187217
0.237427 0.187248 0.187248
0.237477 0.187278 0.187278
0.237528 0.187309 0.187309
0.237579 0.187339 0.187339
0.23763 0.18737 0.18737
0.237681 0.187401 0.187401
0.237732 0.187431 0.187431
0.237783 0.187462 0.187462
0.237834 0.187492 0.187492
0.237885 0.187523 0.187523
0.237936 0.187554 0.187554
0.237987 0.187584 0.187584
0.238038 0.187615 0.187615
0.238088 0.187645 0.187645
0.238139 0.187676 0.187676
0.23819 0.187706 0.187707
0.238241 0.187737 0.187737
0.238292 0.187768 0.187768
0.238343 0.187798 0.187798
0.238394 0.187829 0.187829
0.238445 0.187859 0.187859
0.238496 0.18789 0.18789
0.238547 0.18792 0.18792
0.238598 0.187951 0.187951
0.238649 0.187981 0.187982
0.2387 0.188012 0.188012
0.238751 0.188043 0.188043
0.238801 0.188073 0.188073
0.238852 0.188104 0.188104
0.238903 0.188134 0.188134
0.238954 0.188165 0.188165
0.239005 0.188195 0.188195
0.239056 0.188226 0.188226
0.239107 0.188256 0.188256
0.239158 0.188287 0.188287
0.239209 0.188317 0.188317
0.23926 0.188348 0.188348
0.239311 0.188378 0.188378
0.239362 0.188409 0.188409
0.239413 0.188439 0.188439
0.239464 0.18847 0.18847
0.239515 0.1885 0.1885
0.239566 0.188531 0.188531
0.239617 0.188561 0.188561
0.239668 0.188592 0.188592
0.239719 0.188622 0.188622
0.23977 0.188653 0.188653
0.23982 0.188683 0.188683
0.239871 0.188714 0.188714
0.239922 0.188744 0.188744
0.239973 0.188775 0.188775
0.240024 0.188805 0.188805
0.240075 0.188836 0.188836
0.240126 0.188866 0.188866
0.240177 0.188897 0.188897
0.240228 0.188927 0.188927
0.240279 0.188957 0.188958
0.24033 0.188988 0.188988
0.240381 0.189018 0.189018
0.240432 0.189049 0.189049
0.240483 0.189079 0.189079
0.240534 0.18911 0.18911
0.240585 0.18914 0.18914
0.240636 0.189171 0.189171
0.240687 0.189201 0.189201
0.240738 0.189231 0.189232
0.240789 0.189262 0.189262
0.24084 0.189292 0.189292
0.240891 0.189323 0.189323
0.240942 0.189353 0.189353
0.240993 0.189384 0.189384
0.241044 0.189414 0.189414
0.241095 0.189444 0.189444
0.241146 0.189475 0.189475
0.241197 0.189505 0.189505
0.241248 0.189536 0.189536
0.241299 0.189566 0.189566
0.24135 0.189596 0.189596
0.241401 0.189627 0.189627
0.241452 0.189657 0.189657
0.241503 0.189688 0.189688
0.241554 0.189718 0.189718
0.241605 0.189748 0.189748
0.241656 0.189779 0.189779
0.241707 0.189809 0.189809
0.241758 0.189839 0.18984
0.241809 0.18987 0.18987
0.24186 0.1899 0.1899
0.241911 0.189931 0.189931
0.241962 0.189961 0.189961
0.242013 0.189991 0.189991
0.242064 0.190022 0.190022
0.242115 0.190052 0.190052
0.242166 0.190082 0.190082
0.242217 0.190113 0.190113
0.242268 0.190143 0.190143
0.242319 0.190173 0.190173
0.24237 0.190204 0.190204
0.242421 0.190234 0.190234
0.242472 0.190264 0.190264
0.242523 0.190295 0.190295
0.242574 0.190325 0.190325
0.242625 0.190355 0.190355
0.242676 0.190386 0.190386
0.242727 0.190416 0.190416
0.242778 0.190446 0.190446
0.24283 0.190477 0.190477
0.242881 0.190507 0.190507
0.242932 0.190537 0.190537
0.242983 0.190568 0.190568
0.243034 0.190598 0.190598
0.243085 0.190628 0.190628
0.243136 0.190658 0.190659
0.243187 0.190689 0.190689
0.243238 0.190719 0.190719
0.243289 0.190749 0.190749
0.24334 0.19078 0.19078
0.243391 0.19081 0.19081
0.243442 0.19084 0.19084
0.243493 0.19087 0.190871
0.243544 0.190901 0.190901
0.243595 0.190931 0.190931
0.243646 0.190961 0.190961
0.243697 0.190992 0.190992
0.243748 0.191022 0.191022
0.243799 0.191052 0.191052
0.243851 0.191082 0.191082
0.243902 0.191113 0.191113
0.243953 0.191143 0.191143
0.244004 0.191173 0.191173
0.244055 0.191203 0.191203
0.244106 0.191234 0.191234
0.244157 0.191264 0.191264
0.244208 0.191294 0.191294
0.244259 0.191324 0.191324
0.24431 0.191354 0.191355
0.244361 0.191385 0.191385
0.244412 0.191415 0.191415
0.244463 0.191445 0.191445
0.244514 0.191475 0.191476
0.244566 0.191506 0.191506
0.244617 0.191536 0.191536
0.244668 0.191566 0.191566
0.244719 0.191596 0.191596
0.24477 0.191626 0.191627
0.244821 0.191657 0.191657
0.244872 0.191687 0.191687
0.244923 0.191717 0.191717
0.244974 0.191747 0.191747
0.245025 0.191777 0.191778
0.245076 0.191808 0.191808
0.245127 0.191838 0.191838
0.245179 0.191868 0.191868
0.24523 0.191898 0.191898
0.245281 0.191928 0.191928
0.245332 0.191959 0.191959
0.245383 0.191989 0.191989
0.245434 0.192019 0.192019
0.245485 0.192049 0.192049
0.245536 0.192079 0.192079
0.245587 0.192109 0.192109
0.245638 0.19214 0.19214
0.24569 0.19217 0.19217
0.245741 0.1922 0.1922
0.245792 0.19223 0.19223
0.245843 0.19226 0.19226
0.245894 0.19229 0.19229
0.245945 0.19232 0.192321
0.245996 0.192351 0.192351
0.246047 0.192381 0.192381
0.246098 0.192411 0.192411
0.24615 0.192441 0.192441
0.246201 0.192471 0.192471
0.246252 0.192501 0.192501
0.246303 0.192531 0.192531
0.246354 0.192561 0.192562
0.246405 0.192592 0.192592
0.246456 0.192622 0.192622
0.246507 0.192652 0.192652
0.246559 0.192682 0.192682
0.24661 0.192712 0.192712
0.246661 0.192742 0.192742
0.246712 0.192772 0.192772
0.246763 0.192802 0.192802
0.246814 0.192832 0.192832
0.246865 0.192862 0.192863
0.246917 0.192893 0.192893
0.246968 0.192923 0.192923
0.247019 0.192953 0.192953
0.24707 0.192983 0.192983
0.247121 0.193013 0.193013
0.247172 0.193043 0.193043
0.247223 0.193073 0.193073
0.247275 0.193103 0.193103
0.247326 0.193133 0.193133
0.247377 0.193163 0.193163
0.247428 0.193193 0.193193
0.247479 0.193223 0.193223
0.24753 0.193253 0.193253
0.247581 0.193283 0.193284
0.247633 0.193313 0.193314
0.247684 0.193344 0.193344
0.247735 0.193374 0.193374
0.247786 0.193404 0.193404
0.247837 0.193434 0.193434
0.247888 0.193464 0.193464
0.24794 0.193494 0.193494
0.247991 0.193524 0.193524
0.248042 0.193554 0.193554
0.248093 0.193584 0.193584
0.248144 0.193614 0.193614
0.248195 0.193644 0.193644
0.248247 0.193674 0.193674
0.248298 0.193704 0.193704
0.248349 0.193734 0.193734
0.2484 0.193764 0.193764
0.248451 0.193794 0.193794
0.248502 0.193824 0.193824
0.248554 0.193854 0.193854
0.248605 0.193884 0.193884
0.248656 0.193914 0.193914
0.248707 0.193944 0.193944
0.248758 0.193974 0.193974
0.24881 0.194004 0.194004
0.248861 0.194034 0.194034
0.248912 0.194064 0.194064
0.248963 0.194094 0.194094
0.249014 0.194124 0.194124
0.249066 0.194154 0.194154
0.249117 0.194184 0.194184
0.249168 0.194214 0.194214
0.249219 0.194244 0.194244
0.24927 0.194273 0.194274
0.249321 0.194303 0.194304
0.249373 0.194333 0.194334
0.249424 0.194363 0.194363
0.249475 0.194393 0.194393
0.249526 0.194423 0.194423
0.249577 0.194453 0.194453
0.249629 0.194483 0.194483
0.24968 0.194513 0.194513
0.249731 0.194543 0.194543
0.249782 0.194573 0.194573
0.249834 0.194603 0.194603
0.249885 0.194633 0.194633
0.249936 0.194663 0.194663
0.249987 0.194693 0.194693
0.250038 0.194723 0.194723
0.25009 0.194752 0.194753
0.250141 0.194782 0.194782
0.250192 0.194812 0.194812
0.250243 0.194842 0.194842
0.250294 0.194872 0.194872
0.250346 0.194902 0.194902
0.250397 0.194932 0.194932
0.250448 0.194962 0.194962
0.250499 0.194992 0.194992
0.250551 0.195021 0.195022
0.250602 0.195051 0.195051
0.250653 0.195081 0.195081
0.250704 0.195111 0.195111
0.250756 0.195141 0.195141
0.250807 0.195171 0.195171
0.250858 0.195201 0.195201
0.250909 0.195231 0.195231
0.250961 0.19526 0.195261
0.251012 0.19529 0.19529
0.251063 0.19532 0.19532
0.251114 0.19535 0.19535
0.251165 0.19538 0.19538
0.251217 0.19541 0.19541
0.251268 0.19544 0.19544
0.251319 0.195469 0.19547
0.25137 0.195499 0.195499
0.251422 0.195529 0.195529
0.251473 0.195559 0.195559
0.251524 0.195589 0.195589
0.251575 0.195619 0.195619
0.251627 0.195648 0.195649
0.251678 0.195678 0.195678
0.251729 0.195708 0.195708
0.251781 0.195738 0.195738
0.251832 0.195768 0.195768
0.251883 0.195798 0.195798
0.251934 0.195827 0.195827
0.251986 0.195857 0.195857
0.252037 0.195887 0.195887
0.252088 0.195917 0.195917
0.252139 0.195947 0.195947
0.252191 0.195976 0.195976
0.252242 0.196006 0.196006
0.252293 0.196036 0.196036
0.252344 0.196066 0.196066
0.252396 0.196096 0.196096
0.252447 0.196125 0.196125
0.252498 0.196155 0.196155
0.25255 0.196185 0.196185
0.252601 0.196215 0.196215
0.252652 0.196244 0.196245
0.252703 0.196274 0.196274
0.252755 0.196304 0.196304
0.252806 0.196334 0.196334
0.252857 0.196363 0.196364
0.252909 0.196393 0.196393
0.25296 0.196423 0.196423
0.253011 0.196453 0.196453
0.253062 0.196482 0.196483
0.253114 0.196512 0.196512
0.253165 0.196542 0.196542
0.253216 0.196572 0.196572
0.253268 0.196601 0.196602
0.253319 0.196631 0.196631
0.25337 0.196661 0.196661
0.253422 0.196691 0.196691
0.253473 0.19672 0.19672
0.253524 0.19675 0.19675
0.253575 0.19678 0.19678
0.253627 0.19681 0.19681
0.253678 0.196839 0.196839
0.253729 0.196869 0.196869
0.253781 0.196899 0.196899
0.253832 0.196928 0.196928
0.253883 0.196958 0.196958
0.253935 0.196988 0.196988
0.253986 0.197017 0.197018
0.254037 0.197047 0.197047
0.254089 0.197077 0.197077
0.25414 0.197107 0.197107
0.254191 0.197136 0.197136
0.254243 0.197166 0.197166
0.254294 0.197196 0.197196
0.254345 0.197225 0.197225
0.254397 0.197255 0.197255
0.254448 0.197285 0.197285
0.254499 0.197314 0.197314
0.254551 0.197344 0.197344
0.254602 0.197374 0.197374
0.254653 0.197403 0.197403
0.254705 0.197433 0.197433
0.254756 0.197463 0.197463
0.254807 0.197492 0.197492
0.254859 0.197522 0.197522
0.25491 0.197552 0.197552
0.254961 0.197581 0.197581
0.255013 0.197611 0.197611
0.255064 0.19764 0.197641
0.255115 0.19767 0.19767
0.255167 0.1977 0.1977
0.255218 0.197729 0.197729
0.255269 0.197759 0.197759
0.255321 0.197789 0.197789
0.255372 0.197818 0.197818
0.255423 0.197848 0.197848
0.255475 0.197877 0.197878
0.255526 0.197907 0.197907
0.255577 0.197937 0.197937
0.255629 0.197966 0.197966
0.25568 0.197996 0.197996
0.255731 0.198026 0.198026
0.255783 0.198055 0.198055
0.255834 0.198085 0.198085
0.255886 0.198114 0.198114
0.255937 0.198144 0.198144
0.255988 0.198173 0.198174
0.25604 0.198203 0.198203
0.256091 0.198233 0.198233
0.256142 0.198262 0.198262
0.256194 0.198292 0.198292
0.256245 0.198321 0.198322
0.256297 0.198351 0.198351
0.256348 0.198381 0.198381
0.256399 0.19841 0.19841
0.256451 0.19844 0.19844
0.256502 0.198469 0.198469
0.256553 0.198499 0.198499
0.256605 0.198528 0.198528
0.256656 0.198558 0.198558
0.256708 0.198587 0.198588
0.256759 0.198617 0.198617
0.25681 0.198647 0.198647
0.256862 0.198676 0.198676
0.256913 0.198706 0.198706
0.256965 0.198735 0.198735
0.257016 0.198765 0.198765
0.257067 0.198794 0.198794
0.257119 0.198824 0.198824
0.25717 0.198853 0.198853
0.257222 0.198883 0.198883
0.257273 0.198912 0.198912
0.257324 0.198942 0.198942
0.257376 0.198971 0.198971
0.257427 0.199001 0.199001
0.257479 0.19903 0.19903
0.25753 0.19906 0.19906
0.257581 0.199089 0.199089
0.257633 0.199119 0.199119
0.257684 0.199148 0.199148
0.257736 0.199178 0.199178
0.257787 0.199207 0.199207
0.257838 0.199237 0.199237
0.25789 0.199266 0.199266
0.257941 0.199296 0.199296
0.257993 0.199325 0.199325
0.258044 0.199355 0.199355
0.258095 0.199384 0.199384
0.258147 0.199414 0.199414
0.258198 0.199443 0.199443
0.25825 0.199473 0.199473
0.258301 0.199502 0.199502
0.258353 0.199532 0.199532
0.258404 0.199561 0.199561
0.258455 0.19959 0.199591
0.258507 0.19962 0.19962
0.258558 0.199649 0.199649
0.25861 0.199679 0.199679
0.258661 0.199708 0.199708
0.258713 0.199738 0.199738
0.258764 0.199767 0.199767
0.258816 0.199797 0.199797
0.258867 0.199826 0.199826
0.258918 0.199855 0.199855
0.25897 0.199885 0.199885
0.259021 0.199914 0.199914
0.259073 0.199944 0.199944
0.259124 0.199973 0.199973
0.259176 0.200002 0.200003
0.259227 0.200032 0.200032
0.259279 0.200061 0.200061
0.25933 0.200091 0.200091
0.259381 0.20012 0.20012
0.259433 0.20015 0.20015
0.259484 0.200179 0.200179
0.259536 0.200208 0.200208
0.259587 0.200238 0.200238
0.259639 0.200267 0.200267
0.25969 0.200296 0.200297
0.259742 0.200326 0.200326
0.259793 0.200355 0.200355
0.259845 0.200385 0.200385
0.259896 0.200414 0.200414
0.259948 0.200443 0.200443
0.259999 0.200473 0.200473
0.26005 0.200502 0.200502
0.260102 0.200531 0.200532
0.260153 0.200561 0.200561
0.260205 0.20059 0.20059
0.260256 0.20062 0.20062
0.260308 0.200649 0.200649
0.260359 0.200678 0.200678
0.260411 0.200708 0.200708
0.260462 0.200737 0.200737
0.260514 0.200766 0.200766
0.260565 0.200796 0.200796
0.260617 0.200825 0.200825
0.260668 0.200854 0.200854
0.26072 0.200884 0.200884
0.260771 0.200913 0.200913
0.260823 0.200942 0.200942
0.260874 0.200972 0.200972
0.260926 0.201001 0.201001
0.260977 0.20103 0.20103
0.261029 0.20106 0.20106
0.26108 0.201089 0.201089
0.261132 0.201118 0.201118
0.261183 0.201147 0.201148
0.261235 0.201177 0.201177
0.261286 0.201206 0.201206
0.261338 0.201235 0.201235
0.261389 0.201265 0.201265
0.261441 0.201294 0.201294
0.261492 0.201323 0.201323
0.261544 0.201353 0.201353
0.261595 0.201382 0.201382
0.261647 0.201411 0.201411
0.261698 0.20144 0.20144
0.26175 0.20147 0.20147
0.261801 0.201499 0.201499
0.261853 0.201528 0.201528
0.261904 0.201557 0.201558
0.261956 0.201587 0.201587
0.262007 0.201616 0.201616
0.262059 0.201645 0.201645
0.26211 0.201674 0.201675
0.262162 0.201704 0.201704
0.262214 0.201733 0.201733
0.262265 0.201762 0.201762
0.262317 0.201791 0.201792
0.262368 0.201821 0.201821
0.26242 0.20185 0.20185
0.262471 0.201879 0.201879
0.262523 0.201908 0.201909
0.262574 0.201938 0.201938
0.262626 0.201967 0.201967
0.262677 0.201996 0.201996
0.262729 0.202025 0.202025
0.26278 0.202055 0.202055
0.262832 0.202084 0.202084
0.262883 0.202113 0.202113
0.262935 0.202142 0.202142
0.262987 0.202171 0.202172
0.263038 0.202201 0.202201
0.26309 0.20223 0.20223
0.263141 0.202259 0.202259
0.263193 0.202288 0.202288
0.263244 0.202317 0.202318
0.263296 0.202347 0.202347
0.263347 0.202376 0.202376
0.263399 0.202405 0.202405
0.263451 0.202434 0.202434
0.263502 0.202463 0.202463
0.263554 0.202492 0.202493
0.263605 0.202522 0.202522
0.263657 0.202551 0.202551
0.263708 0.20258 0.20258
0.26376 0.202609 0.202609
0.263812 0.202638 0.202638
0.263863 0.202667 0.202668
0.263915 0.202697 0.202697
0.263966 0.202726 0.202726
0.264018 0.202755 0.202755
0.264069 0.202784 0.202784
0.264121 0.202813 0.202813
0.264173 0.202842 0.202843
0.264224 0.202872 0.202872
0.264276 0.202901 0.202901
0.264327 0.20293 0.20293
0.264379 0.202959 0.202959
0.26443 0.202988 0.202988
0.264482 0.203017 0.203017
0.264534 0.203046 0.203046
0.264585 0.203075 0.203076
0.264637 0.203105 0.203105
0.264688 0.203134 0.203134
0.26474 0.203163 0.203163
0.264792 0.203192 0.203192
0.264843 0.203221 0.203221
0.264895 0.20325 0.20325
0.264946 0.203279 0.203279
0.264998 0.203308 0.203308
0.26505 0.203337 0.203338
0.265101 0.203367 0.203367
0.265153 0.203396 0.203396
0.265204 0.203425 0.203425
0.265256 0.203454 0.203454
0.265308 0.203483 0.203483
0.265359 0.203512 0.203512
0.265411 0.203541 0.203541
0.265462 0.20357 0.20357
0.265514 0.203599 0.203599
0.265566 0.203628 0.203628
0.265617 0.203657 0.203657
0.265669 0.203686 0.203686
0.265721 0.203715 0.203716
0.265772 0.203744 0.203745
0.265824 0.203774 0.203774
0.265875 0.203803 0.203803
0.265927 0.203832 0.203832
0.265979 0.203861 0.203861
0.26603 0.20389 0.20389
0.266082 0.203919 0.203919
0.266134 0.203948 0.203948
0.266185 0.203977 0.203977
0.266237 0.204006 0.204006
0.266288 0.204035 0.204035
0.26634 0.204064 0.204064
0.266392 0.204093 0.204093
0.266443 0.204122 0.204122
0.266495 0.204151 0.204151
0.266547 0.20418 0.20418
0.266598 0.204209 0.204209
0.26665 0.204238 0.204238
0.266702 0.204267 0.204267
0.266753 0.204296 0.204296
0.266805 0.204325 0.204325
0.266857 0.204354 0.204354
0.266908 0.204383 0.204383
0.26696 0.204412 0.204412
0.267012 0.204441 0.204441
0.267063 0.20447 0.20447
0.267115 0.204499 0.204499
0.267166 0.204528 0.204528
0.267218 0.204557 0.204557
0.26727 0.204586 0.204586
0.267321 0.204615 0.204615
0.267373 0.204644 0.204644
0.267425 0.204673 0.204673
0.267476 0.204702 0.204702
0.267528 0.204731 0.204731
0.26758 0.20476 0.20476
0.267631 0.204789 0.204789
0.267683 0.204818 0.204818
0.267735 0.204847 0.204847
0.267786 0.204876 0.204876
0.267838 0.204905 0.204905
0.26789 0.204933 0.204934
0.267942 0.204962 0.204963
0.267993 0.204991 0.204991
0.268045 0.20502 0.20502
0.268097 0.205049 0.205049
0.268148 0.205078 0.205078
0.2682 0.205107 0.205107
0.268252 0.205136 0.205136
0.268303 0.205165 0.205165
0.268355 0.205194 0.205194
0.268407 0.205223 0.205223
0.268458 0.205252 0.205252
0.26851 0.205281 0.205281
0.268562 0.205309 0.20531
0.268613 0.205338 0.205339
0.268665 0.205367 0.205367
0.268717 0.205396 0.205396
0.268769 0.205425 0.205425
0.26882 0.205454 0.205454
0.268872 0.205483 0.205483
0.268924 0.205512 0.205512
0.268975 0.205541 0.205541
0.269027 0.20557 0.20557
0.269079 0.205598 0.205599
0.26913 0.205627 0.205627
0.269182 0.205656 0.205656
0.269234 0.205685 0.205685
0.269286 0.205714 0.205714
0.269337 0.205743 0.205743
0.269389 0.205772 0.205772
0.269441 0.2058 0.205801
0.269492 0.205829 0.205829
0.269544 0.205858 0.205858
0.269596 0.205887 0.205887
0.269648 0.205916 0.205916
0.269699 0.205945 0.205945
0.269751 0.205974 0.205974
0.269803 0.206002 0.206003
0.269855 0.206031 0.206031
0.269906 0.20606 0.20606
0.269958 0.206089 0.206089
0.27001 0.206118 0.206118
0.270061 0.206147 0.206147
0.270113 0.206175 0.206176
0.270165 0.206204 0.206204
0.270217 0.206233 0.206233
0.270268 0.206262 0.206262
0.27032 0.206291 0.206291
0.270372 0.206319 0.20632
0.270424 0.206348 0.206348
0.270475 0.206377 0.206377
0.270527 0.206406 0.206406
0.270579 0.206435 0.206435
0.270631 0.206464 0.206464
0.270682 0.206492 0.206492
0.270734 0.206521 0.206521
0.270786 0.20655 0.20655
0.270838 0.206579 0.206579
0.270889 0.206607 0.206608
0.270941 0.206636 0.206636
0.270993 0.206665 0.206665
0.271045 0.206694 0.206694
0.271096 0.206723 0.206723
0.271148 0.206751 0.206751
0.2712 0.20678 0.20678
0.271252 0.206809 0.206809
0.271304 0.206838 0.206838
0.271355 0.206866 0.206867
0.271407 0.206895 0.206895
0.271459 0.206924 0.206924
0.271511 0.206953 0.206953
0.271562 0.206981 0.206982
0.271614 0.20701 0.20701
0.271666 0.207039 0.207039
0.271718 0.207068 0.207068
0.27177 0.207096 0.207096
0.271821 0.207125 0.207125
0.271873 0.207154 0.207154
0.271925 0.207183 0.207183
0.271977 0.207211 0.207211
0.272028 0.20724 0.20724
0.27208 0.207269 0.207269
0.272132 0.207297 0.207298
0.272184 0.207326 0.207326
0.272236 0.207355 0.207355
0.272287 0.207384 0.207384
0.272339 0.207412 0.207412
0.272391 0.207441 0.207441
0.272443 0.20747 0.20747
0.272495 0.207498 0.207498
0.272546 0.207527 0.207527
0.272598 0.207556 0.207556
0.27265 0.207584 0.207585
0.272702 0.207613 0.207613
0.272754 0.207642 0.207642
0.272805 0.20767 0.207671
0.272857 0.207699 0.207699
0.272909 0.207728 0.207728
0.272961 0.207757 0.207757
0.273013 0.207785 0.207785
0.273064 0.207814 0.207814
0.273116 0.207843 0.207843
0.273168 0.207871 0.207871
0.27322 0.2079 0.2079
0.273272 0.207928 0.207929
0.273324 0.207957 0.207957
0.273375 0.207986 0.207986
0.273427 0.208014 0.208015
0.273479 0.208043 0.208043
0.273531 0.208072 0.208072
0.273583 0.2081 0.208101
0.273635 0.208129 0.208129
0.273686 0.208158 0.208158
0.273738 0.208186 0.208186
0.27379 0.208215 0.208215
0.273842 0.208244 0.208244
0.273894 0.208272 0.208272
0.273946 0.208301 0.208301
0.273997 0.208329 0.20833
0.274049 0.208358 0.208358
0.274101 0.208387 0.208387
0.274153 0.208415 0.208415
0.274205 0.208444 0.208444
0.274257 0.208472 0.208473
0.274308 0.208501 0.208501
0.27436 0.20853 0.20853
0.274412 0.208558 0.208558
0.274464 0.208587 0.208587
0.274516 0.208615 0.208616
0.274568 0.208644 0.208644
0.27462 0.208673 0.208673
0.274671 0.208701 0.208701
0.274723 0.20873 0.20873
0.274775 0.208758 0.208758
0.274827 0.208787 0.208787
0.274879 0.208815 0.208816
0.274931 0.208844 0.208844
0.274983 0.208873 0.208873
0.275034 0.208901 0.208901
0.275086 0.20893 0.20893
0.275138 0.208958 0.208958
0.27519 0.208987 0.208987
0.275242 0.209015 0.209016
0.275294 0.209044 0.209044
0.275346 0.209072 0.209073
0.275398 0.209101 0.209101
0.275449 0.20913 0.20913
0.275501 0.209158 0.209158
0.275553 0.209187 0.209187
0.275605 0.209215 0.209215
0.275657 0.209244 0.209244
0.275709 0.209272 0.209272
0.275761 0.209301 0.209301
0.275813 0.209329 0.209329
0.275865 0.209358 0.209358
0.275916 0.209386 0.209386
0.275968 0.209415 0.209415
0.27602 0.209443 0.209443
0.276072 0.209472 0.209472
0.276124 0.2095 0.2095
0.276176 0.209529 0.209529
0.276228 0.209557 0.209557
0.27628 0.209586 0.209586
0.276332 0.209614 0.209614
0.276383 0.209643 0.209643
0.276435 0.209671 0.209671
0.276487 0.2097 0.2097
0.276539 0.209728 0.209728
0.276591 0.209757 0.209757
0.276643 0.209785 0.209785
0.276695 0.209814 0.209814
0.276747 0.209842 0.209842
0.276799 0.209871 0.209871
0.276851 0.209899 0.209899
0.276903 0.209928 0.209928
0.276955 0.209956 0.209956
0.277006 0.209984 0.209985
0.277058 0.210013 0.210013
0.27711 0.210041 0.210042
0.277162 0.21007 0.21007
0.277214 0.210098 0.210098
0.277266 0.210127 0.210127
0.277318 0.210155 0.210155
0.27737 0.210184 0.210184
0.277422 0.210212 0.210212
0.277474 0.21024 0.210241
0.277526 0.210269 0.210269
0.277578 0.210297 0.210297
0.27763 0.210326 0.210326
0.277682 0.210354 0.210354
0.277733 0.210383 0.210383
0.277785 0.210411 0.210411
0.277837 0.210439 0.21044
0.277889 0.210468 0.210468
0.277941 0.210496 0.210496
0.277993 0.210525 0.210525
0.278045 0.210553 0.210553
0.278097 0.210581 0.210582
0.278149 0.21061 0.21061
0.278201 0.210638 0.210638
0.278253 0.210667 0.210667
0.278305 0.210695 0.210695
0.278357 0.210723 0.210724
0.278409 0.210752 0.210752
0.278461 0.21078 0.21078
0.278513 0.210809 0.210809
0.278565 0.210837 0.210837
0.278617 0.210865 0.210865
0.278669 0.210894 0.210894
0.278721 0.210922 0.210922
0.278773 0.21095 0.210951
0.278825 0.210979 0.210979
0.278877 0.211007 0.211007
0.278929 0.211035 0.211036
0.27898 0.211064 0.211064
0.279032 0.211092 0.211092
0.279084 0.211121 0.211121
0.279136 0.211149 0.211149
0.279188 0.211177 0.211177
0.27924 0.211206 0.211206
0.279292 0.211234 0.211234
0.279344 0.211262 0.211262
0.279396 0.211291 0.211291
0.279448 0.211319 0.211319
0.2795 0.211347 0.211347
0.279552 0.211376 0.211376
0.279604 0.211404 0.211404
0.279656 0.211432 0.211432
0.279708 0.21146 0.211461
0.27976 0.211489 0.211489
0.279812 0.211517 0.211517
0.279864 0.211545 0.211546
0.279916 0.211574 0.211574
0.279968 0.211602 0.211602
0.28002 0.21163 0.21163
0.280072 0.211659 0.211659
0.280124 0.211687 0.211687
0.280176 0.211715 0.211715
0.280228 0.211743 0.211744
0.28028 0.211772 0.211772
0.280332 0.2118 0.2118
0.280384 0.211828 0.211828
0.280436 0.211857 0.211857
0.280488 0.211885 0.211885
0.28054 0.211913 0.211913
0.280592 0.211941 0.211942
0.280644 0.21197 0.21197
0.280696 0.211998 0.211998
0.280748 0.212026 0.212026
0.2808 0.212054 0.212055
0.280853 0.212083 0.212083
0.280905 0.212111 0.212111
0.280957 0.212139 0.212139
0.281009 0.212167 0.212168
0.281061 0.212196 0.212196
0.281113 0.212224 0.212224
0.281165 0.212252 0.212252
0.281217 0.21228 0.212281
0.281269 0.212309 0.212309
0.281321 0.212337 0.212337
0.281373 0.212365 0.212365
0.281425 0.212393 0.212393
0.281477 0.212422 0.212422
0.281529 0.21245 0.21245
0.281581 0.212478 0.212478
0.281633 0.212506 0.212506
0.281685 0.212534 0.212535
0.281737 0.212563 0.212563
0.281789 0.212591 0.212591
0.281841 0.212619 0.212619
0.281893 0.212647 0.212647
0.281945 0.212675 0.212676
0.281997 0.212704 0.212704
0.282049 0.212732 0.212732
0.282102 0.21276 0.21276
0.282154 0.212788 0.212788
0.282206 0.212816 0.212817
0.282258 0.212845 0.212845
0.28231 0.212873 0.212873
0.282362 0.212901 0.212901
0.282414 0.212929 0.212929
0.282466 0.212957 0.212957
0.282518 0.212985 0.212986
0.28257 0.213014 0.213014
0.282622 0.213042 0.213042
0.282674 0.21307 0.21307
0.282726 0.213098 0.213098
0.282778 0.213126 0.213126
0.282831 0.213154 0.213155
0.282883 0.213183 0.213183
0.282935 0.213211 0.213211
0.282987 0.213239 0.213239
0.283039 0.213267 0.213267
0.283091 0.213295 0.213295
0.283143 0.213323 0.213323
0.283195 0.213351 0.213351
0.283247 0.213379 0.21338
0.283299 0.213408 0.213408
0.283351 0.213436 0.213436
0.283404 0.213464 0.213464
0.283456 0.213492 0.213492
0.283508 0.21352 0.21352
0.28356 0.213548 0.213548
0.283612 0.213576 0.213576
0.283664 0.213604 0.213605
0.283716 0.213632 0.213633
0.283768 0.213661 0.213661
0.28382 0.213689 0.213689
0.283872 0.213717 0.213717
0.283925 0.213745 0.213745
0.283977 0.213773 0.213773
0.284029 0.213801 0.213801
0.284081 0.213829 0.213829
0.284133 0.213857 0.213857
0.284185 0.213885 0.213885
0.284237 0.213913 0.213914
0.284289 0.213941 0.213942
0.284341 0.21397 0.21397
0.284394 0.213998 0.213998
0.284446 0.214026 0.214026
0.284498 0.214054 0.214054
0.28455 0.214082 0.214082
0.284602 0.21411 0.21411
0.284654 0.214138 0.214138
0.284706 0.214166 0.214166
0.284758 0.214194 0.214194
0.284811 0.214222 0.214222
0.284863 0.21425 0.21425
0.284915 0.214278 0.214278
0.284967 0.214306 0.214306
0.285019 0.214334 0.214334
0.285071 0.214362 0.214362
0.285123 0.21439 0.21439
0.285176 0.214418 0.214418
0.285228 0.214446 0.214446
0.28528 0.214474 0.214475
0.285332 0.214502 0.214503
0.285384 0.21453 0.214531
0.285436 0.214558 0.214559
0.285489 0.214586 0.214587
0.285541 0.214614 0.214615
0.285593 0.214642 0.214643
0.285645 0.21467 0.214671
0.285697 0.214698 0.214699
0.285749 0.214726 0.214727
0.285801 0.214754 0.214755
0.285854 0.214782 0.214783
0.285906 0.21481 0.214811
0.285958 0.214838 0.214839
0.28601 0.214866 0.214867
0.286062 0.214894 0.214895
0.286114 0.214922 0.214922
0.286167 0.21495 0.21495
0.286219 0.214978 0.214978
0.286271 0.215006 0.215006
0.286323 0.215034 0.215034
0.286375 0.215062 0.215062
0.286428 0.21509 0.21509
0.28648 0.215118 0.215118
0.286532 0.215146 0.215146
0.286584 0.215174 0.215174
0.286636 0.215202 0.215202
0.286688 0.21523 0.21523
0.286741 0.215258 0.215258
0.286793 0.215286 0.215286
0.286845 0.215314 0.215314
0.286897 0.215342 0.215342
0.286949 0.21537 0.21537
0.287002 0.215398 0.215398
0.287054 0.215425 0.215426
0.287106 0.215453 0.215454
0.287158 0.215481 0.215481
0.28721 0.215509 0.215509
0.287263 0.215537 0.215537
0.287315 0.215565 0.215565
0.287367 0.215593 0.215593
0.287419 0.215621 0.215621
0.287471 0.215649 0.215649
0.287524 0.215677 0.215677
0.287576 0.215705 0.215705
0.287628 0.215733 0.215733
0.28768 0.21576 0.215761
0.287732 0.215788 0.215788
0.287785 0.215816 0.215816
0.287837 0.215844 0.215844
0.287889 0.215872 0.215872
0.287941 0.2159 0.2159
0.287994 0.215928 0.215928
0.288046 0.215956 0.215956
0.288098 0.215983 0.215984
0.28815 0.216011 0.216012
0.288202 0.216039 0.216039
0.288255 0.216067 0.216067
0.288307 0.216095 0.216095
0.288359 0.216123 0.216123
0.288411 0.216151 0.216151
0.288464 0.216179 0.216179
0.288516 0.216206 0.216207
0.288568 0.216234 0.216234
0.28862 0.216262 0.216262
0.288673 0.21629 0.21629
0.288725 0.216318 0.216318
0.288777 0.216346 0.216346
0.288829 0.216373 0.216374
0.288882 0.216401 0.216401
0.288934 0.216429 0.216429
0.288986 0.216457 0.216457
0.289038 0.216485 0.216485
0.289091 0.216513 0.216513
0.289143 0.21654 0.216541
0.289195 0.216568 0.216568
0.289247 0.216596 0.216596
0.2893 0.216624 0.216624
0.289352 0.216652 0.216652
0.289404 0.216679 0.21668
0.289456 0.216707 0.216707
0.289509 0.216735 0.216735
0.289561 0.216763 0.216763
0.289613 0.216791 0.216791
0.289665 0.216818 0.216819
0.289718 0.216846 0.216846
0.28977 0.216874 0.216874
0.289822 0.216902 0.216902
0.289875 0.21693 0.21693
0.289927 0.216957 0.216958
0.289979 0.216985 0.216985
0.290031 0.217013 0.217013
0.290084 0.217041 0.217041
0.290136 0.217068 0.217069
0.290188 0.217096 0.217096
0.290241 0.217124 0.217124
0.290293 0.217152 0.217152
0.290345 0.21718 0.21718
0.290397 0.217207 0.217207
0.29045 0.217235 0.217235
0.290502 0.217263 0.217263
0.290554 0.217291 0.217291
0.290607 0.217318 0.217318
0.290659 0.217346 0.217346
0.290711 0.217374 0.217374
0.290763 0.217401 0.217402
0.290816 0.217429 0.217429
0.290868 0.217457 0.217457
0.29092 0.217485 0.217485
0.290973 0.217512 0.217513
0.291025 0.21754 0.21754
0.291077 0.217568 0.217568
0.29113 0.217596 0.217596
0.291182 0.217623 0.217623
0.291234 0.217651 0.217651
0.291287 0.217679 0.217679
0.291339 0.217706 0.217707
0.291391 0.217734 0.217734
0.291444 0.217762 0.217762
0.291496 0.21779 0.21779
0.291548 0.217817 0.217817
0.2916 0.217845 0.217845
0.291653 0.217873 0.217873
0.291705 0.2179 0.2179
0.291757 0.217928 0.217928
0.29181 0.217956 0.217956
0.291862 0.217983 0.217984
0.291914 0.218011 0.218011
0.291967 0.218039 0.218039
0.292019 0.218066 0.218067
0.292071 0.218094 0.218094
0.292124 0.218122 0.218122
0.292176 0.218149 0.21815
0.292228 0.218177 0.218177
0.292281 0.218205 0.218205
0.292333 0.218232 0.218232
0.292386 0.21826 0.21826
0.292438 0.218288 0.218288
0.29249 0.218315 0.218315
0.292543 0.218343 0.218343
0.292595 0.218371 0.218371
0.292647 0.218398 0.218398
0.2927 0.218426 0.218426
0.292752 0.218453 0.218454
0.292804 0.218481 0.218481
0.292857 0.218509 0.218509
0.292909 0.218536 0.218537
0.292961 0.218564 0.218564
0.293014 0.218592 0.218592
0.293066 0.218619 0.218619
0.293119 0.218647 0.218647
0.293171 0.218674 0.218675
0.293223 0.218702 0.218702
0.293276 0.21873 0.21873
0.293328 0.218757 0.218757
0.29338 0.218785 0.218785
0.293433 0.218812 0.218813
0.293485 0.21884 0.21884
0.293538 0.218868 0.218868
0.29359 0.218895 0.218895
0.293642 0.218923 0.218923
0.293695 0.21895 0.218951
0.293747 0.218978 0.218978
0.293799 0.219006 0.219006
0.293852 0.219033 0.219033
0.293904 0.219061 0.219061
0.293957 0.219088 0.219088
0.294009 0.219116 0.219116
0.294061 0.219143 0.219144
0.294114 0.219171 0.219171
0.294166 0.219199 0.219199
0.294219 0.219226 0.219226
0.294271 0.219254 0.219254
0.294323 0.219281 0.219281
0.294376 0.219309 0.219309
0.294428 0.219336 0.219336
0.294481 0.219364 0.219364
0.294533 0.219391 0.219392
0.294585 0.219419 0.219419
0.294638 0.219446 0.219447
0.29469 0.219474 0.219474
0.294743 0.219502 0.219502
0.294795 0.219529 0.219529
0.294847 0.219557 0.219557
0.2949 0.219584 0.219584
0.294952 0.219612 0.219612
0.295005 0.219639 0.219639
0.295057 0.219667 0.219667
0.29511 0.219694 0.219694
0.295162 0.219722 0.219722
0.295214 0.219749 0.219749
0.295267 0.219777 0.219777
0.295319 0.219804 0.219804
0.295372 0.219832 0.219832
0.295424 0.219859 0.219859
0.295477 0.219887 0.219887
0.295529 0.219914 0.219914
0.295581 0.219942 0.219942
0.295634 0.219969 0.219969
0.295686 0.219997 0.219997
0.295739 0.220024 0.220024
0.295791 0.220052 0.220052
0.295844 0.220079 0.220079
0.295896 0.220106 0.220107
0.295949 0.220134 0.220134
0.296001 0.220161 0.220162
0.296053 0.220189 0.220189
0.296106 0.220216 0.220217
0.296158 0.220244 0.220244
0.296211 0.220271 0.220271
0.296263 0.220299 0.220299
0.296316 0.220326 0.220326
0.296368 0.220354 0.220354
0.296421 0.220381 0.220381
0.296473 0.220408 0.220409
0.296526 0.220436 0.220436
0.296578 0.220463 0.220464
0.29663 0.220491 0.220491
0.296683 0.220518 0.220518
0.296735 0.220546 0.220546
0.296788 0.220573 0.220573
0.29684 0.2206 0.220601
0.296893 0.220628 0.220628
0.296945 0.220655 0.220656
0.296998 0.220683 0.220683
0.29705 0.22071 0.22071
0.297103 0.220738 0.220738
0.297155 0.220765 0.220765
0.297208 0.220792 0.220793
0.29726 0.22082 0.22082
0.297313 0.220847 0.220847
0.297365 0.220875 0.220875
0.297418 0.220902 0.220902
0.29747 0.220929 0.22093
0.297523 0.220957 0.220957
0.297575 0.220984 0.220984
0.297628 0.221011 0.221012
0.29768 0.221039 0.221039
0.297733 0.221066 0.221066
0.297785 0.221094 0.221094
0.297838 0.221121 0.221121
0.29789 0.221148 0.221149
0.297943 0.221176 0.221176
0.297995 0.221203 0.221203
0.298048 0.22123 0.221231
0.2981 0.221258 0.221258
0.298153 0.221285 0.221285
0.298205 0.221313 0.221313
0.298258 0.22134 0.22134
0.29831 0.221367 0.221367
0.298363 0.221395 0.221395
0.298415 0.221422 0.221422
0.298468 0.221449 0.221449
0.29852 0.221477 0.221477
0.298573 0.221504 0.221504
0.298625 0.221531 0.221531
0.298678 0.221559 0.221559
0.29873 0.221586 0.221586
0.298783 0.221613 0.221613
0.298835 0.221641 0.221641
0.298888 0.221668 0.221668
0.298941 0.221695 0.221695
0.298993 0.221722 0.221723
0.299046 0.22175 0.22175
0.299098 0.221777 0.221777
0.299151 0.221804 0.221805
0.299203 0.221832 0.221832
0.299256 0.221859 0.221859
0.299308 0.221886 0.221886
0.299361 0.221914 0.221914
0.299413 0.221941 0.221941
0.299466 0.221968 0.221968
0.299518 0.221995 0.221996
0.299571 0.222023 0.222023
0.299624 0.22205 0.22205
0.299676 0.222077 0.222077
0.299729 0.222105 0.222105
0.299781 0.222132 0.222132
0.299834 0.222159 0.222159
0.299886 0.222186 0.222187
0.299939 0.222214 0.222214
0.299991 0.222241 0.222241
0.300044 0.222268 0.222268
0.300097 0.222295 0.222296
0.300149 0.222323 0.222323
0.300202 0.22235 0.22235
0.300254 0.222377 0.222377
0.300307 0.222404 0.222405
0.300359 0.222432 0.222432
0.300412 0.222459 0.222459
0.300465 0.222486 0.222486
0.300517 0.222513 0.222514
0.30057 0.222541 0.222541
0.300622 0.222568 0.222568
0.300675 0.222595 0.222595
0.300728 0.222622 0.222622
0.30078 0.222649 0.22265
0.300833 0.222677 0.222677
0.300885 0.222704 0.222704
0.300938 0.222731 0.222731
0.30099 0.222758 0.222758
0.301043 0.222786 0.222786
0.301096 0.222813 0.222813
0.301148 0.22284 0.22284
0.301201 0.222867 0.222867
0.301253 0.222894 0.222894
0.301306 0.222921 0.222922
0.301359 0.222949 0.222949
0.301411 0.222976 0.222976
0.301464 0.223003 0.223003
0.301516 0.22303 0.22303
0.301569 0.223057 0.223058
0.301622 0.223085 0.223085
0.301674 0.223112 0.223112
0.301727 0.223139 0.223139
0.30178 0.223166 0.223166
0.301832 0.223193 0.223193
0.301885 0.22322 0.223221
0.301937 0.223248 0.223248
0.30199 0.223275 0.223275
0.302043 0.223302 0.223302
0.302095 0.223329 0.223329
0.302148 0.223356 0.223356
0.302201 0.223383 0.223384
0.302253 0.223411 0.223411
0.302306 0.223438 0.223438
0.302358 0.223465 0.223465
0.302411 0.223492 0.223492
0.302464 0.223519 0.223519
0.302516 0.223546 0.223546
0.302569 0.223573 0.223574
0.302622 0.2236 0.223601
0.302674 0.223628 0.223628
0.302727 0.223655 0.223655
0.30278 0.223682 0.223682
0.302832 0.223709 0.223709
0.302885 0.223736 0.223736
0.302937 0.223763 0.223763
0.30299 0.22379 0.22379
0.303043 0.223817 0.223818
0.303095 0.223844 0.223845
0.303148 0.223872 0.223872
0.303201 0.223899 0.223899
0.303253 0.223926 0.223926
0.303306 0.223953 0.223953
0.303359 0.22398 0.22398
0.303411 0.224007 0.224007
0.303464 0.224034 0.224034
0.303517 0.224061 0.224061
0.303569 0.224088 0.224088
0.303622 0.224115 0.224116
0.303675 0.224142 0.224143
0.303727 0.224169 0.22417
0.30378 0.224197 0.224197
0.303833 0.224224 0.224224
0.303885 0.224251 0.224251
0.303938 0.224278 0.224278
0.303991 0.224305 0.224305
0.304043 0.224332 0.224332
0.304096 0.224359 0.224359
0.304149 0.224386 0.224386
0.304201 0.224413 0.224413
0.304254 0.22444 0.22444
0.304307 0.224467 0.224467
0.30436 0.224494 0.224494
0.304412 0.224521 0.224521
0.304465 0.224548 0.224548
0.304518 0.224575 0.224575
0.30457 0.224602 0.224602
0.304623 0.224629 0.224629
0.304676 0.224656 0.224656
0.304728 0.224683 0.224683
0.304781 0.22471 0.22471
0.304834 0.224737 0.224737
0.304887 0.224764 0.224764
0.304939 0.224791 0.224791
0.304992 0.224818 0.224819
0.305045 0.224845 0.224846
0.305097 0.224872 0.224873
0.30515 0.224899 0.224899
0.305203 0.224926 0.224926
0.305256 0.224953 0.224953
0.305308 0.22498 0.22498
0.305361 0.225007 0.225007
0.305414 0.225034 0.225034
0.305466 0.225061 0.225061
0.305519 0.225088 0.225088
0.305572 0.225115 0.225115
0.305625 0.225142 0.225142
0.305677 0.225169 0.225169
0.30573 0.225196 0.225196
0.305783 0.225223 0.225223
0.305835 0.22525 0.22525
0.305888 0.225277 0.225277
0.305941 0.225304 0.225304
0.305994 0.225331 0.225331
0.306046 0.225358 0.225358
0.306099 0.225385 0.225385
0.306152 0.225412 0.225412
0.306205 0.225439 0.225439
0.306257 0.225466 0.225466
0.30631 0.225493 0.225493
0.306363 0.225519 0.22552
0.306416 0.225546 0.225547
0.306468 0.225573 0.225574
0.306521 0.2256 0.2256
0.306574 0.225627 0.225627
0.306627 0.225654 0.225654
0.306679 0.225681 0.225681
0.306732 0.225708 0.225708
0.306785 0.225735 0.225735
0.306838 0.225762 0.225762
0.30689 0.225789 0.225789
0.306943 0.225816 0.225816
0.306996 0.225842 0.225843
0.307049 0.225869 0.22587
0.307102 0.225896 0.225896
0.307154 0.225923 0.225923
0.307207 0.22595 0.22595
0.30726 0.225977 0.225977
0.307313 0.226004 0.226004
0.307365 0.226031 0.226031
0.307418 0.226058 0.226058
0.307471 0.226084 0.226085
0.307524 0.226111 0.226112
0.307577 0.226138 0.226138
0.307629 0.226165 0.226165
0.307682 0.226192 0.226192
0.307735 0.226219 0.226219
0.307788 0.226246 0.226246
0.30784 0.226273 0.226273
0.307893 0.226299 0.2263
0.307946 0.226326 0.226326
0.307999 0.226353 0.226353
0.308052 0.22638 0.22638
0.308104 0.226407 0.226407
0.308157 0.226434 0.226434
0.30821 0.226461 0.226461
0.308263 0.226487 0.226488
0.308316 0.226514 0.226514
0.308368 0.226541 0.226541
0.308421 0.226568 0.226568
0.308474 0.226595 0.226595
0.308527 0.226622 0.226622
0.30858 0.226648 0.226649
0.308633 0.226675 0.226675
0.308685 0.226702 0.226702
0.308738 0.226729 0.226729
0.308791 0.226756 0.226756
0.308844 0.226782 0.226783
0.308897 0.226809 0.226809
0.308949 0.226836 0.226836
0.309002 0.226863 0.226863
0.309055 0.22689 0.22689
0.309108 0.226916 0.226917
0.309161 0.226943 0.226943
0.309214 0.22697 0.22697
0.309266 0.226997 0.226997
0.309319 0.227024 0.227024
0.309372 0.22705 0.227051
0.309425 0.227077 0.227077
0.309478 0.227104 0.227104
0.309531 0.227131 0.227131
0.309583 0.227157 0.227158
0.309636 0.227184 0.227184
0.309689 0.227211 0.227211
0.309742 0.227238 0.227238
0.309795 0.227265 0.227265
0.309848 0.227291 0.227291
0.309901 0.227318 0.227318
0.309953 0.227345 0.227345
0.310006 0.227372 0.227372
0.310059 0.227398 0.227398
0.310112 0.227425 0.227425
0.310165 0.227452 0.227452
0.310218 0.227479 0.227479
0.310271 0.227505 0.227505
0.310323 0.227532 0.227532
0.310376 0.227559 0.227559
0.310429 0.227585 0.227586
0.310482 0.227612 0.227612
0.310535 0.227639 0.227639
0.310588 0.227666 0.227666
0.310641 0.227692 0.227693
0.310694 0.227719 0.227719
0.310746 0.227746 0.227746
0.310799 0.227772 0.227773
0.310852 0.227799 0.227799
0.310905 0.227826 0.227826
0.310958 0.227853 0.227853
0.311011 0.227879 0.227879
0.311064 0.227906 0.227906
0.311117 0.227933 0.227933
0.311169 0.227959 0.22796
0.311222 0.227986 0.227986
0.311275 0.228013 0.228013
0.311328 0.228039 0.22804
0.311381 0.228066 0.228066
0.311434 0.228093 0.228093
0.311487 0.228119 0.22812
0.31154 0.228146 0.228146
0.311593 0.228173 0.228173
0.311646 0.228199 0.2282
0.311698 0.228226 0.228226
0.311751 0.228253 0.228253
0.311804 0.228279 0.22828
0.311857 0.228306 0.228306
0.31191 0.228333 0.228333
0.311963 0.228359 0.22836
0.312016 0.228386 0.228386
0.312069 0.228413 0.228413
0.312122 0.228439 0.22844
0.312175 0.228466 0.228466
0.312228 0.228493 0.228493
0.312281 0.228519 0.228519
0.312333 0.228546 0.228546
0.312386 0.228573 0.228573
0.312439 0.228599 0.228599
0.312492 0.228626 0.228626
0.312545 0.228652 0.228653
0.312598 0.228679 0.228679
0.312651 0.228706 0.228706
0.312704 0.228732 0.228732
0.312757 0.228759 0.228759
0.31281 0.228785 0.228786
0.312863 0.228812 0.228812
0.312916 0.228839 0.228839
0.312969 0.228865 0.228865
0.313022 0.228892 0.228892
0.313075 0.228918 0.228919
0.313128 0.228945 0.228945
0.31318 0.228972 0.228972
0.313233 0.228998 0.228998
0.313286 0.229025 0.229025
0.313339 0.229051 0.229052
0.313392 0.229078 0.229078
0.313445 0.229105 0.229105
0.313498 0.229131 0.229131
0.313551 0.229158 0.229158
0.313604 0.229184 0.229185
0.313657 0.229211 0.229211
0.31371 0.229237 0.229238
0.313763 0.229264 0.229264
0.313816 0.229291 0.229291
0.313869 0.229317 0.229317
0.313922 0.229344 0.229344
0.313975 0.22937 0.22937
0.314028 0.229397 0.229397
0.314081 0.229423 0.229424
0.314134 0.22945 0.22945
0.314187 0.229476 0.229477
0.31424 0.229503 0.229503
0.314293 0.229529 0.22953
0.314346 0.229556 0.229556
0.314399 0.229583 0.229583
0.314452 0.229609 0.229609
0.314505 0.229636 0.229636
0.314558 0.229662 0.229662
0.314611 0.229689 0.229689
0.314664 0.229715 0.229715
0.314717 0.229742 0.229742
0.31477 0.229768 0.229768
0.314823 0.229795 0.229795
0.314876 0.229821 0.229821
0.314929 0.229848 0.229848
0.314982 0.229874 0.229874
0.315035 0.229901 0.229901
0.315088 0.229927 0.229927
0.315141 0.229954 0.229954
0.315194 0.22998 0.22998
0.315247 0.230007 0.230007
0.3153 0.230033 0.230033
0.315353 0.23006 0.23006
0.315406 0.230086 0.230086
0.315459 0.230113 0.230113
0.315512 0.230139 0.230139
0.315565 0.230165 0.230166
0.315618 0.230192 0.230192
0.315671 0.230218 0.230219
0.315724 0.230245 0.230245
0.315777 0.230271 0.230272
0.31583 0.230298 0.230298
0.315883 0.230324 0.230324
0.315936 0.230351 0.230351
0.315989 0.230377 0.230377
0.316042 0.230404 0.230404
0.316095 0.23043 0.23043
0.316148 0.230456 0.230457
0.316201 0.230483 0.230483
0.316254 0.230509 0.23051
0.316307 0.230536 0.230536
0.31636 0.230562 0.230562
0.316413 0.230589 0.230589
0.316466 0.230615 0.230615
0.31652 0.230641 0.230642
0.316573 0.230668 0.230668
0.316626 0.230694 0.230695
0.316679 0.230721 0.230721
0.316732 0.230747 0.230747
0.316785 0.230774 0.230774
0.316838 0.2308 0.2308
0.316891 0.230826 0.230827
0.316944 0.230853 0.230853
0.316997 0.230879 0.230879
0.31705 0.230906 0.230906
0.317103 0.230932 0.230932
0.317156 0.230958 0.230959
0.317209 0.230985 0.230985
0.317262 0.231011 0.231011
0.317315 0.231037 0.231038
0.317369 0.231064 0.231064
0.317422 0.23109 0.23109
0.317475 0.231117 0.231117
0.317528 0.231143 0.231143
0.317581 0.231169 0.23117
0.317634 0.231196 0.231196
0.317687 0.231222 0.231222
0.31774 0.231248 0.231249
0.317793 0.231275 0.231275
0.317846 0.231301 0.231301
0.317899 0.231328 0.231328
0.317952 0.231354 0.231354
0.318006 0.23138 0.23138
0.318059 0.231407 0.231407
0.318112 0.231433 0.231433
0.318165 0.231459 0.231459
0.318218 0.231486 0.231486
0.318271 0.231512 0.231512
0.318324 0.231538 0.231538
0.318377 0.231565 0.231565
0.31843 0.231591 0.231591
0.318484 0.231617 0.231617
0.318537 0.231644 0.231644
0.31859 0.23167 0.23167
0.318643 0.231696 0.231696
0.318696 0.231723 0.231723
0.318749 0.231749 0.231749
0.318802 0.231775 0.231775
0.318855 0.231801 0.231802
0.318908 0.231828 0.231828
0.318962 0.231854 0.231854
0.319015 0.23188 0.231881
0.319068 0.231907 0.231907
0.319121 0.231933 0.231933
0.319174 0.231959 0.231959
0.319227 0.231986 0.231986
0.31928 0.232012 0.232012
0.319333 0.232038 0.232038
0.319387 0.232064 0.232065
0.31944 0.232091 0.232091
0.319493 0.232117 0.232117
0.319546 0.232143 0.232143
0.319599 0.232169 0.23217
0.319652 0.232196 0.232196
0.319705 0.232222 0.232222
0.319759 0.232248 0.232248
0.319812 0.232274 0.232275
0.319865 0.232301 0.232301
0.319918 0.232327 0.232327
0.319971 0.232353 0.232353
0.320024 0.232379 0.23238
0.320078 0.232406 0.232406
0.320131 0.232432 0.232432
0.320184 0.232458 0.232458
0.320237 0.232484 0.232485
0.32029 0.232511 0.232511
0.320343 0.232537 0.232537
0.320397 0.232563 0.232563
0.32045 0.232589 0.23259
0.320503 0.232616 0.232616
0.320556 0.232642 0.232642
0.320609 0.232668 0.232668
0.320662 0.232694 0.232694
0.320716 0.23272 0.232721
0.320769 0.232747 0.232747
0.320822 0.232773 0.232773
0.320875 0.232799 0.232799
0.320928 0.232825 0.232826
0.320981 0.232852 0.232852
0.321035 0.232878 0.232878
0.321088 0.232904 0.232904
0.321141 0.23293 0.23293
0.321194 0.232956 0.232957
0.321247 0.232982 0.232983
0.321301 0.233009 0.233009
0.321354 0.233035 0.233035
0.321407 0.233061 0.233061
0.32146 0.233087 0.233087
0.321513 0.233113 0.233114
0.321567 0.23314 0.23314
0.32162 0.233166 0.233166
0.321673 0.233192 0.233192
0.321726 0.233218 0.233218
0.321779 0.233244 0.233244
0.321833 0.23327 0.233271
0.321886 0.233296 0.233297
0.321939 0.233323 0.233323
0.321992 0.233349 0.233349
0.322045 0.233375 0.233375
0.322099 0.233401 0.233401
0.322152 0.233427 0.233427
0.322205 0.233453 0.233454
0.322258 0.23348 0.23348
0.322312 0.233506 0.233506
0.322365 0.233532 0.233532
0.322418 0.233558 0.233558
0.322471 0.233584 0.233584
0.322525 0.23361 0.23361
0.322578 0.233636 0.233636
0.322631 0.233662 0.233663
0.322684 0.233688 0.233689
0.322737 0.233715 0.233715
0.322791 0.233741 0.233741
0.322844 0.233767 0.233767
0.322897 0.233793 0.233793
0.32295 0.233819 0.233819
0.323004 0.233845 0.233845
0.323057 0.233871 0.233871
0.32311 0.233897 0.233898
0.323163 0.233923 0.233924
0.323217 0.23395 0.23395
0.32327 0.233976 0.233976
0.323323 0.234002 0.234002
0.323376 0.234028 0.234028
0.32343 0.234054 0.234054
0.323483 0.23408 0.23408
0.323536 0.234106 0.234106
0.32359 0.234132 0.234132
0.323643 0.234158 0.234158
0.323696 0.234184 0.234184
0.323749 0.23421 0.23421
0.323803 0.234236 0.234237
0.323856 0.234262 0.234263
0.323909 0.234288 0.234289
0.323962 0.234314 0.234315
0.324016 0.234341 0.234341
0.324069 0.234367 0.234367
0.324122 0.234393 0.234393
0.324176 0.234419 0.234419
0.324229 0.234445 0.234445
0.324282 0.234471 0.234471
0.324335 0.234497 0.234497
0.324389 0.234523 0.234523
0.324442 0.234549 0.234549
0.324495 0.234575 0.234575
0.324549 0.234601 0.234601
0.324602 0.234627 0.234627
0.324655 0.234653 0.234653
0.324708 0.234679 0.234679
0.324762 0.234705 0.234705
0.324815 0.234731 0.234731
0.324868 0.234757 0.234757
0.324922 0.234783 0.234783
0.324975 0.234809 0.234809
0.325028 0.234835 0.234835
0.325082 0.234861 0.234861
0.325135 0.234887 0.234887
0.325188 0.234913 0.234913
0.325242 0.234939 0.234939
0.325295 0.234965 0.234965
0.325348 0.234991 0.234991
0.325401 0.235017 0.235017
0.325455 0.235043 0.235043
0.325508 0.235069 0.235069
0.325561 0.235095 0.235095
0.325615 0.235121 0.235121
0.325668 0.235147 0.235147
0.325721 0.235173 0.235173
0.325775 0.235199 0.235199
0.325828 0.235225 0.235225
0.325881 0.235251 0.235251
0.325935 0.235277 0.235277
0.325988 0.235302 0.235303
0.326041 0.235328 0.235329
0.326095 0.235354 0.235355
0.326148 0.23538 0.235381
0.326201 0.235406 0.235406
0.326255 0.235432 0.235432
0.326308 0.235458 0.235458
0.326362 0.235484 0.235484
0.326415 0.23551 0.23551
0.326468 0.235536 0.235536
0.326522 0.235562 0.235562
0.326575 0.235588 0.235588
0.326628 0.235614 0.235614
0.326682 0.23564 0.23564
0.326735 0.235666 0.235666
0.326788 0.235691 0.235692
0.326842 0.235717 0.235718
0.326895 0.235743 0.235743
0.326948 0.235769 0.235769
0.327002 0.235795 0.235795
0.327055 0.235821 0.235821
0.327109 0.235847 0.235847
0.327162 0.235873 0.235873
0.327215 0.235899 0.235899
0.327269 0.235925 0.235925
0.327322 0.23595 0.235951
0.327376 0.235976 0.235977
0.327429 0.236002 0.236002
0.327482 0.236028 0.236028
0.327536 0.236054 0.236054
0.327589 0.23608 0.23608
0.327642 0.236106 0.236106
0.327696 0.236132 0.236132
0.327749 0.236157 0.236158
0.327803 0.236183 0.236183
0.327856 0.236209 0.236209
0.327909 0.236235 0.236235
0.327963 0.236261 0.236261
0.328016 0.236287 0.236287
0.32807 0.236313 0.236313
0.328123 0.236338 0.236339
0.328176 0.236364 0.236364
0.32823 0.23639 0.23639
0.328283 0.236416 0.236416
0.328337 0.236442 0.236442
0.32839 0.236468 0.236468
0.328443 0.236493 0.236494
0.328497 0.236519 0.236519
0.32855 0.236545 0.236545
0.328604 0.236571 0.236571
0.328657 0.236597 0.236597
0.328711 0.236623 0.236623
0.328764 0.236648 0.236649
0.328817 0.236674 0.236674
0.328871 0.2367 0.2367
0.328924 0.236726 0.236726
0.328978 0.236752 0.236752
0.329031 0.236777 0.236778
0.329085 0.236803 0.236803
0.329138 0.236829 0.236829
0.329191 0.236855 0.236855
0.329245 0.236881 0.236881
0.329298 0.236906 0.236907
0.329352 0.236932 0.236932
0.329405 0.236958 0.236958
0.329459 0.236984 0.236984
0.329512 0.237009 0.23701
0.329566 0.237035 0.237035
0.329619 0.237061 0.237061
0.329672 0.237087 0.237087
0.329726 0.237113 0.237113
0.329779 0.237138 0.237139
0.329833 0.237164 0.237164
0.329886 0.23719 0.23719
0.32994 0.237216 0.237216
0.329993 0.237241 0.237242
0.330047 0.237267 0.237267
0.3301 0.237293 0.237293
0.330154 0.237319 0.237319
0.330207 0.237344 0.237345
0.330261 0.23737 0.23737
0.330314 0.237396 0.237396
0.330368 0.237422 0.237422
0.330421 0.237447 0.237448
0.330474 0.237473 0.237473
0.330528 0.237499 0.237499
0.330581 0.237524 0.237525
0.330635 0.23755 0.23755
0.330688 0.237576 0.237576
0.330742 0.237602 0.237602
0.330795 0.237627 0.237628
0.330849 0.237653 0.237653
0.330902 0.237679 0.237679
0.330956 0.237704 0.237705
0.331009 0.23773 0.23773
0.331063 0.237756 0.237756
0.331116 0.237782 0.237782
0.33117 0.237807 0.237807
0.331223 0.237833 0.237833
0.331277 0.237859 0.237859
0.33133 0.237884 0.237885
0.331384 0.23791 0.23791
0.331437 0.237936 0.237936
0.331491 0.237961 0.237962
0.331544 0.237987 0.237987
0.331598 0.238013 0.238013
0.331651 0.238038 0.238039
0.331705 0.238064 0.238064
0.331758 0.23809 0.23809
0.331812 0.238115 0.238116
0.331865 0.238141 0.238141
0.331919 0.238167 0.238167
0.331973 0.238192 0.238193
0.332026 0.238218 0.238218
0.33208 0.238244 0.238244
0.332133 0.238269 0.23827
0.332187 0.238295 0.238295
0.33224 0.238321 0.238321
0.332294 0.238346 0.238347
0.332347 0.238372 0.238372
0.332401 0.238398 0.238398
0.332454 0.238423 0.238423
0.332508 0.238449 0.238449
0.332561 0.238474 0.238475
0.332615 0.2385 0.2385
0.332668 0.238526 0.238526
0.332722 0.238551 0.238552
0.332776 0.238577 0.238577
0.332829 0.238603 0.238603
0.332883 0.238628 0.238628
0.332936 0.238654 0.238654
0.33299 0.238679 0.23868
0.333043 0.238705 0.238705
0.333097 0.238731 0.238731
0.33315 0.238756 0.238756
0.333204 0.238782 0.238782
0.333258 0.238807 0.238808
0.333311 0.238833 0.238833
0.333365 0.238859 0.238859
0.333418 0.238884 0.238884
0.333472 0.23891 0.23891
0.333525 0.238935 0.238936
0.333579 0.238961 0.238961
0.333633 0.238986 0.238987
0.333686 0.239012 0.239012
0.33374 0.239038 0.239038
0.333793 0.239063 0.239063
0.333847 0.239089 0.239089
0.333901 0.239114 0.239115
0.333954 0.23914 0.23914
0.334008 0.239165 0.239166
0.334061 0.239191 0.239191
0.334115 0.239216 0.239217
0.334168 0.239242 0.239242
0.334222 0.239268 0.239268
0.334276 0.239293 0.239293
0.334329 0.239319 0.239319
0.334383 0.239344 0.239344
0.334436 0.23937 0.23937
0.33449 0.239395 0.239396
0.334544 0.239421 0.239421
0.334597 0.239446 0.239447
0.334651 0.239472 0.239472
0.334705 0.239497 0.239498
0.334758 0.239523 0.239523
0.334812 0.239548 0.239549
0.334865 0.239574 0.239574
0.334919 0.239599 0.2396
0.334973 0.239625 0.239625
0.335026 0.23965 0.239651
0.33508 0.239676 0.239676
0.335133 0.239701 0.239702
0.335187 0.239727 0.239727
0.335241 0.239752 0.239753
0.335294 0.239778 0.239778
0.335348 0.239803 0.239804
0.335402 0.239829 0.239829
0.335455 0.239854 0.239855
0.335509 0.23988 0.23988
0.335563 0.239905 0.239906
0.335616 0.239931 0.239931
0.33567 0.239956 0.239957
0.335723 0.239982 0.239982
0.335777 0.240007 0.240008
0.335831 0.240033 0.240033
0.335884 0.240058 0.240058
0.335938 0.240084 0.240084
0.335992 0.240109 0.240109
0.336045 0.240135 0.240135
0.336099 0.24016 0.24016
0.336153 0.240186 0.240186
0.336206 0.240211 0.240211
0.33626 0.240236 0.240237
0.336314 0.240262 0.240262
0.336367 0.240287 0.240288
0.336421 0.240313 0.240313
0.336475 0.240338 0.240338
0.336528 0.240364 0.240364
0.336582 0.240389 0.240389
0.336636 0.240414 0.240415
0.336689 0.24044 0.24044
0.336743 0.240465 0.240466
0.336797 0.240491 0.240491
0.33685 0.240516 0.240516
0.336904 0.240542 0.240542
0.336958 0.240567 0.240567
0.337011 0.240592 0.240593
0.337065 0.240618 0.240618
0.337119 0.240643 0.240643
0.337172 0.240669 0.240669
0.337226 0.240694 0.240694
0.33728 0.240719 0.24072
0.337334 0.240745 0.240745
0.337387 0.24077 0.24077
0.337441 0.240796 0.240796
0.337495 0.240821 0.240821
0.337548 0.240846 0.240847
0.337602 0.240872 0.240872
0.337656 0.240897 0.240897
0.337709 0.240922 0.240923
0.337763 0.240948 0.240948
0.337817 0.240973 0.240974
0.337871 0.240999 0.240999
0.337924 0.241024 0.241024
0.337978 0.241049 0.24105
0.338032 0.241075 0.241075
0.338085 0.2411 0.2411
0.338139 0.241125 0.241126
0.338193 0.241151 0.241151
0.338247 0.241176 0.241176
0.3383 0.241201 0.241202
0.338354 0.241227 0.241227
0.338408 0.241252 0.241252
0.338461 0.241277 0.241278
0.338515 0.241303 0.241303
0.338569 0.241328 0.241328
0.338623 0.241354 0.241354
0.338676 0.241379 0.241379
0.33873 0.241404 0.241404
0.338784 0.241429 0.24143
0.338838 0.241455 0.241455
0.338891 0.24148 0.24148
0.338945 0.241505 0.241506
0.338999 0.241531 0.241531
0.339053 0.241556 0.241556
0.339106 0.241581 0.241582
0.33916 0.241607 0.241607
0.339214 0.241632 0.241632
0.339268 0.241657 0.241658
0.339321 0.241683 0.241683
0.339375 0.241708 0.241708
0.339429 0.241733 0.241733
0.339483 0.241758 0.241759
0.339536 0.241784 0.241784
0.33959 0.241809 0.241809
0.339644 0.241834 0.241835
0.339698 0.24186 0.24186
0.339752 0.241885 0.241885
0.339805 0.24191 0.24191
0.339859 0.241935 0.241936
0.339913 0.241961 0.241961
0.339967 0.241986 0.241986
0.34002 0.242011 0.242011
0.340074 0.242036 0.242037
0.340128 0.242062 0.242062
0.340182 0.242087 0.242087
0.340236 0.242112 0.242113
0.340289 0.242138 0.242138
0.340343 0.242163 0.242163
0.340397 0.242188 0.242188
0.340451 0.242213 0.242214
0.340504 0.242238 0.242239
0.340558 0.242264 0.242264
0.340612 0.242289 0.242289
0.340666 0.242314 0.242314
0.34072 0.242339 0.24234
0.340773 0.242365 0.242365
0.340827 0.24239 0.24239
0.340881 0.242415 0.242415
0.340935 0.24244 0.242441
0.340989 0.242466 0.242466
0.341043 0.242491 0.242491
0.341096 0.242516 0.242516
0.34115 0.242541 0.242541
0.341204 0.242566 0.242567
0.341258 0.242592 0.242592
0.341312 0.242617 0.242617
0.341365 0.242642 0.242642
0.341419 0.242667 0.242667
0.341473 0.242692 0.242693
0.341527 0.242718 0.242718
0.341581 0.242743 0.242743
0.341635 0.242768 0.242768
0.341688 0.242793 0.242793
0.341742 0.242818 0.242819
0.341796 0.242843 0.242844
0.34185 0.242869 0.242869
0.341904 0.242894 0.242894
0.341958 0.242919 0.242919
0.342011 0.242944 0.242944
0.342065 0.242969 0.24297
0.342119 0.242994 0.242995
0.342173 0.24302 0.24302
0.342227 0.243045 0.243045
0.342281 0.24307 0.24307
0.342335 0.243095 0.243095
0.342388 0.24312 0.243121
0.342442 0.243145 0.243146
0.342496 0.243171 0.243171
0.34255 0.243196 0.243196
0.342604 0.243221 0.243221
0.342658 0.243246 0.243246
0.342712 0.243271 0.243271
0.342765 0.243296 0.243297
0.342819 0.243321 0.243322
0.342873 0.243346 0.243347
0.342927 0.243372 0.243372
0.342981 0.243397 0.243397
0.343035 0.243422 0.243422
0.343089 0.243447 0.243447
0.343143 0.243472 0.243472
0.343196 0.243497 0.243497
0.34325 0.243522 0.243523
0.343304 0.243547 0.243548
0.343358 0.243573 0.243573
0.343412 0.243598 0.243598
0.343466 0.243623 0.243623
0.34352 0.243648 0.243648
0.343574 0.243673 0.243673
0.343628 0.243698 0.243698
0.343681 0.243723 0.243723
0.343735 0.243748 0.243748
0.343789 0.243773 0.243774
0.343843 0.243798 0.243799
0.343897 0.243823 0.243824
0.343951 0.243848 0.243849
0.344005 0.243874 0.243874
0.344059 0.243899 0.243899
0.344113 0.243924 0.243924
0.344167 0.243949 0.243949
0.344221 0.243974 0.243974
0.344274 0.243999 0.243999
0.344328 0.244024 0.244024
0.344382 0.244049 0.244049
0.344436 0.244074 0.244074
0.34449 0.244099 0.244099
0.344544 0.244124 0.244124
0.344598 0.244149 0.244149
0.344652 0.244174 0.244174
0.344706 0.244199 0.2442
0.34476 0.244224 0.244225
0.344814 0.244249 0.24425
0.344868 0.244274 0.244275
0.344922 0.244299 0.2443
0.344976 0.244324 0.244325
0.345029 0.244349 0.24435
0.345083 0.244374 0.244375
0.345137 0.244399 0.2444
0.345191 0.244424 0.244425
0.345245 0.244449 0.24445
0.345299 0.244474 0.244475
0.345353 0.244499 0.2445
0.345407 0.244524 0.244525
0.345461 0.244549 0.24455
0.345515 0.244574 0.244575
0.345569 0.244599 0.2446
0.345623 0.244624 0.244625
0.345677 0.244649 0.24465
0.345731 0.244674 0.244675
0.345785 0.244699 0.2447
0.345839 0.244724 0.244725
0.345893 0.244749 0.24475
0.345947 0.244774 0.244775
0.346001 0.244799 0.2448
0.346055 0.244824 0.244825
0.346109 0.244849 0.24485
0.346163 0.244874 0.244875
0.346217 0.244899 0.2449
0.346271 0.244924 0.244924
0.346325 0.244949 0.244949
0.346379 0.244974 0.244974
0.346433 0.244999 0.244999
0.346487 0.245024 0.245024
0.34654 0.245049 0.245049
0.346594 0.245074 0.245074
0.346648 0.245099 0.245099
0.346702 0.245124 0.245124
0.346756 0.245149 0.245149
0.34681 0.245174 0.245174
0.346864 0.245199 0.245199
0.346918 0.245224 0.245224
0.346972 0.245248 0.245249
0.347026 0.245273 0.245274
0.34708 0.245298 0.245299
0.347135 0.245323 0.245324
0.347189 0.245348 0.245348
0.347243 0.245373 0.245373
0.347297 0.245398 0.245398
0.347351 0.245423 0.245423
0.347405 0.245448 0.245448
0.347459 0.245473 0.245473
0.347513 0.245498 0.245498
0.347567 0.245523 0.245523
0.347621 0.245547 0.245548
0.347675 0.245572 0.245573
0.347729 0.245597 0.245597
0.347783 0.245622 0.245622
0.347837 0.245647 0.245647
0.347891 0.245672 0.245672
0.347945 0.245697 0.245697
0.347999 0.245722 0.245722
0.348053 0.245746 0.245747
0.348107 0.245771 0.245772
0.348161 0.245796 0.245797
0.348215 0.245821 0.245821
0.348269 0.245846 0.245846
0.348323 0.245871 0.245871
0.348377 0.245896 0.245896
0.348431 0.245921 0.245921
0.348485 0.245945 0.245946
0.348539 0.24597 0.245971
0.348593 0.245995 0.245995
0.348647 0.24602 0.24602
0.348702 0.246045 0.246045
0.348756 0.24607 0.24607
0.34881 0.246094 0.246095
0.348864 0.246119 0.24612
0.348918 0.246144 0.246144
0.348972 0.246169 0.246169
0.349026 0.246194 0.246194
0.34908 0.246219 0.246219
0.349134 0.246243 0.246244
0.349188 0.246268 0.246269
0.349242 0.246293 0.246293
0.349296 0.246318 0.246318
0.34935 0.246343 0.246343
0.349404 0.246368 0.246368
0.349459 0.246392 0.246393
0.349513 0.246417 0.246417
0.349567 0.246442 0.246442
0.349621 0.246467 0.246467
0.349675 0.246492 0.246492
0.349729 0.246516 0.246517
0.349783 0.246541 0.246541
0.349837 0.246566 0.246566
0.349891 0.246591 0.246591
0.349945 0.246616 0.246616
0.35 0.24664 0.246641
0.350054 0.246665 0.246665
0.350108 0.24669 0.24669
0.350162 0.246715 0.246715
0.350216 0.246739 0.24674
0.35027 0.246764 0.246764
0.350324 0.246789 0.246789
0.350378 0.246814 0.246814
0.350432 0.246838 0.246839
0.350487 0.246863 0.246864
0.350541 0.246888 0.246888
0.350595 0.246913 0.246913
0.350649 0.246938 0.246938
0.350703 0.246962 0.246963
0.350757 0.246987 0.246987
0.350811 0.247012 0.247012
0.350865 0.247037 0.247037
0.35092 0.247061 0.247062
0.350974 0.247086 0.247086
0.351028 0.247111 0.247111
0.351082 0.247135 0.247136
0.351136 0.24716 0.24716
0.35119 0.247185 0.247185
0.351244 0.24721 0.24721
0.351299 0.247234 0.247235
0.351353 0.247259 0.247259
0.351407 0.247284 0.247284
0.351461 0.247308 0.247309
0.351515 0.247333 0.247333
0.351569 0.247358 0.247358
0.351623 0.247383 0.247383
0.351678 0.247407 0.247408
0.351732 0.247432 0.247432
0.351786 0.247457 0.247457
0.35184 0.247481 0.247482
0.351894 0.247506 0.247506
0.351948 0.247531 0.247531
0.352003 0.247555 0.247556
0.352057 0.24758 0.24758
0.352111 0.247605 0.247605
0.352165 0.24763 0.24763
0.352219 0.247654 0.247655
0.352273 0.247679 0.247679
0.352328 0.247704 0.247704
0.352382 0.247728 0.247729
0.352436 0.247753 0.247753
0.35249 0.247778 0.247778
0.352544 0.247802 0.247803
0.352599 0.247827 0.247827
0.352653 0.247852 0.247852
0.352707 0.247876 0.247876
0.352761 0.247901 0.247901
0.352815 0.247925 0.247926
0.35287 0.24795 0.24795
0.352924 0.247975 0.247975
0.352978 0.247999 0.248
0.353032 0.248024 0.248024
0.353086 0.248049 0.248049
0.353141 0.248073 0.248074
0.353195 0.248098 0.248098
0.353249 0.248123 0.248123
0.353303 0.248147 0.248148
0.353357 0.248172 0.248172
0.353412 0.248196 0.248197
0.353466 0.248221 0.248221
0.35352 0.248246 0.248246
0.353574 0.24827 0.248271
0.353628 0.248295 0.248295
0.353683 0.24832 0.24832
0.353737 0.248344 0.248344
0.353791 0.248369 0.248369
0.353845 0.248393 0.248394
0.3539 0.248418 0.248418
0.353954 0.248443 0.248443
0.354008 0.248467 0.248467
0.354062 0.248492 0.248492
0.354117 0.248516 0.248517
0.354171 0.248541 0.248541
0.354225 0.248565 0.248566
0.354279 0.24859 0.24859
0.354334 0.248615 0.248615
0.354388 0.248639 0.248639
0.354442 0.248664 0.248664
0.354496 0.248688 0.248689
0.354551 0.248713 0.248713
0.354605 0.248737 0.248738
0.354659 0.248762 0.248762
0.354713 0.248787 0.248787
0.354768 0.248811 0.248811
0.354822 0.248836 0.248836
0.354876 0.24886 0.248861
0.35493 0.248885 0.248885
0.354985 0.248909 0.24891
0.355039 0.248934 0.248934
0.355093 0.248958 0.248959
0.355147 0.248983 0.248983
0.355202 0.249007 0.249008
0.355256 0.249032 0.249032
0.35531 0.249057 0.249057
0.355365 0.249081 0.249081
0.355419 0.249106 0.249106
0.355473 0.24913 0.24913
0.355527 0.249155 0.249155
0.355582 0.249179 0.249179
0.355636 0.249204 0.249204
0.35569 0.249228 0.249228
0.355745 0.249253 0.249253
0.355799 0.249277 0.249277
0.355853 0.249302 0.249302
0.355907 0.249326 0.249327
0.355962 0.249351 0.249351
0.356016 0.249375 0.249375
0.35607 0.2494 0.2494
0.356125 0.249424 0.249424
0.356179 0.249449 0.249449
0.356233 0.249473 0.249473
0.356288 0.249498 0.249498
0.356342 0.249522 0.249522
0.356396 0.249547 0.249547
0.356451 0.249571 0.249571
0.356505 0.249596 0.249596
0.356559 0.24962 0.24962
0.356614 0.249644 0.249645
0.356668 0.249669 0.249669
0.356722 0.249693 0.249694
0.356776 0.249718 0.249718
0.356831 0.249742 0.249743
0.356885 0.249767 0.249767
0.356939 0.249791 0.249792
0.356994 0.249816 0.249816
0.357048 0.24984 0.24984
0.357102 0.249865 0.249865
0.357157 0.249889 0.249889
0.357211 0.249913 0.249914
0.357266 0.249938 0.249938
0.35732 0.249962 0.249963
0.357374 0.249987 0.249987
0.357429 0.250011 0.250012
0.357483 0.250036 0.250036
0.357537 0.25006 0.25006
0.357592 0.250084 0.250085
0.357646 0.250109 0.250109
0.3577 0.250133 0.250134
0.357755 0.250158 0.250158
0.357809 0.250182 0.250182
0.357863 0.250207 0.250207
0.357918 0.250231 0.250231
0.357972 0.250255 0.250256
0.358027 0.25028 0.25028
0.358081 0.250304 0.250304
0.358135 0.250329 0.250329
0.35819 0.250353 0.250353
0.358244 0.250377 0.250378
0.358298 0.250402 0.250402
0.358353 0.250426 0.250426
0.358407 0.25045 0.250451
0.358462 0.250475 0.250475
0.358516 0.250499 0.2505
0.35857 0.250524 0.250524
0.358625 0.250548 0.250548
0.358679 0.250572 0.250573
0.358733 0.250597 0.250597
0.358788 0.250621 0.250621
0.358842 0.250645 0.250646
0.358897 0.25067 0.25067
0.358951 0.250694 0.250694
0.359005 0.250719 0.250719
0.35906 0.250743 0.250743
0.359114 0.250767 0.250768
0.359169 0.250792 0.250792
0.359223 0.250816 0.250816
0.359278 0.25084 0.250841
0.359332 0.250865 0.250865
0.359386 0.250889 0.250889
0.359441 0.250913 0.250914
0.359495 0.250938 0.250938
0.35955 0.250962 0.250962
0.359604 0.250986 0.250987
0.359658 0.251011 0.251011
0.359713 0.251035 0.251035
0.359767 0.251059 0.25106
0.359822 0.251084 0.251084
0.359876 0.251108 0.251108
0.359931 0.251132 0.251132
0.359985 0.251156 0.251157
0.360039 0.251181 0.251181
0.360094 0.251205 0.251205
0.360148 0.251229 0.25123
0.360203 0.251254 0.251254
0.360257 0.251278 0.251278
0.360312 0.251302 0.251303
0.360366 0.251327 0.251327
0.360421 0.251351 0.251351
0.360475 0.251375 0.251375
0.360529 0.251399 0.2514
0.360584 0.251424 0.251424
0.360638 0.251448 0.251448
0.360693 0.251472 0.251473
0.360747 0.251497 0.251497
0.360802 0.251521 0.251521
0.360856 0.251545 0.251545
0.360911 0.251569 0.25157
0.360965 0.251594 0.251594
0.36102 0.251618 0.251618
0.361074 0.251642 0.251642
0.361129 0.251666 0.251667
0.361183 0.251691 0.251691
0.361238 0.251715 0.251715
0.361292 0.251739 0.251739
0.361346 0.251763 0.251764
0.361401 0.251788 0.251788
0.361455 0.251812 0.251812
0.36151 0.251836 0.251836
0.361564 0.25186 0.251861
0.361619 0.251885 0.251885
0.361673 0.251909 0.251909
0.361728 0.251933 0.251933
0.361782 0.251957 0.251958
0.361837 0.251981 0.251982
0.361891 0.252006 0.252006
0.361946 0.25203 0.25203
0.362 0.252054 0.252054
0.362055 0.252078 0.252079
0.362109 0.252102 0.252103
0.362164 0.252127 0.252127
0.362218 0.252151 0.252151
0.362273 0.252175 0.252175
0.362327 0.252199 0.2522
0.362382 0.252224 0.252224
0.362436 0.252248 0.252248
0.362491 0.252272 0.252272
0.362546 0.252296 0.252296
0.3626 0.25232 0.252321
0.362655 0.252344 0.252345
0.362709 0.252369 0.252369
0.362764 0.252393 0.252393
0.362818 0.252417 0.252417
0.362873 0.252441 0.252441
0.362927 0.252465 0.252466
0.362982 0.252489 0.25249
0.363036 0.252514 0.252514
0.363091 0.252538 0.252538
0.363145 0.252562 0.252562
0.3632 0.252586 0.252586
0.363254 0.25261 0.252611
0.363309 0.252634 0.252635
0.363364 0.252659 0.252659
0.363418 0.252683 0.252683
0.363473 0.252707 0.252707
0.363527 0.252731 0.252731
0.363582 0.252755 0.252755
0.363636 0.252779 0.25278
0.363691 0.252803 0.252804
0.363745 0.252828 0.252828
0.3638 0.252852 0.252852
0.363855 0.252876 0.252876
0.363909 0.2529 0.2529
0.363964 0.252924 0.252924
0.364018 0.252948 0.252948
0.364073 0.252972 0.252973
0.364127 0.252996 0.252997
0.364182 0.253021 0.253021
0.364237 0.253045 0.253045
0.364291 0.253069 0.253069
0.364346 0.253093 0.253093
0.3644 0.253117 0.253117
0.364455 0.253141 0.253141
0.36451 0.253165 0.253165
0.364564 0.253189 0.25319
0.364619 0.253213 0.253214
0.364673 0.253237 0.253238
0.364728 0.253261 0.253262
0.364783 0.253286 0.253286
0.364837 0.25331 0.25331
0.364892 0.253334 0.253334
0.364946 0.253358 0.253358
0.365001 0.253382 0.253382
0.365056 0.253406 0.253406
0.36511 0.25343 0.25343
0.365165 0.253454 0.253454
0.365219 0.253478 0.253478
0.365274 0.253502 0.253503
0.365329 0.253526 0.253527
0.365383 0.25355 0.253551
0.365438 0.253574 0.253575
0.365492 0.253598 0.253599
0.365547 0.253622 0.253623
0.365602 0.253646 0.253647
0.365656 0.253671 0.253671
0.365711 0.253695 0.253695
0.365766 0.253719 0.253719
0.36582 0.253743 0.253743
0.365875 0.253767 0.253767
0.365929 0.253791 0.253791
0.365984 0.253815 0.253815
0.366039 0.253839 0.253839
0.366093 0.253863 0.253863
0.366148 0.253887 0.253887
0.366203 0.253911 0.253911
0.366257 0.253935 0.253935
0.366312 0.253959 0.253959
0.366367 0.253983 0.253983
0.366421 0.254007 0.254007
0.366476 0.254031 0.254031
0.366531 0.254055 0.254055
0.366585 0.254079 0.254079
0.36664 0.254103 0.254103
0.366695 0.254127 0.254127
0.366749 0.254151 0.254151
0.366804 0.254175 0.254175
0.366859 0.254199 0.254199
0.366913 0.254223 0.254223
0.366968 0.254247 0.254247
0.367023 0.254271 0.254271
0.367077 0.254295 0.254295
0.367132 0.254319 0.254319
0.367187 0.254343 0.254343
0.367241 0.254367 0.254367
0.367296 0.254391 0.254391
0.367351 0.254415 0.254415
0.367405 0.254438 0.254439
0.36746 0.254462 0.254463
0.367515 0.254486 0.254487
0.367569 0.25451 0.254511
0.367624 0.254534 0.254535
0.367679 0.254558 0.254559
0.367734 0.254582 0.254583
0.367788 0.254606 0.254606
0.367843 0.25463 0.25463
0.367898 0.254654 0.254654
0.367952 0.254678 0.254678
0.368007 0.254702 0.254702
0.368062 0.254726 0.254726
0.368116 0.25475 0.25475
0.368171 0.254774 0.254774
0.368226 0.254798 0.254798
0.368281 0.254822 0.254822
0.368335 0.254845 0.254846
0.36839 0.254869 0.25487
0.368445 0.254893 0.254894
0.3685 0.254917 0.254917
0.368554 0.254941 0.254941
0.368609 0.254965 0.254965
0.368664 0.254989 0.254989
0.368718 0.255013 0.255013
0.368773 0.255037 0.255037
0.368828 0.255061 0.255061
0.368883 0.255084 0.255085
0.368937 0.255108 0.255109
0.368992 0.255132 0.255133
0.369047 0.255156 0.255156
0.369102 0.25518 0.25518
0.369156 0.255204 0.255204
0.369211 0.255228 0.255228
0.369266 0.255252 0.255252
0.369321 0.255275 0.255276
0.369375 0.255299 0.2553
0.36943 0.255323 0.255324
0.369485 0.255347 0.255347
0.36954 0.255371 0.255371
0.369594 0.255395 0.255395
0.369649 0.255419 0.255419
0.369704 0.255442 0.255443
0.369759 0.255466 0.255467
0.369813 0.25549 0.255491
0.369868 0.255514 0.255514
0.369923 0.255538 0.255538
0.369978 0.255562 0.255562
0.370033 0.255586 0.255586
0.370087 0.255609 0.25561
0.370142 0.255633 0.255634
0.370197 0.255657 0.255657
0.370252 0.255681 0.255681
0.370307 0.255705 0.255705
0.370361 0.255729 0.255729
0.370416 0.255752 0.255753
0.370471 0.255776 0.255776
0.370526 0.2558 0.2558
0.37058 0.255824 0.255824
0.370635 0.255848 0.255848
0.37069 0.255871 0.255872
0.370745 0.255895 0.255896
0.3708 0.255919 0.255919
0.370854 0.255943 0.255943
0.370909 0.255967 0.255967
0.370964 0.25599 0.255991
0.371019 0.256014 0.256015
0.371074 0.256038 0.256038
0.371129 0.256062 0.256062
0.371183 0.256086 0.256086
0.371238 0.256109 0.25611
0.371293 0.256133 0.256133
0.371348 0.256157 0.256157
0.371403 0.256181 0.256181
0.371457 0.256204 0.256205
0.371512 0.256228 0.256229
0.371567 0.256252 0.256252
0.371622 0.256276 0.256276
0.371677 0.256299 0.2563
0.371732 0.256323 0.256324
0.371786 0.256347 0.256347
0.371841 0.256371 0.256371
0.371896 0.256394 0.256395
0.371951 0.256418 0.256419
0.372006 0.256442 0.256442
0.372061 0.256466 0.256466
0.372116 0.256489 0.25649
0.37217 0.256513 0.256514
0.372225 0.256537 0.256537
0.37228 0.256561 0.256561
0.372335 0.256584 0.256585
0.37239 0.256608 0.256608
0.372445 0.256632 0.256632
0.3725 0.256656 0.256656
0.372554 0.256679 0.25668
0.372609 0.256703 0.256703
0.372664 0.256727 0.256727
0.372719 0.25675 0.256751
0.372774 0.256774 0.256774
0.372829 0.256798 0.256798
0.372884 0.256822 0.256822
0.372939 0.256845 0.256846
0.372993 0.256869 0.256869
0.373048 0.256893 0.256893
0.373103 0.256916 0.256917
0.373158 0.25694 0.25694
0.373213 0.256964 0.256964
0.373268 0.256987 0.256988
0.373323 0.257011 0.257011
0.373378 0.257035 0.257035
0.373433 0.257058 0.257059
0.373487 0.257082 0.257082
0.373542 0.257106 0.257106
0.373597 0.257129 0.25713
0.373652 0.257153 0.257153
0.373707 0.257177 0.257177
0.373762 0.2572 0.257201
0.373817 0.257224 0.257224
0.373872 0.257248 0.257248
0.373927 0.257271 0.257272
0.373982 0.257295 0.257295
0.374036 0.257319 0.257319
0.374091 0.257342 0.257343
0.374146 0.257366 0.257366
0.374201 0.25739 0.25739
0.374256 0.257413 0.257414
0.374311 0.257437 0.257437
0.374366 0.257461 0.257461
0.374421 0.257484 0.257485
0.374476 0.257508 0.257508
0.374531 0.257531 0.257532
0.374586 0.257555 0.257555
0.374641 0.257579 0.257579
0.374696 0.257602 0.257603
0.374751 0.257626 0.257626
0.374806 0.25765 0.25765
0.37486 0.257673 0.257674
0.374915 0.257697 0.257697
0.37497 0.25772 0.257721
0.375025 0.257744 0.257744
0.37508 0.257768 0.257768
0.375135 0.257791 0.257792
0.37519 0.257815 0.257815
0.375245 0.257838 0.257839
0.3753 0.257862 0.257862
0.375355 0.257886 0.257886
0.37541 0.257909 0.25791
0.375465 0.257933 0.257933
0.37552 0.257956 0.257957
0.375575 0.25798 0.25798
0.37563 0.258003 0.258004
0.375685 0.258027 0.258027
0.37574 0.258051 0.258051
0.375795 0.258074 0.258075
0.37585 0.258098 0.258098
0.375905 0.258121 0.258122
0.37596 0.258145 0.258145
0.376015 0.258168 0.258169
0.37607 0.258192 0.258192
0.376125 0.258216 0.258216
0.37618 0.258239 0.258239
0.376235 0.258263 0.258263
0.37629 0.258286 0.258287
0.376345 0.25831 0.25831
0.3764 0.258333 0.258334
0.376455 0.258357 0.258357
0.37651 0.25838 0.258381
0.376565 0.258404 0.258404
0.37662 0.258427 0.258428
0.376675 0.258451 0.258451
0.37673 0.258474 0.258475
0.376785 0.258498 0.258498
0.37684 0.258522 0.258522
0.376895 0.258545 0.258545
0.37695 0.258569 0.258569
0.377005 0.258592 0.258592
0.37706 0.258616 0.258616
0.377115 0.258639 0.258639
0.37717 0.258663 0.258663
0.377225 0.258686 0.258686
0.37728 0.25871 0.25871
0.377335 0.258733 0.258733
0.37739 0.258757 0.258757
0.377445 0.25878 0.25878
0.3775 0.258804 0.258804
0.377555 0.258827 0.258827
0.37761 0.258851 0.258851
0.377665 0.258874 0.258874
0.37772 0.258898 0.258898
0.377775 0.258921 0.258921
0.37783 0.258944 0.258945
0.377885 0.258968 0.258968
0.37794 0.258991 0.258992
0.377996 0.259015 0.259015
0.378051 0.259038 0.259039
0.378106 0.259062 0.259062
0.378161 0.259085 0.259086
0.378216 0.259109 0.259109
0.378271 0.259132 0.259133
0.378326 0.259156 0.259156
0.378381 0.259179 0.259179
0.378436 0.259203 0.259203
0.378491 0.259226 0.259226
0.378546 0.259249 0.25925
0.378601 0.259273 0.259273
0.378656 0.259296 0.259297
0.378711 0.25932 0.25932
0.378767 0.259343 0.259344
0.378822 0.259367 0.259367
0.378877 0.25939 0.25939
0.378932 0.259413 0.259414
0.378987 0.259437 0.259437
0.379042 0.25946 0.259461
0.379097 0.259484 0.259484
0.379152 0.259507 0.259507
0.379207 0.259531 0.259531
0.379262 0.259554 0.259554
0.379317 0.259577 0.259578
0.379373 0.259601 0.259601
0.379428 0.259624 0.259624
0.379483 0.259648 0.259648
0.379538 0.259671 0.259671
0.379593 0.259694 0.259695
0.379648 0.259718 0.259718
0.379703 0.259741 0.259741
0.379758 0.259764 0.259765
0.379813 0.259788 0.259788
0.379869 0.259811 0.259812
0.379924 0.259835 0.259835
0.379979 0.259858 0.259858
0.380034 0.259881 0.259882
0.380089 0.259905 0.259905
0.380144 0.259928 0.259928
0.380199 0.259951 0.259952
0.380254 0.259975 0.259975
0.38031 0.259998 0.259999
0.380365 0.260022 0.260022
0.38042 0.260045 0.260045
0.380475 0.260068 0.260069
0.38053 0.260092 0.260092
0.380585 0.260115 0.260115
0.38064 0.260138 0.260139
0.380696 0.260162 0.260162
0.380751 0.260185 0.260185
0.380806 0.260208 0.260209
0.380861 0.260232 0.260232
0.380916 0.260255 0.260255
0.380971 0.260278 0.260279
0.381027 0.260302 0.260302
0.381082 0.260325 0.260325
0.381137 0.260348 0.260349
0.381192 0.260372 0.260372
0.381247 0.260395 0.260395
0.381302 0.260418 0.260419
0.381358 0.260442 0.260442
0.381413 0.260465 0.260465
0.381468 0.260488 0.260489
0.381523 0.260511 0.260512
0.381578 0.260535 0.260535
0.381634 0.260558 0.260558
0.381689 0.260581 0.260582
0.381744 0.260605 0.260605
0.381799 0.260628 0.260628
0.381854 0.260651 0.260652
0.381909 0.260675 0.260675
0.381965 0.260698 0.260698
0.38202 0.260721 0.260721
0.382075 0.260744 0.260745
0.38213 0.260768 0.260768
0.382185 0.260791 0.260791
0.382241 0.260814 0.260815
0.382296 0.260837 0.260838
0.382351 0.260861 0.260861
0.382406 0.260884 0.260884
0.382462 0.260907 0.260908
0.382517 0.260931 0.260931
0.382572 0.260954 0.260954
0.382627 0.260977 0.260977
0.382682 0.261 0.261001
0.382738 0.261024 0.261024
0.382793 0.261047 0.261047
0.382848 0.26107 0.26107
0.382903 0.261093 0.261094
0.382959 0.261117 0.261117
0.383014 0.26114 0.26114
0.383069 0.261163 0.261163
0.383124 0.261186 0.261187
0.383179 0.261209 0.26121
0.383235 0.261233 0.261233
0.38329 0.261256 0.261256
0.383345 0.261279 0.261279
0.3834 0.261302 0.261303
0.383456 0.261326 0.261326
0.383511 0.261349 0.261349
0.383566 0.261372 0.261372
0.383621 0.261395 0.261396
0.383677 0.261418 0.261419
0.383732 0.261442 0.261442
0.383787 0.261465 0.261465
0.383842 0.261488 0.261488
0.383898 0.261511 0.261512
0.383953 0.261534 0.261535
0.384008 0.261558 0.261558
0.384064 0.261581 0.261581
0.384119 0.261604 0.261604
0.384174 0.261627 0.261628
0.384229 0.26165 0.261651
0.384285 0.261673 0.261674
0.38434 0.261697 0.261697
0.384395 0.26172 0.26172
0.384451 0.261743 0.261743
0.384506 0.261766 0.261767
0.384561 0.261789 0.26179
0.384616 0.261813 0.261813
0.384672 0.261836 0.261836
0.384727 0.261859 0.261859
0.384782 0.261882 0.261882
0.384838 0.261905 0.261906
0.384893 0.261928 0.261929
0.384948 0.261951 0.261952
0.385003 0.261975 0.261975
0.385059 0.261998 0.261998
0.385114 0.262021 0.262021
0.385169 0.262044 0.262044
0.385225 0.262067 0.262068
0.38528 0.26209 0.262091
0.385335 0.262113 0.262114
0.385391 0.262137 0.262137
0.385446 0.26216 0.26216
0.385501 0.262183 0.262183
0.385557 0.262206 0.262206
0.385612 0.262229 0.262229
0.385667 0.262252 0.262252
0.385723 0.262275 0.262276
0.385778 0.262298 0.262299
0.385833 0.262321 0.262322
0.385889 0.262345 0.262345
0.385944 0.262368 0.262368
0.385999 0.262391 0.262391
0.386055 0.262414 0.262414
0.38611 0.262437 0.262437
0.386165 0.26246 0.26246
0.386221 0.262483 0.262484
0.386276 0.262506 0.262507
0.386331 0.262529 0.26253
0.386387 0.262552 0.262553
0.386442 0.262575 0.262576
0.386497 0.262599 0.262599
0.386553 0.262622 0.262622
0.386608 0.262645 0.262645
0.386664 0.262668 0.262668
0.386719 0.262691 0.262691
0.386774 0.262714 0.262714
0.38683 0.262737 0.262737
0.386885 0.26276 0.26276
0.38694 0.262783 0.262783
0.386996 0.262806 0.262806
0.387051 0.262829 0.26283
0.387107 0.262852 0.262853
0.387162 0.262875 0.262876
0.387217 0.262898 0.262899
0.387273 0.262921 0.262922
0.387328 0.262944 0.262945
0.387383 0.262967 0.262968
0.387439 0.26299 0.262991
0.387494 0.263013 0.263014
0.38755 0.263037 0.263037
0.387605 0.26306 0.26306
0.38766 0.263083 0.263083
0.387716 0.263106 0.263106
0.387771 0.263129 0.263129
0.387827 0.263152 0.263152
0.387882 0.263175 0.263175
0.387937 0.263198 0.263198
0.387993 0.263221 0.263221
0.388048 0.263244 0.263244
0.388104 0.263267 0.263267
0.388159 0.26329 0.26329
0.388215 0.263313 0.263313
0.38827 0.263336 0.263336
0.388325 0.263359 0.263359
0.388381 0.263382 0.263382
0.388436 0.263405 0.263405
0.388492 0.263428 0.263428
0.388547 0.263451 0.263451
0.388603 0.263474 0.263474
0.388658 0.263497 0.263497
0.388713 0.26352 0.26352
0.388769 0.263542 0.263543
0.388824 0.263565 0.263566
0.38888 0.263588 0.263589
0.388935 0.263611 0.263612
0.388991 0.263634 0.263635
0.389046 0.263657 0.263658
0.389102 0.26368 0.263681
0.389157 0.263703 0.263704
0.389212 0.263726 0.263727
0.389268 0.263749 0.26375
0.389323 0.263772 0.263772
0.389379 0.263795 0.263795
0.389434 0.263818 0.263818
0.38949 0.263841 0.263841
0.389545 0.263864 0.263864
0.389601 0.263887 0.263887
0.389656 0.26391 0.26391
0.389712 0.263933 0.263933
0.389767 0.263956 0.263956
0.389823 0.263979 0.263979
0.389878 0.264001 0.264002
0.389934 0.264024 0.264025
0.389989 0.264047 0.264048
0.390045 0.26407 0.264071
0.3901 0.264093 0.264093
0.390156 0.264116 0.264116
0.390211 0.264139 0.264139
0.390266 0.264162 0.264162
0.390322 0.264185 0.264185
0.390377 0.264208 0.264208
0.390433 0.264231 0.264231
0.390488 0.264253 0.264254
0.390544 0.264276 0.264277
0.390599 0.264299 0.2643
0.390655 0.264322 0.264322
0.390711 0.264345 0.264345
0.390766 0.264368 0.264368
0.390822 0.264391 0.264391
0.390877 0.264414 0.264414
0.390933 0.264436 0.264437
0.390988 0.264459 0.26446
0.391044 0.264482 0.264483
0.391099 0.264505 0.264505
0.391155 0.264528 0.264528
0.39121 0.264551 0.264551
0.391266 0.264574 0.264574
0.391321 0.264597 0.264597
0.391377 0.264619 0.26462
0.391432 0.264642 0.264643
0.391488 0.264665 0.264665
0.391543 0.264688 0.264688
0.391599 0.264711 0.264711
0.391655 0.264734 0.264734
0.39171 0.264756 0.264757
0.391766 0.264779 0.26478
0.391821 0.264802 0.264803
0.391877 0.264825 0.264825
0.391932 0.264848 0.264848
0.391988 0.264871 0.264871
0.392043 0.264893 0.264894
0.392099 0.264916 0.264917
0.392155 0.264939 0.264939
0.39221 0.264962 0.264962
0.392266 0.264985 0.264985
0.392321 0.265008 0.265008
0.392377 0.26503 0.265031
0.392432 0.265053 0.265054
0.392488 0.265076 0.265076
0.392544 0.265099 0.265099
0.392599 0.265122 0.265122
0.392655 0.265144 0.265145
0.39271 0.265167 0.265168
0.392766 0.26519 0.26519
0.392821 0.265213 0.265213
0.392877 0.265235 0.265236
0.392933 0.265258 0.265259
0.392988 0.265281 0.265281
0.393044 0.265304 0.265304
0.393099 0.265327 0.265327
0.393155 0.265349 0.26535
0.393211 0.265372 0.265373
0.393266 0.265395 0.265395
0.393322 0.265418 0.265418
0.393377 0.26544 0.265441
0.393433 0.265463 0.265464
0.393489 0.265486 0.265486
0.393544 0.265509 0.265509
0.3936 0.265531 0.265532
0.393655 0.265554 0.265555
0.393711 0.265577 0.265577
0.393767 0.2656 0.2656
0.393822 0.265622 0.265623
0.393878 0.265645 0.265646
0.393934 0.265668 0.265668
0.393989 0.265691 0.265691
0.394045 0.265713 0.265714
0.3941 0.265736 0.265737
0.394156 0.265759 0.265759
0.394212 0.265782 0.265782
0.394267 0.265804 0.265805
0.394323 0.265827 0.265827
0.394379 0.26585 0.26585
0.394434 0.265872 0.265873
0.39449 0.265895 0.265896
0.394546 0.265918 0.265918
0.394601 0.265941 0.265941
0.394657 0.265963 0.265964
0.394713 0.265986 0.265986
0.394768 0.266009 0.266009
0.394824 0.266031 0.266032
0.39488 0.266054 0.266055
0.394935 0.266077 0.266077
0.394991 0.2661 0.2661
0.395047 0.266122 0.266123
0.395102 0.266145 0.266145
0.395158 0.266168 0.266168
0.395214 0.26619 0.266191
0.395269 0.266213 0.266213
0.395325 0.266236 0.266236
0.395381 0.266258 0.266259
0.395436 0.266281 0.266281
0.395492 0.266304 0.266304
0.395548 0.266326 0.266327
0.395603 0.266349 0.266349
0.395659 0.266372 0.266372
0.395715 0.266394 0.266395
0.39577 0.266417 0.266417
0.395826 0.26644 0.26644
0.395882 0.266462 0.266463
0.395938 0.266485 0.266485
0.395993 0.266508 0.266508
0.396049 0.26653 0.266531
0.396105 0.266553 0.266553
0.39616 0.266575 0.266576
0.396216 0.266598 0.266598
0.396272 0.266621 0.266621
0.396328 0.266643 0.266644
0.396383 0.266666 0.266666
0.396439 0.266689 0.266689
0.396495 0.266711 0.266712
0.39655 0.266734 0.266734
0.396606 0.266756 0.266757
0.396662 0.266779 0.266779
0.396718 0.266802 0.266802
0.396773 0.266824 0.266825
0.396829 0.266847 0.266847
0.396885 0.266869 0.26687
0.396941 0.266892 0.266893
0.396996 0.266915 0.266915
0.397052 0.266937 0.266938
0.397108 0.26696 0.26696
0.397164 0.266982 0.266983
0.397219 0.267005 0.267005
0.397275 0.267028 0.267028
0.397331 0.26705 0.267051
0.397387 0.267073 0.267073
0.397442 0.267095 0.267096
0.397498 0.267118 0.267118
0.397554 0.267141 0.267141
0.39761 0.267163 0.267164
0.397665 0.267186 0.267186
0.397721 0.267208 0.267209
0.397777 0.267231 0.267231
0.397833 0.267253 0.267254
0.397888 0.267276 0.267276
0.397944 0.267299 0.267299
0.398 0.267321 0.267321
0.398056 0.267344 0.267344
0.398112 0.267366 0.267367
0.398167 0.267389 0.267389
0.398223 0.267411 0.267412
0.398279 0.267434 0.267434
0.398335 0.267456 0.267457
0.39839 0.267479 0.267479
0.398446 0.267501 0.267502
0.398502 0.267524 0.267524
0.398558 0.267546 0.267547
0.398614 0.267569 0.267569
0.398669 0.267592 0.267592
0.398725 0.267614 0.267614
0.398781 0.267637 0.267637
0.398837 0.267659 0.26766
0.398893 0.267682 0.267682
0.398949 0.267704 0.267705
0.399004 0.267727 0.267727
0.39906 0.267749 0.26775
0.399116 0.267772 0.267772
0.399172 0.267794 0.267795
0.399228 0.267817 0.267817
0.399283 0.267839 0.26784
0.399339 0.267862 0.267862
0.399395 0.267884 0.267885
0.399451 0.267907 0.267907
0.399507 0.267929 0.26793
0.399563 0.267952 0.267952
0.399618 0.267974 0.267974
0.399674 0.267997 0.267997
0.39973 0.268019 0.268019
0.399786 0.268041 0.268042
0.399842 0.268064 0.268064
0.399898 0.268086 0.268087
0.399954 0.268109 0.268109
0.400009 0.268131 0.268132
0.400065 0.268154 0.268154
0.400121 0.268176 0.268177
0.400177 0.268199 0.268199
0.400233 0.268221 0.268222
0.400289 0.268244 0.268244
0.400345 0.268266 0.268267
0.4004 0.268289 0.268289
0.400456 0.268311 0.268311
0.400512 0.268333 0.268334
0.400568 0.268356 0.268356
0.400624 0.268378 0.268379
0.40068 0.268401 0.268401
0.400736 0.268423 0.268424
0.400792 0.268446 0.268446
0.400847 0.268468 0.268468
0.400903 0.26849 0.268491
0.400959 0.268513 0.268513
0.401015 0.268535 0.268536
0.401071 0.268558 0.268558
0.401127 0.26858 0.268581
0.401183 0.268603 0.268603
0.401239 0.268625 0.268625
0.401295 0.268647 0.268648
0.40135 0.26867 0.26867
0.401406 0.268692 0.268693
0.401462 0.268715 0.268715
0.401518 0.268737 0.268737
0.401574 0.268759 0.26876
0.40163 0.268782 0.268782
0.401686 0.268804 0.268805
0.401742 0.268827 0.268827
0.401798 0.268849 0.268849
0.401854 0.268871 0.268872
0.40191 0.268894 0.268894
0.401966 0.268916 0.268916
0.402021 0.268938 0.268939
0.402077 0.268961 0.268961
0.402133 0.268983 0.268984
0.402189 0.269006 0.269006
0.402245 0.269028 0.269028
0.402301 0.26905 0.269051
0.402357 0.269073 0.269073
0.402413 0.269095 0.269095
0.402469 0.269117 0.269118
0.402525 0.26914 0.26914
0.402581 0.269162 0.269162
0.402637 0.269184 0.269185
0.402693 0.269207 0.269207
0.402749 0.269229 0.269229
0.402805 0.269251 0.269252
0.402861 0.269274 0.269274
0.402917 0.269296 0.269296
0.402973 0.269318 0.269319
0.403029 0.269341 0.269341
0.403084 0.269363 0.269363
0.40314 0.269385 0.269386
0.403196 0.269408 0.269408
0.403252 0.26943 0.26943
0.403308 0.269452 0.269453
0.403364 0.269475 0.269475
0.40342 0.269497 0.269497
0.403476 0.269519 0.26952
0.403532 0.269542 0.269542
0.403588 0.269564 0.269564
0.403644 0.269586 0.269587
0.4037 0.269608 0.269609
0.403756 0.269631 0.269631
0.403812 0.269653 0.269653
0.403868 0.269675 0.269676
0.403924 0.269698 0.269698
0.40398 0.26972 0.26972
0.404036 0.269742 0.269743
0.404092 0.269764 0.269765
0.404148 0.269787 0.269787
0.404204 0.269809 0.269809
0.40426 0.269831 0.269832
0.404316 0.269854 0.269854
0.404372 0.269876 0.269876
0.404428 0.269898 0.269899
0.404484 0.26992 0.269921
0.40454 0.269943 0.269943
0.404596 0.269965 0.269965
0.404652 0.269987 0.269988
0.404708 0.270009 0.27001
0.404764 0.270032 0.270032
0.404821 0.270054 0.270054
0.404877 0.270076 0.270077
0.404933 0.270098 0.270099
0.404989 0.270121 0.270121
0.405045 0.270143 0.270143
0.405101 0.270165 0.270166
0.405157 0.270187 0.270188
0.405213 0.27021 0.27021
0.405269 0.270232 0.270232
0.405325 0.270254 0.270254
0.405381 0.270276 0.270277
0.405437 0.270298 0.270299
0.405493 0.270321 0.270321
0.405549 0.270343 0.270343
0.405605 0.270365 0.270366
0.405661 0.270387 0.270388
0.405717 0.27041 0.27041
0.405773 0.270432 0.270432
0.405829 0.270454 0.270454
0.405886 0.270476 0.270477
0.405942 0.270498 0.270499
0.405998 0.270521 0.270521
0.406054 0.270543 0.270543
0.40611 0.270565 0.270565
0.406166 0.270587 0.270588
0.406222 0.270609 0.27061
0.406278 0.270632 0.270632
0.406334 0.270654 0.270654
0.40639 0.270676 0.270676
0.406446 0.270698 0.270698
0.406502 0.27072 0.270721
0.406559 0.270742 0.270743
0.406615 0.270765 0.270765
0.406671 0.270787 0.270787
0.406727 0.270809 0.270809
0.406783 0.270831 0.270831
0.406839 0.270853 0.270854
0.406895 0.270875 0.270876
0.406951 0.270898 0.270898
0.407007 0.27092 0.27092
0.407064 0.270942 0.270942
0.40712 0.270964 0.270964
0.407176 0.270986 0.270987
0.407232 0.271008 0.271009
0.407288 0.27103 0.271031
0.407344 0.271053 0.271053
0.4074 0.271075 0.271075
0.407456 0.271097 0.271097
0.407513 0.271119 0.271119
0.407569 0.271141 0.271141
0.407625 0.271163 0.271164
0.407681 0.271185 0.271186
0.407737 0.271207 0.271208
0.407793 0.27123 0.27123
0.407849 0.271252 0.271252
0.407906 0.271274 0.271274
0.407962 0.271296 0.271296
0.408018 0.271318 0.271318
0.408074 0.27134 0.271341
0.40813 0.271362 0.271363
0.408186 0.271384 0.271385
0.408242 0.271406 0.271407
0.408299 0.271428 0.271429
0.408355 0.271451 0.271451
0.408411 0.271473 0.271473
0.408467 0.271495 0.271495
0.408523 0.271517 0.271517
0.40858 0.271539 0.271539
0.408636 0.271561 0.271561
0.408692 0.271583 0.271583
0.408748 0.271605 0.271606
0.408804 0.271627 0.271628
0.40886 0.271649 0.27165
0.408917 0.271671 0.271672
0.408973 0.271693 0.271694
0.409029 0.271715 0.271716
0.409085 0.271738 0.271738
0.409141 0.27176 0.27176
0.409198 0.271782 0.271782
0.409254 0.271804 0.271804
0.40931 0.271826 0.271826
0.409366 0.271848 0.271848
0.409422 0.27187 0.27187
0.409479 0.271892 0.271892
0.409535 0.271914 0.271914
0.409591 0.271936 0.271936
0.409647 0.271958 0.271958
0.409703 0.27198 0.27198
0.40976 0.272002 0.272002
0.409816 0.272024 0.272024
0.409872 0.272046 0.272047
0.409928 0.272068 0.272069
0.409985 0.27209 0.272091
0.410041 0.272112 0.272113
0.410097 0.272134 0.272135
0.410153 0.272156 0.272157
0.41021 0.272178 0.272179
0.410266 0.2722 0.272201
0.410322 0.272222 0.272223
0.410378 0.272244 0.272245
0.410434 0.272266 0.272267
0.410491 0.272288 0.272289
0.410547 0.27231 0.272311
0.410603 0.272332 0.272333
0.410659 0.272354 0.272355
0.410716 0.272376 0.272377
0.410772 0.272398 0.272399
0.410828 0.27242 0.272421
0.410885 0.272442 0.272443
0.410941 0.272464 0.272464
0.410997 0.272486 0.272486
0.411053 0.272508 0.272508
0.41111 0.27253 0.27253
0.411166 0.272552 0.272552
0.411222 0.272574 0.272574
0.411278 0.272596 0.272596
0.411335 0.272618 0.272618
0.411391 0.27264 0.27264
0.411447 0.272662 0.272662
0.411504 0.272684 0.272684
0.41156 0.272706 0.272706
0.411616 0.272728 0.272728
0.411672 0.27275 0.27275
0.411729 0.272771 0.272772
0.411785 0.272793 0.272794
0.411841 0.272815 0.272816
0.411898 0.272837 0.272838
0.411954 0.272859 0.27286
0.41201 0.272881 0.272882
0.412067 0.272903 0.272904
0.412123 0.272925 0.272925
0.412179 0.272947 0.272947
0.412235 0.272969 0.272969
0.412292 0.272991 0.272991
0.412348 0.273013 0.273013
0.412404 0.273035 0.273035
0.412461 0.273056 0.273057
0.412517 0.273078 0.273079
0.412573 0.2731 0.273101
0.41263 0.273122 0.273123
0.412686 0.273144 0.273145
0.412742 0.273166 0.273166
0.412799 0.273188 0.273188
0.412855 0.27321 0.27321
0.412911 0.273232 0.273232
0.412968 0.273254 0.273254
0.413024 0.273275 0.273276
0.41308 0.273297 0.273298
0.413137 0.273319 0.27332
0.413193 0.273341 0.273342
0.413249 0.273363 0.273363
0.413306 0.273385 0.273385
0.413362 0.273407 0.273407
0.413419 0.273429 0.273429
0.413475 0.27345 0.273451
0.413531 0.273472 0.273473
0.413588 0.273494 0.273495
0.413644 0.273516 0.273516
0.4137 0.273538 0.273538
0.413757 0.27356 0.27356
0.413813 0.273582 0.273582
0.41387 0.273603 0.273604
0.413926 0.273625 0.273626
0.413982 0.273647 0.273648
0.414039 0.273669 0.273669
0.414095 0.273691 0.273691
0.414151 0.273713 0.273713
0.414208 0.273734 0.273735
0.414264 0.273756 0.273757
0.414321 0.273778 0.273779
0.414377 0.2738 0.2738
0.414433 0.273822 0.273822
0.41449 0.273844 0.273844
0.414546 0.273865 0.273866
0.414603 0.273887 0.273888
0.414659 0.273909 0.273909
0.414715 0.273931 0.273931
0.414772 0.273953 0.273953
0.414828 0.273974 0.273975
0.414885 0.273996 0.273997
0.414941 0.274018 0.274018
0.414997 0.27404 0.27404
0.415054 0.274062 0.274062
0.41511 0.274083 0.274084
0.415167 0.274105 0.274106
0.415223 0.274127 0.274127
0.41528 0.274149 0.274149
0.415336 0.274171 0.274171
0.415392 0.274192 0.274193
0.415449 0.274214 0.274215
0.415505 0.274236 0.274236
0.415562 0.274258 0.274258
0.415618 0.274279 0.27428
0.415675 0.274301 0.274302
0.415731 0.274323 0.274323
0.415788 0.274345 0.274345
0.415844 0.274366 0.274367
0.415901 0.274388 0.274389
0.415957 0.27441 0.27441
0.416013 0.274432 0.274432
0.41607 0.274453 0.274454
0.416126 0.274475 0.274476
0.416183 0.274497 0.274497
0.416239 0.274519 0.274519
0.416296 0.27454 0.274541
0.416352 0.274562 0.274563
0.416409 0.274584 0.274584
0.416465 0.274606 0.274606
0.416522 0.274627 0.274628
0.416578 0.274649 0.27465
0.416635 0.274671 0.274671
0.416691 0.274693 0.274693
0.416748 0.274714 0.274715
0.416804 0.274736 0.274736
0.416861 0.274758 0.274758
0.416917 0.274779 0.27478
0.416974 0.274801 0.274802
0.41703 0.274823 0.274823
0.417087 0.274845 0.274845
0.417143 0.274866 0.274867
0.4172 0.274888 0.274888
0.417256 0.27491 0.27491
0.417313 0.274931 0.274932
0.417369 0.274953 0.274953
0.417426 0.274975 0.274975
0.417482 0.274996 0.274997
0.417539 0.275018 0.275019
0.417595 0.27504 0.27504
0.417652 0.275061 0.275062
0.417708 0.275083 0.275084
0.417765 0.275105 0.275105
0.417821 0.275126 0.275127
0.417878 0.275148 0.275149
0.417934 0.27517 0.27517
0.417991 0.275191 0.275192
0.418047 0.275213 0.275214
0.418104 0.275235 0.275235
0.418161 0.275256 0.275257
0.418217 0.275278 0.275279
0.418274 0.2753 0.2753
0.41833 0.275321 0.275322
0.418387 0.275343 0.275344
0.418443 0.275365 0.275365
0.4185 0.275386 0.275387
0.418556 0.275408 0.275408
0.418613 0.27543 0.27543
0.41867 0.275451 0.275452
0.418726 0.275473 0.275473
0.418783 0.275494 0.275495
0.418839 0.275516 0.275517
0.418896 0.275538 0.275538
0.418952 0.275559 0.27556
0.419009 0.275581 0.275581
0.419066 0.275603 0.275603
0.419122 0.275624 0.275625
0.419179 0.275646 0.275646
0.419235 0.275667 0.275668
0.419292 0.275689 0.27569
0.419348 0.275711 0.275711
0.419405 0.275732 0.275733
0.419462 0.275754 0.275754
0.419518 0.275775 0.275776
0.419575 0.275797 0.275798
0.419631 0.275819 0.275819
0.419688 0.27584 0.275841
0.419745 0.275862 0.275862
0.419801 0.275883 0.275884
0.419858 0.275905 0.275905
0.419914 0.275927 0.275927
0.419971 0.275948 0.275949
0.420028 0.27597 0.27597
0.420084 0.275991 0.275992
0.420141 0.276013 0.276013
0.420198 0.276034 0.276035
0.420254 0.276056 0.276056
0.420311 0.276078 0.276078
0.420367 0.276099 0.2761
0.420424 0.276121 0.276121
0.420481 0.276142 0.276143
0.420537 0.276164 0.276164
0.420594 0.276185 0.276186
0.420651 0.276207 0.276207
0.420707 0.276228 0.276229
0.420764 0.27625 0.27625
0.420821 0.276272 0.276272
0.420877 0.276293 0.276294
0.420934 0.276315 0.276315
0.42099 0.276336 0.276337
0.421047 0.276358 0.276358
0.421104 0.276379 0.27638
0.42116 0.276401 0.276401
0.421217 0.276422 0.276423
0.421274 0.276444 0.276444
0.42133 0.276465 0.276466
0.421387 0.276487 0.276487
0.421444 0.276508 0.276509
0.4215 0.27653 0.27653
0.421557 0.276551 0.276552
0.421614 0.276573 0.276573
0.42167 0.276594 0.276595
0.421727 0.276616 0.276616
0.421784 0.276637 0.276638
0.421841 0.276659 0.276659
0.421897 0.27668 0.276681
0.421954 0.276702 0.276702
0.422011 0.276723 0.276724
0.422067 0.276745 0.276745
0.422124 0.276766 0.276767
0.422181 0.276788 0.276788
0.422237 0.276809 0.27681
0.422294 0.276831 0.276831
0.422351 0.276852 0.276853
0.422408 0.276874 0.276874
0.422464 0.276895 0.276896
0.422521 0.276917 0.276917
0.422578 0.276938 0.276939
0.422634 0.27696 0.27696
0.422691 0.276981 0.276981
0.422748 0.277002 0.277003
0.422805 0.277024 0.277024
0.422861 0.277045 0.277046
0.422918 0.277067 0.277067
0.422975 0.277088 0.277089
0.423031 0.27711 0.27711
0.423088 0.277131 0.277132
0.423145 0.277153 0.277153
0.423202 0.277174 0.277174
0.423258 0.277195 0.277196
0.423315 0.277217 0.277217
0.423372 0.277238 0.277239
0.423429 0.27726 0.27726
0.423485 0.277281 0.277282
0.423542 0.277303 0.277303
0.423599 0.277324 0.277324
0.423656 0.277345 0.277346
0.423712 0.277367 0.277367
0.423769 0.277388 0.277389
0.423826 0.27741 0.27741
0.423883 0.277431 0.277432
0.423939 0.277452 0.277453
0.423996 0.277474 0.277474
0.424053 0.277495 0.277496
0.42411 0.277517 0.277517
0.424167 0.277538 0.277539
0.424223 0.277559 0.27756
0.42428 0.277581 0.277581
0.424337 0.277602 0.277603
0.424394 0.277624 0.277624
0.424451 0.277645 0.277645
0.424507 0.277666 0.277667
0.424564 0.277688 0.277688
0.424621 0.277709 0.27771
0.424678 0.27773 0.277731
0.424734 0.277752 0.277752
0.424791 0.277773 0.277774
0.424848 0.277795 0.277795
0.424905 0.277816 0.277816
0.424962 0.277837 0.277838
0.425019 0.277859 0.277859
0.425075 0.27788 0.27788
0.425132 0.277901 0.277902
0.425189 0.277923 0.277923
0.425246 0.277944 0.277945
0.425303 0.277965 0.277966
0.425359 0.277987 0.277987
0.425416 0.278008 0.278009
0.425473 0.278029 0.27803
0.42553 0.278051 0.278051
0.425587 0.278072 0.278073
0.425644 0.278093 0.278094
0.4257 0.278115 0.278115
0.425757 0.278136 0.278137
0.425814 0.278157 0.278158
0.425871 0.278179 0.278179
0.425928 0.2782 0.2782
0.425985 0.278221 0.278222
0.426042 0.278243 0.278243
0.426098 0.278264 0.278264
0.426155 0.278285 0.278286
0.426212 0.278307 0.278307
0.426269 0.278328 0.278328
0.426326 0.278349 0.27835
0.426383 0.27837 0.278371
0.42644 0.278392 0.278392
0.426496 0.278413 0.278414
0.426553 0.278434 0.278435
0.42661 0.278456 0.278456
0.426667 0.278477 0.278477
0.426724 0.278498 0.278499
0.426781 0.278519 0.27852
0.426838 0.278541 0.278541
0.426895 0.278562 0.278563
0.426951 0.278583 0.278584
0.427008 0.278605 0.278605
0.427065 0.278626 0.278626
0.427122 0.278647 0.278648
0.427179 0.278668 0.278669
0.427236 0.27869 0.27869
0.427293 0.278711 0.278711
0.42735 0.278732 0.278733
0.427407 0.278753 0.278754
0.427464 0.278775 0.278775
0.42752 0.278796 0.278796
0.427577 0.278817 0.278818
0.427634 0.278838 0.278839
0.427691 0.27886 0.27886
0.427748 0.278881 0.278881
0.427805 0.278902 0.278903
0.427862 0.278923 0.278924
0.427919 0.278945 0.278945
0.427976 0.278966 0.278966
0.428033 0.278987 0.278987
0.42809 0.279008 0.279009
0.428147 0.279029 0.27903
0.428204 0.279051 0.279051
0.428261 0.279072 0.279072
0.428317 0.279093 0.279094
0.428374 0.279114 0.279115
0.428431 0.279136 0.279136
0.428488 0.279157 0.279157
0.428545 0.279178 0.279178
0.428602 0.279199 0.2792
0.428659 0.27922 0.279221
0.428716 0.279242 0.279242
0.428773 0.279263 0.279263
0.42883 0.279284 0.279284
0.428887 0.279305 0.279306
0.428944 0.279326 0.279327
0.429001 0.279347 0.279348
0.429058 0.279369 0.279369
0.429115 0.27939 0.27939
0.429172 0.279411 0.279411
0.429229 0.279432 0.279433
0.429286 0.279453 0.279454
0.429343 0.279474 0.279475
0.4294 0.279496 0.279496
0.429457 0.279517 0.279517
0.429514 0.279538 0.279538
0.429571 0.279559 0.27956
0.429628 0.27958 0.279581
0.429685 0.279601 0.279602
0.429742 0.279623 0.279623
0.429799 0.279644 0.279644
0.429856 0.279665 0.279665
0.429913 0.279686 0.279687
0.42997 0.279707 0.279708
0.430027 0.279728 0.279729
0.430084 0.279749 0.27975
0.430141 0.279771 0.279771
0.430198 0.279792 0.279792
0.430255 0.279813 0.279813
0.430312 0.279834 0.279834
0.430369 0.279855 0.279856
0.430426 0.279876 0.279877
0.430483 0.279897 0.279898
0.43054 0.279918 0.279919
0.430597 0.27994 0.27994
0.430654 0.279961 0.279961
0.430711 0.279982 0.279982
0.430768 0.280003 0.280003
0.430825 0.280024 0.280025
0.430882 0.280045 0.280046
0.430939 0.280066 0.280067
0.430996 0.280087 0.280088
0.431053 0.280108 0.280109
0.43111 0.280129 0.28013
0.431167 0.280151 0.280151
0.431225 0.280172 0.280172
0.431282 0.280193 0.280193
0.431339 0.280214 0.280214
0.431396 0.280235 0.280235
0.431453 0.280256 0.280257
0.43151 0.280277 0.280278
0.431567 0.280298 0.280299
0.431624 0.280319 0.28032
0.431681 0.28034 0.280341
0.431738 0.280361 0.280362
0.431795 0.280382 0.280383
0.431852 0.280403 0.280404
0.431909 0.280425 0.280425
0.431966 0.280446 0.280446
0.432024 0.280467 0.280467
0.432081 0.280488 0.280488
0.432138 0.280509 0.280509
0.432195 0.28053 0.28053
0.432252 0.280551 0.280551
0.432309 0.280572 0.280572
0.432366 0.280593 0.280593
0.432423 0.280614 0.280614
0.43248 0.280635 0.280635
0.432537 0.280656 0.280657
0.432595 0.280677 0.280678
0.432652 0.280698 0.280699
0.432709 0.280719 0.28072
0.432766 0.28074 0.280741
0.432823 0.280761 0.280762
0.43288 0.280782 0.280783
0.432937 0.280803 0.280804
0.432994 0.280824 0.280825
0.433052 0.280845 0.280846
0.433109 0.280866 0.280867
0.433166 0.280887 0.280888
0.433223 0.280908 0.280909
0.43328 0.280929 0.28093
0.433337 0.28095 0.280951
0.433394 0.280971 0.280972
0.433452 0.280992 0.280993
0.433509 0.281013 0.281014
0.433566 0.281034 0.281035
0.433623 0.281055 0.281056
0.43368 0.281076 0.281077
0.433737 0.281097 0.281098
0.433795 0.281118 0.281119
0.433852 0.281139 0.28114
0.433909 0.28116 0.28116
0.433966 0.281181 0.281181
0.434023 0.281202 0.281202
0.43408 0.281223 0.281223
0.434138 0.281244 0.281244
0.434195 0.281265 0.281265
0.434252 0.281286 0.281286
0.434309 0.281307 0.281307
0.434366 0.281328 0.281328
0.434423 0.281349 0.281349
0.434481 0.28137 0.28137
0.434538 0.28139 0.281391
0.434595 0.281411 0.281412
0.434652 0.281432 0.281433
0.434709 0.281453 0.281454
0.434767 0.281474 0.281475
0.434824 0.281495 0.281496
0.434881 0.281516 0.281517
0.434938 0.281537 0.281538
0.434995 0.281558 0.281558
0.435053 0.281579 0.281579
0.43511 0.2816 0.2816
0.435167 0.281621 0.281621
0.435224 0.281642 0.281642
0.435282 0.281663 0.281663
0.435339 0.281683 0.281684
0.435396 0.281704 0.281705
0.435453 0.281725 0.281726
0.43551 0.281746 0.281747
0.435568 0.281767 0.281768
0.435625 0.281788 0.281788
0.435682 0.281809 0.281809
0.435739 0.28183 0.28183
0.435797 0.281851 0.281851
0.435854 0.281872 0.281872
0.435911 0.281892 0.281893
0.435968 0.281913 0.281914
0.436026 0.281934 0.281935
0.436083 0.281955 0.281956
0.43614 0.281976 0.281976
0.436197 0.281997 0.281997
0.436255 0.282018 0.282018
0.436312 0.282039 0.282039
0.436369 0.282059 0.28206
0.436426 0.28208 0.282081
0.436484 0.282101 0.282102
0.436541 0.282122 0.282122
0.436598 0.282143 0.282143
0.436656 0.282164 0.282164
0.436713 0.282185 0.282185
0.43677 0.282205 0.282206
0.436827 0.282226 0.282227
0.436885 0.282247 0.282248
0.436942 0.282268 0.282268
0.436999 0.282289 0.282289
0.437057 0.28231 0.28231
0.437114 0.28233 0.282331
0.437171 0.282351 0.282352
0.437228 0.282372 0.282373
0.437286 0.282393 0.282393
0.437343 0.282414 0.282414
0.4374 0.282435 0.282435
0.437458 0.282455 0.282456
0.437515 0.282476 0.282477
0.437572 0.282497 0.282497
0.43763 0.282518 0.282518
0.437687 0.282539 0.282539
0.437744 0.282559 0.28256
0.437802 0.28258 0.282581
0.437859 0.282601 0.282602
0.437916 0.282622 0.282622
0.437974 0.282643 0.282643
0.438031 0.282663 0.282664
0.438088 0.282684 0.282685
0.438146 0.282705 0.282705
0.438203 0.282726 0.282726
0.43826 0.282747 0.282747
0.438318 0.282767 0.282768
0.438375 0.282788 0.282789
0.438432 0.282809 0.282809
0.43849 0.28283 0.28283
0.438547 0.28285 0.282851
0.438604 0.282871 0.282872
0.438662 0.282892 0.282892
0.438719 0.282913 0.282913
0.438776 0.282933 0.282934
0.438834 0.282954 0.282955
0.438891 0.282975 0.282976
0.438949 0.282996 0.282996
0.439006 0.283016 0.283017
0.439063 0.283037 0.283038
0.439121 0.283058 0.283059
0.439178 0.283079 0.283079
0.439235 0.283099 0.2831
0.439293 0.28312 0.283121
0.43935 0.283141 0.283141
0.439408 0.283162 0.283162
0.439465 0.283182 0.283183
0.439522 0.283203 0.283204
0.43958 0.283224 0.283224
0.439637 0.283245 0.283245
0.439695 0.283265 0.283266
0.439752 0.283286 0.283287
0.439809 0.283307 0.283307
0.439867 0.283327 0.283328
0.439924 0.283348 0.283349
0.439982 0.283369 0.283369
0.440039 0.28339 0.28339
0.440096 0.28341 0.283411
0.440154 0.283431 0.283432
0.440211 0.283452 0.283452
0.440269 0.283472 0.283473
0.440326 0.283493 0.283494
0.440384 0.283514 0.283514
0.440441 0.283534 0.283535
0.440498 0.283555 0.283556
0.440556 0.283576 0.283576
0.440613 0.283597 0.283597
0.440671 0.283617 0.283618
0.440728 0.283638 0.283638
0.440786 0.283659 0.283659
0.440843 0.283679 0.28368
0.440901 0.2837 0.2837
0.440958 0.283721 0.283721
0.441015 0.283741 0.283742
0.441073 0.283762 0.283762
0.44113 0.283783 0.283783
0.441188 0.283803 0.283804
0.441245 0.283824 0.283824
0.441303 0.283844 0.283845
0.44136 0.283865 0.283866
0.441418 0.283886 0.283886
0.441475 0.283906 0.283907
0.441533 0.283927 0.283928
0.44159 0.283948 0.283948
0.441648 0.283968 0.283969
0.441705 0.283989 0.28399
0.441763 0.28401 0.28401
0.44182 0.28403 0.284031
0.441878 0.284051 0.284051
0.441935 0.284072 0.284072
0.441993 0.284092 0.284093
0.44205 0.284113 0.284113
0.442108 0.284133 0.284134
0.442165 0.284154 0.284155
0.442223 0.284175 0.284175
0.44228 0.284195 0.284196
0.442338 0.284216 0.284216
0.442395 0.284236 0.284237
0.442453 0.284257 0.284258
0.44251 0.284278 0.284278
0.442568 0.284298 0.284299
0.442625 0.284319 0.284319
0.442683 0.284339 0.28434
0.44274 0.28436 0.284361
0.442798 0.284381 0.284381
0.442855 0.284401 0.284402
0.442913 0.284422 0.284422
0.44297 0.284442 0.284443
0.443028 0.284463 0.284463
0.443085 0.284484 0.284484
0.443143 0.284504 0.284505
0.443201 0.284525 0.284525
0.443258 0.284545 0.284546
0.443316 0.284566 0.284566
0.443373 0.284586 0.284587
0.443431 0.284607 0.284607
0.443488 0.284627 0.284628
0.443546 0.284648 0.284649
0.443603 0.284669 0.284669
0.443661 0.284689 0.28469
0.443719 0.28471 0.28471
0.443776 0.28473 0.284731
0.443834 0.284751 0.284751
0.443891 0.284771 0.284772
0.443949 0.284792 0.284792
0.444006 0.284812 0.284813
0.444064 0.284833 0.284833
0.444122 0.284853 0.284854
0.444179 0.284874 0.284875
0.444237 0.284895 0.284895
0.444294 0.284915 0.284916
0.444352 0.284936 0.284936
0.44441 0.284956 0.284957
0.444467 0.284977 0.284977
0.444525 0.284997 0.284998
0.444582 0.285018 0.285018
0.44464 0.285038 0.285039
0.444698 0.285059 0.285059
0.444755 0.285079 0.28508
0.444813 0.2851 0.2851
0.44487 0.28512 0.285121
0.444928 0.285141 0.285141
0.444986 0.285161 0.285162
0.445043 0.285182 0.285182
0.445101 0.285202 0.285203
0.445158 0.285223 0.285223
0.445216 0.285243 0.285244
0.445274 0.285264 0.285264
0.445331 0.285284 0.285285
0.445389 0.285305 0.285305
0.445447 0.285325 0.285326
0.445504 0.285345 0.285346
0.445562 0.285366 0.285367
0.44562 0.285386 0.285387
0.445677 0.285407 0.285407
0.445735 0.285427 0.285428
0.445793 0.285448 0.285448
0.44585 0.285468 0.285469
0.445908 0.285489 0.285489
0.445966 0.285509 0.28551
0.446023 0.28553 0.28553
0.446081 0.28555 0.285551
0.446139 0.285571 0.285571
0.446196 0.285591 0.285592
0.446254 0.285611 0.285612
0.446312 0.285632 0.285632
0.446369 0.285652 0.285653
0.446427 0.285673 0.285673
0.446485 0.285693 0.285694
0.446542 0.285714 0.285714
0.4466 0.285734 0.285735
0.446658 0.285754 0.285755
0.446715 0.285775 0.285775
0.446773 0.285795 0.285796
0.446831 0.285816 0.285816
0.446888 0.285836 0.285837
0.446946 0.285856 0.285857
0.447004 0.285877 0.285877
0.447062 0.285897 0.285898
0.447119 0.285918 0.285918
0.447177 0.285938 0.285939
0.447235 0.285959 0.285959
0.447292 0.285979 0.285979
0.44735 0.285999 0.286
0.447408 0.28602 0.28602
0.447466 0.28604 0.286041
0.447523 0.28606 0.286061
0.447581 0.286081 0.286081
0.447639 0.286101 0.286102
0.447696 0.286122 0.286122
0.447754 0.286142 0.286143
0.447812 0.286162 0.286163
0.44787 0.286183 0.286183
0.447927 0.286203 0.286204
0.447985 0.286223 0.286224
0.448043 0.286244 0.286244
0.448101 0.286264 0.286265
0.448158 0.286285 0.286285
0.448216 0.286305 0.286305
0.448274 0.286325 0.286326
0.448332 0.286346 0.286346
0.448389 0.286366 0.286367
0.448447 0.286386 0.286387
0.448505 0.286407 0.286407
0.448563 0.286427 0.286428
0.44862 0.286447 0.286448
0.448678 0.286468 0.286468
0.448736 0.286488 0.286489
0.448794 0.286508 0.286509
0.448852 0.286529 0.286529
0.448909 0.286549 0.28655
0.448967 0.286569 0.28657
0.449025 0.28659 0.28659
0.449083 0.28661 0.286611
0.44914 0.28663 0.286631
0.449198 0.286651 0.286651
0.449256 0.286671 0.286672
0.449314 0.286691 0.286692
0.449372 0.286712 0.286712
0.449429 0.286732 0.286732
0.449487 0.286752 0.286753
0.449545 0.286772 0.286773
0.449603 0.286793 0.286793
0.449661 0.286813 0.286814
0.449719 0.286833 0.286834
0.449776 0.286854 0.286854
0.449834 0.286874 0.286875
0.449892 0.286894 0.286895
0.44995 0.286915 0.286915
0.450008 0.286935 0.286935
0.450065 0.286955 0.286956
0.450123 0.286975 0.286976
0.450181 0.286996 0.286996
0.450239 0.287016 0.287016
0.450297 0.287036 0.287037
0.450355 0.287056 0.287057
0.450413 0.287077 0.287077
0.45047 0.287097 0.287098
0.450528 0.287117 0.287118
0.450586 0.287137 0.287138
0.450644 0.287158 0.287158
0.450702 0.287178 0.287179
0.45076 0.287198 0.287199
0.450818 0.287218 0.287219
0.450875 0.287239 0.287239
0.450933 0.287259 0.28726
0.450991 0.287279 0.28728
0.451049 0.287299 0.2873
0.451107 0.28732 0.28732
0.451165 0.28734 0.28734
0.451223 0.28736 0.287361
0.45128 0.28738 0.287381
0.451338 0.287401 0.287401
0.451396 0.287421 0.287421
0.451454 0.287441 0.287442
0.451512 0.287461 0.287462
0.45157 0.287481 0.287482
0.451628 0.287502 0.287502
0.451686 0.287522 0.287522
0.451744 0.287542 0.287543
0.451802 0.287562 0.287563
0.451859 0.287582 0.287583
0.451917 0.287603 0.287603
0.451975 0.287623 0.287623
0.452033 0.287643 0.287644
0.452091 0.287663 0.287664
0.452149 0.287683 0.287684
0.452207 0.287704 0.287704
0.452265 0.287724 0.287724
0.452323 0.287744 0.287745
0.452381 0.287764 0.287765
0.452439 0.287784 0.287785
0.452497 0.287805 0.287805
0.452555 0.287825 0.287825
0.452612 0.287845 0.287845
0.45267 0.287865 0.287866
0.452728 0.287885 0.287886
0.452786 0.287905 0.287906
0.452844 0.287926 0.287926
0.452902 0.287946 0.287946
0.45296 0.287966 0.287966
0.453018 0.287986 0.287987
0.453076 0.288006 0.288007
0.453134 0.288026 0.288027
0.453192 0.288046 0.288047
0.45325 0.288067 0.288067
0.453308 0.288087 0.288087
0.453366 0.288107 0.288107
0.453424 0.288127 0.288128
0.453482 0.288147 0.288148
0.45354 0.288167 0.288168
0.453598 0.288187 0.288188
0.453656 0.288208 0.288208
0.453714 0.288228 0.288228
0.453772 0.288248 0.288248
0.45383 0.288268 0.288268
0.453888 0.288288 0.288289
0.453946 0.288308 0.288309
0.454004 0.288328 0.288329
0.454062 0.288348 0.288349
0.45412 0.288368 0.288369
0.454178 0.288389 0.288389
0.454236 0.288409 0.288409
0.454294 0.288429 0.288429
0.454352 0.288449 0.288449
0.45441 0.288469 0.28847
0.454468 0.288489 0.28849
0.454526 0.288509 0.28851
0.454584 0.288529 0.28853
0.454642 0.288549 0.28855
0.4547 0.288569 0.28857
0.454758 0.288589 0.28859
0.454816 0.28861 0.28861
0.454874 0.28863 0.28863
0.454932 0.28865 0.28865
0.45499 0.28867 0.28867
0.455048 0.28869 0.28869
0.455106 0.28871 0.28871
0.455164 0.28873 0.288731
0.455222 0.28875 0.288751
0.45528 0.28877 0.288771
0.455338 0.28879 0.288791
0.455396 0.28881 0.288811
0.455454 0.28883 0.288831
0.455512 0.28885 0.288851
0.455571 0.28887 0.288871
0.455629 0.28889 0.288891
0.455687 0.28891 0.288911
0.455745 0.28893 0.288931
0.455803 0.28895 0.288951
0.455861 0.288971 0.288971
0.455919 0.288991 0.288991
0.455977 0.289011 0.289011
0.456035 0.289031 0.289031
0.456093 0.289051 0.289051
0.456151 0.289071 0.289071
0.456209 0.289091 0.289091
0.456267 0.289111 0.289111
0.456326 0.289131 0.289131
0.456384 0.289151 0.289151
0.456442 0.289171 0.289171
0.4565 0.289191 0.289191
0.456558 0.289211 0.289211
0.456616 0.289231 0.289231
0.456674 0.289251 0.289251
0.456732 0.289271 0.289271
0.45679 0.289291 0.289291
0.456849 0.289311 0.289311
0.456907 0.289331 0.289331
0.456965 0.289351 0.289351
0.457023 0.289371 0.289371
0.457081 0.289391 0.289391
0.457139 0.289411 0.289411
0.457197 0.289431 0.289431
0.457255 0.289451 0.289451
0.457314 0.289471 0.289471
0.457372 0.289491 0.289491
0.45743 0.289511 0.289511
0.457488 0.28953 0.289531
0.457546 0.28955 0.289551
0.457604 0.28957 0.289571
0.457662 0.28959 0.289591
0.457721 0.28961 0.289611
0.457779 0.28963 0.289631
0.457837 0.28965 0.289651
0.457895 0.28967 0.289671
0.457953 0.28969 0.289691
0.458011 0.28971 0.289711
0.45807 0.28973 0.289731
0.458128 0.28975 0.289751
0.458186 0.28977 0.28977
0.458244 0.28979 0.28979
0.458302 0.28981 0.28981
0.45836 0.28983 0.28983
0.458419 0.28985 0.28985
0.458477 0.289869 0.28987
0.458535 0.289889 0.28989
0.458593 0.289909 0.28991
0.458651 0.289929 0.28993
0.45871 0.289949 0.28995
0.458768 0.289969 0.28997
0.458826 0.289989 0.28999
0.458884 0.290009 0.290009
0.458942 0.290029 0.290029
0.459001 0.290049 0.290049
0.459059 0.290069 0.290069
0.459117 0.290088 0.290089
0.459175 0.290108 0.290109
0.459233 0.290128 0.290129
0.459292 0.290148 0.290149
0.45935 0.290168 0.290169
0.459408 0.290188 0.290189
0.459466 0.290208 0.290208
0.459525 0.290228 0.290228
0.459583 0.290248 0.290248
0.459641 0.290267 0.290268
0.459699 0.290287 0.290288
0.459758 0.290307 0.290308
0.459816 0.290327 0.290328
0.459874 0.290347 0.290348
0.459932 0.290367 0.290367
0.459991 0.290387 0.290387
0.460049 0.290406 0.290407
0.460107 0.290426 0.290427
0.460165 0.290446 0.290447
0.460224 0.290466 0.290467
0.460282 0.290486 0.290487
0.46034 0.290506 0.290506
0.460398 0.290526 0.290526
0.460457 0.290545 0.290546
0.460515 0.290565 0.290566
0.460573 0.290585 0.290586
0.460631 0.290605 0.290606
0.46069 0.290625 0.290625
0.460748 0.290645 0.290645
0.460806 0.290664 0.290665
0.460865 0.290684 0.290685
0.460923 0.290704 0.290705
0.460981 0.290724 0.290724
0.461039 0.290744 0.290744
0.461098 0.290763 0.290764
0.461156 0.290783 0.290784
0.461214 0.290803 0.290804
0.461273 0.290823 0.290824
0.461331 0.290843 0.290843
0.461389 0.290863 0.290863
0.461448 0.290882 0.290883
0.461506 0.290902 0.290903
0.461564 0.290922 0.290923
0.461623 0.290942 0.290942
0.461681 0.290961 0.290962
0.461739 0.290981 0.290982
0.461798 0.291001 0.291002
0.461856 0.291021 0.291021
0.461914 0.291041 0.291041
0.461973 0.29106 0.291061
0.462031 0.29108 0.291081
0.462089 0.2911 0.291101
0.462148 0.29112 0.29112
0.462206 0.291139 0.29114
0.462264 0.291159 0.29116
0.462323 0.291179 0.29118
0.462381 0.291199 0.291199
0.462439 0.291219 0.291219
0.462498 0.291238 0.291239
0.462556 0.291258 0.291259
0.462614 0.291278 0.291278
0.462673 0.291298 0.291298
0.462731 0.291317 0.291318
0.46279 0.291337 0.291338
0.462848 0.291357 0.291357
0.462906 0.291376 0.291377
0.462965 0.291396 0.291397
0.463023 0.291416 0.291417
0.463081 0.291436 0.291436
0.46314 0.291455 0.291456
0.463198 0.291475 0.291476
0.463257 0.291495 0.291495
0.463315 0.291515 0.291515
0.463373 0.291534 0.291535
0.463432 0.291554 0.291555
0.46349 0.291574 0.291574
0.463549 0.291593 0.291594
0.463607 0.291613 0.291614
0.463665 0.291633 0.291633
0.463724 0.291653 0.291653
0.463782 0.291672 0.291673
0.463841 0.291692 0.291693
0.463899 0.291712 0.291712
0.463957 0.291731 0.291732
0.464016 0.291751 0.291752
0.464074 0.291771 0.291771
0.464133 0.29179 0.291791
0.464191 0.29181 0.291811
0.46425 0.29183 0.29183
0.464308 0.291849 0.29185
0.464366 0.291869 0.29187
0.464425 0.291889 0.291889
0.464483 0.291908 0.291909
0.464542 0.291928 0.291929
0.4646 0.291948 0.291948
0.464659 0.291967 0.291968
0.464717 0.291987 0.291988
0.464776 0.292007 0.292007
0.464834 0.292026 0.292027
0.464893 0.292046 0.292047
0.464951 0.292066 0.292066
0.465009 0.292085 0.292086
0.465068 0.292105 0.292106
0.465126 0.292125 0.292125
0.465185 0.292144 0.292145
0.465243 0.292164 0.292165
0.465302 0.292184 0.292184
0.46536 0.292203 0.292204
0.465419 0.292223 0.292223
0.465477 0.292242 0.292243
0.465536 0.292262 0.292263
0.465594 0.292282 0.292282
0.465653 0.292301 0.292302
0.465711 0.292321 0.292322
0.46577 0.292341 0.292341
0.465828 0.29236 0.292361
0.465887 0.29238 0.29238
0.465945 0.292399 0.2924
0.466004 0.292419 0.29242
0.466062 0.292439 0.292439
0.466121 0.292458 0.292459
0.466179 0.292478 0.292478
0.466238 0.292497 0.292498
0.466296 0.292517 0.292518
0.466355 0.292537 0.292537
0.466413 0.292556 0.292557
0.466472 0.292576 0.292576
0.466531 0.292595 0.292596
0.466589 0.292615 0.292616
0.466648 0.292635 0.292635
0.466706 0.292654 0.292655
0.466765 0.292674 0.292674
0.466823 0.292693 0.292694
0.466882 0.292713 0.292713
0.46694 0.292732 0.292733
0.466999 0.292752 0.292753
0.467057 0.292772 0.292772
0.467116 0.292791 0.292792
0.467175 0.292811 0.292811
0.467233 0.29283 0.292831
0.467292 0.29285 0.29285
0.46735 0.292869 0.29287
0.467409 0.292889 0.29289
0.467467 0.292908 0.292909
0.467526 0.292928 0.292929
0.467585 0.292948 0.292948
0.467643 0.292967 0.292968
0.467702 0.292987 0.292987
0.46776 0.293006 0.293007
0.467819 0.293026 0.293026
0.467877 0.293045 0.293046
0.467936 0.293065 0.293065
0.467995 0.293084 0.293085
0.468053 0.293104 0.293104
0.468112 0.293123 0.293124
0.46817 0.293143 0.293143
0.468229 0.293162 0.293163
0.468288 0.293182 0.293182
0.468346 0.293201 0.293202
0.468405 0.293221 0.293221
0.468464 0.29324 0.293241
0.468522 0.29326 0.29326
0.468581 0.293279 0.29328
0.468639 0.293299 0.293299
0.468698 0.293318 0.293319
0.468757 0.293338 0.293338
0.468815 0.293357 0.293358
0.468874 0.293377 0.293377
0.468933 0.293396 0.293397
0.468991 0.293416 0.293416
0.46905 0.293435 0.293436
0.469109 0.293455 0.293455
0.469167 0.293474 0.293475
0.469226 0.293494 0.293494
0.469284 0.293513 0.293514
0.469343 0.293533 0.293533
0.469402 0.293552 0.293553
0.46946 0.293572 0.293572
0.469519 0.293591 0.293592
0.469578 0.29361 0.293611
0.469636 0.29363 0.293631
0.469695 0.293649 0.29365
0.469754 0.293669 0.293669
0.469812 0.293688 0.293689
0.469871 0.293708 0.293708
0.46993 0.293727 0.293728
0.469989 0.293747 0.293747
0.470047 0.293766 0.293767
0.470106 0.293785 0.293786
0.470165 0.293805 0.293806
0.470223 0.293824 0.293825
0.470282 0.293844 0.293844
0.470341 0.293863 0.293864
0.470399 0.293883 0.293883
0.470458 0.293902 0.293903
0.470517 0.293921 0.293922
0.470576 0.293941 0.293942
0.470634 0.29396 0.293961
0.470693 0.29398 0.29398
0.470752 0.293999 0.294
0.47081 0.294019 0.294019
0.470869 0.294038 0.294039
0.470928 0.294057 0.294058
0.470987 0.294077 0.294077
0.471045 0.294096 0.294097
0.471104 0.294116 0.294116
0.471163 0.294135 0.294136
0.471221 0.294154 0.294155
0.47128 0.294174 0.294174
0.471339 0.294193 0.294194
0.471398 0.294212 0.294213
0.471456 0.294232 0.294233
0.471515 0.294251 0.294252
0.471574 0.294271 0.294271
0.471633 0.29429 0.294291
0.471691 0.294309 0.29431
0.47175 0.294329 0.294329
0.471809 0.294348 0.294349
0.471868 0.294367 0.294368
0.471927 0.294387 0.294387
0.471985 0.294406 0.294407
0.472044 0.294426 0.294426
0.472103 0.294445 0.294446
0.472162 0.294464 0.294465
0.47222 0.294484 0.294484
0.472279 0.294503 0.294504
0.472338 0.294522 0.294523
0.472397 0.294542 0.294542
0.472456 0.294561 0.294562
0.472514 0.29458 0.294581
0.472573 0.2946 0.2946
0.472632 0.294619 0.29462
0.472691 0.294638 0.294639
0.47275 0.294658 0.294658
0.472808 0.294677 0.294678
0.472867 0.294696 0.294697
0.472926 0.294716 0.294716
0.472985 0.294735 0.294736
0.473044 0.294754 0.294755
0.473102 0.294774 0.294774
0.473161 0.294793 0.294793
0.47322 0.294812 0.294813
0.473279 0.294831 0.294832
0.473338 0.294851 0.294851
0.473397 0.29487 0.294871
0.473455 0.294889 0.29489
0.473514 0.294909 0.294909
0.473573 0.294928 0.294929
0.473632 0.294947 0.294948
0.473691 0.294967 0.294967
0.47375 0.294986 0.294986
0.473809 0.295005 0.295006
0.473867 0.295024 0.295025
0.473926 0.295044 0.295044
0.473985 0.295063 0.295064
0.474044 0.295082 0.295083
0.474103 0.295101 0.295102
0.474162 0.295121 0.295121
0.474221 0.29514 0.295141
0.474279 0.295159 0.29516
0.474338 0.295179 0.295179
0.474397 0.295198 0.295198
0.474456 0.295217 0.295218
0.474515 0.295236 0.295237
0.474574 0.295256 0.295256
0.474633 0.295275 0.295275
0.474692 0.295294 0.295295
0.474751 0.295313 0.295314
0.474809 0.295333 0.295333
0.474868 0.295352 0.295352
0.474927 0.295371 0.295372
0.474986 0.29539 0.295391
0.475045 0.295409 0.29541
0.475104 0.295429 0.295429
0.475163 0.295448 0.295449
0.475222 0.295467 0.295468
0.475281 0.295486 0.295487
0.47534 0.295506 0.295506
0.475399 0.295525 0.295525
0.475457 0.295544 0.295545
0.475516 0.295563 0.295564
0.475575 0.295582 0.295583
0.475634 0.295602 0.295602
0.475693 0.295621 0.295621
0.475752 0.29564 0.295641
0.475811 0.295659 0.29566
0.47587 0.295678 0.295679
0.475929 0.295698 0.295698
0.475988 0.295717 0.295717
0.476047 0.295736 0.295737
0.476106 0.295755 0.295756
0.476165 0.295774 0.295775
0.476224 0.295794 0.295794
0.476283 0.295813 0.295813
0.476342 0.295832 0.295833
0.476401 0.295851 0.295852
0.47646 0.29587 0.295871
0.476519 0.295889 0.29589
0.476578 0.295909 0.295909
0.476637 0.295928 0.295928
0.476696 0.295947 0.295948
0.476754 0.295966 0.295967
0.476813 0.295985 0.295986
0.476872 0.296004 0.296005
0.476931 0.296024 0.296024
0.47699 0.296043 0.296043
0.477049 0.296062 0.296063
0.477108 0.296081 0.296082
0.477167 0.2961 0.296101
0.477226 0.296119 0.29612
0.477285 0.296138 0.296139
0.477344 0.296158 0.296158
0.477403 0.296177 0.296177
0.477463 0.296196 0.296197
0.477522 0.296215 0.296216
0.477581 0.296234 0.296235
0.47764 0.296253 0.296254
0.477699 0.296272 0.296273
0.477758 0.296291 0.296292
0.477817 0.296311 0.296311
0.477876 0.29633 0.29633
0.477935 0.296349 0.296349
0.477994 0.296368 0.296369
0.478053 0.296387 0.296388
0.478112 0.296406 0.296407
0.478171 0.296425 0.296426
0.47823 0.296444 0.296445
0.478289 0.296463 0.296464
0.478348 0.296483 0.296483
0.478407 0.296502 0.296502
0.478466 0.296521 0.296521
0.478525 0.29654 0.29654
0.478584 0.296559 0.29656
0.478643 0.296578 0.296579
0.478702 0.296597 0.296598
0.478761 0.296616 0.296617
0.478821 0.296635 0.296636
0.47888 0.296654 0.296655
0.478939 0.296673 0.296674
0.478998 0.296692 0.296693
0.479057 0.296711 0.296712
0.479116 0.296731 0.296731
0.479175 0.29675 0.29675
0.479234 0.296769 0.296769
0.479293 0.296788 0.296788
0.479352 0.296807 0.296807
0.479411 0.296826 0.296826
0.479471 0.296845 0.296846
0.47953 0.296864 0.296865
0.479589 0.296883 0.296884
0.479648 0.296902 0.296903
0.479707 0.296921 0.296922
0.479766 0.29694 0.296941
0.479825 0.296959 0.29696
0.479884 0.296978 0.296979
0.479944 0.296997 0.296998
0.480003 0.297016 0.297017
0.480062 0.297035 0.297036
0.480121 0.297054 0.297055
0.48018 0.297073 0.297074
0.480239 0.297092 0.297093
0.480298 0.297111 0.297112
0.480357 0.29713 0.297131
0.480417 0.297149 0.29715
0.480476 0.297168 0.297169
0.480535 0.297187 0.297188
0.480594 0.297206 0.297207
0.480653 0.297225 0.297226
0.480712 0.297244 0.297245
0.480772 0.297263 0.297264
0.480831 0.297282 0.297283
0.48089 0.297301 0.297302
0.480949 0.29732 0.297321
0.481008 0.297339 0.29734
0.481067 0.297358 0.297359
0.481127 0.297377 0.297378
0.481186 0.297396 0.297397
0.481245 0.297415 0.297416
0.481304 0.297434 0.297435
0.481363 0.297453 0.297454
0.481423 0.297472 0.297473
0.481482 0.297491 0.297492
0.481541 0.29751 0.297511
0.4816 0.297529 0.29753
0.481659 0.297548 0.297549
0.481719 0.297567 0.297568
0.481778 0.297586 0.297587
0.481837 0.297605 0.297606
0.481896 0.297624 0.297624
0.481955 0.297643 0.297643
0.482015 0.297662 0.297662
0.482074 0.297681 0.297681
0.482133 0.2977 0.2977
0.482192 0.297718 0.297719
0.482251 0.297737 0.297738
0.482311 0.297756 0.297757
0.48237 0.297775 0.297776
0.482429 0.297794 0.297795
0.482488 0.297813 0.297814
0.482548 0.297832 0.297833
0.482607 0.297851 0.297852
0.482666 0.29787 0.297871
0.482725 0.297889 0.297889
0.482785 0.297908 0.297908
0.482844 0.297927 0.297927
0.482903 0.297946 0.297946
0.482962 0.297964 0.297965
0.483022 0.297983 0.297984
0.483081 0.298002 0.298003
0.48314 0.298021 0.298022
0.4832 0.29804 0.298041
0.483259 0.298059 0.29806
0.483318 0.298078 0.298079
0.483377 0.298097 0.298097
0.483437 0.298116 0.298116
0.483496 0.298134 0.298135
0.483555 0.298153 0.298154
0.483614 0.298172 0.298173
0.483674 0.298191 0.298192
0.483733 0.29821 0.298211
0.483792 0.298229 0.29823
0.483852 0.298248 0.298248
0.483911 0.298267 0.298267
0.48397 0.298285 0.298286
0.48403 0.298304 0.298305
0.484089 0.298323 0.298324
0.484148 0.298342 0.298343
0.484208 0.298361 0.298362
0.484267 0.29838 0.29838
0.484326 0.298399 0.298399
0.484386 0.298417 0.298418
0.484445 0.298436 0.298437
0.484504 0.298455 0.298456
0.484564 0.298474 0.298475
0.484623 0.298493 0.298493
0.484682 0.298512 0.298512
0.484742 0.29853 0.298531
0.484801 0.298549 0.29855
0.48486 0.298568 0.298569
0.48492 0.298587 0.298588
0.484979 0.298606 0.298606
0.485038 0.298625 0.298625
0.485098 0.298643 0.298644
0.485157 0.298662 0.298663
0.485216 0.298681 0.298682
0.485276 0.2987 0.298701
0.485335 0.298719 0.298719
0.485394 0.298737 0.298738
0.485454 0.298756 0.298757
0.485513 0.298775 0.298776
0.485573 0.298794 0.298795
0.485632 0.298813 0.298813
0.485691 0.298831 0.298832
0.485751 0.29885 0.298851
0.48581 0.298869 0.29887
0.48587 0.298888 0.298888
0.485929 0.298907 0.298907
0.485988 0.298925 0.298926
0.486048 0.298944 0.298945
0.486107 0.298963 0.298964
0.486167 0.298982 0.298982
0.486226 0.299 0.299001
0.486285 0.299019 0.29902
0.486345 0.299038 0.299039
0.486404 0.299057 0.299057
0.486464 0.299076 0.299076
0.486523 0.299094 0.299095
0.486582 0.299113 0.299114
0.486642 0.299132 0.299132
0.486701 0.299151 0.299151
0.486761 0.299169 0.29917
0.48682 0.299188 0.299189
0.48688 0.299207 0.299207
0.486939 0.299226 0.299226
0.486999 0.299244 0.299245
0.487058 0.299263 0.299264
0.487117 0.299282 0.299282
0.487177 0.2993 0.299301
0.487236 0.299319 0.29932
0.487296 0.299338 0.299339
0.487355 0.299357 0.299357
0.487415 0.299375 0.299376
0.487474 0.299394 0.299395
0.487534 0.299413 0.299414
0.487593 0.299432 0.299432
0.487653 0.29945 0.299451
0.487712 0.299469 0.29947
0.487772 0.299488 0.299488
0.487831 0.299506 0.299507
0.48789 0.299525 0.299526
0.48795 0.299544 0.299544
0.488009 0.299562 0.299563
0.488069 0.299581 0.299582
0.488128 0.2996 0.299601
0.488188 0.299619 0.299619
0.488247 0.299637 0.299638
0.488307 0.299656 0.299657
0.488366 0.299675 0.299675
0.488426 0.299693 0.299694
0.488485 0.299712 0.299713
0.488545 0.299731 0.299731
0.488605 0.299749 0.29975
0.488664 0.299768 0.299769
0.488724 0.299787 0.299787
0.488783 0.299805 0.299806
0.488843 0.299824 0.299825
0.488902 0.299843 0.299843
0.488962 0.299861 0.299862
0.489021 0.29988 0.299881
0.489081 0.299899 0.299899
0.48914 0.299917 0.299918
0.4892 0.299936 0.299937
0.489259 0.299955 0.299955
0.489319 0.299973 0.299974
0.489378 0.299992 0.299993
0.489438 0.30001 0.300011
0.489498 0.300029 0.30003
0.489557 0.300048 0.300048
0.489617 0.300066 0.300067
0.489676 0.300085 0.300086
0.489736 0.300104 0.300104
0.489795 0.300122 0.300123
0.489855 0.300141 0.300142
0.489915 0.30016 0.30016
0.489974 0.300178 0.300179
0.490034 0.300197 0.300197
0.490093 0.300215 0.300216
0.490153 0.300234 0.300235
0.490213 0.300253 0.300253
0.490272 0.300271 0.300272
0.490332 0.30029 0.300291
0.490391 0.300308 0.300309
0.490451 0.300327 0.300328
0.490511 0.300346 0.300346
0.49057 0.300364 0.300365
0.49063 0.300383 0.300384
0.490689 0.300401 0.300402
0.490749 0.30042 0.300421
0.490809 0.300439 0.300439
0.490868 0.300457 0.300458
0.490928 0.300476 0.300476
0.490987 0.300494 0.300495
0.491047 0.300513 0.300514
0.491107 0.300531 0.300532
0.491166 0.30055 0.300551
0.491226 0.300569 0.300569
0.491286 0.300587 0.300588
0.491345 0.300606 0.300606
0.491405 0.300624 0.300625
0.491465 0.300643 0.300644
0.491524 0.300661 0.300662
0.491584 0.30068 0.300681
0.491644 0.300698 0.300699
0.491703 0.300717 0.300718
0.491763 0.300736 0.300736
0.491823 0.300754 0.300755
0.491882 0.300773 0.300773
0.491942 0.300791 0.300792
0.492002 0.30081 0.30081
0.492061 0.300828 0.300829
0.492121 0.300847 0.300848
0.492181 0.300865 0.300866
0.49224 0.300884 0.300885
0.4923 0.300902 0.300903
0.49236 0.300921 0.300922
0.492419 0.300939 0.30094
0.492479 0.300958 0.300959
0.492539 0.300976 0.300977
0.492598 0.300995 0.300996
0.492658 0.301013 0.301014
0.492718 0.301032 0.301033
0.492778 0.30105 0.301051
0.492837 0.301069 0.30107
0.492897 0.301087 0.301088
0.492957 0.301106 0.301107
0.493016 0.301124 0.301125
0.493076 0.301143 0.301144
0.493136 0.301161 0.301162
0.493196 0.30118 0.301181
0.493255 0.301198 0.301199
0.493315 0.301217 0.301218
0.493375 0.301235 0.301236
0.493435 0.301254 0.301255
0.493494 0.301272 0.301273
0.493554 0.301291 0.301292
0.493614 0.301309 0.30131
0.493673 0.301328 0.301328
0.493733 0.301346 0.301347
0.493793 0.301365 0.301365
0.493853 0.301383 0.301384
0.493913 0.301402 0.301402
0.493972 0.30142 0.301421
0.494032 0.301438 0.301439
0.494092 0.301457 0.301458
0.494152 0.301475 0.301476
0.494211 0.301494 0.301495
0.494271 0.301512 0.301513
0.494331 0.301531 0.301531
0.494391 0.301549 0.30155
0.494451 0.301568 0.301568
0.49451 0.301586 0.301587
0.49457 0.301604 0.301605
0.49463 0.301623 0.301624
0.49469 0.301641 0.301642
0.494749 0.30166 0.30166
0.494809 0.301678 0.301679
0.494869 0.301697 0.301697
0.494929 0.301715 0.301716
0.494989 0.301733 0.301734
0.495049 0.301752 0.301753
0.495108 0.30177 0.301771
0.495168 0.301789 0.301789
0.495228 0.301807 0.301808
0.495288 0.301825 0.301826
0.495348 0.301844 0.301845
0.495407 0.301862 0.301863
0.495467 0.301881 0.301881
0.495527 0.301899 0.3019
0.495587 0.301917 0.301918
0.495647 0.301936 0.301937
0.495707 0.301954 0.301955
0.495767 0.301973 0.301973
0.495826 0.301991 0.301992
0.495886 0.302009 0.30201
0.495946 0.302028 0.302028
0.496006 0.302046 0.302047
0.496066 0.302064 0.302065
0.496126 0.302083 0.302084
0.496186 0.302101 0.302102
0.496245 0.30212 0.30212
0.496305 0.302138 0.302139
0.496365 0.302156 0.302157
0.496425 0.302175 0.302175
0.496485 0.302193 0.302194
0.496545 0.302211 0.302212
0.496605 0.30223 0.30223
0.496665 0.302248 0.302249
0.496724 0.302266 0.302267
0.496784 0.302285 0.302285
0.496844 0.302303 0.302304
0.496904 0.302321 0.302322
0.496964 0.30234 0.30234
0.497024 0.302358 0.302359
0.497084 0.302376 0.302377
0.497144 0.302395 0.302395
0.497204 0.302413 0.302414
0.497264 0.302431 0.302432
0.497324 0.30245 0.30245
0.497383 0.302468 0.302469
0.497443 0.302486 0.302487
0.497503 0.302505 0.302505
0.497563 0.302523 0.302524
0.497623 0.302541 0.302542
0.497683 0.302559 0.30256
0.497743 0.302578 0.302579
0.497803 0.302596 0.302597
0.497863 0.302614 0.302615
0.497923 0.302633 0.302633
0.497983 0.302651 0.302652
0.498043 0.302669 0.30267
0.498103 0.302688 0.302688
0.498163 0.302706 0.302707
0.498223 0.302724 0.302725
0.498283 0.302742 0.302743
0.498343 0.302761 0.302761
0.498403 0.302779 0.30278
0.498463 0.302797 0.302798
0.498522 0.302816 0.302816
0.498582 0.302834 0.302835
0.498642 0.302852 0.302853
0.498702 0.30287 0.302871
0.498762 0.302889 0.302889
0.498822 0.302907 0.302908
0.498882 0.302925 0.302926
0.498942 0.302943 0.302944
0.499002 0.302962 0.302962
0.499062 0.30298 0.302981
0.499122 0.302998 0.302999
0.499182 0.303016 0.303017
0.499242 0.303035 0.303035
0.499302 0.303053 0.303054
0.499362 0.303071 0.303072
0.499422 0.303089 0.30309
0.499482 0.303108 0.303108
0.499543 0.303126 0.303126
0.499603 0.303144 0.303145
0.499663 0.303162 0.303163
0.499723 0.30318 0.303181
0.499783 0.303199 0.303199
0.499843 0.303217 0.303218
0.499903 0.303235 0.303236
0.499963 0.303253 0.303254
0.500023 0.303271 0.303272
0.500083 0.30329 0.30329
0.500143 0.303308 0.303309
0.500203 0.303326 0.303327
0.500263 0.303344 0.303345
0.500323 0.303362 0.303363
0.500383 0.303381 0.303381
0.500443 0.303399 0.3034
0.500503 0.303417 0.303418
0.500563 0.303435 0.303436
0.500623 0.303453 0.303454
0.500683 0.303472 0.303472
0.500744 0.30349 0.303491
0.500804 0.303508 0.303509
0.500864 0.303526 0.303527
0.500924 0.303544 0.303545
0.500984 0.303563 0.303563
0.501044 0.303581 0.303581
0.501104 0.303599 0.3036
0.501164 0.303617 0.303618
0.501224 0.303635 0.303636
0.501284 0.303653 0.303654
0.501345 0.303671 0.303672
0.501405 0.30369 0.30369
0.501465 0.303708 0.303709
0.501525 0.303726 0.303727
0.501585 0.303744 0.303745
0.501645 0.303762 0.303763
0.501705 0.30378 0.303781
0.501765 0.303799 0.303799
0.501825 0.303817 0.303817
0.501886 0.303835 0.303836
0.501946 0.303853 0.303854
0.502006 0.303871 0.303872
0.502066 0.303889 0.30389
0.502126 0.303907 0.303908
0.502186 0.303925 0.303926
0.502246 0.303944 0.303944
0.502307 0.303962 0.303962
0.502367 0.30398 0.303981
0.502427 0.303998 0.303999
0.502487 0.304016 0.304017
0.502547 0.304034 0.304035
0.502607 0.304052 0.304053
0.502668 0.30407 0.304071
0.502728 0.304088 0.304089
0.502788 0.304107 0.304107
0.502848 0.304125 0.304125
0.502908 0.304143 0.304143
0.502968 0.304161 0.304162
0.503029 0.304179 0.30418
0.503089 0.304197 0.304198
0.503149 0.304215 0.304216
0.503209 0.304233 0.304234
0.503269 0.304251 0.304252
0.50333 0.304269 0.30427
0.50339 0.304287 0.304288
0.50345 0.304305 0.304306
0.50351 0.304324 0.304324
0.50357 0.304342 0.304342
0.503631 0.30436 0.30436
0.503691 0.304378 0.304378
0.503751 0.304396 0.304397
0.503811 0.304414 0.304415
0.503872 0.304432 0.304433
0.503932 0.30445 0.304451
0.503992 0.304468 0.304469
0.504052 0.304486 0.304487
0.504113 0.304504 0.304505
0.504173 0.304522 0.304523
0.504233 0.30454 0.304541
0.504293 0.304558 0.304559
0.504354 0.304576 0.304577
0.504414 0.304594 0.304595
0.504474 0.304612 0.304613
0.504534 0.30463 0.304631
0.504595 0.304648 0.304649
0.504655 0.304666 0.304667
0.504715 0.304684 0.304685
0.504775 0.304702 0.304703
0.504836 0.30472 0.304721
0.504896 0.304738 0.304739
0.504956 0.304756 0.304757
0.505016 0.304774 0.304775
0.505077 0.304792 0.304793
0.505137 0.30481 0.304811
0.505197 0.304828 0.304829
0.505258 0.304846 0.304847
0.505318 0.304864 0.304865
0.505378 0.304882 0.304883
0.505438 0.3049 0.304901
0.505499 0.304918 0.304919
0.505559 0.304936 0.304937
0.505619 0.304954 0.304955
0.50568 0.304972 0.304973
0.50574 0.30499 0.304991
0.5058 0.305008 0.305009
0.505861 0.305026 0.305027
0.505921 0.305044 0.305045
0.505981 0.305062 0.305063
0.506042 0.30508 0.305081
0.506102 0.305098 0.305099
0.506162 0.305116 0.305117
0.506223 0.305134 0.305135
0.506283 0.305152 0.305153
0.506343 0.30517 0.305171
0.506404 0.305188 0.305189
0.506464 0.305206 0.305207
0.506524 0.305224 0.305225
0.506585 0.305242 0.305243
0.506645 0.30526 0.305261
0.506705 0.305278 0.305278
0.506766 0.305296 0.305296
0.506826 0.305314 0.305314
0.506887 0.305332 0.305332
0.506947 0.305349 0.30535
0.507007 0.305367 0.305368
0.507068 0.305385 0.305386
0.507128 0.305403 0.305404
0.507188 0.305421 0.305422
0.507249 0.305439 0.30544
0.507309 0.305457 0.305458
0.50737 0.305475 0.305476
0.50743 0.305493 0.305494
0.50749 0.305511 0.305511
0.507551 0.305529 0.305529
0.507611 0.305547 0.305547
0.507672 0.305564 0.305565
0.507732 0.305582 0.305583
0.507792 0.3056 0.305601
0.507853 0.305618 0.305619
0.507913 0.305636 0.305637
0.507974 0.305654 0.305655
0.508034 0.305672 0.305673
0.508095 0.30569 0.30569
0.508155 0.305708 0.305708
0.508215 0.305725 0.305726
0.508276 0.305743 0.305744
0.508336 0.305761 0.305762
0.508397 0.305779 0.30578
0.508457 0.305797 0.305798
0.508518 0.305815 0.305816
0.508578 0.305833 0.305833
0.508639 0.305851 0.305851
0.508699 0.305868 0.305869
0.508759 0.305886 0.305887
0.50882 0.305904 0.305905
0.50888 0.305922 0.305923
0.508941 0.30594 0.305941
0.509001 0.305958 0.305958
0.509062 0.305975 0.305976
0.509122 0.305993 0.305994
0.509183 0.306011 0.306012
0.509243 0.306029 0.30603
0.509304 0.306047 0.306048
0.509364 0.306065 0.306065
0.509425 0.306083 0.306083
0.509485 0.3061 0.306101
0.509546 0.306118 0.306119
0.509606 0.306136 0.306137
0.509667 0.306154 0.306155
0.509727 0.306172 0.306172
0.509788 0.306189 0.30619
0.509848 0.306207 0.306208
0.509909 0.306225 0.306226
0.509969 0.306243 0.306244
0.51003 0.306261 0.306261
0.51009 0.306278 0.306279
0.510151 0.306296 0.306297
0.510211 0.306314 0.306315
0.510272 0.306332 0.306333
0.510332 0.30635 0.30635
0.510393 0.306367 0.306368
0.510453 0.306385 0.306386
0.510514 0.306403 0.306404
0.510575 0.306421 0.306422
0.510635 0.306439 0.306439
0.510696 0.306456 0.306457
0.510756 0.306474 0.306475
0.510817 0.306492 0.306493
0.510877 0.30651 0.306511
0.510938 0.306528 0.306528
0.510998 0.306545 0.306546
0.511059 0.306563 0.306564
0.51112 0.306581 0.306582
0.51118 0.306599 0.306599
0.511241 0.306616 0.306617
0.511301 0.306634 0.306635
0.511362 0.306652 0.306653
0.511422 0.30667 0.30667
0.511483 0.306687 0.306688
0.511544 0.306705 0.306706
0.511604 0.306723 0.306724
0.511665 0.306741 0.306741
0.511725 0.306758 0.306759
0.511786 0.306776 0.306777
0.511847 0.306794 0.306795
0.511907 0.306812 0.306812
0.511968 0.306829 0.30683
0.512029 0.306847 0.306848
0.512089 0.306865 0.306866
0.51215 0.306882 0.306883
0.51221 0.3069 0.306901
0.512271 0.306918 0.306919
0.512332 0.306936 0.306936
0.512392 0.306953 0.306954
0.512453 0.306971 0.306972
0.512514 0.306989 0.30699
0.512574 0.307006 0.307007
0.512635 0.307024 0.307025
0.512695 0.307042 0.307043
0.512756 0.30706 0.30706
0.512817 0.307077 0.307078
0.512877 0.307095 0.307096
0.512938 0.307113 0.307113
0.512999 0.30713 0.307131
0.513059 0.307148 0.307149
0.51312 0.307166 0.307166
0.513181 0.307183 0.307184
0.513241 0.307201 0.307202
0.513302 0.307219 0.307219
0.513363 0.307236 0.307237
0.513423 0.307254 0.307255
0.513484 0.307272 0.307273
0.513545 0.307289 0.30729
0.513606 0.307307 0.307308
0.513666 0.307325 0.307326
0.513727 0.307342 0.307343
0.513788 0.30736 0.307361
0.513848 0.307378 0.307378
0.513909 0.307395 0.307396
0.51397 0.307413 0.307414
0.51403 0.307431 0.307431
0.514091 0.307448 0.307449
0.514152 0.307466 0.307467
0.514213 0.307484 0.307484
0.514273 0.307501 0.307502
0.514334 0.307519 0.30752
0.514395 0.307536 0.307537
0.514456 0.307554 0.307555
0.514516 0.307572 0.307573
0.514577 0.307589 0.30759
0.514638 0.307607 0.307608
0.514698 0.307625 0.307625
0.514759 0.307642 0.307643
0.51482 0.30766 0.307661
0.514881 0.307677 0.307678
0.514941 0.307695 0.307696
0.515002 0.307713 0.307713
0.515063 0.30773 0.307731
0.515124 0.307748 0.307749
0.515185 0.307765 0.307766
0.515245 0.307783 0.307784
0.515306 0.307801 0.307801
0.515367 0.307818 0.307819
0.515428 0.307836 0.307837
0.515488 0.307853 0.307854
0.515549 0.307871 0.307872
0.51561 0.307889 0.307889
0.515671 0.307906 0.307907
0.515732 0.307924 0.307925
0.515792 0.307941 0.307942
0.515853 0.307959 0.30796
0.515914 0.307976 0.307977
0.515975 0.307994 0.307995
0.516036 0.308012 0.308012
0.516096 0.308029 0.30803
0.516157 0.308047 0.308048
0.516218 0.308064 0.308065
0.516279 0.308082 0.308083
0.51634 0.308099 0.3081
0.5164 0.308117 0.308118
0.516461 0.308135 0.308135
0.516522 0.308152 0.308153
0.516583 0.30817 0.30817
0.516644 0.308187 0.308188
0.516705 0.308205 0.308206
0.516766 0.308222 0.308223
0.516826 0.30824 0.308241
0.516887 0.308257 0.308258
0.516948 0.308275 0.308276
0.517009 0.308292 0.308293
0.51707 0.30831 0.308311
0.517131 0.308327 0.308328
0.517192 0.308345 0.308346
0.517252 0.308362 0.308363
0.517313 0.30838 0.308381
0.517374 0.308397 0.308398
0.517435 0.308415 0.308416
0.517496 0.308432 0.308433
0.517557 0.30845 0.308451
0.517618 0.308467 0.308468
0.517679 0.308485 0.308486
0.517739 0.308502 0.308503
0.5178 0.30852 0.308521
0.517861 0.308537 0.308538
0.517922 0.308555 0.308556
0.517983 0.308572 0.308573
0.518044 0.30859 0.308591
0.518105 0.308607 0.308608
0.518166 0.308625 0.308626
0.518227 0.308642 0.308643
0.518288 0.30866 0.308661
0.518348 0.308677 0.308678
0.518409 0.308695 0.308696
0.51847 0.308712 0.308713
0.518531 0.30873 0.308731
0.518592 0.308747 0.308748
0.518653 0.308765 0.308766
0.518714 0.308782 0.308783
0.518775 0.3088 0.3088
0.518836 0.308817 0.308818
0.518897 0.308835 0.308835
0.518958 0.308852 0.308853
0.519019 0.308869 0.30887
0.51908 0.308887 0.308888
0.519141 0.308904 0.308905
0.519202 0.308922 0.308923
0.519263 0.308939 0.30894
0.519324 0.308957 0.308957
0.519385 0.308974 0.308975
0.519446 0.308991 0.308992
0.519507 0.309009 0.30901
0.519568 0.309026 0.309027
0.519629 0.309044 0.309045
0.51969 0.309061 0.309062
0.519751 0.309079 0.309079
0.519811 0.309096 0.309097
0.519872 0.309113 0.309114
0.519933 0.309131 0.309132
0.519994 0.309148 0.309149
0.520055 0.309166 0.309167
0.520117 0.309183 0.309184
0.520178 0.3092 0.309201
0.520239 0.309218 0.309219
0.5203 0.309235 0.309236
0.520361 0.309253 0.309254
0.520422 0.30927 0.309271
0.520483 0.309287 0.309288
0.520544 0.309305 0.309306
0.520605 0.309322 0.309323
0.520666 0.30934 0.30934
0.520727 0.309357 0.309358
0.520788 0.309374 0.309375
0.520849 0.309392 0.309393
0.52091 0.309409 0.30941
0.520971 0.309426 0.309427
0.521032 0.309444 0.309445
0.521093 0.309461 0.309462
0.521154 0.309479 0.309479
0.521215 0.309496 0.309497
0.521276 0.309513 0.309514
0.521337 0.309531 0.309532
0.521398 0.309548 0.309549
0.521459 0.309565 0.309566
0.52152 0.309583 0.309584
0.521582 0.3096 0.309601
0.521643 0.309617 0.309618
0.521704 0.309635 0.309636
0.521765 0.309652 0.309653
0.521826 0.309669 0.30967
0.521887 0.309687 0.309688
0.521948 0.309704 0.309705
0.522009 0.309721 0.309722
0.52207 0.309739 0.30974
0.522131 0.309756 0.309757
0.522193 0.309773 0.309774
0.522254 0.309791 0.309792
0.522315 0.309808 0.309809
0.522376 0.309825 0.309826
0.522437 0.309843 0.309844
0.522498 0.30986 0.309861
0.522559 0.309877 0.309878
0.52262 0.309895 0.309895
0.522682 0.309912 0.309913
0.522743 0.309929 0.30993
0.522804 0.309946 0.309947
0.522865 0.309964 0.309965
0.522926 0.309981 0.309982
0.522987 0.309998 0.309999
0.523048 0.310016 0.310017
0.52311 0.310033 0.310034
0.523171 0.31005 0.310051
0.523232 0.310068 0.310068
0.523293 0.310085 0.310086
0.523354 0.310102 0.310103
0.523415 0.310119 0.31012
0.523477 0.310137 0.310137
0.523538 0.310154 0.310155
0.523599 0.310171 0.310172
0.52366 0.310188 0.310189
0.523721 0.310206 0.310207
0.523782 0.310223 0.310224
0.523844 0.31024 0.310241
0.523905 0.310257 0.310258
0.523966 0.310275 0.310276
0.524027 0.310292 0.310293
0.524088 0.310309 0.31031
0.52415 0.310326 0.310327
0.524211 0.310344 0.310345
0.524272 0.310361 0.310362
0.524333 0.310378 0.310379
0.524394 0.310395 0.310396
0.524456 0.310413 0.310413
0.524517 0.31043 0.310431
0.524578 0.310447 0.310448
0.524639 0.310464 0.310465
0.524701 0.310482 0.310482
0.524762 0.310499 0.3105
0.524823 0.310516 0.310517
0.524884 0.310533 0.310534
0.524946 0.31055 0.310551
0.525007 0.310568 0.310568
0.525068 0.310585 0.310586
0.525129 0.310602 0.310603
0.525191 0.310619 0.31062
0.525252 0.310636 0.310637
0.525313 0.310654 0.310654
0.525374 0.310671 0.310672
0.525436 0.310688 0.310689
0.525497 0.310705 0.310706
0.525558 0.310722 0.310723
0.525619 0.31074 0.31074
0.525681 0.310757 0.310758
0.525742 0.310774 0.310775
0.525803 0.310791 0.310792
0.525865 0.310808 0.310809
0.525926 0.310825 0.310826
0.525987 0.310843 0.310844
0.526048 0.31086 0.310861
0.52611 0.310877 0.310878
0.526171 0.310894 0.310895
0.526232 0.310911 0.310912
0.526294 0.310928 0.310929
0.526355 0.310946 0.310947
0.526416 0.310963 0.310964
0.526478 0.31098 0.310981
0.526539 0.310997 0.310998
0.5266 0.311014 0.311015
0.526662 0.311031 0.311032
0.526723 0.311049 0.311049
0.526784 0.311066 0.311067
0.526846 0.311083 0.311084
0.526907 0.3111 0.311101
0.526968 0.311117 0.311118
0.52703 0.311134 0.311135
0.527091 0.311151 0.311152
0.527152 0.311168 0.311169
0.527214 0.311186 0.311186
0.527275 0.311203 0.311204
0.527336 0.31122 0.311221
0.527398 0.311237 0.311238
0.527459 0.311254 0.311255
0.527521 0.311271 0.311272
0.527582 0.311288 0.311289
0.527643 0.311305 0.311306
0.527705 0.311322 0.311323
0.527766 0.31134 0.31134
0.527827 0.311357 0.311358
0.527889 0.311374 0.311375
0.52795 0.311391 0.311392
0.528012 0.311408 0.311409
0.528073 0.311425 0.311426
0.528134 0.311442 0.311443
0.528196 0.311459 0.31146
0.528257 0.311476 0.311477
0.528319 0.311493 0.311494
0.52838 0.31151 0.311511
0.528442 0.311528 0.311528
0.528503 0.311545 0.311546
0.528564 0.311562 0.311563
0.528626 0.311579 0.31158
0.528687 0.311596 0.311597
0.528749 0.311613 0.311614
0.52881 0.31163 0.311631
0.528872 0.311647 0.311648
0.528933 0.311664 0.311665
0.528994 0.311681 0.311682
0.529056 0.311698 0.311699
0.529117 0.311715 0.311716
0.529179 0.311732 0.311733
0.52924 0.311749 0.31175
0.529302 0.311766 0.311767
0.529363 0.311783 0.311784
0.529425 0.3118 0.311801
0.529486 0.311817 0.311818
0.529548 0.311834 0.311835
0.529609 0.311852 0.311852
0.529671 0.311869 0.311869
0.529732 0.311886 0.311886
0.529793 0.311903 0.311903
0.529855 0.31192 0.31192
0.529916 0.311937 0.311938
0.529978 0.311954 0.311955
0.530039 0.311971 0.311972
0.530101 0.311988 0.311989
0.530162 0.312005 0.312006
0.530224 0.312022 0.312023
0.530285 0.312039 0.31204
0.530347 0.312056 0.312057
0.530408 0.312073 0.312074
0.53047 0.31209 0.312091
0.530532 0.312107 0.312108
0.530593 0.312124 0.312125
0.530655 0.312141 0.312142
0.530716 0.312158 0.312159
0.530778 0.312175 0.312176
0.530839 0.312192 0.312192
0.530901 0.312209 0.312209
0.530962 0.312226 0.312226
0.531024 0.312243 0.312243
0.531085 0.312259 0.31226
0.531147 0.312276 0.312277
0.531208 0.312293 0.312294
0.53127 0.31231 0.312311
0.531332 0.312327 0.312328
0.531393 0.312344 0.312345
0.531455 0.312361 0.312362
0.531516 0.312378 0.312379
0.531578 0.312395 0.312396
0.531639 0.312412 0.312413
0.531701 0.312429 0.31243
0.531763 0.312446 0.312447
0.531824 0.312463 0.312464
0.531886 0.31248 0.312481
0.531947 0.312497 0.312498
0.532009 0.312514 0.312515
0.532071 0.312531 0.312532
0.532132 0.312548 0.312549
0.532194 0.312565 0.312565
0.532255 0.312581 0.312582
0.532317 0.312598 0.312599
0.532379 0.312615 0.312616
0.53244 0.312632 0.312633
0.532502 0.312649 0.31265
0.532563 0.312666 0.312667
0.532625 0.312683 0.312684
0.532687 0.3127 0.312701
0.532748 0.312717 0.312718
0.53281 0.312734 0.312735
0.532872 0.312751 0.312751
0.532933 0.312767 0.312768
0.532995 0.312784 0.312785
0.533057 0.312801 0.312802
0.533118 0.312818 0.312819
0.53318 0.312835 0.312836
0.533242 0.312852 0.312853
0.533303 0.312869 0.31287
0.533365 0.312886 0.312887
0.533427 0.312903 0.312903
0.533488 0.312919 0.31292
0.53355 0.312936 0.312937
0.533612 0.312953 0.312954
0.533673 0.31297 0.312971
0.533735 0.312987 0.312988
0.533797 0.313004 0.313005
0.533858 0.313021 0.313022
0.53392 0.313038 0.313038
0.533982 0.313054 0.313055
0.534043 0.313071 0.313072
0.534105 0.313088 0.313089
0.534167 0.313105 0.313106
0.534228 0.313122 0.313123
0.53429 0.313139 0.31314
0.534352 0.313155 0.313156
0.534414 0.313172 0.313173
0.534475 0.313189 0.31319
0.534537 0.313206 0.313207
0.534599 0.313223 0.313224
0.534661 0.31324 0.313241
0.534722 0.313256 0.313257
0.534784 0.313273 0.313274
0.534846 0.31329 0.313291
0.534907 0.313307 0.313308
0.534969 0.313324 0.313325
0.535031 0.313341 0.313342
0.535093 0.313357 0.313358
0.535154 0.313374 0.313375
0.535216 0.313391 0.313392
0.535278 0.313408 0.313409
0.53534 0.313425 0.313426
0.535402 0.313441 0.313442
0.535463 0.313458 0.313459
0.535525 0.313475 0.313476
0.535587 0.313492 0.313493
0.535649 0.313509 0.31351
0.53571 0.313525 0.313526
0.535772 0.313542 0.313543
0.535834 0.313559 0.31356
0.535896 0.313576 0.313577
0.535958 0.313593 0.313593
0.536019 0.313609 0.31361
0.536081 0.313626 0.313627
0.536143 0.313643 0.313644
0.536205 0.31366 0.313661
0.536267 0.313676 0.313677
0.536328 0.313693 0.313694
0.53639 0.31371 0.313711
0.536452 0.313727 0.313728
0.536514 0.313743 0.313744
0.536576 0.31376 0.313761
0.536638 0.313777 0.313778
0.536699 0.313794 0.313795
0.536761 0.31381 0.313811
0.536823 0.313827 0.313828
0.536885 0.313844 0.313845
0.536947 0.313861 0.313862
0.537009 0.313877 0.313878
0.53707 0.313894 0.313895
0.537132 0.313911 0.313912
0.537194 0.313928 0.313929
0.537256 0.313944 0.313945
0.537318 0.313961 0.313962
0.53738 0.313978 0.313979
0.537442 0.313995 0.313995
0.537503 0.314011 0.314012
0.537565 0.314028 0.314029
0.537627 0.314045 0.314046
0.537689 0.314061 0.314062
0.537751 0.314078 0.314079
0.537813 0.314095 0.314096
0.537875 0.314112 0.314112
0.537937 0.314128 0.314129
0.537999 0.314145 0.314146
0.53806 0.314162 0.314163
0.538122 0.314178 0.314179
0.538184 0.314195 0.314196
0.538246 0.314212 0.314213
0.538308 0.314228 0.314229
0.53837 0.314245 0.314246
0.538432 0.314262 0.314263
0.538494 0.314278 0.314279
0.538556 0.314295 0.314296
0.538618 0.314312 0.314313
0.53868 0.314328 0.314329
0.538742 0.314345 0.314346
0.538804 0.314362 0.314363
0.538865 0.314378 0.314379
0.538927 0.314395 0.314396
0.538989 0.314412 0.314413
0.539051 0.314428 0.314429
0.539113 0.314445 0.314446
0.539175 0.314462 0.314463
0.539237 0.314478 0.314479
0.539299 0.314495 0.314496
0.539361 0.314512 0.314513
0.539423 0.314528 0.314529
0.539485 0.314545 0.314546
0.539547 0.314562 0.314563
0.539609 0.314578 0.314579
0.539671 0.314595 0.314596
0.539733 0.314612 0.314612
0.539795 0.314628 0.314629
0.539857 0.314645 0.314646
0.539919 0.314661 0.314662
0.539981 0.314678 0.314679
0.540043 0.314695 0.314696
0.540105 0.314711 0.314712
0.540167 0.314728 0.314729
0.540229 0.314744 0.314745
0.540291 0.314761 0.314762
0.540353 0.314778 0.314779
0.540415 0.314794 0.314795
0.540477 0.314811 0.314812
0.540539 0.314828 0.314828
0.540601 0.314844 0.314845
0.540663 0.314861 0.314862
0.540725 0.314877 0.314878
0.540787 0.314894 0.314895
0.540849 0.31491 0.314911
0.540911 0.314927 0.314928
0.540973 0.314944 0.314945
0.541035 0.31496 0.314961
0.541097 0.314977 0.314978
0.54116 0.314993 0.314994
0.541222 0.31501 0.315011
0.541284 0.315027 0.315027
0.541346 0.315043 0.315044
0.541408 0.31506 0.315061
0.54147 0.315076 0.315077
0.541532 0.315093 0.315094
0.541594 0.315109 0.31511
0.541656 0.315126 0.315127
0.541718 0.315142 0.315143
0.54178 0.315159 0.31516
0.541842 0.315176 0.315176
0.541904 0.315192 0.315193
0.541967 0.315209 0.31521
0.542029 0.315225 0.315226
0.542091 0.315242 0.315243
0.542153 0.315258 0.315259
0.542215 0.315275 0.315276
0.542277 0.315291 0.315292
0.542339 0.315308 0.315309
0.542401 0.315324 0.315325
0.542463 0.315341 0.315342
0.542526 0.315357 0.315358
0.542588 0.315374 0.315375
0.54265 0.31539 0.315391
0.542712 0.315407 0.315408
0.542774 0.315423 0.315424
0.542836 0.31544 0.315441
0.542898 0.315457 0.315457
0.542961 0.315473 0.315474
0.543023 0.31549 0.31549
0.543085 0.315506 0.315507
0.543147 0.315523 0.315523
0.543209 0.315539 0.31554
0.543271 0.315556 0.315556
0.543334 0.315572 0.315573
0.543396 0.315588 0.315589
0.543458 0.315605 0.315606
0.54352 0.315621 0.315622
0.543582 0.315638 0.315639
0.543644 0.315654 0.315655
0.543707 0.315671 0.315672
0.543769 0.315687 0.315688
0.543831 0.315704 0.315705
0.543893 0.31572 0.315721
0.543955 0.315737 0.315738
0.544018 0.315753 0.315754
0.54408 0.31577 0.315771
0.544142 0.315786 0.315787
0.544204 0.315803 0.315804
0.544267 0.315819 0.31582
0.544329 0.315836 0.315836
0.544391 0.315852 0.315853
0.544453 0.315868 0.315869
0.544515 0.315885 0.315886
0.544578 0.315901 0.315902
0.54464 0.315918 0.315919
0.544702 0.315934 0.315935
0.544764 0.315951 0.315952
0.544827 0.315967 0.315968
0.544889 0.315983 0.315984
0.544951 0.316 0.316001
0.545013 0.316016 0.316017
0.545076 0.316033 0.316034
0.545138 0.316049 0.31605
0.5452 0.316066 0.316067
0.545262 0.316082 0.316083
0.545325 0.316098 0.316099
0.545387 0.316115 0.316116
0.545449 0.316131 0.316132
0.545512 0.316148 0.316149
0.545574 0.316164 0.316165
0.545636 0.31618 0.316181
0.545698 0.316197 0.316198
0.545761 0.316213 0.316214
0.545823 0.31623 0.316231
0.545885 0.316246 0.316247
0.545948 0.316262 0.316263
0.54601 0.316279 0.31628
0.546072 0.316295 0.316296
0.546135 0.316312 0.316313
0.546197 0.316328 0.316329
0.546259 0.316344 0.316345
0.546322 0.316361 0.316362
0.546384 0.316377 0.316378
0.546446 0.316393 0.316394
0.546508 0.31641 0.316411
0.546571 0.316426 0.316427
0.546633 0.316443 0.316444
0.546696 0.316459 0.31646
0.546758 0.316475 0.316476
0.54682 0.316492 0.316493
0.546883 0.316508 0.316509
0.546945 0.316524 0.316525
0.547007 0.316541 0.316542
0.54707 0.316557 0.316558
0.547132 0.316573 0.316574
0.547194 0.31659 0.316591
0.547257 0.316606 0.316607
0.547319 0.316622 0.316623
0.547382 0.316639 0.31664
0.547444 0.316655 0.316656
0.547506 0.316671 0.316672
0.547569 0.316688 0.316689
0.547631 0.316704 0.316705
0.547693 0.31672 0.316721
0.547756 0.316737 0.316738
0.547818 0.316753 0.316754
0.547881 0.316769 0.31677
0.547943 0.316786 0.316787
0.548005 0.316802 0.316803
0.548068 0.316818 0.316819
0.54813 0.316835 0.316836
0.548193 0.316851 0.316852
0.548255 0.316867 0.316868
0.548318 0.316883 0.316884
0.54838 0.3169 0.316901
0.548442 0.316916 0.316917
0.548505 0.316932 0.316933
0.548567 0.316949 0.31695
0.54863 0.316965 0.316966
0.548692 0.316981 0.316982
0.548755 0.316997 0.316998
0.548817 0.317014 0.317015
0.54888 0.31703 0.317031
0.548942 0.317046 0.317047
0.549004 0.317063 0.317064
0.549067 0.317079 0.31708
0.549129 0.317095 0.317096
0.549192 0.317111 0.317112
0.549254 0.317128 0.317129
0.549317 0.317144 0.317145
0.549379 0.31716 0.317161
0.549442 0.317176 0.317177
0.549504 0.317193 0.317194
0.549567 0.317209 0.31721
0.549629 0.317225 0.317226
0.549692 0.317241 0.317242
0.549754 0.317258 0.317259
0.549817 0.317274 0.317275
0.549879 0.31729 0.317291
0.549942 0.317306 0.317307
0.550004 0.317323 0.317324
0.550067 0.317339 0.31734
0.550129 0.317355 0.317356
0.550192 0.317371 0.317372
0.550254 0.317387 0.317388
0.550317 0.317404 0.317405
0.550379 0.31742 0.317421
0.550442 0.317436 0.317437
0.550505 0.317452 0.317453
0.550567 0.317469 0.317469
0.55063 0.317485 0.317486
0.550692 0.317501 0.317502
0.550755 0.317517 0.317518
0.550817 0.317533 0.317534
0.55088 0.31755 0.317551
0.550942 0.317566 0.317567
0.551005 0.317582 0.317583
0.551068 0.317598 0.317599
0.55113 0.317614 0.317615
0.551193 0.31763 0.317631
0.551255 0.317647 0.317648
0.551318 0.317663 0.317664
0.55138 0.317679 0.31768
0.551443 0.317695 0.317696
0.551506 0.317711 0.317712
0.551568 0.317728 0.317729
0.551631 0.317744 0.317745
0.551693 0.31776 0.317761
0.551756 0.317776 0.317777
0.551819 0.317792 0.317793
0.551881 0.317808 0.317809
0.551944 0.317825 0.317826
0.552007 0.317841 0.317842
0.552069 0.317857 0.317858
0.552132 0.317873 0.317874
0.552194 0.317889 0.31789
0.552257 0.317905 0.317906
0.55232 0.317921 0.317922
0.552382 0.317938 0.317939
0.552445 0.317954 0.317955
0.552508 0.31797 0.317971
0.55257 0.317986 0.317987
0.552633 0.318002 0.318003
0.552696 0.318018 0.318019
0.552758 0.318034 0.318035
0.552821 0.31805 0.318051
0.552884 0.318067 0.318068
0.552946 0.318083 0.318084
0.553009 0.318099 0.3181
0.553072 0.318115 0.318116
0.553134 0.318131 0.318132
0.553197 0.318147 0.318148
0.55326 0.318163 0.318164
0.553322 0.318179 0.31818
0.553385 0.318195 0.318196
0.553448 0.318212 0.318213
0.55351 0.318228 0.318229
0.553573 0.318244 0.318245
0.553636 0.31826 0.318261
0.553698 0.318276 0.318277
0.553761 0.318292 0.318293
0.553824 0.318308 0.318309
0.553887 0.318324 0.318325
0.553949 0.31834 0.318341
0.554012 0.318356 0.318357
0.554075 0.318372 0.318373
0.554138 0.318388 0.318389
0.5542 0.318405 0.318406
0.554263 0.318421 0.318422
0.554326 0.318437 0.318438
0.554388 0.318453 0.318454
0.554451 0.318469 0.31847
0.554514 0.318485 0.318486
0.554577 0.318501 0.318502
0.554639 0.318517 0.318518
0.554702 0.318533 0.318534
0.554765 0.318549 0.31855
0.554828 0.318565 0.318566
0.554891 0.318581 0.318582
0.554953 0.318597 0.318598
0.555016 0.318613 0.318614
0.555079 0.318629 0.31863
0.555142 0.318645 0.318646
0.555204 0.318661 0.318662
0.555267 0.318677 0.318678
0.55533 0.318693 0.318694
0.555393 0.318709 0.31871
0.555456 0.318725 0.318726
0.555518 0.318741 0.318742
0.555581 0.318757 0.318758
0.555644 0.318773 0.318774
0.555707 0.318789 0.31879
0.55577 0.318805 0.318806
0.555832 0.318821 0.318822
0.555895 0.318837 0.318838
0.555958 0.318853 0.318854
0.556021 0.318869 0.31887
0.556084 0.318885 0.318886
0.556147 0.318901 0.318902
0.556209 0.318917 0.318918
0.556272 0.318933 0.318934
0.556335 0.318949 0.31895
0.556398 0.318965 0.318966
0.556461 0.318981 0.318982
0.556524 0.318997 0.318998
0.556587 0.319013 0.319014
0.556649 0.319029 0.31903
0.556712 0.319045 0.319046
0.556775 0.319061 0.319062
0.556838 0.319077 0.319078
0.556901 0.319093 0.319094
0.556964 0.319109 0.31911
0.557027 0.319125 0.319126
0.55709 0.319141 0.319142
0.557152 0.319157 0.319158
0.557215 0.319173 0.319174
0.557278 0.319189 0.31919
0.557341 0.319205 0.319206
0.557404 0.319221 0.319222
0.557467 0.319237 0.319238
0.55753 0.319253 0.319254
0.557593 0.319269 0.31927
0.557656 0.319285 0.319286
0.557719 0.319301 0.319302
0.557782 0.319316 0.319317
0.557844 0.319332 0.319333
0.557907 0.319348 0.319349
0.55797 0.319364 0.319365
0.558033 0.31938 0.319381
0.558096 0.319396 0.319397
0.558159 0.319412 0.319413
0.558222 0.319428 0.319429
0.558285 0.319444 0.319445
0.558348 0.31946 0.319461
0.558411 0.319476 0.319477
0.558474 0.319492 0.319493
0.558537 0.319507 0.319508
0.5586 0.319523 0.319524
0.558663 0.319539 0.31954
0.558726 0.319555 0.319556
0.558789 0.319571 0.319572
0.558852 0.319587 0.319588
0.558915 0.319603 0.319604
0.558978 0.319619 0.31962
0.559041 0.319635 0.319636
0.559104 0.31965 0.319651
0.559167 0.319666 0.319667
0.55923 0.319682 0.319683
0.559293 0.319698 0.319699
0.559356 0.319714 0.319715
0.559419 0.31973 0.319731
0.559482 0.319746 0.319747
0.559545 0.319762 0.319763
0.559608 0.319777 0.319778
0.559671 0.319793 0.319794
0.559734 0.319809 0.31981
0.559797 0.319825 0.319826
0.55986 0.319841 0.319842
0.559923 0.319857 0.319858
0.559986 0.319873 0.319874
0.560049 0.319888 0.319889
0.560112 0.319904 0.319905
0.560175 0.31992 0.319921
0.560238 0.319936 0.319937
0.560301 0.319952 0.319953
0.560364 0.319968 0.319969
0.560427 0.319983 0.319984
0.56049 0.319999 0.32
0.560553 0.320015 0.320016
0.560616 0.320031 0.320032
0.56068 0.320047 0.320048
0.560743 0.320062 0.320063
0.560806 0.320078 0.320079
0.560869 0.320094 0.320095
0.560932 0.32011 0.320111
0.560995 0.320126 0.320127
0.561058 0.320142 0.320143
0.561121 0.320157 0.320158
0.561184 0.320173 0.320174
0.561247 0.320189 0.32019
0.56131 0.320205 0.320206
0.561374 0.32022 0.320222
0.561437 0.320236 0.320237
0.5615 0.320252 0.320253
0.561563 0.320268 0.320269
0.561626 0.320284 0.320285
0.561689 0.320299 0.3203
0.561752 0.320315 0.320316
0.561815 0.320331 0.320332
0.561879 0.320347 0.320348
0.561942 0.320363 0.320364
0.562005 0.320378 0.320379
0.562068 0.320394 0.320395
0.562131 0.32041 0.320411
0.562194 0.320426 0.320427
0.562258 0.320441 0.320442
0.562321 0.320457 0.320458
0.562384 0.320473 0.320474
0.562447 0.320489 0.32049
0.56251 0.320504 0.320505
0.562573 0.32052 0.320521
0.562637 0.320536 0.320537
0.5627 0.320552 0.320553
0.562763 0.320567 0.320568
0.562826 0.320583 0.320584
0.562889 0.320599 0.3206
0.562952 0.320615 0.320616
0.563016 0.32063 0.320631
0.563079 0.320646 0.320647
0.563142 0.320662 0.320663
0.563205 0.320677 0.320678
0.563269 0.320693 0.320694
0.563332 0.320709 0.32071
0.563395 0.320725 0.320726
0.563458 0.32074 0.320741
0.563521 0.320756 0.320757
0.563585 0.320772 0.320773
0.563648 0.320787 0.320788
0.563711 0.320803 0.320804
0.563774 0.320819 0.32082
0.563838 0.320834 0.320836
0.563901 0.32085 0.320851
0.563964 0.320866 0.320867
0.564027 0.320882 0.320883
0.564091 0.320897 0.320898
0.564154 0.320913 0.320914
0.564217 0.320929 0.32093
0.56428 0.320944 0.320945
0.564344 0.32096 0.320961
0.564407 0.320976 0.320977
0.56447 0.320991 0.320992
0.564533 0.321007 0.321008
0.564597 0.321023 0.321024
0.56466 0.321038 0.321039
0.564723 0.321054 0.321055
0.564787 0.32107 0.321071
0.56485 0.321085 0.321086
0.564913 0.321101 0.321102
0.564977 0.321117 0.321118
0.56504 0.321132 0.321133
0.565103 0.321148 0.321149
0.565166 0.321164 0.321165
0.56523 0.321179 0.32118
0.565293 0.321195 0.321196
0.565356 0.321211 0.321212
0.56542 0.321226 0.321227
0.565483 0.321242 0.321243
0.565546 0.321257 0.321258
0.56561 0.321273 0.321274
0.565673 0.321289 0.32129
0.565736 0.321304 0.321305
0.5658 0.32132 0.321321
0.565863 0.321336 0.321337
0.565927 0.321351 0.321352
0.56599 0.321367 0.321368
0.566053 0.321382 0.321383
0.566117 0.321398 0.321399
0.56618 0.321414 0.321415
0.566243 0.321429 0.32143
0.566307 0.321445 0.321446
0.56637 0.32146 0.321461
0.566434 0.321476 0.321477
0.566497 0.321492 0.321493
0.56656 0.321507 0.321508
0.566624 0.321523 0.321524
0.566687 0.321538 0.321539
0.56675 0.321554 0.321555
0.566814 0.32157 0.321571
0.566877 0.321585 0.321586
0.566941 0.321601 0.321602
0.567004 0.321616 0.321617
0.567068 0.321632 0.321633
0.567131 0.321647 0.321648
0.567194 0.321663 0.321664
0.567258 0.321679 0.32168
0.567321 0.321694 0.321695
0.567385 0.32171 0.321711
0.567448 0.321725 0.321726
0.567512 0.321741 0.321742
0.567575 0.321756 0.321757
0.567638 0.321772 0.321773
0.567702 0.321787 0.321789
0.567765 0.321803 0.321804
0.567829 0.321819 0.32182
0.567892 0.321834 0.321835
0.567956 0.32185 0.321851
0.568019 0.321865 0.321866
0.568083 0.321881 0.321882
0.568146 0.321896 0.321897
0.56821 0.321912 0.321913
0.568273 0.321927 0.321928
0.568337 0.321943 0.321944
0.5684 0.321958 0.321959
0.568464 0.321974 0.321975
0.568527 0.321989 0.32199
0.568591 0.322005 0.322006
0.568654 0.32202 0.322021
0.568718 0.322036 0.322037
0.568781 0.322051 0.322052
0.568845 0.322067 0.322068
0.568908 0.322082 0.322083
0.568972 0.322098 0.322099
0.569035 0.322113 0.322114
0.569099 0.322129 0.32213
0.569162 0.322144 0.322145
0.569226 0.32216 0.322161
0.569289 0.322175 0.322176
0.569353 0.322191 0.322192
0.569416 0.322206 0.322207
0.56948 0.322222 0.322223
0.569543 0.322237 0.322238
0.569607 0.322253 0.322254
0.569671 0.322268 0.322269
0.569734 0.322284 0.322285
0.569798 0.322299 0.3223
0.569861 0.322315 0.322316
0.569925 0.32233 0.322331
0.569988 0.322346 0.322347
0.570052 0.322361 0.322362
0.570116 0.322377 0.322378
0.570179 0.322392 0.322393
0.570243 0.322407 0.322409
0.570306 0.322423 0.322424
0.57037 0.322438 0.322439
0.570434 0.322454 0.322455
0.570497 0.322469 0.32247
0.570561 0.322485 0.322486
0.570624 0.3225 0.322501
0.570688 0.322516 0.322517
0.570752 0.322531 0.322532
0.570815 0.322546 0.322547
0.570879 0.322562 0.322563
0.570942 0.322577 0.322578
0.571006 0.322593 0.322594
0.57107 0.322608 0.322609
0.571133 0.322623 0.322625
0.571197 0.322639 0.32264
0.571261 0.322654 0.322655
0.571324 0.32267 0.322671
0.571388 0.322685 0.322686
0.571452 0.322701 0.322702
0.571515 0.322716 0.322717
0.571579 0.322731 0.322732
0.571643 0.322747 0.322748
0.571706 0.322762 0.322763
0.57177 0.322778 0.322779
0.571834 0.322793 0.322794
0.571897 0.322808 0.322809
0.571961 0.322824 0.322825
0.572025 0.322839 0.32284
0.572088 0.322854 0.322856
0.572152 0.32287 0.322871
0.572216 0.322885 0.322886
0.572279 0.322901 0.322902
0.572343 0.322916 0.322917
0.572407 0.322931 0.322932
0.57247 0.322947 0.322948
0.572534 0.322962 0.322963
0.572598 0.322977 0.322979
0.572662 0.322993 0.322994
0.572725 0.323008 0.323009
0.572789 0.323024 0.323025
0.572853 0.323039 0.32304
0.572917 0.323054 0.323055
0.57298 0.32307 0.323071
0.573044 0.323085 0.323086
0.573108 0.3231 0.323101
0.573172 0.323116 0.323117
0.573235 0.323131 0.323132
0.573299 0.323146 0.323147
0.573363 0.323162 0.323163
0.573427 0.323177 0.323178
0.57349 0.323192 0.323193
0.573554 0.323208 0.323209
0.573618 0.323223 0.323224
0.573682 0.323238 0.323239
0.573745 0.323254 0.323255
0.573809 0.323269 0.32327
0.573873 0.323284 0.323285
0.573937 0.323299 0.323301
0.574001 0.323315 0.323316
0.574064 0.32333 0.323331
0.574128 0.323345 0.323346
0.574192 0.323361 0.323362
0.574256 0.323376 0.323377
0.57432 0.323391 0.323392
0.574383 0.323407 0.323408
0.574447 0.323422 0.323423
0.574511 0.323437 0.323438
0.574575 0.323452 0.323454
0.574639 0.323468 0.323469
0.574702 0.323483 0.323484
0.574766 0.323498 0.323499
0.57483 0.323514 0.323515
0.574894 0.323529 0.32353
0.574958 0.323544 0.323545
0.575022 0.323559 0.32356
0.575086 0.323575 0.323576
0.575149 0.32359 0.323591
0.575213 0.323605 0.323606
0.575277 0.32362 0.323622
0.575341 0.323636 0.323637
0.575405 0.323651 0.323652
0.575469 0.323666 0.323667
0.575533 0.323681 0.323683
0.575596 0.323697 0.323698
0.57566 0.323712 0.323713
0.575724 0.323727 0.323728
0.575788 0.323742 0.323744
0.575852 0.323758 0.323759
0.575916 0.323773 0.323774
0.57598 0.323788 0.323789
0.576044 0.323803 0.323804
0.576108 0.323819 0.32382
0.576172 0.323834 0.323835
0.576235 0.323849 0.32385
0.576299 0.323864 0.323865
0.576363 0.323879 0.323881
0.576427 0.323895 0.323896
0.576491 0.32391 0.323911
0.576555 0.323925 0.323926
0.576619 0.32394 0.323941
0.576683 0.323956 0.323957
0.576747 0.323971 0.323972
0.576811 0.323986 0.323987
0.576875 0.324001 0.324002
0.576939 0.324016 0.324017
0.577003 0.324032 0.324033
0.577067 0.324047 0.324048
0.577131 0.324062 0.324063
0.577195 0.324077 0.324078
0.577259 0.324092 0.324093
0.577323 0.324107 0.324109
0.577387 0.324123 0.324124
0.577451 0.324138 0.324139
0.577515 0.324153 0.324154
0.577578 0.324168 0.324169
0.577642 0.324183 0.324184
0.577706 0.324199 0.3242
0.57777 0.324214 0.324215
0.577834 0.324229 0.32423
0.577898 0.324244 0.324245
0.577963 0.324259 0.32426
0.578027 0.324274 0.324275
0.578091 0.324289 0.324291
0.578155 0.324305 0.324306
0.578219 0.32432 0.324321
0.578283 0.324335 0.324336
0.578347 0.32435 0.324351
0.578411 0.324365 0.324366
0.578475 0.32438 0.324381
0.578539 0.324395 0.324397
0.578603 0.324411 0.324412
0.578667 0.324426 0.324427
0.578731 0.324441 0.324442
0.578795 0.324456 0.324457
0.578859 0.324471 0.324472
0.578923 0.324486 0.324487
0.578987 0.324501 0.324502
0.579051 0.324516 0.324518
0.579115 0.324532 0.324533
0.579179 0.324547 0.324548
0.579243 0.324562 0.324563
0.579308 0.324577 0.324578
0.579372 0.324592 0.324593
0.579436 0.324607 0.324608
0.5795 0.324622 0.324623
0.579564 0.324637 0.324638
0.579628 0.324652 0.324654
0.579692 0.324667 0.324669
0.579756 0.324683 0.324684
0.57982 0.324698 0.324699
0.579884 0.324713 0.324714
0.579949 0.324728 0.324729
0.580013 0.324743 0.324744
0.580077 0.324758 0.324759
0.580141 0.324773 0.324774
0.580205 0.324788 0.324789
0.580269 0.324803 0.324804
0.580333 0.324818 0.324819
0.580397 0.324833 0.324834
0.580462 0.324848 0.32485
0.580526 0.324863 0.324865
0.58059 0.324879 0.32488
0.580654 0.324894 0.324895
0.580718 0.324909 0.32491
0.580782 0.324924 0.324925
0.580847 0.324939 0.32494
0.580911 0.324954 0.324955
0.580975 0.324969 0.32497
0.581039 0.324984 0.324985
0.581103 0.324999 0.325
0.581167 0.325014 0.325015
0.581232 0.325029 0.32503
0.581296 0.325044 0.325045
0.58136 0.325059 0.32506
0.581424 0.325074 0.325075
0.581488 0.325089 0.32509
0.581553 0.325104 0.325105
0.581617 0.325119 0.32512
0.581681 0.325134 0.325135
0.581745 0.325149 0.32515
0.58181 0.325164 0.325165
0.581874 0.325179 0.32518
0.581938 0.325194 0.325195
0.582002 0.325209 0.32521
0.582066 0.325224 0.325225
0.582131 0.325239 0.32524
0.582195 0.325254 0.325255
0.582259 0.325269 0.32527
0.582323 0.325284 0.325285
0.582388 0.325299 0.3253
0.582452 0.325314 0.325315
0.582516 0.325329 0.32533
0.58258 0.325344 0.325345
0.582645 0.325359 0.32536
0.582709 0.325374 0.325375
0.582773 0.325389 0.32539
0.582838 0.325404 0.325405
0.582902 0.325419 0.32542
0.582966 0.325434 0.325435
0.58303 0.325449 0.32545
0.583095 0.325464 0.325465
0.583159 0.325479 0.32548
0.583223 0.325494 0.325495
0.583288 0.325509 0.32551
0.583352 0.325524 0.325525
0.583416 0.325539 0.32554
0.583481 0.325554 0.325555
0.583545 0.325569 0.32557
0.583609 0.325583 0.325585
0.583673 0.325598 0.3256
0.583738 0.325613 0.325614
0.583802 0.325628 0.325629
0.583866 0.325643 0.325644
0.583931 0.325658 0.325659
0.583995 0.325673 0.325674
0.58406 0.325688 0.325689
0.584124 0.325703 0.325704
0.584188 0.325718 0.325719
0.584253 0.325733 0.325734
0.584317 0.325748 0.325749
0.584381 0.325763 0.325764
0.584446 0.325777 0.325779
0.58451 0.325792 0.325794
0.584574 0.325807 0.325808
0.584639 0.325822 0.325823
0.584703 0.325837 0.325838
0.584768 0.325852 0.325853
0.584832 0.325867 0.325868
0.584896 0.325882 0.325883
0.584961 0.325897 0.325898
0.585025 0.325912 0.325913
0.58509 0.325926 0.325928
0.585154 0.325941 0.325943
0.585218 0.325956 0.325957
0.585283 0.325971 0.325972
0.585347 0.325986 0.325987
0.585412 0.326001 0.326002
0.585476 0.326016 0.326017
0.58554 0.326031 0.326032
0.585605 0.326045 0.326047
0.585669 0.32606 0.326062
0.585734 0.326075 0.326076
0.585798 0.32609 0.326091
0.585863 0.326105 0.326106
0.585927 0.32612 0.326121
0.585992 0.326135 0.326136
0.586056 0.326149 0.326151
0.58612 0.326164 0.326165
0.586185 0.326179 0.32618
0.586249 0.326194 0.326195
0.586314 0.326209 0.32621
0.586378 0.326224 0.326225
0.586443 0.326239 0.32624
0.586507 0.326253 0.326255
0.586572 0.326268 0.326269
0.586636 0.326283 0.326284
0.586701 0.326298 0.326299
0.586765 0.326313 0.326314
0.58683 0.326327 0.326329
0.586894 0.326342 0.326343
0.586959 0.326357 0.326358
0.587023 0.326372 0.326373
0.587088 0.326387 0.326388
0.587152 0.326402 0.326403
0.587217 0.326416 0.326418
0.587281 0.326431 0.326432
0.587346 0.326446 0.326447
0.58741 0.326461 0.326462
0.587475 0.326476 0.326477
0.58754 0.32649 0.326492
0.587604 0.326505 0.326506
0.587669 0.32652 0.326521
0.587733 0.326535 0.326536
0.587798 0.32655 0.326551
0.587862 0.326564 0.326565
0.587927 0.326579 0.32658
0.587991 0.326594 0.326595
0.588056 0.326609 0.32661
0.588121 0.326623 0.326625
0.588185 0.326638 0.326639
0.58825 0.326653 0.326654
0.588314 0.326668 0.326669
0.588379 0.326682 0.326684
0.588443 0.326697 0.326698
0.588508 0.326712 0.326713
0.588573 0.326727 0.326728
0.588637 0.326741 0.326743
0.588702 0.326756 0.326757
0.588766 0.326771 0.326772
0.588831 0.326786 0.326787
0.588896 0.3268 0.326802
0.58896 0.326815 0.326816
0.589025 0.32683 0.326831
0.58909 0.326845 0.326846
0.589154 0.326859 0.326861
0.589219 0.326874 0.326875
0.589283 0.326889 0.32689
0.589348 0.326904 0.326905
0.589413 0.326918 0.32692
0.589477 0.326933 0.326934
0.589542 0.326948 0.326949
0.589607 0.326962 0.326964
0.589671 0.326977 0.326978
0.589736 0.326992 0.326993
0.589801 0.327007 0.327008
0.589865 0.327021 0.327022
0.58993 0.327036 0.327037
0.589995 0.327051 0.327052
0.590059 0.327065 0.327067
0.590124 0.32708 0.327081
0.590189 0.327095 0.327096
0.590253 0.32711 0.327111
0.590318 0.327124 0.327125
0.590383 0.327139 0.32714
0.590448 0.327154 0.327155
0.590512 0.327168 0.327169
0.590577 0.327183 0.327184
0.590642 0.327198 0.327199
0.590706 0.327212 0.327213
0.590771 0.327227 0.327228
0.590836 0.327242 0.327243
0.590901 0.327256 0.327257
0.590965 0.327271 0.327272
0.59103 0.327286 0.327287
0.591095 0.3273 0.327301
0.59116 0.327315 0.327316
0.591224 0.32733 0.327331
0.591289 0.327344 0.327345
0.591354 0.327359 0.32736
0.591419 0.327374 0.327375
0.591483 0.327388 0.327389
0.591548 0.327403 0.327404
0.591613 0.327417 0.327419
0.591678 0.327432 0.327433
0.591742 0.327447 0.327448
0.591807 0.327461 0.327463
0.591872 0.327476 0.327477
0.591937 0.327491 0.327492
0.592002 0.327505 0.327506
0.592066 0.32752 0.327521
0.592131 0.327534 0.327536
0.592196 0.327549 0.32755
0.592261 0.327564 0.327565
0.592326 0.327578 0.32758
0.59239 0.327593 0.327594
0.592455 0.327608 0.327609
0.59252 0.327622 0.327623
0.592585 0.327637 0.327638
0.59265 0.327651 0.327653
0.592715 0.327666 0.327667
0.592779 0.327681 0.327682
0.592844 0.327695 0.327696
0.592909 0.32771 0.327711
0.592974 0.327724 0.327726
0.593039 0.327739 0.32774
0.593104 0.327754 0.327755
0.593168 0.327768 0.327769
0.593233 0.327783 0.327784
0.593298 0.327797 0.327798
0.593363 0.327812 0.327813
0.593428 0.327826 0.327828
0.593493 0.327841 0.327842
0.593558 0.327856 0.327857
0.593623 0.32787 0.327871
0.593687 0.327885 0.327886
0.593752 0.327899 0.3279
0.593817 0.327914 0.327915
0.593882 0.327928 0.32793
0.593947 0.327943 0.327944
0.594012 0.327957 0.327959
0.594077 0.327972 0.327973
0.594142 0.327987 0.327988
0.594207 0.328001 0.328002
0.594272 0.328016 0.328017
0.594336 0.32803 0.328031
0.594401 0.328045 0.328046
0.594466 0.328059 0.32806
0.594531 0.328074 0.328075
0.594596 0.328088 0.328089
0.594661 0.328103 0.328104
0.594726 0.328117 0.328119
0.594791 0.328132 0.328133
0.594856 0.328146 0.328148
0.594921 0.328161 0.328162
0.594986 0.328175 0.328177
0.595051 0.32819 0.328191
0.595116 0.328204 0.328206
0.595181 0.328219 0.32822
0.595246 0.328233 0.328235
0.595311 0.328248 0.328249
0.595376 0.328262 0.328264
0.595441 0.328277 0.328278
0.595506 0.328291 0.328293
0.595571 0.328306 0.328307
0.595636 0.32832 0.328322
0.595701 0.328335 0.328336
0.595766 0.328349 0.328351
0.595831 0.328364 0.328365
0.595896 0.328378 0.32838
0.595961 0.328393 0.328394
0.596026 0.328407 0.328408
0.596091 0.328422 0.328423
0.596156 0.328436 0.328437
0.596221 0.328451 0.328452
0.596286 0.328465 0.328466
0.596351 0.32848 0.328481
0.596416 0.328494 0.328495
0.596481 0.328509 0.32851
0.596546 0.328523 0.328524
0.596611 0.328537 0.328539
0.596676 0.328552 0.328553
0.596741 0.328566 0.328568
0.596806 0.328581 0.328582
0.596871 0.328595 0.328596
0.596936 0.32861 0.328611
0.597002 0.328624 0.328625
0.597067 0.328639 0.32864
0.597132 0.328653 0.328654
0.597197 0.328667 0.328669
0.597262 0.328682 0.328683
0.597327 0.328696 0.328697
0.597392 0.328711 0.328712
0.597457 0.328725 0.328726
0.597522 0.328739 0.328741
0.597587 0.328754 0.328755
0.597652 0.328768 0.32877
0.597718 0.328783 0.328784
0.597783 0.328797 0.328798
0.597848 0.328812 0.328813
0.597913 0.328826 0.328827
0.597978 0.32884 0.328842
0.598043 0.328855 0.328856
0.598108 0.328869 0.32887
0.598173 0.328884 0.328885
0.598239 0.328898 0.328899
0.598304 0.328912 0.328914
0.598369 0.328927 0.328928
0.598434 0.328941 0.328942
0.598499 0.328955 0.328957
0.598564 0.32897 0.328971
0.59863 0.328984 0.328985
0.598695 0.328999 0.329
0.59876 0.329013 0.329014
0.598825 0.329027 0.329029
0.59889 0.329042 0.329043
0.598955 0.329056 0.329057
0.599021 0.32907 0.329072
0.599086 0.329085 0.329086
0.599151 0.329099 0.3291
0.599216 0.329113 0.329115
0.599281 0.329128 0.329129
0.599347 0.329142 0.329143
0.599412 0.329157 0.329158
0.599477 0.329171 0.329172
0.599542 0.329185 0.329186
0.599608 0.3292 0.329201
0.599673 0.329214 0.329215
0.599738 0.329228 0.329229
0.599803 0.329243 0.329244
0.599868 0.329257 0.329258
0.599934 0.329271 0.329272
0.599999 0.329286 0.329287
0.600064 0.3293 0.329301
0.600129 0.329314 0.329315
0.600195 0.329328 0.32933
0.60026 0.329343 0.329344
0.600325 0.329357 0.329358
0.600391 0.329371 0.329373
0.600456 0.329386 0.329387
0.600521 0.3294 0.329401
0.600586 0.329414 0.329416
0.600652 0.329429 0.32943
0.600717 0.329443 0.329444
0.600782 0.329457 0.329458
0.600848 0.329472 0.329473
0.600913 0.329486 0.329487
0.600978 0.3295 0.329501
0.601043 0.329514 0.329516
0.601109 0.329529 0.32953
0.601174 0.329543 0.329544
0.601239 0.329557 0.329558
0.601305 0.329571 0.329573
0.60137 0.329586 0.329587
0.601435 0.3296 0.329601
0.601501 0.329614 0.329616
0.601566 0.329629 0.32963
0.601631 0.329643 0.329644
0.601697 0.329657 0.329658
0.601762 0.329671 0.329673
0.601827 0.329686 0.329687
0.601893 0.3297 0.329701
0.601958 0.329714 0.329715
0.602023 0.329728 0.32973
0.602089 0.329743 0.329744
0.602154 0.329757 0.329758
0.60222 0.329771 0.329772
0.602285 0.329785 0.329787
0.60235 0.3298 0.329801
0.602416 0.329814 0.329815
0.602481 0.329828 0.329829
0.602546 0.329842 0.329844
0.602612 0.329856 0.329858
0.602677 0.329871 0.329872
0.602743 0.329885 0.329886
0.602808 0.329899 0.3299
0.602873 0.329913 0.329915
0.602939 0.329928 0.329929
0.603004 0.329942 0.329943
0.60307 0.329956 0.329957
0.603135 0.32997 0.329971
0.603201 0.329984 0.329986
0.603266 0.329999 0.33
0.603331 0.330013 0.330014
0.603397 0.330027 0.330028
0.603462 0.330041 0.330042
0.603528 0.330055 0.330057
0.603593 0.33007 0.330071
0.603659 0.330084 0.330085
0.603724 0.330098 0.330099
0.60379 0.330112 0.330113
0.603855 0.330126 0.330128
0.603921 0.330141 0.330142
0.603986 0.330155 0.330156
0.604052 0.330169 0.33017
0.604117 0.330183 0.330184
0.604183 0.330197 0.330198
0.604248 0.330211 0.330213
0.604313 0.330226 0.330227
0.604379 0.33024 0.330241
0.604444 0.330254 0.330255
0.60451 0.330268 0.330269
0.604576 0.330282 0.330283
0.604641 0.330296 0.330298
0.604707 0.33031 0.330312
0.604772 0.330325 0.330326
0.604838 0.330339 0.33034
0.604903 0.330353 0.330354
0.604969 0.330367 0.330368
0.605034 0.330381 0.330382
0.6051 0.330395 0.330397
0.605165 0.330409 0.330411
0.605231 0.330424 0.330425
0.605296 0.330438 0.330439
0.605362 0.330452 0.330453
0.605427 0.330466 0.330467
0.605493 0.33048 0.330481
0.605559 0.330494 0.330495
0.605624 0.330508 0.33051
0.60569 0.330522 0.330524
0.605755 0.330536 0.330538
0.605821 0.330551 0.330552
0.605886 0.330565 0.330566
0.605952 0.330579 0.33058
0.606018 0.330593 0.330594
0.606083 0.330607 0.330608
0.606149 0.330621 0.330622
0.606214 0.330635 0.330636
0.60628 0.330649 0.330651
0.606346 0.330663 0.330665
0.606411 0.330677 0.330679
0.606477 0.330692 0.330693
0.606543 0.330706 0.330707
0.606608 0.33072 0.330721
0.606674 0.330734 0.330735
0.606739 0.330748 0.330749
0.606805 0.330762 0.330763
0.606871 0.330776 0.330777
0.606936 0.33079 0.330791
0.607002 0.330804 0.330805
0.607068 0.330818 0.330819
0.607133 0.330832 0.330833
0.607199 0.330846 0.330848
0.607265 0.33086 0.330862
0.60733 0.330874 0.330876
0.607396 0.330888 0.33089
0.607462 0.330902 0.330904
0.607527 0.330916 0.330918
0.607593 0.330931 0.330932
0.607659 0.330945 0.330946
0.607724 0.330959 0.33096
0.60779 0.330973 0.330974
0.607856 0.330987 0.330988
0.607922 0.331001 0.331002
0.607987 0.331015 0.331016
0.608053 0.331029 0.33103
0.608119 0.331043 0.331044
0.608184 0.331057 0.331058
0.60825 0.331071 0.331072
0.608316 0.331085 0.331086
0.608382 0.331099 0.3311
0.608447 0.331113 0.331114
0.608513 0.331127 0.331128
0.608579 0.331141 0.331142
0.608644 0.331155 0.331156
0.60871 0.331169 0.33117
0.608776 0.331183 0.331184
0.608842 0.331197 0.331198
0.608908 0.331211 0.331212
0.608973 0.331225 0.331226
0.609039 0.331239 0.33124
0.609105 0.331253 0.331254
0.609171 0.331267 0.331268
0.609236 0.331281 0.331282
0.609302 0.331295 0.331296
0.609368 0.331309 0.33131
0.609434 0.331323 0.331324
0.6095 0.331337 0.331338
0.609565 0.331351 0.331352
0.609631 0.331365 0.331366
0.609697 0.331378 0.33138
0.609763 0.331392 0.331394
0.609829 0.331406 0.331408
0.609894 0.33142 0.331422
0.60996 0.331434 0.331436
0.610026 0.331448 0.33145
0.610092 0.331462 0.331463
0.610158 0.331476 0.331477
0.610224 0.33149 0.331491
0.610289 0.331504 0.331505
0.610355 0.331518 0.331519
0.610421 0.331532 0.331533
0.610487 0.331546 0.331547
0.610553 0.33156 0.331561
0.610619 0.331574 0.331575
0.610685 0.331588 0.331589
0.61075 0.331602 0.331603
0.610816 0.331615 0.331617
0.610882 0.331629 0.331631
0.610948 0.331643 0.331645
0.611014 0.331657 0.331658
0.61108 0.331671 0.331672
0.611146 0.331685 0.331686
0.611212 0.331699 0.3317
0.611277 0.331713 0.331714
0.611343 0.331727 0.331728
0.611409 0.331741 0.331742
0.611475 0.331755 0.331756
0.611541 0.331768 0.33177
0.611607 0.331782 0.331784
0.611673 0.331796 0.331797
0.611739 0.33181 0.331811
0.611805 0.331824 0.331825
0.611871 0.331838 0.331839
0.611937 0.331852 0.331853
0.612003 0.331866 0.331867
0.612069 0.331879 0.331881
0.612134 0.331893 0.331895
0.6122 0.331907 0.331908
0.612266 0.331921 0.331922
0.612332 0.331935 0.331936
0.612398 0.331949 0.33195
0.612464 0.331963 0.331964
0.61253 0.331976 0.331978
0.612596 0.33199 0.331992
0.612662 0.332004 0.332006
0.612728 0.332018 0.332019
0.612794 0.332032 0.332033
0.61286 0.332046 0.332047
0.612926 0.33206 0.332061
0.612992 0.332073 0.332075
0.613058 0.332087 0.332089
0.613124 0.332101 0.332102
0.61319 0.332115 0.332116
0.613256 0.332129 0.33213
0.613322 0.332143 0.332144
0.613388 0.332156 0.332158
0.613454 0.33217 0.332172
0.61352 0.332184 0.332185
0.613586 0.332198 0.332199
0.613652 0.332212 0.332213
0.613718 0.332225 0.332227
0.613784 0.332239 0.332241
0.613851 0.332253 0.332254
0.613917 0.332267 0.332268
0.613983 0.332281 0.332282
0.614049 0.332294 0.332296
0.614115 0.332308 0.33231
0.614181 0.332322 0.332323
0.614247 0.332336 0.332337
0.614313 0.33235 0.332351
0.614379 0.332363 0.332365
0.614445 0.332377 0.332379
0.614511 0.332391 0.332392
0.614577 0.332405 0.332406
0.614643 0.332419 0.33242
0.61471 0.332432 0.332434
0.614776 0.332446 0.332447
0.614842 0.33246 0.332461
0.614908 0.332474 0.332475
0.614974 0.332487 0.332489
0.61504 0.332501 0.332502
0.615106 0.332515 0.332516
0.615172 0.332529 0.33253
0.615238 0.332542 0.332544
0.615305 0.332556 0.332558
0.615371 0.33257 0.332571
0.615437 0.332584 0.332585
0.615503 0.332597 0.332599
0.615569 0.332611 0.332613
0.615635 0.332625 0.332626
0.615701 0.332639 0.33264
0.615768 0.332652 0.332654
0.615834 0.332666 0.332667
0.6159 0.33268 0.332681
0.615966 0.332694 0.332695
0.616032 0.332707 0.332709
0.616099 0.332721 0.332722
0.616165 0.332735 0.332736
0.616231 0.332748 0.33275
0.616297 0.332762 0.332764
0.616363 0.332776 0.332777
0.61643 0.33279 0.332791
0.616496 0.332803 0.332805
0.616562 0.332817 0.332818
0.616628 0.332831 0.332832
0.616694 0.332844 0.332846
0.616761 0.332858 0.332859
0.616827 0.332872 0.332873
0.616893 0.332886 0.332887
0.616959 0.332899 0.332901
0.617025 0.332913 0.332914
0.617092 0.332927 0.332928
0.617158 0.33294 0.332942
0.617224 0.332954 0.332955
0.61729 0.332968 0.332969
0.617357 0.332981 0.332983
0.617423 0.332995 0.332996
0.617489 0.333009 0.33301
0.617556 0.333022 0.333024
0.617622 0.333036 0.333037
0.617688 0.33305 0.333051
0.617754 0.333063 0.333065
0.617821 0.333077 0.333078
0.617887 0.333091 0.333092
0.617953 0.333104 0.333106
0.61802 0.333118 0.333119
0.618086 0.333132 0.333133
0.618152 0.333145 0.333147
0.618218 0.333159 0.33316
0.618285 0.333172 0.333174
0.618351 0.333186 0.333187
0.618417 0.3332 0.333201
0.618484 0.333213 0.333215
0.61855 0.333227 0.333228
0.618616 0.333241 0.333242
0.618683 0.333254 0.333256
0.618749 0.333268 0.333269
0.618815 0.333282 0.333283
0.618882 0.333295 0.333296
0.618948 0.333309 0.33331
0.619014 0.333322 0.333324
0.619081 0.333336 0.333337
0.619147 0.33335 0.333351
0.619214 0.333363 0.333365
0.61928 0.333377 0.333378
0.619346 0.33339 0.333392
0.619413 0.333404 0.333405
0.619479 0.333418 0.333419
0.619545 0.333431 0.333433
0.619612 0.333445 0.333446
0.619678 0.333458 0.33346
0.619745 0.333472 0.333473
0.619811 0.333486 0.333487
0.619877 0.333499 0.3335
0.619944 0.333513 0.333514
0.62001 0.333526 0.333528
0.620077 0.33354 0.333541
0.620143 0.333553 0.333555
0.620209 0.333567 0.333568
0.620276 0.333581 0.333582
0.620342 0.333594 0.333595
0.620409 0.333608 0.333609
0.620475 0.333621 0.333623
0.620542 0.333635 0.333636
0.620608 0.333648 0.33365
0.620675 0.333662 0.333663
0.620741 0.333675 0.333677
0.620807 0.333689 0.33369
0.620874 0.333703 0.333704
0.62094 0.333716 0.333717
0.621007 0.33373 0.333731
0.621073 0.333743 0.333745
0.62114 0.333757 0.333758
0.621206 0.33377 0.333772
0.621273 0.333784 0.333785
0.621339 0.333797 0.333799
0.621406 0.333811 0.333812
0.621472 0.333824 0.333826
0.621539 0.333838 0.333839
0.621605 0.333851 0.333853
0.621672 0.333865 0.333866
0.621738 0.333878 0.33388
0.621805 0.333892 0.333893
0.621871 0.333905 0.333907
0.621938 0.333919 0.33392
0.622004 0.333932 0.333934
0.622071 0.333946 0.333947
0.622138 0.333959 0.333961
0.622204 0.333973 0.333974
0.622271 0.333986 0.333988
0.622337 0.334 0.334001
0.622404 0.334013 0.334015
0.62247 0.334027 0.334028
0.622537 0.33404 0.334042
0.622603 0.334054 0.334055
0.62267 0.334067 0.334069
0.622737 0.334081 0.334082
0.622803 0.334094 0.334096
0.62287 0.334108 0.334109
0.622936 0.334121 0.334123
0.623003 0.334135 0.334136
0.62307 0.334148 0.33415
0.623136 0.334162 0.334163
0.623203 0.334175 0.334176
0.623269 0.334189 0.33419
0.623336 0.334202 0.334203
0.623403 0.334215 0.334217
0.623469 0.334229 0.33423
0.623536 0.334242 0.334244
0.623602 0.334256 0.334257
0.623669 0.334269 0.334271
0.623736 0.334283 0.334284
0.623802 0.334296 0.334297
0.623869 0.33431 0.334311
0.623936 0.334323 0.334324
0.624002 0.334336 0.334338
0.624069 0.33435 0.334351
0.624136 0.334363 0.334365
0.624202 0.334377 0.334378
0.624269 0.33439 0.334391
0.624336 0.334404 0.334405
0.624402 0.334417 0.334418
0.624469 0.33443 0.334432
0.624536 0.334444 0.334445
0.624602 0.334457 0.334459
0.624669 0.334471 0.334472
0.624736 0.334484 0.334485
0.624802 0.334497 0.334499
0.624869 0.334511 0.334512
0.624936 0.334524 0.334526
0.625003 0.334538 0.334539
0.625069 0.334551 0.334552
0.625136 0.334564 0.334566
0.625203 0.334578 0.334579
0.625269 0.334591 0.334592
0.625336 0.334604 0.334606
0.625403 0.334618 0.334619
0.62547 0.334631 0.334633
0.625536 0.334645 0.334646
0.625603 0.334658 0.334659
0.62567 0.334671 0.334673
0.625737 0.334685 0.334686
0.625803 0.334698 0.334699
0.62587 0.334711 0.334713
0.625937 0.334725 0.334726
0.626004 0.334738 0.334739
0.626071 0.334751 0.334753
0.626137 0.334765 0.334766
0.626204 0.334778 0.33478
0.626271 0.334792 0.334793
0.626338 0.334805 0.334806
0.626404 0.334818 0.33482
0.626471 0.334832 0.334833
0.626538 0.334845 0.334846
0.626605 0.334858 0.33486
0.626672 0.334872 0.334873
0.626738 0.334885 0.334886
0.626805 0.334898 0.3349
0.626872 0.334912 0.334913
0.626939 0.334925 0.334926
0.627006 0.334938 0.33494
0.627073 0.334951 0.334953
0.627139 0.334965 0.334966
0.627206 0.334978 0.334979
0.627273 0.334991 0.334993
0.62734 0.335005 0.335006
0.627407 0.335018 0.335019
0.627474 0.335031 0.335033
0.627541 0.335045 0.335046
0.627607 0.335058 0.335059
0.627674 0.335071 0.335073
0.627741 0.335084 0.335086
0.627808 0.335098 0.335099
0.627875 0.335111 0.335112
0.627942 0.335124 0.335126
0.628009 0.335138 0.335139
0.628076 0.335151 0.335152
0.628143 0.335164 0.335166
0.628209 0.335177 0.335179
0.628276 0.335191 0.335192
0.628343 0.335204 0.335205
0.62841 0.335217 0.335219
0.628477 0.335231 0.335232
0.628544 0.335244 0.335245
0.628611 0.335257 0.335258
0.628678 0.33527 0.335272
0.628745 0.335284 0.335285
0.628812 0.335297 0.335298
0.628879 0.33531 0.335311
0.628946 0.335323 0.335325
0.629013 0.335337 0.335338
0.62908 0.33535 0.335351
0.629147 0.335363 0.335364
0.629214 0.335376 0.335378
0.62928 0.335389 0.335391
0.629347 0.335403 0.335404
0.629414 0.335416 0.335417
0.629481 0.335429 0.335431
0.629548 0.335442 0.335444
0.629615 0.335456 0.335457
0.629682 0.335469 0.33547
0.629749 0.335482 0.335483
0.629816 0.335495 0.335497
0.629883 0.335508 0.33551
0.62995 0.335522 0.335523
0.630017 0.335535 0.335536
0.630084 0.335548 0.335549
0.630151 0.335561 0.335563
0.630218 0.335574 0.335576
0.630286 0.335588 0.335589
0.630353 0.335601 0.335602
0.63042 0.335614 0.335615
0.630487 0.335627 0.335629
0.630554 0.33564 0.335642
0.630621 0.335654 0.335655
0.630688 0.335667 0.335668
0.630755 0.33568 0.335681
0.630822 0.335693 0.335695
0.630889 0.335706 0.335708
0.630956 0.335719 0.335721
0.631023 0.335733 0.335734
0.63109 0.335746 0.335747
0.631157 0.335759 0.33576
0.631224 0.335772 0.335774
0.631291 0.335785 0.335787
0.631359 0.335798 0.3358
0.631426 0.335812 0.335813
0.631493 0.335825 0.335826
0.63156 0.335838 0.335839
0.631627 0.335851 0.335852
0.631694 0.335864 0.335866
0.631761 0.335877 0.335879
0.631828 0.33589 0.335892
0.631895 0.335904 0.335905
0.631963 0.335917 0.335918
0.63203 0.33593 0.335931
0.632097 0.335943 0.335944
0.632164 0.335956 0.335958
0.632231 0.335969 0.335971
0.632298 0.335982 0.335984
0.632365 0.335996 0.335997
0.632433 0.336009 0.33601
0.6325 0.336022 0.336023
0.632567 0.336035 0.336036
0.632634 0.336048 0.336049
0.632701 0.336061 0.336062
0.632769 0.336074 0.336076
0.632836 0.336087 0.336089
0.632903 0.3361 0.336102
0.63297 0.336113 0.336115
0.633037 0.336127 0.336128
0.633104 0.33614 0.336141
0.633172 0.336153 0.336154
0.633239 0.336166 0.336167
0.633306 0.336179 0.33618
0.633373 0.336192 0.336193
0.633441 0.336205 0.336207
0.633508 0.336218 0.33622
0.633575 0.336231 0.336233
0.633642 0.336244 0.336246
0.633709 0.336257 0.336259
0.633777 0.33627 0.336272
0.633844 0.336284 0.336285
0.633911 0.336297 0.336298
0.633978 0.33631 0.336311
0.634046 0.336323 0.336324
0.634113 0.336336 0.336337
0.63418 0.336349 0.33635
0.634248 0.336362 0.336363
0.634315 0.336375 0.336376
0.634382 0.336388 0.336389
0.634449 0.336401 0.336402
0.634517 0.336414 0.336415
0.634584 0.336427 0.336428
0.634651 0.33644 0.336442
0.634719 0.336453 0.336455
0.634786 0.336466 0.336468
0.634853 0.336479 0.336481
0.63492 0.336492 0.336494
0.634988 0.336505 0.336507
0.635055 0.336518 0.33652
0.635122 0.336531 0.336533
0.63519 0.336544 0.336546
0.635257 0.336557 0.336559
0.635324 0.33657 0.336572
0.635392 0.336583 0.336585
0.635459 0.336596 0.336598
0.635526 0.336609 0.336611
0.635594 0.336622 0.336624
0.635661 0.336635 0.336637
0.635729 0.336648 0.33665
0.635796 0.336661 0.336663
0.635863 0.336674 0.336676
0.635931 0.336687 0.336689
0.635998 0.3367 0.336702
0.636065 0.336713 0.336715
0.636133 0.336726 0.336728
0.6362 0.336739 0.336741
0.636268 0.336752 0.336754
0.636335 0.336765 0.336767
0.636402 0.336778 0.33678
0.63647 0.336791 0.336793
0.636537 0.336804 0.336806
0.636605 0.336817 0.336818
0.636672 0.33683 0.336831
0.636739 0.336843 0.336844
0.636807 0.336856 0.336857
0.636874 0.336869 0.33687
0.636942 0.336882 0.336883
0.637009 0.336895 0.336896
0.637077 0.336908 0.336909
0.637144 0.336921 0.336922
0.637212 0.336934 0.336935
0.637279 0.336947 0.336948
0.637346 0.336959 0.336961
0.637414 0.336972 0.336974
0.637481 0.336985 0.336987
0.637549 0.336998 0.337
0.637616 0.337011 0.337013
0.637684 0.337024 0.337026
0.637751 0.337037 0.337038
0.637819 0.33705 0.337051
0.637886 0.337063 0.337064
0.637954 0.337076 0.337077
0.638021 0.337089 0.33709
0.638089 0.337102 0.337103
0.638156 0.337115 0.337116
0.638224 0.337127 0.337129
0.638291 0.33714 0.337142
0.638359 0.337153 0.337155
0.638426 0.337166 0.337168
0.638494 0.337179 0.33718
0.638561 0.337192 0.337193
0.638629 0.337205 0.337206
0.638697 0.337218 0.337219
0.638764 0.337231 0.337232
0.638832 0.337243 0.337245
0.638899 0.337256 0.337258
0.638967 0.337269 0.337271
0.639034 0.337282 0.337284
0.639102 0.337295 0.337296
0.639169 0.337308 0.337309
0.639237 0.337321 0.337322
0.639305 0.337334 0.337335
0.639372 0.337346 0.337348
0.63944 0.337359 0.337361
0.639507 0.337372 0.337374
0.639575 0.337385 0.337386
0.639643 0.337398 0.337399
0.63971 0.337411 0.337412
0.639778 0.337423 0.337425
0.639845 0.337436 0.337438
0.639913 0.337449 0.337451
0.639981 0.337462 0.337463
0.640048 0.337475 0.337476
0.640116 0.337488 0.337489
0.640184 0.337501 0.337502
0.640251 0.337513 0.337515
0.640319 0.337526 0.337528
0.640386 0.337539 0.33754
0.640454 0.337552 0.337553
0.640522 0.337565 0.337566
0.640589 0.337577 0.337579
0.640657 0.33759 0.337592
0.640725 0.337603 0.337605
0.640792 0.337616 0.337617
0.64086 0.337629 0.33763
0.640928 0.337642 0.337643
0.640995 0.337654 0.337656
0.641063 0.337667 0.337669
0.641131 0.33768 0.337681
0.641199 0.337693 0.337694
0.641266 0.337705 0.337707
0.641334 0.337718 0.33772
0.641402 0.337731 0.337733
0.641469 0.337744 0.337745
0.641537 0.337757 0.337758
0.641605 0.337769 0.337771
0.641673 0.337782 0.337784
0.64174 0.337795 0.337796
0.641808 0.337808 0.337809
0.641876 0.33782 0.337822
0.641944 0.337833 0.337835
0.642011 0.337846 0.337847
0.642079 0.337859 0.33786
0.642147 0.337872 0.337873
0.642215 0.337884 0.337886
0.642282 0.337897 0.337899
0.64235 0.33791 0.337911
0.642418 0.337923 0.337924
0.642486 0.337935 0.337937
0.642553 0.337948 0.33795
0.642621 0.337961 0.337962
0.642689 0.337974 0.337975
0.642757 0.337986 0.337988
0.642825 0.337999 0.338
0.642892 0.338012 0.338013
0.64296 0.338024 0.338026
0.643028 0.338037 0.338039
0.643096 0.33805 0.338051
0.643164 0.338063 0.338064
0.643231 0.338075 0.338077
0.643299 0.338088 0.33809
0.643367 0.338101 0.338102
0.643435 0.338113 0.338115
0.643503 0.338126 0.338128
0.643571 0.338139 0.33814
0.643638 0.338152 0.338153
0.643706 0.338164 0.338166
0.643774 0.338177 0.338178
0.643842 0.33819 0.338191
0.64391 0.338202 0.338204
0.643978 0.338215 0.338217
0.644046 0.338228 0.338229
0.644114 0.33824 0.338242
0.644181 0.338253 0.338255
0.644249 0.338266 0.338267
0.644317 0.338279 0.33828
0.644385 0.338291 0.338293
0.644453 0.338304 0.338305
0.644521 0.338317 0.338318
0.644589 0.338329 0.338331
0.644657 0.338342 0.338343
0.644725 0.338355 0.338356
0.644793 0.338367 0.338369
0.64486 0.33838 0.338381
0.644928 0.338393 0.338394
0.644996 0.338405 0.338407
0.645064 0.338418 0.338419
0.645132 0.33843 0.338432
0.6452 0.338443 0.338445
0.645268 0.338456 0.338457
0.645336 0.338468 0.33847
0.645404 0.338481 0.338483
0.645472 0.338494 0.338495
0.64554 0.338506 0.338508
0.645608 0.338519 0.33852
0.645676 0.338532 0.338533
0.645744 0.338544 0.338546
0.645812 0.338557 0.338558
0.64588 0.338569 0.338571
0.645948 0.338582 0.338584
0.646016 0.338595 0.338596
0.646084 0.338607 0.338609
0.646152 0.33862 0.338621
0.64622 0.338633 0.338634
0.646288 0.338645 0.338647
0.646356 0.338658 0.338659
0.646424 0.33867 0.338672
0.646492 0.338683 0.338684
0.64656 0.338696 0.338697
0.646628 0.338708 0.33871
0.646696 0.338721 0.338722
0.646764 0.338733 0.338735
0.646832 0.338746 0.338747
0.6469 0.338758 0.33876
0.646968 0.338771 0.338773
0.647036 0.338784 0.338785
0.647104 0.338796 0.338798
0.647172 0.338809 0.33881
0.647241 0.338821 0.338823
0.647309 0.338834 0.338835
0.647377 0.338847 0.338848
0.647445 0.338859 0.338861
0.647513 0.338872 0.338873
0.647581 0.338884 0.338886
0.647649 0.338897 0.338898
0.647717 0.338909 0.338911
0.647785 0.338922 0.338923
0.647853 0.338934 0.338936
0.647921 0.338947 0.338948
0.64799 0.338959 0.338961
0.648058 0.338972 0.338974
0.648126 0.338985 0.338986
0.648194 0.338997 0.338999
0.648262 0.33901 0.339011
0.64833 0.339022 0.339024
0.648398 0.339035 0.339036
0.648467 0.339047 0.339049
0.648535 0.33906 0.339061
0.648603 0.339072 0.339074
0.648671 0.339085 0.339086
0.648739 0.339097 0.339099
0.648807 0.33911 0.339111
0.648876 0.339122 0.339124
0.648944 0.339135 0.339136
0.649012 0.339147 0.339149
0.64908 0.33916 0.339161
0.649148 0.339172 0.339174
0.649216 0.339185 0.339186
0.649285 0.339197 0.339199
0.649353 0.33921 0.339211
0.649421 0.339222 0.339224
0.649489 0.339235 0.339236
0.649558 0.339247 0.339249
0.649626 0.33926 0.339261
0.649694 0.339272 0.339274
0.649762 0.339285 0.339286
0.64983 0.339297 0.339299
0.649899 0.33931 0.339311
0.649967 0.339322 0.339324
0.650035 0.339335 0.339336
0.650103 0.339347 0.339349
0.650172 0.33936 0.339361
0.65024 0.339372 0.339374
0.650308 0.339385 0.339386
0.650376 0.339397 0.339398
0.650445 0.339409 0.339411
0.650513 0.339422 0.339423
0.650581 0.339434 0.339436
0.65065 0.339447 0.339448
0.650718 0.339459 0.339461
0.650786 0.339472 0.339473
0.650854 0.339484 0.339486
0.650923 0.339497 0.339498
0.650991 0.339509 0.33951
0.651059 0.339521 0.339523
0.651128 0.339534 0.339535
0.651196 0.339546 0.339548
0.651264 0.339559 0.33956
0.651333 0.339571 0.339573
0.651401 0.339584 0.339585
0.651469 0.339596 0.339597
0.651538 0.339608 0.33961
0.651606 0.339621 0.339622
0.651674 0.339633 0.339635
0.651743 0.339646 0.339647
0.651811 0.339658 0.33966
0.651879 0.33967 0.339672
0.651948 0.339683 0.339684
0.652016 0.339695 0.339697
0.652085 0.339708 0.339709
0.652153 0.33972 0.339722
0.652221 0.339732 0.339734
0.65229 0.339745 0.339746
0.652358 0.339757 0.339759
0.652427 0.33977 0.339771
0.652495 0.339782 0.339783
0.652563 0.339794 0.339796
0.652632 0.339807 0.339808
0.6527 0.339819 0.339821
0.652769 0.339831 0.339833
0.652837 0.339844 0.339845
0.652905 0.339856 0.339858
0.652974 0.339868 0.33987
0.653042 0.339881 0.339882
0.653111 0.339893 0.339895
0.653179 0.339906 0.339907
0.653248 0.339918 0.339919
0.653316 0.33993 0.339932
0.653385 0.339943 0.339944
0.653453 0.339955 0.339956
0.653521 0.339967 0.339969
0.65359 0.33998 0.339981
0.653658 0.339992 0.339994
0.653727 0.340004 0.340006
0.653795 0.340017 0.340018
0.653864 0.340029 0.34003
0.653932 0.340041 0.340043
0.654001 0.340054 0.340055
0.654069 0.340066 0.340067
0.654138 0.340078 0.34008
0.654206 0.340091 0.340092
0.654275 0.340103 0.340104
0.654343 0.340115 0.340117
0.654412 0.340128 0.340129
0.65448 0.34014 0.340141
0.654549 0.340152 0.340154
0.654618 0.340164 0.340166
0.654686 0.340177 0.340178
0.654755 0.340189 0.340191
0.654823 0.340201 0.340203
0.654892 0.340214 0.340215
0.65496 0.340226 0.340227
0.655029 0.340238 0.34024
0.655097 0.34025 0.340252
0.655166 0.340263 0.340264
0.655235 0.340275 0.340277
0.655303 0.340287 0.340289
0.655372 0.3403 0.340301
0.65544 0.340312 0.340313
0.655509 0.340324 0.340326
0.655577 0.340336 0.340338
0.655646 0.340349 0.34035
0.655715 0.340361 0.340362
0.655783 0.340373 0.340375
0.655852 0.340385 0.340387
0.655921 0.340398 0.340399
0.655989 0.34041 0.340411
0.656058 0.340422 0.340424
0.656126 0.340434 0.340436
0.656195 0.340447 0.340448
0.656264 0.340459 0.34046
0.656332 0.340471 0.340473
0.656401 0.340483 0.340485
0.65647 0.340496 0.340497
0.656538 0.340508 0.340509
0.656607 0.34052 0.340522
0.656676 0.340532 0.340534
0.656744 0.340545 0.340546
0.656813 0.340557 0.340558
0.656882 0.340569 0.340571
0.65695 0.340581 0.340583
0.657019 0.340593 0.340595
0.657088 0.340606 0.340607
0.657156 0.340618 0.340619
0.657225 0.34063 0.340632
0.657294 0.340642 0.340644
0.657363 0.340654 0.340656
0.657431 0.340667 0.340668
0.6575 0.340679 0.34068
0.657569 0.340691 0.340693
0.657637 0.340703 0.340705
0.657706 0.340715 0.340717
0.657775 0.340728 0.340729
0.657844 0.34074 0.340741
0.657912 0.340752 0.340754
0.657981 0.340764 0.340766
0.65805 0.340776 0.340778
0.658119 0.340788 0.34079
0.658187 0.340801 0.340802
0.658256 0.340813 0.340814
0.658325 0.340825 0.340827
0.658394 0.340837 0.340839
0.658462 0.340849 0.340851
0.658531 0.340861 0.340863
0.6586 0.340874 0.340875
0.658669 0.340886 0.340887
0.658738 0.340898 0.340899
0.658806 0.34091 0.340912
0.658875 0.340922 0.340924
0.658944 0.340934 0.340936
0.659013 0.340947 0.340948
0.659082 0.340959 0.34096
0.659151 0.340971 0.340972
0.659219 0.340983 0.340984
0.659288 0.340995 0.340997
0.659357 0.341007 0.341009
0.659426 0.341019 0.341021
0.659495 0.341031 0.341033
0.659564 0.341044 0.341045
0.659632 0.341056 0.341057
0.659701 0.341068 0.341069
0.65977 0.34108 0.341081
0.659839 0.341092 0.341094
0.659908 0.341104 0.341106
0.659977 0.341116 0.341118
0.660046 0.341128 0.34113
0.660115 0.34114 0.341142
0.660183 0.341153 0.341154
0.660252 0.341165 0.341166
0.660321 0.341177 0.341178
0.66039 0.341189 0.34119
0.660459 0.341201 0.341202
0.660528 0.341213 0.341215
0.660597 0.341225 0.341227
0.660666 0.341237 0.341239
0.660735 0.341249 0.341251
0.660804 0.341261 0.341263
0.660873 0.341273 0.341275
0.660941 0.341285 0.341287
0.66101 0.341298 0.341299
0.661079 0.34131 0.341311
0.661148 0.341322 0.341323
0.661217 0.341334 0.341335
0.661286 0.341346 0.341347
0.661355 0.341358 0.341359
0.661424 0.34137 0.341371
0.661493 0.341382 0.341384
0.661562 0.341394 0.341396
0.661631 0.341406 0.341408
0.6617 0.341418 0.34142
0.661769 0.34143 0.341432
0.661838 0.341442 0.341444
0.661907 0.341454 0.341456
0.661976 0.341466 0.341468
0.662045 0.341478 0.34148
0.662114 0.34149 0.341492
0.662183 0.341502 0.341504
0.662252 0.341514 0.341516
0.662321 0.341526 0.341528
0.66239 0.341538 0.34154
0.662459 0.34155 0.341552
0.662528 0.341562 0.341564
0.662597 0.341574 0.341576
0.662666 0.341586 0.341588
0.662735 0.341598 0.3416
0.662804 0.34161 0.341612
0.662874 0.341622 0.341624
0.662943 0.341634 0.341636
0.663012 0.341646 0.341648
0.663081 0.341658 0.34166
0.66315 0.34167 0.341672
0.663219 0.341682 0.341684
0.663288 0.341694 0.341696
0.663357 0.341706 0.341708
0.663426 0.341718 0.34172
0.663495 0.34173 0.341732
0.663564 0.341742 0.341744
0.663634 0.341754 0.341756
0.663703 0.341766 0.341768
0.663772 0.341778 0.34178
0.663841 0.34179 0.341792
0.66391 0.341802 0.341804
0.663979 0.341814 0.341816
0.664048 0.341826 0.341828
0.664117 0.341838 0.34184
0.664187 0.34185 0.341852
0.664256 0.341862 0.341863
0.664325 0.341874 0.341875
0.664394 0.341886 0.341887
0.664463 0.341898 0.341899
0.664532 0.34191 0.341911
0.664602 0.341922 0.341923
0.664671 0.341934 0.341935
0.66474 0.341945 0.341947
0.664809 0.341957 0.341959
0.664878 0.341969 0.341971
0.664947 0.341981 0.341983
0.665017 0.341993 0.341995
0.665086 0.342005 0.342007
0.665155 0.342017 0.342019
0.665224 0.342029 0.342031
0.665294 0.342041 0.342042
0.665363 0.342053 0.342054
0.665432 0.342065 0.342066
0.665501 0.342077 0.342078
0.66557 0.342088 0.34209
0.66564 0.3421 0.342102
0.665709 0.342112 0.342114
0.665778 0.342124 0.342126
0.665847 0.342136 0.342138
0.665917 0.342148 0.34215
0.665986 0.34216 0.342161
0.666055 0.342172 0.342173
0.666124 0.342184 0.342185
0.666194 0.342195 0.342197
0.666263 0.342207 0.342209
0.666332 0.342219 0.342221
0.666402 0.342231 0.342233
0.666471 0.342243 0.342245
0.66654 0.342255 0.342256
0.666609 0.342267 0.342268
0.666679 0.342279 0.34228
0.666748 0.34229 0.342292
0.666817 0.342302 0.342304
0.666887 0.342314 0.342316
0.666956 0.342326 0.342328
0.667025 0.342338 0.342339
0.667095 0.34235 0.342351
0.667164 0.342361 0.342363
0.667233 0.342373 0.342375
0.667303 0.342385 0.342387
0.667372 0.342397 0.342399
0.667441 0.342409 0.34241
0.667511 0.342421 0.342422
0.66758 0.342433 0.342434
0.66765 0.342444 0.342446
0.667719 0.342456 0.342458
0.667788 0.342468 0.34247
0.667858 0.34248 0.342481
0.667927 0.342492 0.342493
0.667996 0.342503 0.342505
0.668066 0.342515 0.342517
0.668135 0.342527 0.342529
0.668205 0.342539 0.34254
0.668274 0.342551 0.342552
0.668343 0.342562 0.342564
0.668413 0.342574 0.342576
0.668482 0.342586 0.342588
0.668552 0.342598 0.342599
0.668621 0.34261 0.342611
0.668691 0.342621 0.342623
0.66876 0.342633 0.342635
0.668829 0.342645 0.342647
0.668899 0.342657 0.342658
0.668968 0.342669 0.34267
0.669038 0.34268 0.342682
0.669107 0.342692 0.342694
0.669177 0.342704 0.342706
0.669246 0.342716 0.342717
0.669316 0.342727 0.342729
0.669385 0.342739 0.342741
0.669455 0.342751 0.342753
0.669524 0.342763 0.342764
0.669594 0.342774 0.342776
0.669663 0.342786 0.342788
0.669733 0.342798 0.3428
0.669802 0.34281 0.342811
0.669872 0.342821 0.342823
0.669941 0.342833 0.342835
0.670011 0.342845 0.342847
0.67008 0.342857 0.342858
0.67015 0.342868 0.34287
0.670219 0.34288 0.342882
0.670289 0.342892 0.342894
0.670358 0.342904 0.342905
0.670428 0.342915 0.342917
0.670498 0.342927 0.342929
0.670567 0.342939 0.34294
0.670637 0.34295 0.342952
0.670706 0.342962 0.342964
0.670776 0.342974 0.342976
0.670845 0.342986 0.342987
0.670915 0.342997 0.342999
0.670985 0.343009 0.343011
0.671054 0.343021 0.343022
0.671124 0.343032 0.343034
0.671193 0.343044 0.343046
0.671263 0.343056 0.343057
0.671333 0.343068 0.343069
0.671402 0.343079 0.343081
0.671472 0.343091 0.343093
0.671541 0.343103 0.343104
0.671611 0.343114 0.343116
0.671681 0.343126 0.343128
0.67175 0.343138 0.343139
0.67182 0.343149 0.343151
0.67189 0.343161 0.343163
0.671959 0.343173 0.343174
0.672029 0.343184 0.343186
0.672099 0.343196 0.343198
0.672168 0.343208 0.343209
0.672238 0.343219 0.343221
0.672308 0.343231 0.343233
0.672377 0.343243 0.343244
0.672447 0.343254 0.343256
0.672517 0.343266 0.343268
0.672586 0.343278 0.343279
0.672656 0.343289 0.343291
0.672726 0.343301 0.343302
0.672795 0.343312 0.343314
0.672865 0.343324 0.343326
0.672935 0.343336 0.343337
0.673004 0.343347 0.343349
0.673074 0.343359 0.343361
0.673144 0.343371 0.343372
0.673214 0.343382 0.343384
0.673283 0.343394 0.343396
0.673353 0.343405 0.343407
0.673423 0.343417 0.343419
0.673493 0.343429 0.34343
0.673562 0.34344 0.343442
0.673632 0.343452 0.343454
0.673702 0.343464 0.343465
0.673772 0.343475 0.343477
0.673841 0.343487 0.343488
0.673911 0.343498 0.3435
0.673981 0.34351 0.343512
0.674051 0.343522 0.343523
0.674121 0.343533 0.343535
0.67419 0.343545 0.343546
0.67426 0.343556 0.343558
0.67433 0.343568 0.34357
0.6744 0.343579 0.343581
0.67447 0.343591 0.343593
0.674539 0.343603 0.343604
0.674609 0.343614 0.343616
0.674679 0.343626 0.343627
0.674749 0.343637 0.343639
0.674819 0.343649 0.343651
0.674889 0.34366 0.343662
0.674958 0.343672 0.343674
0.675028 0.343684 0.343685
0.675098 0.343695 0.343697
0.675168 0.343707 0.343708
0.675238 0.343718 0.34372
0.675308 0.34373 0.343731
0.675378 0.343741 0.343743
0.675447 0.343753 0.343755
0.675517 0.343764 0.343766
0.675587 0.343776 0.343778
0.675657 0.343787 0.343789
0.675727 0.343799 0.343801
0.675797 0.343811 0.343812
0.675867 0.343822 0.343824
0.675937 0.343834 0.343835
0.676007 0.343845 0.343847
0.676077 0.343857 0.343858
0.676146 0.343868 0.34387
0.676216 0.34388 0.343881
0.676286 0.343891 0.343893
0.676356 0.343903 0.343904
0.676426 0.343914 0.343916
0.676496 0.343926 0.343927
0.676566 0.343937 0.343939
0.676636 0.343949 0.34395
0.676706 0.34396 0.343962
0.676776 0.343972 0.343973
0.676846 0.343983 0.343985
0.676916 0.343995 0.343996
0.676986 0.344006 0.344008
0.677056 0.344018 0.344019
0.677126 0.344029 0.344031
0.677196 0.344041 0.344042
0.677266 0.344052 0.344054
0.677336 0.344064 0.344065
0.677406 0.344075 0.344077
0.677476 0.344087 0.344088
0.677546 0.344098 0.3441
0.677616 0.344109 0.344111
0.677686 0.344121 0.344123
0.677756 0.344132 0.344134
0.677826 0.344144 0.344146
0.677896 0.344155 0.344157
0.677966 0.344167 0.344168
0.678036 0.344178 0.34418
0.678106 0.34419 0.344191
0.678176 0.344201 0.344203
0.678246 0.344213 0.344214
0.678316 0.344224 0.344226
0.678386 0.344235 0.344237
0.678456 0.344247 0.344249
0.678527 0.344258 0.34426
0.678597 0.34427 0.344271
0.678667 0.344281 0.344283
0.678737 0.344293 0.344294
0.678807 0.344304 0.344306
0.678877 0.344315 0.344317
0.678947 0.344327 0.344328
0.679017 0.344338 0.34434
0.679087 0.34435 0.344351
0.679157 0.344361 0.344363
0.679228 0.344372 0.344374
0.679298 0.344384 0.344386
0.679368 0.344395 0.344397
0.679438 0.344407 0.344408
0.679508 0.344418 0.34442
0.679578 0.344429 0.344431
0.679648 0.344441 0.344443
0.679719 0.344452 0.344454
0.679789 0.344464 0.344465
0.679859 0.344475 0.344477
0.679929 0.344486 0.344488
0.679999 0.344498 0.344499
0.680069 0.344509 0.344511
0.68014 0.34452 0.344522
0.68021 0.344532 0.344534
0.68028 0.344543 0.344545
0.68035 0.344555 0.344556
0.68042 0.344566 0.344568
0.680491 0.344577 0.344579
0.680561 0.344589 0.34459
0.680631 0.3446 0.344602
0.680701 0.344611 0.344613
0.680771 0.344623 0.344624
0.680842 0.344634 0.344636
0.680912 0.344645 0.344647
0.680982 0.344657 0.344658
0.681052 0.344668 0.34467
0.681123 0.344679 0.344681
0.681193 0.344691 0.344692
0.681263 0.344702 0.344704
0.681333 0.344713 0.344715
0.681404 0.344725 0.344726
0.681474 0.344736 0.344738
0.681544 0.344747 0.344749
0.681615 0.344759 0.34476
0.681685 0.34477 0.344772
0.681755 0.344781 0.344783
0.681825 0.344793 0.344794
0.681896 0.344804 0.344806
0.681966 0.344815 0.344817
0.682036 0.344827 0.344828
0.682107 0.344838 0.34484
0.682177 0.344849 0.344851
0.682247 0.34486 0.344862
0.682318 0.344872 0.344873
0.682388 0.344883 0.344885
0.682458 0.344894 0.344896
0.682529 0.344906 0.344907
0.682599 0.344917 0.344919
0.682669 0.344928 0.34493
0.68274 0.344939 0.344941
0.68281 0.344951 0.344952
0.68288 0.344962 0.344964
0.682951 0.344973 0.344975
0.683021 0.344985 0.344986
0.683092 0.344996 0.344998
0.683162 0.345007 0.345009
0.683232 0.345018 0.34502
0.683303 0.34503 0.345031
0.683373 0.345041 0.345043
0.683444 0.345052 0.345054
0.683514 0.345063 0.345065
0.683584 0.345075 0.345076
0.683655 0.345086 0.345088
0.683725 0.345097 0.345099
0.683796 0.345108 0.34511
0.683866 0.34512 0.345121
0.683936 0.345131 0.345133
0.684007 0.345142 0.345144
0.684077 0.345153 0.345155
0.684148 0.345165 0.345166
0.684218 0.345176 0.345177
0.684289 0.345187 0.345189
0.684359 0.345198 0.3452
0.68443 0.345209 0.345211
0.6845 0.345221 0.345222
0.684571 0.345232 0.345234
0.684641 0.345243 0.345245
0.684712 0.345254 0.345256
0.684782 0.345265 0.345267
0.684853 0.345277 0.345278
0.684923 0.345288 0.34529
0.684994 0.345299 0.345301
0.685064 0.34531 0.345312
0.685135 0.345321 0.345323
0.685205 0.345333 0.345334
0.685276 0.345344 0.345346
0.685346 0.345355 0.345357
0.685417 0.345366 0.345368
0.685487 0.345377 0.345379
0.685558 0.345389 0.34539
0.685628 0.3454 0.345401
0.685699 0.345411 0.345413
0.685769 0.345422 0.345424
0.68584 0.345433 0.345435
0.685911 0.345444 0.345446
0.685981 0.345456 0.345457
0.686052 0.345467 0.345468
0.686122 0.345478 0.34548
0.686193 0.345489 0.345491
0.686264 0.3455 0.345502
0.686334 0.345511 0.345513
0.686405 0.345522 0.345524
0.686475 0.345534 0.345535
0.686546 0.345545 0.345546
0.686617 0.345556 0.345558
0.686687 0.345567 0.345569
0.686758 0.345578 0.34558
0.686828 0.345589 0.345591
0.686899 0.3456 0.345602
0.68697 0.345612 0.345613
0.68704 0.345623 0.345624
0.687111 0.345634 0.345636
0.687182 0.345645 0.345647
0.687252 0.345656 0.345658
0.687323 0.345667 0.345669
0.687394 0.345678 0.34568
0.687464 0.345689 0.345691
0.687535 0.3457 0.345702
0.687606 0.345712 0.345713
0.687676 0.345723 0.345724
0.687747 0.345734 0.345736
0.687818 0.345745 0.345747
0.687888 0.345756 0.345758
0.687959 0.345767 0.345769
0.68803 0.345778 0.34578
0.688101 0.345789 0.345791
0.688171 0.3458 0.345802
0.688242 0.345811 0.345813
0.688313 0.345822 0.345824
0.688383 0.345834 0.345835
0.688454 0.345845 0.345846
0.688525 0.345856 0.345857
0.688596 0.345867 0.345868
0.688666 0.345878 0.34588
0.688737 0.345889 0.345891
0.688808 0.3459 0.345902
0.688879 0.345911 0.345913
0.688949 0.345922 0.345924
0.68902 0.345933 0.345935
0.689091 0.345944 0.345946
0.689162 0.345955 0.345957
0.689233 0.345966 0.345968
0.689303 0.345977 0.345979
0.689374 0.345988 0.34599
0.689445 0.345999 0.346001
0.689516 0.34601 0.346012
0.689587 0.346021 0.346023
0.689657 0.346032 0.346034
0.689728 0.346043 0.346045
0.689799 0.346054 0.346056
0.68987 0.346065 0.346067
0.689941 0.346077 0.346078
0.690012 0.346088 0.346089
0.690082 0.346099 0.3461
0.690153 0.34611 0.346111
0.690224 0.346121 0.346122
0.690295 0.346132 0.346133
0.690366 0.346143 0.346144
0.690437 0.346154 0.346155
0.690508 0.346165 0.346166
0.690578 0.346176 0.346177
0.690649 0.346187 0.346188
0.69072 0.346198 0.346199
0.690791 0.346209 0.34621
0.690862 0.34622 0.346221
0.690933 0.34623 0.346232
0.691004 0.346241 0.346243
0.691075 0.346252 0.346254
0.691146 0.346263 0.346265
0.691217 0.346274 0.346276
0.691288 0.346285 0.346287
0.691358 0.346296 0.346298
0.691429 0.346307 0.346309
0.6915 0.346318 0.34632
0.691571 0.346329 0.346331
0.691642 0.34634 0.346342
0.691713 0.346351 0.346353
0.691784 0.346362 0.346364
0.691855 0.346373 0.346375
0.691926 0.346384 0.346386
0.691997 0.346395 0.346397
0.692068 0.346406 0.346408
0.692139 0.346417 0.346419
0.69221 0.346428 0.34643
0.692281 0.346439 0.34644
0.692352 0.34645 0.346451
0.692423 0.346461 0.346462
0.692494 0.346471 0.346473
0.692565 0.346482 0.346484
0.692636 0.346493 0.346495
0.692707 0.346504 0.346506
0.692778 0.346515 0.346517
0.692849 0.346526 0.346528
0.69292 0.346537 0.346539
0.692991 0.346548 0.34655
0.693062 0.346559 0.346561
0.693133 0.34657 0.346571
0.693204 0.346581 0.346582
0.693275 0.346591 0.346593
0.693347 0.346602 0.346604
0.693418 0.346613 0.346615
0.693489 0.346624 0.346626
0.69356 0.346635 0.346637
0.693631 0.346646 0.346648
0.693702 0.346657 0.346659
0.693773 0.346668 0.346669
0.693844 0.346679 0.34668
0.693915 0.346689 0.346691
0.693986 0.3467 0.346702
0.694057 0.346711 0.346713
0.694129 0.346722 0.346724
0.6942 0.346733 0.346735
0.694271 0.346744 0.346746
0.694342 0.346755 0.346756
0.694413 0.346765 0.346767
0.694484 0.346776 0.346778
0.694555 0.346787 0.346789
0.694627 0.346798 0.3468
0.694698 0.346809 0.346811
0.694769 0.34682 0.346822
0.69484 0.346831 0.346832
0.694911 0.346841 0.346843
0.694982 0.346852 0.346854
0.695054 0.346863 0.346865
0.695125 0.346874 0.346876
0.695196 0.346885 0.346887
0.695267 0.346896 0.346897
0.695338 0.346906 0.346908
0.69541 0.346917 0.346919
0.695481 0.346928 0.34693
0.695552 0.346939 0.346941
0.695623 0.34695 0.346951
0.695694 0.34696 0.346962
0.695766 0.346971 0.346973
0.695837 0.346982 0.346984
0.695908 0.346993 0.346995
0.695979 0.347004 0.347006
0.696051 0.347014 0.347016
0.696122 0.347025 0.347027
0.696193 0.347036 0.347038
0.696264 0.347047 0.347049
0.696336 0.347058 0.347059
0.696407 0.347068 0.34707
0.696478 0.347079 0.347081
0.696549 0.34709 0.347092
0.696621 0.347101 0.347103
0.696692 0.347112 0.347113
0.696763 0.347122 0.347124
0.696835 0.347133 0.347135
0.696906 0.347144 0.347146
0.696977 0.347155 0.347156
0.697049 0.347165 0.347167
0.69712 0.347176 0.347178
0.697191 0.347187 0.347189
0.697263 0.347198 0.347199
0.697334 0.347208 0.34721
0.697405 0.347219 0.347221
0.697477 0.34723 0.347232
0.697548 0.347241 0.347242
0.697619 0.347251 0.347253
0.697691 0.347262 0.347264
0.697762 0.347273 0.347275
0.697833 0.347284 0.347285
0.697905 0.347294 0.347296
0.697976 0.347305 0.347307
0.698048 0.347316 0.347318
0.698119 0.347327 0.347328
0.69819 0.347337 0.347339
0.698262 0.347348 0.34735
0.698333 0.347359 0.34736
0.698405 0.347369 0.347371
0.698476 0.34738 0.347382
0.698547 0.347391 0.347393
0.698619 0.347401 0.347403
0.69869 0.347412 0.347414
0.698762 0.347423 0.347425
0.698833 0.347434 0.347435
0.698905 0.347444 0.347446
0.698976 0.347455 0.347457
0.699047 0.347466 0.347468
0.699119 0.347476 0.347478
0.69919 0.347487 0.347489
0.699262 0.347498 0.3475
0.699333 0.347508 0.34751
0.699405 0.347519 0.347521
0.699476 0.34753 0.347532
0.699548 0.34754 0.347542
0.699619 0.347551 0.347553
0.699691 0.347562 0.347564
0.699762 0.347572 0.347574
0.699834 0.347583 0.347585
0.699905 0.347594 0.347596
0.699977 0.347604 0.347606
0.700048 0.347615 0.347617
0.70012 0.347626 0.347628
0.700191 0.347636 0.347638
0.700263 0.347647 0.347649
0.700334 0.347658 0.347659
0.700406 0.347668 0.34767
0.700477 0.347679 0.347681
0.700549 0.34769 0.347691
0.700621 0.3477 0.347702
0.700692 0.347711 0.347713
0.700764 0.347721 0.347723
0.700835 0.347732 0.347734
0.700907 0.347743 0.347745
0.700978 0.347753 0.347755
0.70105 0.347764 0.347766
0.701122 0.347775 0.347776
0.701193 0.347785 0.347787
0.701265 0.347796 0.347798
0.701336 0.347806 0.347808
0.701408 0.347817 0.347819
0.70148 0.347828 0.347829
0.701551 0.347838 0.34784
0.701623 0.347849 0.347851
0.701695 0.347859 0.347861
0.701766 0.34787 0.347872
0.701838 0.347881 0.347882
0.701909 0.347891 0.347893
0.701981 0.347902 0.347904
0.702053 0.347912 0.347914
0.702124 0.347923 0.347925
0.702196 0.347933 0.347935
0.702268 0.347944 0.347946
0.702339 0.347955 0.347956
0.702411 0.347965 0.347967
0.702483 0.347976 0.347978
0.702555 0.347986 0.347988
0.702626 0.347997 0.347999
0.702698 0.348007 0.348009
0.70277 0.348018 0.34802
0.702841 0.348029 0.34803
0.702913 0.348039 0.348041
0.702985 0.34805 0.348052
0.703057 0.34806 0.348062
0.703128 0.348071 0.348073
0.7032 0.348081 0.348083
0.703272 0.348092 0.348094
0.703343 0.348102 0.348104
0.703415 0.348113 0.348115
0.703487 0.348123 0.348125
0.703559 0.348134 0.348136
0.703631 0.348144 0.348146
0.703702 0.348155 0.348157
0.703774 0.348166 0.348167
0.703846 0.348176 0.348178
0.703918 0.348187 0.348188
0.703989 0.348197 0.348199
0.704061 0.348208 0.348209
0.704133 0.348218 0.34822
0.704205 0.348229 0.34823
0.704277 0.348239 0.348241
0.704348 0.34825 0.348251
0.70442 0.34826 0.348262
0.704492 0.348271 0.348272
0.704564 0.348281 0.348283
0.704636 0.348292 0.348293
0.704708 0.348302 0.348304
0.704779 0.348313 0.348314
0.704851 0.348323 0.348325
0.704923 0.348333 0.348335
0.704995 0.348344 0.348346
0.705067 0.348354 0.348356
0.705139 0.348365 0.348367
0.705211 0.348375 0.348377
0.705282 0.348386 0.348388
0.705354 0.348396 0.348398
0.705426 0.348407 0.348409
0.705498 0.348417 0.348419
0.70557 0.348428 0.34843
0.705642 0.348438 0.34844
0.705714 0.348449 0.34845
0.705786 0.348459 0.348461
0.705858 0.348469 0.348471
0.70593 0.34848 0.348482
0.706002 0.34849 0.348492
0.706073 0.348501 0.348503
0.706145 0.348511 0.348513
0.706217 0.348522 0.348524
0.706289 0.348532 0.348534
0.706361 0.348542 0.348544
0.706433 0.348553 0.348555
0.706505 0.348563 0.348565
0.706577 0.348574 0.348576
0.706649 0.348584 0.348586
0.706721 0.348595 0.348596
0.706793 0.348605 0.348607
0.706865 0.348615 0.348617
0.706937 0.348626 0.348628
0.707009 0.348636 0.348638
0.707081 0.348647 0.348648
0.707153 0.348657 0.348659
0.707225 0.348667 0.348669
0.707297 0.348678 0.34868
0.707369 0.348688 0.34869
0.707441 0.348699 0.3487
0.707513 0.348709 0.348711
0.707585 0.348719 0.348721
0.707657 0.34873 0.348732
0.707729 0.34874 0.348742
0.707801 0.34875 0.348752
0.707873 0.348761 0.348763
0.707945 0.348771 0.348773
0.708018 0.348782 0.348783
0.70809 0.348792 0.348794
0.708162 0.348802 0.348804
0.708234 0.348813 0.348815
0.708306 0.348823 0.348825
0.708378 0.348833 0.348835
0.70845 0.348844 0.348846
0.708522 0.348854 0.348856
0.708594 0.348864 0.348866
0.708666 0.348875 0.348877
0.708738 0.348885 0.348887
0.708811 0.348895 0.348897
0.708883 0.348906 0.348908
0.708955 0.348916 0.348918
0.709027 0.348926 0.348928
0.709099 0.348937 0.348939
0.709171 0.348947 0.348949
0.709243 0.348957 0.348959
0.709316 0.348968 0.34897
0.709388 0.348978 0.34898
0.70946 0.348988 0.34899
0.709532 0.348999 0.349001
0.709604 0.349009 0.349011
0.709676 0.349019 0.349021
0.709749 0.34903 0.349032
0.709821 0.34904 0.349042
0.709893 0.34905 0.349052
0.709965 0.349061 0.349062
0.710037 0.349071 0.349073
0.71011 0.349081 0.349083
0.710182 0.349091 0.349093
0.710254 0.349102 0.349104
0.710326 0.349112 0.349114
0.710399 0.349122 0.349124
0.710471 0.349133 0.349134
0.710543 0.349143 0.349145
0.710615 0.349153 0.349155
0.710688 0.349163 0.349165
0.71076 0.349174 0.349176
0.710832 0.349184 0.349186
0.710904 0.349194 0.349196
0.710977 0.349204 0.349206
0.711049 0.349215 0.349217
0.711121 0.349225 0.349227
0.711193 0.349235 0.349237
0.711266 0.349245 0.349247
0.711338 0.349256 0.349258
0.71141 0.349266 0.349268
0.711483 0.349276 0.349278
0.711555 0.349286 0.349288
0.711627 0.349297 0.349299
0.7117 0.349307 0.349309
0.711772 0.349317 0.349319
0.711844 0.349327 0.349329
0.711917 0.349338 0.349339
0.711989 0.349348 0.34935
0.712061 0.349358 0.34936
0.712134 0.349368 0.34937
0.712206 0.349378 0.34938
0.712278 0.349389 0.349391
0.712351 0.349399 0.349401
0.712423 0.349409 0.349411
0.712495 0.349419 0.349421
0.712568 0.349429 0.349431
0.71264 0.34944 0.349442
0.712713 0.34945 0.349452
0.712785 0.34946 0.349462
0.712857 0.34947 0.349472
0.71293 0.34948 0.349482
0.713002 0.349491 0.349493
0.713075 0.349501 0.349503
0.713147 0.349511 0.349513
0.71322 0.349521 0.349523
0.713292 0.349531 0.349533
0.713364 0.349542 0.349543
0.713437 0.349552 0.349554
0.713509 0.349562 0.349564
0.713582 0.349572 0.349574
0.713654 0.349582 0.349584
0.713727 0.349592 0.349594
0.713799 0.349603 0.349604
0.713872 0.349613 0.349615
0.713944 0.349623 0.349625
0.714017 0.349633 0.349635
0.714089 0.349643 0.349645
0.714162 0.349653 0.349655
0.714234 0.349663 0.349665
0.714307 0.349674 0.349676
0.714379 0.349684 0.349686
0.714452 0.349694 0.349696
0.714524 0.349704 0.349706
0.714597 0.349714 0.349716
0.714669 0.349724 0.349726
0.714742 0.349734 0.349736
0.714814 0.349745 0.349746
0.714887 0.349755 0.349757
0.714959 0.349765 0.349767
0.715032 0.349775 0.349777
0.715104 0.349785 0.349787
0.715177 0.349795 0.349797
0.71525 0.349805 0.349807
0.715322 0.349815 0.349817
0.715395 0.349825 0.349827
0.715467 0.349835 0.349837
0.71554 0.349846 0.349848
0.715612 0.349856 0.349858
0.715685 0.349866 0.349868
0.715758 0.349876 0.349878
0.71583 0.349886 0.349888
0.715903 0.349896 0.349898
0.715976 0.349906 0.349908
0.716048 0.349916 0.349918
0.716121 0.349926 0.349928
0.716193 0.349936 0.349938
0.716266 0.349946 0.349948
0.716339 0.349956 0.349958
0.716411 0.349967 0.349969
0.716484 0.349977 0.349979
0.716557 0.349987 0.349989
0.716629 0.349997 0.349999
0.716702 0.350007 0.350009
0.716775 0.350017 0.350019
0.716847 0.350027 0.350029
0.71692 0.350037 0.350039
0.716993 0.350047 0.350049
0.717065 0.350057 0.350059
0.717138 0.350067 0.350069
0.717211 0.350077 0.350079
0.717284 0.350087 0.350089
0.717356 0.350097 0.350099
0.717429 0.350107 0.350109
0.717502 0.350117 0.350119
0.717574 0.350127 0.350129
0.717647 0.350137 0.350139
0.71772 0.350147 0.350149
0.717793 0.350157 0.350159
0.717865 0.350167 0.350169
0.717938 0.350177 0.350179
0.718011 0.350187 0.350189
0.718084 0.350197 0.350199
0.718157 0.350207 0.350209
0.718229 0.350217 0.350219
0.718302 0.350227 0.350229
0.718375 0.350237 0.350239
0.718448 0.350247 0.350249
0.71852 0.350257 0.350259
0.718593 0.350267 0.350269
0.718666 0.350277 0.350279
0.718739 0.350287 0.350289
0.718812 0.350297 0.350299
0.718885 0.350307 0.350309
0.718957 0.350317 0.350319
0.71903 0.350327 0.350329
0.719103 0.350337 0.350339
0.719176 0.350347 0.350349
0.719249 0.350357 0.350359
0.719322 0.350367 0.350369
0.719394 0.350377 0.350379
0.719467 0.350387 0.350389
0.71954 0.350397 0.350399
0.719613 0.350407 0.350409
0.719686 0.350417 0.350419
0.719759 0.350427 0.350429
0.719832 0.350437 0.350439
0.719905 0.350447 0.350449
0.719978 0.350457 0.350459
0.72005 0.350467 0.350468
0.720123 0.350476 0.350478
0.720196 0.350486 0.350488
0.720269 0.350496 0.350498
0.720342 0.350506 0.350508
0.720415 0.350516 0.350518
0.720488 0.350526 0.350528
0.720561 0.350536 0.350538
0.720634 0.350546 0.350548
0.720707 0.350556 0.350558
0.72078 0.350566 0.350568
0.720853 0.350576 0.350578
0.720926 0.350586 0.350588
0.720999 0.350595 0.350597
0.721072 0.350605 0.350607
0.721145 0.350615 0.350617
0.721218 0.350625 0.350627
0.721291 0.350635 0.350637
0.721364 0.350645 0.350647
0.721437 0.350655 0.350657
0.72151 0.350665 0.350667
0.721583 0.350675 0.350677
0.721656 0.350684 0.350686
0.721729 0.350694 0.350696
0.721802 0.350704 0.350706
0.721875 0.350714 0.350716
0.721948 0.350724 0.350726
0.722021 0.350734 0.350736
0.722094 0.350744 0.350746
0.722167 0.350754 0.350755
0.72224 0.350763 0.350765
0.722313 0.350773 0.350775
0.722386 0.350783 0.350785
0.722459 0.350793 0.350795
0.722532 0.350803 0.350805
0.722605 0.350813 0.350815
0.722678 0.350822 0.350824
0.722752 0.350832 0.350834
0.722825 0.350842 0.350844
0.722898 0.350852 0.350854
0.722971 0.350862 0.350864
0.723044 0.350872 0.350874
0.723117 0.350881 0.350883
0.72319 0.350891 0.350893
0.723263 0.350901 0.350903
0.723337 0.350911 0.350913
0.72341 0.350921 0.350923
0.723483 0.350931 0.350933
0.723556 0.35094 0.350942
0.723629 0.35095 0.350952
0.723702 0.35096 0.350962
0.723775 0.35097 0.350972
0.723849 0.35098 0.350982
0.723922 0.350989 0.350991
0.723995 0.350999 0.351001
0.724068 0.351009 0.351011
0.724141 0.351019 0.351021
0.724215 0.351029 0.351031
0.724288 0.351038 0.35104
0.724361 0.351048 0.35105
0.724434 0.351058 0.35106
0.724507 0.351068 0.35107
0.724581 0.351077 0.351079
0.724654 0.351087 0.351089
0.724727 0.351097 0.351099
0.7248 0.351107 0.351109
0.724874 0.351116 0.351118
0.724947 0.351126 0.351128
0.72502 0.351136 0.351138
0.725093 0.351146 0.351148
0.725167 0.351155 0.351158
0.72524 0.351165 0.351167
0.725313 0.351175 0.351177
0.725387 0.351185 0.351187
0.72546 0.351194 0.351196
0.725533 0.351204 0.351206
0.725606 0.351214 0.351216
0.72568 0.351224 0.351226
0.725753 0.351233 0.351235
0.725826 0.351243 0.351245
0.7259 0.351253 0.351255
0.725973 0.351263 0.351265
0.726046 0.351272 0.351274
0.72612 0.351282 0.351284
0.726193 0.351292 0.351294
0.726266 0.351301 0.351303
0.72634 0.351311 0.351313
0.726413 0.351321 0.351323
0.726486 0.351331 0.351333
0.72656 0.35134 0.351342
0.726633 0.35135 0.351352
0.726707 0.35136 0.351362
0.72678 0.351369 0.351371
0.726853 0.351379 0.351381
0.726927 0.351389 0.351391
0.727 0.351398 0.3514
0.727073 0.351408 0.35141
0.727147 0.351418 0.35142
0.72722 0.351427 0.35143
0.727294 0.351437 0.351439
0.727367 0.351447 0.351449
0.727441 0.351457 0.351459
0.727514 0.351466 0.351468
0.727587 0.351476 0.351478
0.727661 0.351486 0.351488
0.727734 0.351495 0.351497
0.727808 0.351505 0.351507
0.727881 0.351514 0.351517
0.727955 0.351524 0.351526
0.728028 0.351534 0.351536
0.728102 0.351543 0.351545
0.728175 0.351553 0.351555
0.728249 0.351563 0.351565
0.728322 0.351572 0.351574
0.728396 0.351582 0.351584
0.728469 0.351592 0.351594
0.728543 0.351601 0.351603
0.728616 0.351611 0.351613
0.72869 0.351621 0.351623
0.728763 0.35163 0.351632
0.728837 0.35164 0.351642
0.72891 0.351649 0.351651
0.728984 0.351659 0.351661
0.729057 0.351669 0.351671
0.729131 0.351678 0.35168
0.729204 0.351688 0.35169
0.729278 0.351697 0.351699
0.729352 0.351707 0.351709
0.729425 0.351717 0.351719
0.729499 0.351726 0.351728
0.729572 0.351736 0.351738
0.729646 0.351745 0.351747
0.729719 0.351755 0.351757
0.729793 0.351765 0.351767
0.729867 0.351774 0.351776
0.72994 0.351784 0.351786
0.730014 0.351793 0.351795
0.730088 0.351803 0.351805
0.730161 0.351812 0.351815
0.730235 0.351822 0.351824
0.730308 0.351832 0.351834
0.730382 0.351841 0.351843
0.730456 0.351851 0.351853
0.730529 0.35186 0.351862
0.730603 0.35187 0.351872
0.730677 0.351879 0.351881
0.73075 0.351889 0.351891
0.730824 0.351899 0.351901
0.730898 0.351908 0.35191
0.730971 0.351918 0.35192
0.731045 0.351927 0.351929
0.731119 0.351937 0.351939
0.731192 0.351946 0.351948
0.731266 0.351956 0.351958
0.73134 0.351965 0.351967
0.731414 0.351975 0.351977
0.731487 0.351984 0.351986
0.731561 0.351994 0.351996
0.731635 0.352003 0.352005
0.731708 0.352013 0.352015
0.731782 0.352022 0.352024
0.731856 0.352032 0.352034
0.73193 0.352041 0.352044
0.732003 0.352051 0.352053
0.732077 0.35206 0.352063
0.732151 0.35207 0.352072
0.732225 0.352079 0.352082
0.732299 0.352089 0.352091
0.732372 0.352098 0.352101
0.732446 0.352108 0.35211
0.73252 0.352117 0.35212
0.732594 0.352127 0.352129
0.732668 0.352136 0.352138
0.732741 0.352146 0.352148
0.732815 0.352155 0.352157
0.732889 0.352165 0.352167
0.732963 0.352174 0.352176
0.733037 0.352184 0.352186
0.73311 0.352193 0.352195
0.733184 0.352203 0.352205
0.733258 0.352212 0.352214
0.733332 0.352222 0.352224
0.733406 0.352231 0.352233
0.73348 0.352241 0.352243
0.733554 0.35225 0.352252
0.733627 0.352259 0.352262
0.733701 0.352269 0.352271
0.733775 0.352278 0.35228
0.733849 0.352288 0.35229
0.733923 0.352297 0.352299
0.733997 0.352307 0.352309
0.734071 0.352316 0.352318
0.734145 0.352326 0.352328
0.734219 0.352335 0.352337
0.734293 0.352344 0.352346
0.734366 0.352354 0.352356
0.73444 0.352363 0.352365
0.734514 0.352373 0.352375
0.734588 0.352382 0.352384
0.734662 0.352391 0.352394
0.734736 0.352401 0.352403
0.73481 0.35241 0.352412
0.734884 0.35242 0.352422
0.734958 0.352429 0.352431
0.735032 0.352438 0.352441
0.735106 0.352448 0.35245
0.73518 0.352457 0.352459
0.735254 0.352467 0.352469
0.735328 0.352476 0.352478
0.735402 0.352485 0.352488
0.735476 0.352495 0.352497
0.73555 0.352504 0.352506
0.735624 0.352514 0.352516
0.735698 0.352523 0.352525
0.735772 0.352532 0.352534
0.735846 0.352542 0.352544
0.73592 0.352551 0.352553
0.735994 0.35256 0.352563
0.736068 0.35257 0.352572
0.736142 0.352579 0.352581
0.736216 0.352589 0.352591
0.73629 0.352598 0.3526
0.736364 0.352607 0.352609
0.736439 0.352617 0.352619
0.736513 0.352626 0.352628
0.736587 0.352635 0.352637
0.736661 0.352645 0.352647
0.736735 0.352654 0.352656
0.736809 0.352663 0.352665
0.736883 0.352673 0.352675
0.736957 0.352682 0.352684
0.737031 0.352691 0.352693
0.737105 0.352701 0.352703
0.73718 0.35271 0.352712
0.737254 0.352719 0.352721
0.737328 0.352729 0.352731
0.737402 0.352738 0.35274
0.737476 0.352747 0.352749
0.73755 0.352757 0.352759
0.737624 0.352766 0.352768
0.737699 0.352775 0.352777
0.737773 0.352784 0.352787
0.737847 0.352794 0.352796
0.737921 0.352803 0.352805
0.737995 0.352812 0.352814
0.73807 0.352822 0.352824
0.738144 0.352831 0.352833
0.738218 0.35284 0.352842
0.738292 0.352849 0.352852
0.738366 0.352859 0.352861
0.738441 0.352868 0.35287
0.738515 0.352877 0.352879
0.738589 0.352887 0.352889
0.738663 0.352896 0.352898
0.738738 0.352905 0.352907
0.738812 0.352914 0.352916
0.738886 0.352924 0.352926
0.73896 0.352933 0.352935
0.739035 0.352942 0.352944
0.739109 0.352951 0.352954
0.739183 0.352961 0.352963
0.739257 0.35297 0.352972
0.739332 0.352979 0.352981
0.739406 0.352988 0.35299
0.73948 0.352998 0.353
0.739555 0.353007 0.353009
0.739629 0.353016 0.353018
0.739703 0.353025 0.353027
0.739777 0.353035 0.353037
0.739852 0.353044 0.353046
0.739926 0.353053 0.353055
0.74 0.353062 0.353064
0.740075 0.353071 0.353074
0.740149 0.353081 0.353083
0.740223 0.35309 0.353092
0.740298 0.353099 0.353101
0.740372 0.353108 0.35311
0.740447 0.353118 0.35312
0.740521 0.353127 0.353129
0.740595 0.353136 0.353138
0.74067 0.353145 0.353147
0.740744 0.353154 0.353156
0.740818 0.353164 0.353166
0.740893 0.353173 0.353175
0.740967 0.353182 0.353184
0.741042 0.353191 0.353193
0.741116 0.3532 0.353202
0.74119 0.353209 0.353212
0.741265 0.353219 0.353221
0.741339 0.353228 0.35323
0.741414 0.353237 0.353239
0.741488 0.353246 0.353248
0.741563 0.353255 0.353257
0.741637 0.353264 0.353267
0.741712 0.353274 0.353276
0.741786 0.353283 0.353285
0.741861 0.353292 0.353294
0.741935 0.353301 0.353303
0.742009 0.35331 0.353312
0.742084 0.353319 0.353322
0.742158 0.353329 0.353331
0.742233 0.353338 0.35334
0.742307 0.353347 0.353349
0.742382 0.353356 0.353358
0.742456 0.353365 0.353367
0.742531 0.353374 0.353376
0.742605 0.353383 0.353385
0.74268 0.353392 0.353395
0.742755 0.353402 0.353404
0.742829 0.353411 0.353413
0.742904 0.35342 0.353422
0.742978 0.353429 0.353431
0.743053 0.353438 0.35344
0.743127 0.353447 0.353449
0.743202 0.353456 0.353458
0.743276 0.353465 0.353468
0.743351 0.353474 0.353477
0.743426 0.353484 0.353486
0.7435 0.353493 0.353495
0.743575 0.353502 0.353504
0.743649 0.353511 0.353513
0.743724 0.35352 0.353522
0.743799 0.353529 0.353531
0.743873 0.353538 0.35354
0.743948 0.353547 0.353549
0.744022 0.353556 0.353558
0.744097 0.353565 0.353568
0.744172 0.353574 0.353577
0.744246 0.353584 0.353586
0.744321 0.353593 0.353595
0.744396 0.353602 0.353604
0.74447 0.353611 0.353613
0.744545 0.35362 0.353622
0.74462 0.353629 0.353631
0.744694 0.353638 0.35364
0.744769 0.353647 0.353649
0.744844 0.353656 0.353658
0.744918 0.353665 0.353667
0.744993 0.353674 0.353676
0.745068 0.353683 0.353685
0.745142 0.353692 0.353694
0.745217 0.353701 0.353703
0.745292 0.35371 0.353712
0.745367 0.353719 0.353721
0.745441 0.353728 0.35373
0.745516 0.353737 0.353739
0.745591 0.353746 0.353748
0.745666 0.353755 0.353757
0.74574 0.353764 0.353767
0.745815 0.353773 0.353776
0.74589 0.353782 0.353785
0.745965 0.353791 0.353794
0.746039 0.3538 0.353803
0.746114 0.353809 0.353812
0.746189 0.353818 0.353821
0.746264 0.353827 0.35383
0.746339 0.353836 0.353839
0.746413 0.353845 0.353848
0.746488 0.353854 0.353857
0.746563 0.353863 0.353866
0.746638 0.353872 0.353875
0.746713 0.353881 0.353884
0.746787 0.35389 0.353892
0.746862 0.353899 0.353901
0.746937 0.353908 0.35391
0.747012 0.353917 0.353919
0.747087 0.353926 0.353928
0.747162 0.353935 0.353937
0.747237 0.353944 0.353946
0.747311 0.353953 0.353955
0.747386 0.353962 0.353964
0.747461 0.353971 0.353973
0.747536 0.35398 0.353982
0.747611 0.353989 0.353991
0.747686 0.353998 0.354
0.747761 0.354007 0.354009
0.747836 0.354016 0.354018
0.747911 0.354025 0.354027
0.747985 0.354034 0.354036
0.74806 0.354043 0.354045
0.748135 0.354052 0.354054
0.74821 0.35406 0.354063
0.748285 0.354069 0.354072
0.74836 0.354078 0.35408
0.748435 0.354087 0.354089
0.74851 0.354096 0.354098
0.748585 0.354105 0.354107
0.74866 0.354114 0.354116
0.748735 0.354123 0.354125
0.74881 0.354132 0.354134
0.748885 0.354141 0.354143
0.74896 0.35415 0.354152
0.749035 0.354158 0.354161
0.74911 0.354167 0.35417
0.749185 0.354176 0.354178
0.74926 0.354185 0.354187
0.749335 0.354194 0.354196
0.74941 0.354203 0.354205
0.749485 0.354212 0.354214
0.74956 0.354221 0.354223
0.749635 0.35423 0.354232
0.74971 0.354238 0.354241
0.749785 0.354247 0.35425
0.74986 0.354256 0.354258
0.749935 0.354265 0.354267
0.75001 0.354274 0.354276
0.750085 0.354283 0.354285
0.75016 0.354292 0.354294
0.750236 0.354301 0.354303
0.750311 0.354309 0.354312
0.750386 0.354318 0.35432
0.750461 0.354327 0.354329
0.750536 0.354336 0.354338
0.750611 0.354345 0.354347
0.750686 0.354354 0.354356
0.750761 0.354362 0.354365
0.750836 0.354371 0.354373
0.750911 0.35438 0.354382
0.750987 0.354389 0.354391
0.751062 0.354398 0.3544
0.751137 0.354407 0.354409
0.751212 0.354415 0.354418
0.751287 0.354424 0.354426
0.751362 0.354433 0.354435
0.751438 0.354442 0.354444
0.751513 0.354451 0.354453
0.751588 0.354459 0.354462
0.751663 0.354468 0.35447
0.751738 0.354477 0.354479
0.751814 0.354486 0.354488
0.751889 0.354495 0.354497
0.751964 0.354503 0.354506
0.752039 0.354512 0.354514
0.752114 0.354521 0.354523
0.75219 0.35453 0.354532
0.752265 0.354539 0.354541
0.75234 0.354547 0.35455
0.752415 0.354556 0.354558
0.752491 0.354565 0.354567
0.752566 0.354574 0.354576
0.752641 0.354583 0.354585
0.752716 0.354591 0.354594
0.752792 0.3546 0.354602
0.752867 0.354609 0.354611
0.752942 0.354618 0.35462
0.753017 0.354626 0.354629
0.753093 0.354635 0.354637
0.753168 0.354644 0.354646
0.753243 0.354653 0.354655
0.753319 0.354661 0.354664
0.753394 0.35467 0.354672
0.753469 0.354679 0.354681
0.753545 0.354688 0.35469
0.75362 0.354696 0.354699
0.753695 0.354705 0.354707
0.753771 0.354714 0.354716
0.753846 0.354723 0.354725
0.753921 0.354731 0.354733
0.753997 0.35474 0.354742
0.754072 0.354749 0.354751
0.754147 0.354757 0.35476
0.754223 0.354766 0.354768
0.754298 0.354775 0.354777
0.754374 0.354784 0.354786
0.754449 0.354792 0.354794
0.754524 0.354801 0.354803
0.7546 0.35481 0.354812
0.754675 0.354818 0.354821
0.754751 0.354827 0.354829
0.754826 0.354836 0.354838
0.754901 0.354844 0.354847
0.754977 0.354853 0.354855
0.755052 0.354862 0.354864
0.755128 0.35487 0.354873
0.755203 0.354879 0.354881
0.755279 0.354888 0.35489
0.755354 0.354897 0.354899
0.75543 0.354905 0.354907
0.755505 0.354914 0.354916
0.755581 0.354923 0.354925
0.755656 0.354931 0.354933
0.755732 0.35494 0.354942
0.755807 0.354949 0.354951
0.755883 0.354957 0.354959
0.755958 0.354966 0.354968
0.756034 0.354974 0.354977
0.756109 0.354983 0.354985
0.756185 0.354992 0.354994
0.75626 0.355 0.355003
0.756336 0.355009 0.355011
0.756411 0.355018 0.35502
0.756487 0.355026 0.355029
0.756562 0.355035 0.355037
0.756638 0.355044 0.355046
0.756713 0.355052 0.355054
0.756789 0.355061 0.355063
0.756865 0.355069 0.355072
0.75694 0.355078 0.35508
0.757016 0.355087 0.355089
0.757091 0.355095 0.355098
0.757167 0.355104 0.355106
0.757242 0.355113 0.355115
0.757318 0.355121 0.355123
0.757394 0.35513 0.355132
0.757469 0.355138 0.355141
0.757545 0.355147 0.355149
0.757621 0.355156 0.355158
0.757696 0.355164 0.355166
0.757772 0.355173 0.355175
0.757847 0.355181 0.355184
0.757923 0.35519 0.355192
0.757999 0.355198 0.355201
0.758074 0.355207 0.355209
0.75815 0.355216 0.355218
0.758226 0.355224 0.355226
0.758301 0.355233 0.355235
0.758377 0.355241 0.355244
0.758453 0.35525 0.355252
0.758529 0.355258 0.355261
0.758604 0.355267 0.355269
0.75868 0.355276 0.355278
0.758756 0.355284 0.355286
0.758831 0.355293 0.355295
0.758907 0.355301 0.355303
0.758983 0.35531 0.355312
0.759059 0.355318 0.355321
0.759134 0.355327 0.355329
0.75921 0.355335 0.355338
0.759286 0.355344 0.355346
0.759362 0.355352 0.355355
0.759437 0.355361 0.355363
0.759513 0.35537 0.355372
0.759589 0.355378 0.35538
0.759665 0.355387 0.355389
0.75974 0.355395 0.355397
0.759816 0.355404 0.355406
0.759892 0.355412 0.355414
0.759968 0.355421 0.355423
0.760044 0.355429 0.355431
0.76012 0.355438 0.35544
0.760195 0.355446 0.355448
0.760271 0.355455 0.355457
0.760347 0.355463 0.355465
0.760423 0.355472 0.355474
0.760499 0.35548 0.355482
0.760575 0.355489 0.355491
0.76065 0.355497 0.355499
0.760726 0.355506 0.355508
0.760802 0.355514 0.355516
0.760878 0.355523 0.355525
0.760954 0.355531 0.355533
0.76103 0.355539 0.355542
0.761106 0.355548 0.35555
0.761182 0.355556 0.355559
0.761257 0.355565 0.355567
0.761333 0.355573 0.355576
0.761409 0.355582 0.355584
0.761485 0.35559 0.355593
0.761561 0.355599 0.355601
0.761637 0.355607 0.355609
0.761713 0.355616 0.355618
0.761789 0.355624 0.355626
0.761865 0.355633 0.355635
0.761941 0.355641 0.355643
0.762017 0.355649 0.355652
0.762093 0.355658 0.35566
0.762169 0.355666 0.355669
0.762245 0.355675 0.355677
0.762321 0.355683 0.355685
0.762397 0.355692 0.355694
0.762473 0.3557 0.355702
0.762549 0.355708 0.355711
0.762625 0.355717 0.355719
0.762701 0.355725 0.355727
0.762777 0.355734 0.355736
0.762853 0.355742 0.355744
0.762929 0.35575 0.355753
0.763005 0.355759 0.355761
0.763081 0.355767 0.35577
0.763157 0.355776 0.355778
0.763233 0.355784 0.355786
0.763309 0.355792 0.355795
0.763385 0.355801 0.355803
0.763461 0.355809 0.355811
0.763537 0.355818 0.35582
0.763613 0.355826 0.355828
0.763689 0.355834 0.355837
0.763765 0.355843 0.355845
0.763842 0.355851 0.355853
0.763918 0.355859 0.355862
0.763994 0.355868 0.35587
0.76407 0.355876 0.355878
0.764146 0.355885 0.355887
0.764222 0.355893 0.355895
0.764298 0.355901 0.355904
0.764374 0.35591 0.355912
0.76445 0.355918 0.35592
0.764527 0.355926 0.355929
0.764603 0.355935 0.355937
0.764679 0.355943 0.355945
0.764755 0.355951 0.355954
0.764831 0.35596 0.355962
0.764907 0.355968 0.35597
0.764984 0.355976 0.355979
0.76506 0.355985 0.355987
0.765136 0.355993 0.355995
0.765212 0.356001 0.356004
0.765288 0.35601 0.356012
0.765365 0.356018 0.35602
0.765441 0.356026 0.356029
0.765517 0.356035 0.356037
0.765593 0.356043 0.356045
0.76567 0.356051 0.356054
0.765746 0.35606 0.356062
0.765822 0.356068 0.35607
0.765898 0.356076 0.356078
0.765975 0.356084 0.356087
0.766051 0.356093 0.356095
0.766127 0.356101 0.356103
0.766203 0.356109 0.356112
0.76628 0.356118 0.35612
0.766356 0.356126 0.356128
0.766432 0.356134 0.356136
0.766508 0.356142 0.356145
0.766585 0.356151 0.356153
0.766661 0.356159 0.356161
0.766737 0.356167 0.35617
0.766814 0.356176 0.356178
0.76689 0.356184 0.356186
0.766966 0.356192 0.356194
0.767043 0.3562 0.356203
0.767119 0.356209 0.356211
0.767195 0.356217 0.356219
0.767272 0.356225 0.356227
0.767348 0.356233 0.356236
0.767424 0.356242 0.356244
0.767501 0.35625 0.356252
0.767577 0.356258 0.35626
0.767654 0.356266 0.356269
0.76773 0.356275 0.356277
0.767806 0.356283 0.356285
0.767883 0.356291 0.356293
0.767959 0.356299 0.356302
0.768036 0.356307 0.35631
0.768112 0.356316 0.356318
0.768188 0.356324 0.356326
0.768265 0.356332 0.356334
0.768341 0.35634 0.356343
0.768418 0.356349 0.356351
0.768494 0.356357 0.356359
0.768571 0.356365 0.356367
0.768647 0.356373 0.356375
0.768724 0.356381 0.356384
0.7688 0.35639 0.356392
0.768877 0.356398 0.3564
0.768953 0.356406 0.356408
0.76903 0.356414 0.356416
0.769106 0.356422 0.356425
0.769183 0.35643 0.356433
0.769259 0.356439 0.356441
0.769336 0.356447 0.356449
0.769412 0.356455 0.356457
0.769489 0.356463 0.356466
0.769565 0.356471 0.356474
0.769642 0.35648 0.356482
0.769718 0.356488 0.35649
0.769795 0.356496 0.356498
0.769871 0.356504 0.356506
0.769948 0.356512 0.356515
0.770024 0.35652 0.356523
0.770101 0.356528 0.356531
0.770178 0.356537 0.356539
0.770254 0.356545 0.356547
0.770331 0.356553 0.356555
0.770407 0.356561 0.356563
0.770484 0.356569 0.356572
0.77056 0.356577 0.35658
0.770637 0.356585 0.356588
0.770714 0.356594 0.356596
0.77079 0.356602 0.356604
0.770867 0.35661 0.356612
0.770944 0.356618 0.35662
0.77102 0.356626 0.356628
0.771097 0.356634 0.356637
0.771174 0.356642 0.356645
0.77125 0.35665 0.356653
0.771327 0.356659 0.356661
0.771404 0.356667 0.356669
0.77148 0.356675 0.356677
0.771557 0.356683 0.356685
0.771634 0.356691 0.356693
0.77171 0.356699 0.356701
0.771787 0.356707 0.356709
0.771864 0.356715 0.356718
0.77194 0.356723 0.356726
0.772017 0.356731 0.356734
0.772094 0.356739 0.356742
0.772171 0.356748 0.35675
0.772247 0.356756 0.356758
0.772324 0.356764 0.356766
0.772401 0.356772 0.356774
0.772477 0.35678 0.356782
0.772554 0.356788 0.35679
0.772631 0.356796 0.356798
0.772708 0.356804 0.356806
0.772785 0.356812 0.356814
0.772861 0.35682 0.356822
0.772938 0.356828 0.35683
0.773015 0.356836 0.356839
0.773092 0.356844 0.356847
0.773169 0.356852 0.356855
0.773245 0.35686 0.356863
0.773322 0.356868 0.356871
0.773399 0.356876 0.356879
0.773476 0.356884 0.356887
0.773553 0.356892 0.356895
0.773629 0.3569 0.356903
0.773706 0.356908 0.356911
0.773783 0.356917 0.356919
0.77386 0.356925 0.356927
0.773937 0.356933 0.356935
0.774014 0.356941 0.356943
0.774091 0.356949 0.356951
0.774167 0.356957 0.356959
0.774244 0.356965 0.356967
0.774321 0.356973 0.356975
0.774398 0.356981 0.356983
0.774475 0.356989 0.356991
0.774552 0.356997 0.356999
0.774629 0.357005 0.357007
0.774706 0.357013 0.357015
0.774783 0.357021 0.357023
0.77486 0.357028 0.357031
0.774937 0.357036 0.357039
0.775014 0.357044 0.357047
0.77509 0.357052 0.357055
0.775167 0.35706 0.357063
0.775244 0.357068 0.357071
0.775321 0.357076 0.357079
0.775398 0.357084 0.357087
0.775475 0.357092 0.357095
0.775552 0.3571 0.357103
0.775629 0.357108 0.357111
0.775706 0.357116 0.357119
0.775783 0.357124 0.357126
0.77586 0.357132 0.357134
0.775937 0.35714 0.357142
0.776014 0.357148 0.35715
0.776091 0.357156 0.357158
0.776168 0.357164 0.357166
0.776245 0.357172 0.357174
0.776322 0.35718 0.357182
0.7764 0.357188 0.35719
0.776477 0.357195 0.357198
0.776554 0.357203 0.357206
0.776631 0.357211 0.357214
0.776708 0.357219 0.357222
0.776785 0.357227 0.35723
0.776862 0.357235 0.357237
0.776939 0.357243 0.357245
0.777016 0.357251 0.357253
0.777093 0.357259 0.357261
0.77717 0.357267 0.357269
0.777247 0.357275 0.357277
0.777325 0.357282 0.357285
0.777402 0.35729 0.357293
0.777479 0.357298 0.357301
0.777556 0.357306 0.357309
0.777633 0.357314 0.357316
0.77771 0.357322 0.357324
0.777787 0.35733 0.357332
0.777865 0.357338 0.35734
0.777942 0.357346 0.357348
0.778019 0.357353 0.357356
0.778096 0.357361 0.357364
0.778173 0.357369 0.357372
0.778251 0.357377 0.357379
0.778328 0.357385 0.357387
0.778405 0.357393 0.357395
0.778482 0.357401 0.357403
0.778559 0.357408 0.357411
0.778637 0.357416 0.357419
0.778714 0.357424 0.357427
0.778791 0.357432 0.357434
0.778868 0.35744 0.357442
0.778946 0.357448 0.35745
0.779023 0.357455 0.357458
0.7791 0.357463 0.357466
0.779177 0.357471 0.357474
0.779255 0.357479 0.357481
0.779332 0.357487 0.357489
0.779409 0.357495 0.357497
0.779486 0.357502 0.357505
0.779564 0.35751 0.357513
0.779641 0.357518 0.35752
0.779718 0.357526 0.357528
0.779796 0.357534 0.357536
0.779873 0.357541 0.357544
0.77995 0.357549 0.357552
0.780028 0.357557 0.357559
0.780105 0.357565 0.357567
0.780182 0.357573 0.357575
0.78026 0.35758 0.357583
0.780337 0.357588 0.357591
0.780414 0.357596 0.357598
0.780492 0.357604 0.357606
0.780569 0.357612 0.357614
0.780646 0.357619 0.357622
0.780724 0.357627 0.35763
0.780801 0.357635 0.357637
0.780879 0.357643 0.357645
0.780956 0.35765 0.357653
0.781033 0.357658 0.357661
0.781111 0.357666 0.357668
0.781188 0.357674 0.357676
0.781266 0.357681 0.357684
0.781343 0.357689 0.357692
0.781421 0.357697 0.357699
0.781498 0.357705 0.357707
0.781575 0.357712 0.357715
0.781653 0.35772 0.357723
0.78173 0.357728 0.35773
0.781808 0.357736 0.357738
0.781885 0.357743 0.357746
0.781963 0.357751 0.357754
0.78204 0.357759 0.357761
0.782118 0.357767 0.357769
0.782195 0.357774 0.357777
0.782273 0.357782 0.357784
0.78235 0.35779 0.357792
0.782428 0.357797 0.3578
0.782505 0.357805 0.357808
0.782583 0.357813 0.357815
0.78266 0.357821 0.357823
0.782738 0.357828 0.357831
0.782815 0.357836 0.357838
0.782893 0.357844 0.357846
0.782971 0.357851 0.357854
0.783048 0.357859 0.357861
0.783126 0.357867 0.357869
0.783203 0.357874 0.357877
0.783281 0.357882 0.357885
0.783358 0.35789 0.357892
0.783436 0.357897 0.3579
0.783514 0.357905 0.357908
0.783591 0.357913 0.357915
0.783669 0.35792 0.357923
0.783746 0.357928 0.357931
0.783824 0.357936 0.357938
0.783902 0.357943 0.357946
0.783979 0.357951 0.357954
0.784057 0.357959 0.357961
0.784135 0.357966 0.357969
0.784212 0.357974 0.357977
0.78429 0.357982 0.357984
0.784368 0.357989 0.357992
0.784445 0.357997 0.357999
0.784523 0.358005 0.358007
0.784601 0.358012 0.358015
0.784678 0.35802 0.358022
0.784756 0.358028 0.35803
0.784834 0.358035 0.358038
0.784911 0.358043 0.358045
0.784989 0.35805 0.358053
0.785067 0.358058 0.358061
0.785145 0.358066 0.358068
0.785222 0.358073 0.358076
0.7853 0.358081 0.358083
0.785378 0.358089 0.358091
0.785455 0.358096 0.358099
0.785533 0.358104 0.358106
0.785611 0.358111 0.358114
0.785689 0.358119 0.358121
0.785767 0.358127 0.358129
0.785844 0.358134 0.358137
0.785922 0.358142 0.358144
0.786 0.358149 0.358152
0.786078 0.358157 0.358159
0.786156 0.358164 0.358167
0.786233 0.358172 0.358174
0.786311 0.35818 0.358182
0.786389 0.358187 0.35819
0.786467 0.358195 0.358197
0.786545 0.358202 0.358205
0.786622 0.35821 0.358212
0.7867 0.358217 0.35822
0.786778 0.358225 0.358227
0.786856 0.358233 0.358235
0.786934 0.35824 0.358243
0.787012 0.358248 0.35825
0.78709 0.358255 0.358258
0.787168 0.358263 0.358265
0.787245 0.35827 0.358273
0.787323 0.358278 0.35828
0.787401 0.358285 0.358288
0.787479 0.358293 0.358295
0.787557 0.3583 0.358303
0.787635 0.358308 0.35831
0.787713 0.358315 0.358318
0.787791 0.358323 0.358325
0.787869 0.358331 0.358333
0.787947 0.358338 0.358341
0.788025 0.358346 0.358348
0.788103 0.358353 0.358356
0.788181 0.358361 0.358363
0.788259 0.358368 0.358371
0.788336 0.358376 0.358378
0.788414 0.358383 0.358386
0.788492 0.358391 0.358393
0.78857 0.358398 0.358401
0.788648 0.358406 0.358408
0.788726 0.358413 0.358416
0.788804 0.358421 0.358423
0.788882 0.358428 0.358431
0.78896 0.358436 0.358438
0.789039 0.358443 0.358445
0.789117 0.35845 0.358453
0.789195 0.358458 0.35846
0.789273 0.358465 0.358468
0.789351 0.358473 0.358475
0.789429 0.35848 0.358483
0.789507 0.358488 0.35849
0.789585 0.358495 0.358498
0.789663 0.358503 0.358505
0.789741 0.35851 0.358513
0.789819 0.358518 0.35852
0.789897 0.358525 0.358528
0.789975 0.358533 0.358535
0.790053 0.35854 0.358542
0.790132 0.358547 0.35855
0.79021 0.358555 0.358557
0.790288 0.358562 0.358565
0.790366 0.35857 0.358572
0.790444 0.358577 0.35858
0.790522 0.358585 0.358587
0.7906 0.358592 0.358595
0.790679 0.358599 0.358602
0.790757 0.358607 0.358609
0.790835 0.358614 0.358617
0.790913 0.358622 0.358624
0.790991 0.358629 0.358632
0.791069 0.358636 0.358639
0.791148 0.358644 0.358646
0.791226 0.358651 0.358654
0.791304 0.358659 0.358661
0.791382 0.358666 0.358669
0.79146 0.358673 0.358676
0.791539 0.358681 0.358683
0.791617 0.358688 0.358691
0.791695 0.358696 0.358698
0.791773 0.358703 0.358706
0.791852 0.35871 0.358713
0.79193 0.358718 0.35872
0.792008 0.358725 0.358728
0.792086 0.358733 0.358735
0.792165 0.35874 0.358742
0.792243 0.358747 0.35875
0.792321 0.358755 0.358757
0.7924 0.358762 0.358765
0.792478 0.358769 0.358772
0.792556 0.358777 0.358779
0.792634 0.358784 0.358787
0.792713 0.358791 0.358794
0.792791 0.358799 0.358801
0.792869 0.358806 0.358809
0.792948 0.358813 0.358816
0.793026 0.358821 0.358823
0.793104 0.358828 0.358831
0.793183 0.358835 0.358838
0.793261 0.358843 0.358845
0.793339 0.35885 0.358853
0.793418 0.358857 0.35886
0.793496 0.358865 0.358867
0.793575 0.358872 0.358875
0.793653 0.358879 0.358882
0.793731 0.358887 0.358889
0.79381 0.358894 0.358897
0.793888 0.358901 0.358904
0.793967 0.358909 0.358911
0.794045 0.358916 0.358918
0.794123 0.358923 0.358926
0.794202 0.35893 0.358933
0.79428 0.358938 0.35894
0.794359 0.358945 0.358948
0.794437 0.358952 0.358955
0.794516 0.35896 0.358962
0.794594 0.358967 0.358969
0.794673 0.358974 0.358977
0.794751 0.358981 0.358984
0.79483 0.358989 0.358991
0.794908 0.358996 0.358999
0.794987 0.359003 0.359006
0.795065 0.359011 0.359013
0.795144 0.359018 0.35902
0.795222 0.359025 0.359028
0.795301 0.359032 0.359035
0.795379 0.35904 0.359042
0.795458 0.359047 0.359049
0.795536 0.359054 0.359057
0.795615 0.359061 0.359064
0.795693 0.359069 0.359071
0.795772 0.359076 0.359078
0.79585 0.359083 0.359086
0.795929 0.35909 0.359093
0.796008 0.359098 0.3591
0.796086 0.359105 0.359107
0.796165 0.359112 0.359115
0.796243 0.359119 0.359122
0.796322 0.359126 0.359129
0.796401 0.359134 0.359136
0.796479 0.359141 0.359143
0.796558 0.359148 0.359151
0.796636 0.359155 0.359158
0.796715 0.359162 0.359165
0.796794 0.35917 0.359172
0.796872 0.359177 0.359179
0.796951 0.359184 0.359187
0.79703 0.359191 0.359194
0.797108 0.359198 0.359201
0.797187 0.359206 0.359208
0.797266 0.359213 0.359215
0.797344 0.35922 0.359223
0.797423 0.359227 0.35923
0.797502 0.359234 0.359237
0.79758 0.359242 0.359244
0.797659 0.359249 0.359251
0.797738 0.359256 0.359258
0.797817 0.359263 0.359266
0.797895 0.35927 0.359273
0.797974 0.359277 0.35928
0.798053 0.359285 0.359287
0.798131 0.359292 0.359294
0.79821 0.359299 0.359301
0.798289 0.359306 0.359309
0.798368 0.359313 0.359316
0.798447 0.35932 0.359323
0.798525 0.359327 0.35933
0.798604 0.359335 0.359337
0.798683 0.359342 0.359344
0.798762 0.359349 0.359351
0.79884 0.359356 0.359359
0.798919 0.359363 0.359366
0.798998 0.35937 0.359373
0.799077 0.359377 0.35938
0.799156 0.359385 0.359387
0.799235 0.359392 0.359394
0.799313 0.359399 0.359401
0.799392 0.359406 0.359408
0.799471 0.359413 0.359416
0.79955 0.35942 0.359423
0.799629 0.359427 0.35943
0.799708 0.359434 0.359437
0.799787 0.359441 0.359444
0.799865 0.359448 0.359451
0.799944 0.359456 0.359458
0.800023 0.359463 0.359465
0.800102 0.35947 0.359472
0.800181 0.359477 0.359479
0.80026 0.359484 0.359487
0.800339 0.359491 0.359494
0.800418 0.359498 0.359501
0.800497 0.359505 0.359508
0.800576 0.359512 0.359515
0.800655 0.359519 0.359522
0.800734 0.359526 0.359529
0.800812 0.359533 0.359536
0.800891 0.35954 0.359543
0.80097 0.359548 0.35955
0.801049 0.359555 0.359557
0.801128 0.359562 0.359564
0.801207 0.359569 0.359571
0.801286 0.359576 0.359578
0.801365 0.359583 0.359585
0.801444 0.35959 0.359592
0.801523 0.359597 0.359599
0.801602 0.359604 0.359606
0.801681 0.359611 0.359614
0.80176 0.359618 0.359621
0.801839 0.359625 0.359628
0.801919 0.359632 0.359635
0.801998 0.359639 0.359642
0.802077 0.359646 0.359649
0.802156 0.359653 0.359656
0.802235 0.35966 0.359663
0.802314 0.359667 0.35967
0.802393 0.359674 0.359677
0.802472 0.359681 0.359684
0.802551 0.359688 0.359691
0.80263 0.359695 0.359698
0.802709 0.359702 0.359705
0.802788 0.359709 0.359712
0.802868 0.359716 0.359719
0.802947 0.359723 0.359726
0.803026 0.35973 0.359733
0.803105 0.359737 0.35974
0.803184 0.359744 0.359747
0.803263 0.359751 0.359754
0.803342 0.359758 0.359761
0.803422 0.359765 0.359768
0.803501 0.359772 0.359774
0.80358 0.359779 0.359781
0.803659 0.359786 0.359788
0.803738 0.359793 0.359795
0.803817 0.3598 0.359802
0.803897 0.359807 0.359809
0.803976 0.359814 0.359816
0.804055 0.359821 0.359823
0.804134 0.359827 0.35983
0.804214 0.359834 0.359837
0.804293 0.359841 0.359844
0.804372 0.359848 0.359851
0.804451 0.359855 0.359858
0.804531 0.359862 0.359865
0.80461 0.359869 0.359872
0.804689 0.359876 0.359879
0.804768 0.359883 0.359886
0.804848 0.35989 0.359892
0.804927 0.359897 0.359899
0.805006 0.359904 0.359906
0.805085 0.359911 0.359913
0.805165 0.359918 0.35992
0.805244 0.359924 0.359927
0.805323 0.359931 0.359934
0.805403 0.359938 0.359941
0.805482 0.359945 0.359948
0.805561 0.359952 0.359955
0.805641 0.359959 0.359962
0.80572 0.359966 0.359968
0.805799 0.359973 0.359975
0.805879 0.35998 0.359982
0.805958 0.359986 0.359989
0.806038 0.359993 0.359996
0.806117 0.36 0.360003
0.806196 0.360007 0.36001
0.806276 0.360014 0.360017
0.806355 0.360021 0.360023
0.806434 0.360028 0.36003
0.806514 0.360035 0.360037
0.806593 0.360041 0.360044
0.806673 0.360048 0.360051
0.806752 0.360055 0.360058
0.806832 0.360062 0.360065
0.806911 0.360069 0.360071
0.80699 0.360076 0.360078
0.80707 0.360082 0.360085
0.807149 0.360089 0.360092
0.807229 0.360096 0.360099
0.807308 0.360103 0.360106
0.807388 0.36011 0.360112
0.807467 0.360117 0.360119
0.807547 0.360123 0.360126
0.807626 0.36013 0.360133
0.807706 0.360137 0.36014
0.807785 0.360144 0.360147
0.807865 0.360151 0.360153
0.807944 0.360158 0.36016
0.808024 0.360164 0.360167
0.808103 0.360171 0.360174
0.808183 0.360178 0.360181
0.808263 0.360185 0.360187
0.808342 0.360192 0.360194
0.808422 0.360198 0.360201
0.808501 0.360205 0.360208
0.808581 0.360212 0.360215
0.80866 0.360219 0.360221
0.80874 0.360225 0.360228
0.80882 0.360232 0.360235
0.808899 0.360239 0.360242
0.808979 0.360246 0.360248
0.809058 0.360253 0.360255
0.809138 0.360259 0.360262
0.809218 0.360266 0.360269
0.809297 0.360273 0.360276
0.809377 0.36028 0.360282
0.809457 0.360286 0.360289
0.809536 0.360293 0.360296
0.809616 0.3603 0.360303
0.809696 0.360307 0.360309
0.809775 0.360313 0.360316
0.809855 0.36032 0.360323
0.809935 0.360327 0.36033
0.810014 0.360334 0.360336
0.810094 0.36034 0.360343
0.810174 0.360347 0.36035
0.810253 0.360354 0.360356
0.810333 0.36036 0.360363
0.810413 0.360367 0.36037
0.810493 0.360374 0.360377
0.810572 0.360381 0.360383
0.810652 0.360387 0.36039
0.810732 0.360394 0.360397
0.810812 0.360401 0.360403
0.810891 0.360407 0.36041
0.810971 0.360414 0.360417
0.811051 0.360421 0.360424
0.811131 0.360428 0.36043
0.81121 0.360434 0.360437
0.81129 0.360441 0.360444
0.81137 0.360448 0.36045
0.81145 0.360454 0.360457
0.81153 0.360461 0.360464
0.811609 0.360468 0.36047
0.811689 0.360474 0.360477
0.811769 0.360481 0.360484
0.811849 0.360488 0.36049
0.811929 0.360494 0.360497
0.812009 0.360501 0.360504
0.812089 0.360508 0.36051
0.812168 0.360514 0.360517
0.812248 0.360521 0.360524
0.812328 0.360528 0.36053
0.812408 0.360534 0.360537
0.812488 0.360541 0.360544
0.812568 0.360548 0.36055
0.812648 0.360554 0.360557
0.812728 0.360561 0.360564
0.812808 0.360568 0.36057
0.812887 0.360574 0.360577
0.812967 0.360581 0.360584
0.813047 0.360587 0.36059
0.813127 0.360594 0.360597
0.813207 0.360601 0.360603
0.813287 0.360607 0.36061
0.813367 0.360614 0.360617
0.813447 0.360621 0.360623
0.813527 0.360627 0.36063
0.813607 0.360634 0.360636
0.813687 0.36064 0.360643
0.813767 0.360647 0.36065
0.813847 0.360654 0.360656
0.813927 0.36066 0.360663
0.814007 0.360667 0.360669
0.814087 0.360673 0.360676
0.814167 0.36068 0.360683
0.814247 0.360687 0.360689
0.814327 0.360693 0.360696
0.814407 0.3607 0.360702
0.814487 0.360706 0.360709
0.814567 0.360713 0.360716
0.814647 0.360719 0.360722
0.814728 0.360726 0.360729
0.814808 0.360733 0.360735
0.814888 0.360739 0.360742
0.814968 0.360746 0.360748
0.815048 0.360752 0.360755
0.815128 0.360759 0.360762
0.815208 0.360765 0.360768
0.815288 0.360772 0.360775
0.815368 0.360778 0.360781
0.815448 0.360785 0.360788
0.815529 0.360792 0.360794
0.815609 0.360798 0.360801
0.815689 0.360805 0.360807
0.815769 0.360811 0.360814
0.815849 0.360818 0.36082
0.815929 0.360824 0.360827
0.81601 0.360831 0.360833
0.81609 0.360837 0.36084
0.81617 0.360844 0.360846
0.81625 0.36085 0.360853
0.81633 0.360857 0.36086
0.816411 0.360863 0.360866
0.816491 0.36087 0.360873
0.816571 0.360876 0.360879
0.816651 0.360883 0.360886
0.816731 0.360889 0.360892
0.816812 0.360896 0.360899
0.816892 0.360902 0.360905
0.816972 0.360909 0.360912
0.817052 0.360915 0.360918
0.817133 0.360922 0.360925
0.817213 0.360928 0.360931
0.817293 0.360935 0.360937
0.817374 0.360941 0.360944
0.817454 0.360948 0.36095
0.817534 0.360954 0.360957
0.817614 0.360961 0.360963
0.817695 0.360967 0.36097
0.817775 0.360974 0.360976
0.817855 0.36098 0.360983
0.817936 0.360986 0.360989
0.818016 0.360993 0.360996
0.818096 0.360999 0.361002
0.818177 0.361006 0.361009
0.818257 0.361012 0.361015
0.818338 0.361019 0.361021
0.818418 0.361025 0.361028
0.818498 0.361032 0.361034
0.818579 0.361038 0.361041
0.818659 0.361044 0.361047
0.818739 0.361051 0.361054
0.81882 0.361057 0.36106
0.8189 0.361064 0.361066
0.818981 0.36107 0.361073
0.819061 0.361077 0.361079
0.819142 0.361083 0.361086
0.819222 0.361089 0.361092
0.819302 0.361096 0.361099
0.819383 0.361102 0.361105
0.819463 0.361109 0.361111
0.819544 0.361115 0.361118
0.819624 0.361121 0.361124
0.819705 0.361128 0.361131
0.819785 0.361134 0.361137
0.819866 0.361141 0.361143
0.819946 0.361147 0.36115
0.820027 0.361153 0.361156
0.820107 0.36116 0.361162
0.820188 0.361166 0.361169
0.820268 0.361172 0.361175
0.820349 0.361179 0.361182
0.820429 0.361185 0.361188
0.82051 0.361192 0.361194
0.82059 0.361198 0.361201
0.820671 0.361204 0.361207
0.820752 0.361211 0.361213
0.820832 0.361217 0.36122
0.820913 0.361223 0.361226
0.820993 0.36123 0.361232
0.821074 0.361236 0.361239
0.821154 0.361242 0.361245
0.821235 0.361249 0.361251
0.821316 0.361255 0.361258
0.821396 0.361261 0.361264
0.821477 0.361268 0.36127
0.821558 0.361274 0.361277
0.821638 0.36128 0.361283
0.821719 0.361287 0.361289
0.821799 0.361293 0.361296
0.82188 0.361299 0.361302
0.821961 0.361306 0.361308
0.822041 0.361312 0.361315
0.822122 0.361318 0.361321
0.822203 0.361325 0.361327
0.822283 0.361331 0.361334
0.822364 0.361337 0.36134
0.822445 0.361343 0.361346
0.822526 0.36135 0.361353
0.822606 0.361356 0.361359
0.822687 0.361362 0.361365
0.822768 0.361369 0.361371
0.822849 0.361375 0.361378
0.822929 0.361381 0.361384
0.82301 0.361387 0.36139
0.823091 0.361394 0.361397
0.823172 0.3614 0.361403
0.823252 0.361406 0.361409
0.823333 0.361413 0.361415
0.823414 0.361419 0.361422
0.823495 0.361425 0.361428
0.823575 0.361431 0.361434
0.823656 0.361438 0.36144
0.823737 0.361444 0.361447
0.823818 0.36145 0.361453
0.823899 0.361456 0.361459
0.823979 0.361463 0.361465
0.82406 0.361469 0.361472
0.824141 0.361475 0.361478
0.824222 0.361481 0.361484
0.824303 0.361487 0.36149
0.824384 0.361494 0.361497
0.824465 0.3615 0.361503
0.824545 0.361506 0.361509
0.824626 0.361512 0.361515
0.824707 0.361519 0.361521
0.824788 0.361525 0.361528
0.824869 0.361531 0.361534
0.82495 0.361537 0.36154
0.825031 0.361543 0.361546
0.825112 0.36155 0.361552
0.825193 0.361556 0.361559
0.825274 0.361562 0.361565
0.825355 0.361568 0.361571
0.825436 0.361574 0.361577
0.825516 0.361581 0.361583
0.825597 0.361587 0.36159
0.825678 0.361593 0.361596
0.825759 0.361599 0.361602
0.82584 0.361605 0.361608
0.825921 0.361612 0.361614
0.826002 0.361618 0.36162
0.826083 0.361624 0.361627
0.826164 0.36163 0.361633
0.826245 0.361636 0.361639
0.826326 0.361642 0.361645
0.826407 0.361648 0.361651
0.826488 0.361655 0.361657
0.826569 0.361661 0.361664
0.826651 0.361667 0.36167
0.826732 0.361673 0.361676
0.826813 0.361679 0.361682
0.826894 0.361685 0.361688
0.826975 0.361692 0.361694
0.827056 0.361698 0.3617
0.827137 0.361704 0.361707
0.827218 0.36171 0.361713
0.827299 0.361716 0.361719
0.82738 0.361722 0.361725
0.827461 0.361728 0.361731
0.827542 0.361734 0.361737
0.827624 0.36174 0.361743
0.827705 0.361747 0.361749
0.827786 0.361753 0.361756
0.827867 0.361759 0.361762
0.827948 0.361765 0.361768
0.828029 0.361771 0.361774
0.828111 0.361777 0.36178
0.828192 0.361783 0.361786
0.828273 0.361789 0.361792
0.828354 0.361795 0.361798
0.828435 0.361801 0.361804
0.828516 0.361808 0.36181
0.828598 0.361814 0.361816
0.828679 0.36182 0.361823
0.82876 0.361826 0.361829
0.828841 0.361832 0.361835
0.828923 0.361838 0.361841
0.829004 0.361844 0.361847
0.829085 0.36185 0.361853
0.829166 0.361856 0.361859
0.829248 0.361862 0.361865
0.829329 0.361868 0.361871
0.82941 0.361874 0.361877
0.829491 0.36188 0.361883
0.829573 0.361886 0.361889
0.829654 0.361892 0.361895
0.829735 0.361898 0.361901
0.829817 0.361904 0.361907
0.829898 0.361911 0.361913
0.829979 0.361917 0.361919
0.830061 0.361923 0.361925
0.830142 0.361929 0.361931
0.830223 0.361935 0.361937
0.830305 0.361941 0.361943
0.830386 0.361947 0.361949
0.830467 0.361953 0.361955
0.830549 0.361959 0.361962
0.83063 0.361965 0.361968
0.830711 0.361971 0.361974
0.830793 0.361977 0.36198
0.830874 0.361983 0.361986
0.830956 0.361989 0.361992
0.831037 0.361995 0.361998
0.831118 0.362001 0.362003
0.8312 0.362007 0.362009
0.831281 0.362013 0.362015
0.831363 0.362019 0.362021
0.831444 0.362025 0.362027
0.831526 0.362031 0.362033
0.831607 0.362037 0.362039
0.831689 0.362043 0.362045
0.83177 0.362048 0.362051
0.831851 0.362054 0.362057
0.831933 0.36206 0.362063
0.832014 0.362066 0.362069
0.832096 0.362072 0.362075
0.832177 0.362078 0.362081
0.832259 0.362084 0.362087
0.832341 0.36209 0.362093
0.832422 0.362096 0.362099
0.832504 0.362102 0.362105
0.832585 0.362108 0.362111
0.832667 0.362114 0.362117
0.832748 0.36212 0.362123
0.83283 0.362126 0.362129
0.832911 0.362132 0.362135
0.832993 0.362138 0.36214
0.833074 0.362144 0.362146
0.833156 0.362149 0.362152
0.833238 0.362155 0.362158
0.833319 0.362161 0.362164
0.833401 0.362167 0.36217
0.833482 0.362173 0.362176
0.833564 0.362179 0.362182
0.833646 0.362185 0.362188
0.833727 0.362191 0.362194
0.833809 0.362197 0.3622
0.833891 0.362203 0.362205
0.833972 0.362208 0.362211
0.834054 0.362214 0.362217
0.834136 0.36222 0.362223
0.834217 0.362226 0.362229
0.834299 0.362232 0.362235
0.834381 0.362238 0.362241
0.834462 0.362244 0.362247
0.834544 0.36225 0.362252
0.834626 0.362255 0.362258
0.834707 0.362261 0.362264
0.834789 0.362267 0.36227
0.834871 0.362273 0.362276
0.834953 0.362279 0.362282
0.835034 0.362285 0.362288
0.835116 0.362291 0.362294
0.835198 0.362296 0.362299
0.83528 0.362302 0.362305
0.835361 0.362308 0.362311
0.835443 0.362314 0.362317
0.835525 0.36232 0.362323
0.835607 0.362326 0.362329
0.835689 0.362331 0.362334
0.83577 0.362337 0.36234
0.835852 0.362343 0.362346
0.835934 0.362349 0.362352
0.836016 0.362355 0.362358
0.836098 0.362361 0.362363
0.83618 0.362366 0.362369
0.836261 0.362372 0.362375
0.836343 0.362378 0.362381
0.836425 0.362384 0.362387
0.836507 0.36239 0.362392
0.836589 0.362395 0.362398
0.836671 0.362401 0.362404
0.836753 0.362407 0.36241
0.836834 0.362413 0.362416
0.836916 0.362419 0.362421
0.836998 0.362424 0.362427
0.83708 0.36243 0.362433
0.837162 0.362436 0.362439
0.837244 0.362442 0.362445
0.837326 0.362447 0.36245
0.837408 0.362453 0.362456
0.83749 0.362459 0.362462
0.837572 0.362465 0.362468
0.837654 0.36247 0.362473
0.837736 0.362476 0.362479
0.837818 0.362482 0.362485
0.8379 0.362488 0.362491
0.837982 0.362494 0.362496
0.838064 0.362499 0.362502
0.838146 0.362505 0.362508
0.838228 0.362511 0.362514
0.83831 0.362516 0.362519
0.838392 0.362522 0.362525
0.838474 0.362528 0.362531
0.838556 0.362534 0.362537
0.838638 0.362539 0.362542
0.83872 0.362545 0.362548
0.838802 0.362551 0.362554
0.838884 0.362557 0.362559
0.838966 0.362562 0.362565
0.839048 0.362568 0.362571
0.83913 0.362574 0.362577
0.839212 0.362579 0.362582
0.839294 0.362585 0.362588
0.839377 0.362591 0.362594
0.839459 0.362596 0.362599
0.839541 0.362602 0.362605
0.839623 0.362608 0.362611
0.839705 0.362614 0.362616
0.839787 0.362619 0.362622
0.839869 0.362625 0.362628
0.839951 0.362631 0.362633
0.840034 0.362636 0.362639
0.840116 0.362642 0.362645
0.840198 0.362648 0.362651
0.84028 0.362653 0.362656
0.840362 0.362659 0.362662
0.840445 0.362665 0.362667
0.840527 0.36267 0.362673
0.840609 0.362676 0.362679
0.840691 0.362682 0.362684
0.840773 0.362687 0.36269
0.840856 0.362693 0.362696
0.840938 0.362698 0.362701
0.84102 0.362704 0.362707
0.841102 0.36271 0.362713
0.841185 0.362715 0.362718
0.841267 0.362721 0.362724
0.841349 0.362727 0.36273
0.841431 0.362732 0.362735
0.841514 0.362738 0.362741
0.841596 0.362744 0.362746
0.841678 0.362749 0.362752
0.841761 0.362755 0.362758
0.841843 0.36276 0.362763
0.841925 0.362766 0.362769
0.842008 0.362772 0.362774
0.84209 0.362777 0.36278
0.842172 0.362783 0.362786
0.842255 0.362788 0.362791
0.842337 0.362794 0.362797
0.842419 0.3628 0.362802
0.842502 0.362805 0.362808
0.842584 0.362811 0.362814
0.842666 0.362816 0.362819
0.842749 0.362822 0.362825
0.842831 0.362827 0.36283
0.842914 0.362833 0.362836
0.842996 0.362839 0.362842
0.843078 0.362844 0.362847
0.843161 0.36285 0.362853
0.843243 0.362855 0.362858
0.843326 0.362861 0.362864
0.843408 0.362866 0.362869
0.843491 0.362872 0.362875
0.843573 0.362878 0.36288
0.843656 0.362883 0.362886
0.843738 0.362889 0.362892
0.84382 0.362894 0.362897
0.843903 0.3629 0.362903
0.843985 0.362905 0.362908
0.844068 0.362911 0.362914
0.84415 0.362916 0.362919
0.844233 0.362922 0.362925
0.844315 0.362927 0.36293
0.844398 0.362933 0.362936
0.844481 0.362938 0.362941
0.844563 0.362944 0.362947
0.844646 0.362949 0.362952
0.844728 0.362955 0.362958
0.844811 0.36296 0.362963
0.844893 0.362966 0.362969
0.844976 0.362971 0.362974
0.845058 0.362977 0.36298
0.845141 0.362982 0.362985
0.845224 0.362988 0.362991
0.845306 0.362993 0.362996
0.845389 0.362999 0.363002
0.845472 0.363004 0.363007
0.845554 0.36301 0.363013
0.845637 0.363015 0.363018
0.845719 0.363021 0.363024
0.845802 0.363026 0.363029
0.845885 0.363032 0.363035
0.845967 0.363037 0.36304
0.84605 0.363043 0.363046
0.846133 0.363048 0.363051
0.846215 0.363054 0.363057
0.846298 0.363059 0.363062
0.846381 0.363064 0.363067
0.846463 0.36307 0.363073
0.846546 0.363075 0.363078
0.846629 0.363081 0.363084
0.846712 0.363086 0.363089
0.846794 0.363092 0.363095
0.846877 0.363097 0.3631
0.84696 0.363103 0.363106
0.847043 0.363108 0.363111
0.847125 0.363113 0.363116
0.847208 0.363119 0.363122
0.847291 0.363124 0.363127
0.847374 0.36313 0.363133
0.847456 0.363135 0.363138
0.847539 0.36314 0.363143
0.847622 0.363146 0.363149
0.847705 0.363151 0.363154
0.847788 0.363157 0.36316
0.847871 0.363162 0.363165
0.847953 0.363167 0.36317
0.848036 0.363173 0.363176
0.848119 0.363178 0.363181
0.848202 0.363184 0.363187
0.848285 0.363189 0.363192
0.848368 0.363194 0.363197
0.84845 0.3632 0.363203
0.848533 0.363205 0.363208
0.848616 0.363211 0.363214
0.848699 0.363216 0.363219
0.848782 0.363221 0.363224
0.848865 0.363227 0.36323
0.848948 0.363232 0.363235
0.849031 0.363237 0.36324
0.849114 0.363243 0.363246
0.849197 0.363248 0.363251
0.84928 0.363253 0.363256
0.849363 0.363259 0.363262
0.849445 0.363264 0.363267
0.849528 0.363269 0.363272
0.849611 0.363275 0.363278
0.849694 0.36328 0.363283
0.849777 0.363285 0.363288
0.84986 0.363291 0.363294
0.849943 0.363296 0.363299
0.850026 0.363301 0.363304
0.850109 0.363307 0.36331
0.850192 0.363312 0.363315
0.850275 0.363317 0.36332
0.850358 0.363323 0.363326
0.850441 0.363328 0.363331
0.850525 0.363333 0.363336
0.850608 0.363339 0.363342
0.850691 0.363344 0.363347
0.850774 0.363349 0.363352
0.850857 0.363354 0.363357
0.85094 0.36336 0.363363
0.851023 0.363365 0.363368
0.851106 0.36337 0.363373
0.851189 0.363376 0.363379
0.851272 0.363381 0.363384
0.851355 0.363386 0.363389
0.851439 0.363391 0.363394
0.851522 0.363397 0.3634
0.851605 0.363402 0.363405
0.851688 0.363407 0.36341
0.851771 0.363412 0.363415
0.851854 0.363418 0.363421
0.851937 0.363423 0.363426
0.852021 0.363428 0.363431
0.852104 0.363433 0.363436
0.852187 0.363439 0.363442
0.85227 0.363444 0.363447
0.852353 0.363449 0.363452
0.852437 0.363454 0.363457
0.85252 0.36346 0.363463
0.852603 0.363465 0.363468
0.852686 0.36347 0.363473
0.852769 0.363475 0.363478
0.852853 0.363481 0.363484
0.852936 0.363486 0.363489
0.853019 0.363491 0.363494
0.853103 0.363496 0.363499
0.853186 0.363501 0.363504
0.853269 0.363507 0.36351
0.853352 0.363512 0.363515
0.853436 0.363517 0.36352
0.853519 0.363522 0.363525
0.853602 0.363527 0.36353
0.853686 0.363533 0.363536
0.853769 0.363538 0.363541
0.853852 0.363543 0.363546
0.853936 0.363548 0.363551
0.854019 0.363553 0.363556
0.854102 0.363559 0.363562
0.854186 0.363564 0.363567
0.854269 0.363569 0.363572
0.854352 0.363574 0.363577
0.854436 0.363579 0.363582
0.854519 0.363584 0.363587
0.854603 0.36359 0.363593
0.854686 0.363595 0.363598
0.854769 0.3636 0.363603
0.854853 0.363605 0.363608
0.854936 0.36361 0.363613
0.85502 0.363615 0.363618
0.855103 0.36362 0.363623
0.855187 0.363626 0.363629
0.85527 0.363631 0.363634
0.855353 0.363636 0.363639
0.855437 0.363641 0.363644
0.85552 0.363646 0.363649
0.855604 0.363651 0.363654
0.855687 0.363656 0.363659
0.855771 0.363661 0.363665
0.855854 0.363667 0.36367
0.855938 0.363672 0.363675
0.856021 0.363677 0.36368
0.856105 0.363682 0.363685
0.856188 0.363687 0.36369
0.856272 0.363692 0.363695
0.856356 0.363697 0.3637
0.856439 0.363702 0.363705
0.856523 0.363707 0.36371
0.856606 0.363712 0.363716
0.85669 0.363718 0.363721
0.856773 0.363723 0.363726
0.856857 0.363728 0.363731
0.856941 0.363733 0.363736
0.857024 0.363738 0.363741
0.857108 0.363743 0.363746
0.857191 0.363748 0.363751
0.857275 0.363753 0.363756
0.857359 0.363758 0.363761
0.857442 0.363763 0.363766
0.857526 0.363768 0.363771
0.85761 0.363773 0.363776
0.857693 0.363778 0.363781
0.857777 0.363783 0.363786
0.857861 0.363788 0.363792
0.857944 0.363794 0.363797
0.858028 0.363799 0.363802
0.858112 0.363804 0.363807
0.858195 0.363809 0.363812
0.858279 0.363814 0.363817
0.858363 0.363819 0.363822
0.858447 0.363824 0.363827
0.85853 0.363829 0.363832
0.858614 0.363834 0.363837
0.858698 0.363839 0.363842
0.858781 0.363844 0.363847
0.858865 0.363849 0.363852
0.858949 0.363854 0.363857
0.859033 0.363859 0.363862
0.859117 0.363864 0.363867
0.8592 0.363869 0.363872
0.859284 0.363874 0.363877
0.859368 0.363879 0.363882
0.859452 0.363884 0.363887
0.859536 0.363889 0.363892
0.859619 0.363894 0.363897
0.859703 0.363899 0.363902
0.859787 0.363904 0.363907
0.859871 0.363909 0.363912
0.859955 0.363914 0.363917
0.860039 0.363919 0.363922
0.860123 0.363924 0.363927
0.860206 0.363929 0.363932
0.86029 0.363933 0.363937
0.860374 0.363938 0.363942
0.860458 0.363943 0.363946
0.860542 0.363948 0.363951
0.860626 0.363953 0.363956
0.86071 0.363958 0.363961
0.860794 0.363963 0.363966
0.860878 0.363968 0.363971
0.860962 0.363973 0.363976
0.861046 0.363978 0.363981
0.86113 0.363983 0.363986
0.861214 0.363988 0.363991
0.861298 0.363993 0.363996
0.861381 0.363998 0.364001
0.861465 0.364003 0.364006
0.861549 0.364007 0.364011
0.861633 0.364012 0.364016
0.861717 0.364017 0.36402
0.861801 0.364022 0.364025
0.861886 0.364027 0.36403
0.86197 0.364032 0.364035
0.862054 0.364037 0.36404
0.862138 0.364042 0.364045
0.862222 0.364047 0.36405
0.862306 0.364052 0.364055
0.86239 0.364056 0.36406
0.862474 0.364061 0.364064
0.862558 0.364066 0.364069
0.862642 0.364071 0.364074
0.862726 0.364076 0.364079
0.86281 0.364081 0.364084
0.862894 0.364086 0.364089
0.862978 0.364091 0.364094
0.863063 0.364095 0.364099
0.863147 0.3641 0.364103
0.863231 0.364105 0.364108
0.863315 0.36411 0.364113
0.863399 0.364115 0.364118
0.863483 0.36412 0.364123
0.863568 0.364125 0.364128
0.863652 0.364129 0.364133
0.863736 0.364134 0.364137
0.86382 0.364139 0.364142
0.863904 0.364144 0.364147
0.863988 0.364149 0.364152
0.864073 0.364154 0.364157
0.864157 0.364158 0.364161
0.864241 0.364163 0.364166
0.864325 0.364168 0.364171
0.86441 0.364173 0.364176
0.864494 0.364178 0.364181
0.864578 0.364182 0.364186
0.864662 0.364187 0.36419
0.864747 0.364192 0.364195
0.864831 0.364197 0.3642
0.864915 0.364202 0.364205
0.864999 0.364206 0.36421
0.865084 0.364211 0.364214
0.865168 0.364216 0.364219
0.865252 0.364221 0.364224
0.865337 0.364226 0.364229
0.865421 0.36423 0.364233
0.865505 0.364235 0.364238
0.86559 0.36424 0.364243
0.865674 0.364245 0.364248
0.865758 0.364249 0.364253
0.865843 0.364254 0.364257
0.865927 0.364259 0.364262
0.866012 0.364264 0.364267
0.866096 0.364268 0.364272
0.86618 0.364273 0.364276
0.866265 0.364278 0.364281
0.866349 0.364283 0.364286
0.866434 0.364287 0.364291
0.866518 0.364292 0.364295
0.866602 0.364297 0.3643
0.866687 0.364302 0.364305
0.866771 0.364306 0.36431
0.866856 0.364311 0.364314
0.86694 0.364316 0.364319
0.867025 0.364321 0.364324
0.867109 0.364325 0.364328
0.867194 0.36433 0.364333
0.867278 0.364335 0.364338
0.867363 0.364339 0.364343
0.867447 0.364344 0.364347
0.867532 0.364349 0.364352
0.867616 0.364354 0.364357
0.867701 0.364358 0.364361
0.867785 0.364363 0.364366
0.86787 0.364368 0.364371
0.867954 0.364372 0.364375
0.868039 0.364377 0.36438
0.868123 0.364382 0.364385
0.868208 0.364386 0.364389
0.868293 0.364391 0.364394
0.868377 0.364396 0.364399
0.868462 0.3644 0.364404
0.868546 0.364405 0.364408
0.868631 0.36441 0.364413
0.868716 0.364414 0.364418
0.8688 0.364419 0.364422
0.868885 0.364424 0.364427
0.86897 0.364428 0.364431
0.869054 0.364433 0.364436
0.869139 0.364438 0.364441
0.869223 0.364442 0.364445
0.869308 0.364447 0.36445
0.869393 0.364452 0.364455
0.869478 0.364456 0.364459
0.869562 0.364461 0.364464
0.869647 0.364465 0.364469
0.869732 0.36447 0.364473
0.869816 0.364475 0.364478
0.869901 0.364479 0.364482
0.869986 0.364484 0.364487
0.870071 0.364488 0.364492
0.870155 0.364493 0.364496
0.87024 0.364498 0.364501
0.870325 0.364502 0.364506
0.87041 0.364507 0.36451
0.870494 0.364512 0.364515
0.870579 0.364516 0.364519
0.870664 0.364521 0.364524
0.870749 0.364525 0.364528
0.870833 0.36453 0.364533
0.870918 0.364534 0.364538
0.871003 0.364539 0.364542
0.871088 0.364544 0.364547
0.871173 0.364548 0.364551
0.871258 0.364553 0.364556
0.871342 0.364557 0.364561
0.871427 0.364562 0.364565
0.871512 0.364566 0.36457
0.871597 0.364571 0.364574
0.871682 0.364576 0.364579
0.871767 0.36458 0.364583
0.871852 0.364585 0.364588
0.871937 0.364589 0.364592
0.872021 0.364594 0.364597
0.872106 0.364598 0.364602
0.872191 0.364603 0.364606
0.872276 0.364607 0.364611
0.872361 0.364612 0.364615
0.872446 0.364616 0.36462
0.872531 0.364621 0.364624
0.872616 0.364625 0.364629
0.872701 0.36463 0.364633
0.872786 0.364635 0.364638
0.872871 0.364639 0.364642
0.872956 0.364644 0.364647
0.873041 0.364648 0.364651
0.873126 0.364653 0.364656
0.873211 0.364657 0.36466
0.873296 0.364662 0.364665
0.873381 0.364666 0.364669
0.873466 0.364671 0.364674
0.873551 0.364675 0.364678
0.873636 0.36468 0.364683
0.873721 0.364684 0.364687
0.873806 0.364689 0.364692
0.873891 0.364693 0.364696
0.873976 0.364697 0.364701
0.874061 0.364702 0.364705
0.874147 0.364706 0.36471
0.874232 0.364711 0.364714
0.874317 0.364715 0.364719
0.874402 0.36472 0.364723
0.874487 0.364724 0.364727
0.874572 0.364729 0.364732
0.874657 0.364733 0.364736
0.874742 0.364738 0.364741
0.874828 0.364742 0.364745
0.874913 0.364746 0.36475
0.874998 0.364751 0.364754
0.875083 0.364755 0.364759
0.875168 0.36476 0.364763
0.875253 0.364764 0.364767
0.875339 0.364769 0.364772
0.875424 0.364773 0.364776
0.875509 0.364777 0.364781
0.875594 0.364782 0.364785
0.875679 0.364786 0.36479
0.875765 0.364791 0.364794
0.87585 0.364795 0.364798
0.875935 0.3648 0.364803
0.87602 0.364804 0.364807
0.876106 0.364808 0.364812
0.876191 0.364813 0.364816
0.876276 0.364817 0.36482
0.876362 0.364822 0.364825
0.876447 0.364826 0.364829
0.876532 0.36483 0.364834
0.876617 0.364835 0.364838
0.876703 0.364839 0.364842
0.876788 0.364843 0.364847
0.876873 0.364848 0.364851
0.876959 0.364852 0.364855
0.877044 0.364857 0.36486
0.877129 0.364861 0.364864
0.877215 0.364865 0.364869
0.8773 0.36487 0.364873
0.877386 0.364874 0.364877
0.877471 0.364878 0.364882
0.877556 0.364883 0.364886
0.877642 0.364887 0.36489
0.877727 0.364891 0.364895
0.877813 0.364896 0.364899
0.877898 0.3649 0.364903
0.877983 0.364904 0.364908
0.878069 0.364909 0.364912
0.878154 0.364913 0.364916
0.87824 0.364917 0.364921
0.878325 0.364922 0.364925
0.878411 0.364926 0.364929
0.878496 0.36493 0.364934
0.878582 0.364935 0.364938
0.878667 0.364939 0.364942
0.878753 0.364943 0.364947
0.878838 0.364948 0.364951
0.878924 0.364952 0.364955
0.879009 0.364956 0.364959
0.879095 0.36496 0.364964
0.87918 0.364965 0.364968
0.879266 0.364969 0.364972
0.879351 0.364973 0.364977
0.879437 0.364978 0.364981
0.879522 0.364982 0.364985
0.879608 0.364986 0.364989
0.879694 0.36499 0.364994
0.879779 0.364995 0.364998
0.879865 0.364999 0.365002
0.87995 0.365003 0.365006
0.880036 0.365007 0.365011
0.880122 0.365012 0.365015
0.880207 0.365016 0.365019
0.880293 0.36502 0.365024
0.880379 0.365024 0.365028
0.880464 0.365029 0.365032
0.88055 0.365033 0.365036
0.880636 0.365037 0.365041
0.880721 0.365041 0.365045
0.880807 0.365046 0.365049
0.880893 0.36505 0.365053
0.880978 0.365054 0.365057
0.881064 0.365058 0.365062
0.88115 0.365063 0.365066
0.881235 0.365067 0.36507
0.881321 0.365071 0.365074
0.881407 0.365075 0.365079
0.881493 0.365079 0.365083
0.881578 0.365084 0.365087
0.881664 0.365088 0.365091
0.88175 0.365092 0.365095
0.881836 0.365096 0.3651
0.881921 0.3651 0.365104
0.882007 0.365105 0.365108
0.882093 0.365109 0.365112
0.882179 0.365113 0.365116
0.882265 0.365117 0.36512
0.88235 0.365121 0.365125
0.882436 0.365126 0.365129
0.882522 0.36513 0.365133
0.882608 0.365134 0.365137
0.882694 0.365138 0.365141
0.88278 0.365142 0.365146
0.882866 0.365146 0.36515
0.882951 0.365151 0.365154
0.883037 0.365155 0.365158
0.883123 0.365159 0.365162
0.883209 0.365163 0.365166
0.883295 0.365167 0.36517
0.883381 0.365171 0.365175
0.883467 0.365175 0.365179
0.883553 0.36518 0.365183
0.883639 0.365184 0.365187
0.883725 0.365188 0.365191
0.883811 0.365192 0.365195
0.883896 0.365196 0.365199
0.883982 0.3652 0.365204
0.884068 0.365204 0.365208
0.884154 0.365208 0.365212
0.88424 0.365213 0.365216
0.884326 0.365217 0.36522
0.884412 0.365221 0.365224
0.884498 0.365225 0.365228
0.884584 0.365229 0.365232
0.88467 0.365233 0.365236
0.884756 0.365237 0.36524
0.884843 0.365241 0.365245
0.884929 0.365245 0.365249
0.885015 0.365249 0.365253
0.885101 0.365253 0.365257
0.885187 0.365258 0.365261
0.885273 0.365262 0.365265
0.885359 0.365266 0.365269
0.885445 0.36527 0.365273
0.885531 0.365274 0.365277
0.885617 0.365278 0.365281
0.885703 0.365282 0.365285
0.885789 0.365286 0.365289
0.885876 0.36529 0.365293
0.885962 0.365294 0.365297
0.886048 0.365298 0.365302
0.886134 0.365302 0.365306
0.88622 0.365306 0.36531
0.886306 0.36531 0.365314
0.886393 0.365314 0.365318
0.886479 0.365318 0.365322
0.886565 0.365322 0.365326
0.886651 0.365326 0.36533
0.886737 0.36533 0.365334
0.886824 0.365334 0.365338
0.88691 0.365339 0.365342
0.886996 0.365343 0.365346
0.887082 0.365347 0.36535
0.887168 0.365351 0.365354
0.887255 0.365355 0.365358
0.887341 0.365359 0.365362
0.887427 0.365363 0.365366
0.887514 0.365367 0.36537
0.8876 0.365371 0.365374
0.887686 0.365375 0.365378
0.887772 0.365379 0.365382
0.887859 0.365382 0.365386
0.887945 0.365386 0.36539
0.888031 0.36539 0.365394
0.888118 0.365394 0.365398
0.888204 0.365398 0.365402
0.88829 0.365402 0.365406
0.888377 0.365406 0.36541
0.888463 0.36541 0.365414
0.88855 0.365414 0.365418
0.888636 0.365418 0.365422
0.888722 0.365422 0.365426
0.888809 0.365426 0.365429
0.888895 0.36543 0.365433
0.888981 0.365434 0.365437
0.889068 0.365438 0.365441
0.889154 0.365442 0.365445
0.889241 0.365446 0.365449
0.889327 0.36545 0.365453
0.889414 0.365454 0.365457
0.8895 0.365458 0.365461
0.889587 0.365462 0.365465
0.889673 0.365465 0.365469
0.88976 0.365469 0.365473
0.889846 0.365473 0.365477
0.889933 0.365477 0.365481
0.890019 0.365481 0.365484
0.890106 0.365485 0.365488
0.890192 0.365489 0.365492
0.890279 0.365493 0.365496
0.890365 0.365497 0.3655
0.890452 0.365501 0.365504
0.890538 0.365504 0.365508
0.890625 0.365508 0.365512
0.890711 0.365512 0.365516
0.890798 0.365516 0.36552
0.890884 0.36552 0.365523
0.890971 0.365524 0.365527
0.891058 0.365528 0.365531
0.891144 0.365532 0.365535
0.891231 0.365535 0.365539
0.891317 0.365539 0.365543
0.891404 0.365543 0.365547
0.891491 0.365547 0.36555
0.891577 0.365551 0.365554
0.891664 0.365555 0.365558
0.891751 0.365559 0.365562
0.891837 0.365562 0.365566
0.891924 0.365566 0.36557
0.892011 0.36557 0.365574
0.892097 0.365574 0.365577
0.892184 0.365578 0.365581
0.892271 0.365582 0.365585
0.892358 0.365585 0.365589
0.892444 0.365589 0.365593
0.892531 0.365593 0.365596
0.892618 0.365597 0.3656
0.892704 0.365601 0.365604
0.892791 0.365605 0.365608
0.892878 0.365608 0.365612
0.892965 0.365612 0.365616
0.893052 0.365616 0.365619
0.893138 0.36562 0.365623
0.893225 0.365624 0.365627
0.893312 0.365627 0.365631
0.893399 0.365631 0.365635
0.893486 0.365635 0.365638
0.893572 0.365639 0.365642
0.893659 0.365642 0.365646
0.893746 0.365646 0.36565
0.893833 0.36565 0.365653
0.89392 0.365654 0.365657
0.894007 0.365658 0.365661
0.894093 0.365661 0.365665
0.89418 0.365665 0.365668
0.894267 0.365669 0.365672
0.894354 0.365673 0.365676
0.894441 0.365676 0.36568
0.894528 0.36568 0.365683
0.894615 0.365684 0.365687
0.894702 0.365688 0.365691
0.894789 0.365691 0.365695
0.894876 0.365695 0.365698
0.894963 0.365699 0.365702
0.89505 0.365703 0.365706
0.895137 0.365706 0.36571
0.895223 0.36571 0.365713
0.89531 0.365714 0.365717
0.895397 0.365717 0.365721
0.895484 0.365721 0.365725
0.895571 0.365725 0.365728
0.895658 0.365729 0.365732
0.895745 0.365732 0.365736
0.895833 0.365736 0.365739
0.89592 0.36574 0.365743
0.896007 0.365743 0.365747
0.896094 0.365747 0.36575
0.896181 0.365751 0.365754
0.896268 0.365754 0.365758
0.896355 0.365758 0.365762
0.896442 0.365762 0.365765
0.896529 0.365765 0.365769
0.896616 0.365769 0.365773
0.896703 0.365773 0.365776
0.89679 0.365776 0.36578
0.896877 0.36578 0.365784
0.896965 0.365784 0.365787
0.897052 0.365787 0.365791
0.897139 0.365791 0.365795
0.897226 0.365795 0.365798
0.897313 0.365798 0.365802
0.8974 0.365802 0.365805
0.897488 0.365806 0.365809
0.897575 0.365809 0.365813
0.897662 0.365813 0.365816
0.897749 0.365817 0.36582
0.897836 0.36582 0.365824
0.897924 0.365824 0.365827
0.898011 0.365827 0.365831
0.898098 0.365831 0.365835
0.898185 0.365835 0.365838
0.898272 0.365838 0.365842
0.89836 0.365842 0.365845
0.898447 0.365846 0.365849
0.898534 0.365849 0.365853
0.898622 0.365853 0.365856
0.898709 0.365856 0.36586
0.898796 0.36586 0.365863
0.898883 0.365864 0.365867
0.898971 0.365867 0.365871
0.899058 0.365871 0.365874
0.899145 0.365874 0.365878
0.899233 0.365878 0.365881
0.89932 0.365881 0.365885
0.899407 0.365885 0.365889
0.899495 0.365889 0.365892
0.899582 0.365892 0.365896
0.89967 0.365896 0.365899
0.899757 0.365899 0.365903
0.899844 0.365903 0.365906
0.899932 0.365906 0.36591
0.900019 0.36591 0.365913
0.900107 0.365914 0.365917
0.900194 0.365917 0.365921
0.900281 0.365921 0.365924
0.900369 0.365924 0.365928
0.900456 0.365928 0.365931
0.900544 0.365931 0.365935
0.900631 0.365935 0.365938
0.900719 0.365938 0.365942
0.900806 0.365942 0.365945
0.900894 0.365945 0.365949
0.900981 0.365949 0.365952
0.901069 0.365952 0.365956
0.901156 0.365956 0.365959
0.901244 0.365959 0.365963
0.901331 0.365963 0.365966
0.901419 0.365966 0.36597
0.901506 0.36597 0.365973
0.901594 0.365973 0.365977
0.901681 0.365977 0.36598
0.901769 0.36598 0.365984
0.901857 0.365984 0.365987
0.901944 0.365987 0.365991
0.902032 0.365991 0.365994
0.902119 0.365994 0.365998
0.902207 0.365998 0.366001
0.902295 0.366001 0.366005
0.902382 0.366005 0.366008
0.90247 0.366008 0.366012
0.902557 0.366012 0.366015
0.902645 0.366015 0.366019
0.902733 0.366019 0.366022
0.90282 0.366022 0.366026
0.902908 0.366026 0.366029
0.902996 0.366029 0.366032
0.903083 0.366032 0.366036
0.903171 0.366036 0.366039
0.903259 0.366039 0.366043
0.903347 0.366043 0.366046
0.903434 0.366046 0.36605
0.903522 0.36605 0.366053
0.90361 0.366053 0.366057
0.903697 0.366056 0.36606
0.903785 0.36606 0.366063
0.903873 0.366063 0.366067
0.903961 0.366067 0.36607
0.904048 0.36607 0.366074
0.904136 0.366074 0.366077
0.904224 0.366077 0.36608
0.904312 0.36608 0.366084
0.9044 0.366084 0.366087
0.904487 0.366087 0.366091
0.904575 0.366091 0.366094
0.904663 0.366094 0.366097
0.904751 0.366097 0.366101
0.904839 0.366101 0.366104
0.904927 0.366104 0.366108
0.905015 0.366107 0.366111
0.905102 0.366111 0.366114
0.90519 0.366114 0.366118
0.905278 0.366118 0.366121
0.905366 0.366121 0.366124
0.905454 0.366124 0.366128
0.905542 0.366128 0.366131
0.90563 0.366131 0.366135
0.905718 0.366134 0.366138
0.905806 0.366138 0.366141
0.905894 0.366141 0.366145
0.905982 0.366144 0.366148
0.90607 0.366148 0.366151
0.906158 0.366151 0.366155
0.906245 0.366154 0.366158
0.906333 0.366158 0.366161
0.906421 0.366161 0.366165
0.906509 0.366164 0.366168
0.906597 0.366168 0.366171
0.906686 0.366171 0.366175
0.906774 0.366174 0.366178
0.906862 0.366178 0.366181
0.90695 0.366181 0.366184
0.907038 0.366184 0.366188
0.907126 0.366188 0.366191
0.907214 0.366191 0.366194
0.907302 0.366194 0.366198
0.90739 0.366197 0.366201
0.907478 0.366201 0.366204
0.907566 0.366204 0.366208
0.907654 0.366207 0.366211
0.907742 0.366211 0.366214
0.90783 0.366214 0.366217
0.907919 0.366217 0.366221
0.908007 0.36622 0.366224
0.908095 0.366224 0.366227
0.908183 0.366227 0.36623
0.908271 0.36623 0.366234
0.908359 0.366233 0.366237
0.908448 0.366237 0.36624
0.908536 0.36624 0.366244
0.908624 0.366243 0.366247
0.908712 0.366246 0.36625
0.9088 0.36625 0.366253
0.908889 0.366253 0.366257
0.908977 0.366256 0.36626
0.909065 0.366259 0.366263
0.909153 0.366263 0.366266
0.909242 0.366266 0.366269
0.90933 0.366269 0.366273
0.909418 0.366272 0.366276
0.909506 0.366276 0.366279
0.909595 0.366279 0.366282
0.909683 0.366282 0.366286
0.909771 0.366285 0.366289
0.90986 0.366288 0.366292
0.909948 0.366292 0.366295
0.910036 0.366295 0.366298
0.910124 0.366298 0.366302
0.910213 0.366301 0.366305
0.910301 0.366304 0.366308
0.91039 0.366308 0.366311
0.910478 0.366311 0.366314
0.910566 0.366314 0.366317
0.910655 0.366317 0.366321
0.910743 0.36632 0.366324
0.910831 0.366323 0.366327
0.91092 0.366327 0.36633
0.911008 0.36633 0.366333
0.911097 0.366333 0.366337
0.911185 0.366336 0.36634
0.911274 0.366339 0.366343
0.911362 0.366342 0.366346
0.91145 0.366346 0.366349
0.911539 0.366349 0.366352
0.911627 0.366352 0.366355
0.911716 0.366355 0.366359
0.911804 0.366358 0.366362
0.911893 0.366361 0.366365
0.911981 0.366364 0.366368
0.91207 0.366368 0.366371
0.912158 0.366371 0.366374
0.912247 0.366374 0.366377
0.912335 0.366377 0.36638
0.912424 0.36638 0.366384
0.912513 0.366383 0.366387
0.912601 0.366386 0.36639
0.91269 0.366389 0.366393
0.912778 0.366392 0.366396
0.912867 0.366396 0.366399
0.912955 0.366399 0.366402
0.913044 0.366402 0.366405
0.913133 0.366405 0.366408
0.913221 0.366408 0.366411
0.91331 0.366411 0.366415
0.913399 0.366414 0.366418
0.913487 0.366417 0.366421
0.913576 0.36642 0.366424
0.913665 0.366423 0.366427
0.913753 0.366426 0.36643
0.913842 0.366429 0.366433
0.913931 0.366432 0.366436
0.914019 0.366436 0.366439
0.914108 0.366439 0.366442
0.914197 0.366442 0.366445
0.914285 0.366445 0.366448
0.914374 0.366448 0.366451
0.914463 0.366451 0.366454
0.914552 0.366454 0.366457
0.91464 0.366457 0.36646
0.914729 0.36646 0.366463
0.914818 0.366463 0.366467
0.914907 0.366466 0.36647
0.914995 0.366469 0.366473
0.915084 0.366472 0.366476
0.915173 0.366475 0.366479
0.915262 0.366478 0.366482
0.915351 0.366481 0.366485
0.915439 0.366484 0.366488
0.915528 0.366487 0.366491
0.915617 0.36649 0.366494
0.915706 0.366493 0.366497
0.915795 0.366496 0.3665
0.915884 0.366499 0.366503
0.915973 0.366502 0.366506
0.916061 0.366505 0.366509
0.91615 0.366508 0.366512
0.916239 0.366511 0.366515
0.916328 0.366514 0.366518
0.916417 0.366517 0.366521
0.916506 0.36652 0.366523
0.916595 0.366523 0.366526
0.916684 0.366526 0.366529
0.916773 0.366529 0.366532
0.916862 0.366532 0.366535
0.916951 0.366535 0.366538
0.91704 0.366538 0.366541
0.917129 0.366541 0.366544
0.917218 0.366544 0.366547
0.917307 0.366546 0.36655
0.917396 0.366549 0.366553
0.917485 0.366552 0.366556
0.917574 0.366555 0.366559
0.917663 0.366558 0.366562
0.917752 0.366561 0.366565
0.917841 0.366564 0.366568
0.91793 0.366567 0.366571
0.918019 0.36657 0.366574
0.918108 0.366573 0.366576
0.918197 0.366576 0.366579
0.918286 0.366579 0.366582
0.918375 0.366582 0.366585
0.918464 0.366584 0.366588
0.918554 0.366587 0.366591
0.918643 0.36659 0.366594
0.918732 0.366593 0.366597
0.918821 0.366596 0.3666
0.91891 0.366599 0.366603
0.918999 0.366602 0.366605
0.919088 0.366605 0.366608
0.919178 0.366608 0.366611
0.919267 0.36661 0.366614
0.919356 0.366613 0.366617
0.919445 0.366616 0.36662
0.919534 0.366619 0.366623
0.919624 0.366622 0.366625
0.919713 0.366625 0.366628
0.919802 0.366628 0.366631
0.919891 0.36663 0.366634
0.919981 0.366633 0.366637
0.92007 0.366636 0.36664
0.920159 0.366639 0.366643
0.920248 0.366642 0.366645
0.920338 0.366645 0.366648
0.920427 0.366647 0.366651
0.920516 0.36665 0.366654
0.920606 0.366653 0.366657
0.920695 0.366656 0.36666
0.920784 0.366659 0.366662
0.920874 0.366662 0.366665
0.920963 0.366664 0.366668
0.921052 0.366667 0.366671
0.921142 0.36667 0.366674
0.921231 0.366673 0.366676
0.92132 0.366676 0.366679
0.92141 0.366678 0.366682
0.921499 0.366681 0.366685
0.921588 0.366684 0.366688
0.921678 0.366687 0.36669
0.921767 0.36669 0.366693
0.921857 0.366692 0.366696
0.921946 0.366695 0.366699
0.922036 0.366698 0.366702
0.922125 0.366701 0.366704
0.922215 0.366703 0.366707
0.922304 0.366706 0.36671
0.922393 0.366709 0.366713
0.922483 0.366712 0.366715
0.922572 0.366714 0.366718
0.922662 0.366717 0.366721
0.922751 0.36672 0.366724
0.922841 0.366723 0.366726
0.92293 0.366725 0.366729
0.92302 0.366728 0.366732
0.92311 0.366731 0.366735
0.923199 0.366734 0.366737
0.923289 0.366736 0.36674
0.923378 0.366739 0.366743
0.923468 0.366742 0.366745
0.923557 0.366745 0.366748
0.923647 0.366747 0.366751
0.923737 0.36675 0.366754
0.923826 0.366753 0.366756
0.923916 0.366755 0.366759
0.924005 0.366758 0.366762
0.924095 0.366761 0.366764
0.924185 0.366763 0.366767
0.924274 0.366766 0.36677
0.924364 0.366769 0.366773
0.924454 0.366772 0.366775
0.924543 0.366774 0.366778
0.924633 0.366777 0.366781
0.924723 0.36678 0.366783
0.924812 0.366782 0.366786
0.924902 0.366785 0.366789
0.924992 0.366788 0.366791
0.925082 0.36679 0.366794
0.925171 0.366793 0.366797
0.925261 0.366796 0.366799
0.925351 0.366798 0.366802
0.925441 0.366801 0.366805
0.92553 0.366804 0.366807
0.92562 0.366806 0.36681
0.92571 0.366809 0.366813
0.9258 0.366811 0.366815
0.92589 0.366814 0.366818
0.925979 0.366817 0.36682
0.926069 0.366819 0.366823
0.926159 0.366822 0.366826
0.926249 0.366825 0.366828
0.926339 0.366827 0.366831
0.926429 0.36683 0.366834
0.926518 0.366833 0.366836
0.926608 0.366835 0.366839
0.926698 0.366838 0.366841
0.926788 0.36684 0.366844
0.926878 0.366843 0.366847
0.926968 0.366846 0.366849
0.927058 0.366848 0.366852
0.927148 0.366851 0.366854
0.927238 0.366853 0.366857
0.927328 0.366856 0.36686
0.927417 0.366858 0.366862
0.927507 0.366861 0.366865
0.927597 0.366864 0.366867
0.927687 0.366866 0.36687
0.927777 0.366869 0.366873
0.927867 0.366871 0.366875
0.927957 0.366874 0.366878
0.928047 0.366876 0.36688
0.928137 0.366879 0.366883
0.928227 0.366882 0.366885
0.928317 0.366884 0.366888
0.928407 0.366887 0.36689
0.928497 0.366889 0.366893
0.928588 0.366892 0.366896
0.928678 0.366894 0.366898
0.928768 0.366897 0.366901
0.928858 0.366899 0.366903
0.928948 0.366902 0.366906
0.929038 0.366904 0.366908
0.929128 0.366907 0.366911
0.929218 0.366909 0.366913
0.929308 0.366912 0.366916
0.929398 0.366915 0.366918
0.929489 0.366917 0.366921
0.929579 0.36692 0.366923
0.929669 0.366922 0.366926
0.929759 0.366925 0.366928
0.929849 0.366927 0.366931
0.929939 0.36693 0.366933
0.93003 0.366932 0.366936
0.93012 0.366934 0.366938
0.93021 0.366937 0.366941
0.9303 0.366939 0.366943
0.93039 0.366942 0.366946
0.930481 0.366944 0.366948
0.930571 0.366947 0.366951
0.930661 0.366949 0.366953
0.930751 0.366952 0.366956
0.930842 0.366954 0.366958
0.930932 0.366957 0.366961
0.931022 0.366959 0.366963
0.931113 0.366962 0.366965
0.931203 0.366964 0.366968
0.931293 0.366967 0.36697
0.931384 0.366969 0.366973
0.931474 0.366971 0.366975
0.931564 0.366974 0.366978
0.931655 0.366976 0.36698
0.931745 0.366979 0.366983
0.931835 0.366981 0.366985
0.931926 0.366984 0.366987
0.932016 0.366986 0.36699
0.932106 0.366988 0.366992
0.932197 0.366991 0.366995
0.932287 0.366993 0.366997
0.932378 0.366996 0.366999
0.932468 0.366998 0.367002
0.932559 0.367 0.367004
0.932649 0.367003 0.367007
0.932739 0.367005 0.367009
0.93283 0.367008 0.367011
0.93292 0.36701 0.367014
0.933011 0.367012 0.367016
0.933101 0.367015 0.367019
0.933192 0.367017 0.367021
0.933282 0.36702 0.367023
0.933373 0.367022 0.367026
0.933463 0.367024 0.367028
0.933554 0.367027 0.36703
0.933644 0.367029 0.367033
0.933735 0.367031 0.367035
0.933826 0.367034 0.367038
0.933916 0.367036 0.36704
0.934007 0.367038 0.367042
0.934097 0.367041 0.367045
0.934188 0.367043 0.367047
0.934278 0.367045 0.367049
0.934369 0.367048 0.367052
0.93446 0.36705 0.367054
0.93455 0.367052 0.367056
0.934641 0.367055 0.367059
0.934732 0.367057 0.367061
0.934822 0.367059 0.367063
0.934913 0.367062 0.367066
0.935004 0.367064 0.367068
0.935094 0.367066 0.36707
0.935185 0.367069 0.367072
0.935276 0.367071 0.367075
0.935366 0.367073 0.367077
0.935457 0.367076 0.367079
0.935548 0.367078 0.367082
0.935638 0.36708 0.367084
0.935729 0.367082 0.367086
0.93582 0.367085 0.367089
0.935911 0.367087 0.367091
0.936001 0.367089 0.367093
0.936092 0.367092 0.367095
0.936183 0.367094 0.367098
0.936274 0.367096 0.3671
0.936365 0.367098 0.367102
0.936455 0.367101 0.367104
0.936546 0.367103 0.367107
0.936637 0.367105 0.367109
0.936728 0.367107 0.367111
0.936819 0.36711 0.367114
0.93691 0.367112 0.367116
0.937 0.367114 0.367118
0.937091 0.367116 0.36712
0.937182 0.367119 0.367122
0.937273 0.367121 0.367125
0.937364 0.367123 0.367127
0.937455 0.367125 0.367129
0.937546 0.367128 0.367131
0.937637 0.36713 0.367134
0.937728 0.367132 0.367136
0.937818 0.367134 0.367138
0.937909 0.367136 0.36714
0.938 0.367139 0.367142
0.938091 0.367141 0.367145
0.938182 0.367143 0.367147
0.938273 0.367145 0.367149
0.938364 0.367147 0.367151
0.938455 0.36715 0.367153
0.938546 0.367152 0.367156
0.938637 0.367154 0.367158
0.938728 0.367156 0.36716
0.938819 0.367158 0.367162
0.93891 0.367161 0.367164
0.939001 0.367163 0.367167
0.939092 0.367165 0.367169
0.939184 0.367167 0.367171
0.939275 0.367169 0.367173
0.939366 0.367171 0.367175
0.939457 0.367174 0.367177
0.939548 0.367176 0.36718
0.939639 0.367178 0.367182
0.93973 0.36718 0.367184
0.939821 0.367182 0.367186
0.939912 0.367184 0.367188
0.940004 0.367186 0.36719
0.940095 0.367189 0.367192
0.940186 0.367191 0.367195
0.940277 0.367193 0.367197
0.940368 0.367195 0.367199
0.940459 0.367197 0.367201
0.940551 0.367199 0.367203
0.940642 0.367201 0.367205
0.940733 0.367203 0.367207
0.940824 0.367205 0.367209
0.940915 0.367208 0.367211
0.941007 0.36721 0.367214
0.941098 0.367212 0.367216
0.941189 0.367214 0.367218
0.94128 0.367216 0.36722
0.941372 0.367218 0.367222
0.941463 0.36722 0.367224
0.941554 0.367222 0.367226
0.941646 0.367224 0.367228
0.941737 0.367226 0.36723
0.941828 0.367228 0.367232
0.94192 0.367231 0.367234
0.942011 0.367233 0.367236
0.942102 0.367235 0.367239
0.942194 0.367237 0.367241
0.942285 0.367239 0.367243
0.942376 0.367241 0.367245
0.942468 0.367243 0.367247
0.942559 0.367245 0.367249
0.942651 0.367247 0.367251
0.942742 0.367249 0.367253
0.942833 0.367251 0.367255
0.942925 0.367253 0.367257
0.943016 0.367255 0.367259
0.943108 0.367257 0.367261
0.943199 0.367259 0.367263
0.943291 0.367261 0.367265
0.943382 0.367263 0.367267
0.943474 0.367265 0.367269
0.943565 0.367267 0.367271
0.943656 0.367269 0.367273
0.943748 0.367271 0.367275
0.94384 0.367273 0.367277
0.943931 0.367275 0.367279
0.944023 0.367277 0.367281
0.944114 0.367279 0.367283
0.944206 0.367281 0.367285
0.944297 0.367283 0.367287
0.944389 0.367285 0.367289
0.94448 0.367287 0.367291
0.944572 0.367289 0.367293
0.944664 0.367291 0.367295
0.944755 0.367293 0.367297
0.944847 0.367295 0.367299
0.944938 0.367297 0.367301
0.94503 0.367299 0.367303
0.945122 0.367301 0.367305
0.945213 0.367303 0.367307
0.945305 0.367305 0.367309
0.945397 0.367307 0.367311
0.945488 0.367309 0.367313
0.94558 0.367311 0.367315
0.945672 0.367313 0.367316
0.945763 0.367314 0.367318
0.945855 0.367316 0.36732
0.945947 0.367318 0.367322
0.946038 0.36732 0.367324
0.94613 0.367322 0.367326
0.946222 0.367324 0.367328
0.946314 0.367326 0.36733
0.946405 0.367328 0.367332
0.946497 0.36733 0.367334
0.946589 0.367332 0.367336
0.946681 0.367334 0.367338
0.946773 0.367336 0.367339
0.946864 0.367337 0.367341
0.946956 0.367339 0.367343
0.947048 0.367341 0.367345
0.94714 0.367343 0.367347
0.947232 0.367345 0.367349
0.947324 0.367347 0.367351
0.947415 0.367349 0.367353
0.947507 0.367351 0.367355
0.947599 0.367352 0.367356
0.947691 0.367354 0.367358
0.947783 0.367356 0.36736
0.947875 0.367358 0.367362
0.947967 0.36736 0.367364
0.948059 0.367362 0.367366
0.948151 0.367364 0.367368
0.948243 0.367365 0.367369
0.948335 0.367367 0.367371
0.948426 0.367369 0.367373
0.948518 0.367371 0.367375
0.94861 0.367373 0.367377
0.948702 0.367375 0.367379
0.948794 0.367376 0.36738
0.948886 0.367378 0.367382
0.948978 0.36738 0.367384
0.94907 0.367382 0.367386
0.949162 0.367384 0.367388
0.949254 0.367385 0.367389
0.949347 0.367387 0.367391
0.949439 0.367389 0.367393
0.949531 0.367391 0.367395
0.949623 0.367393 0.367397
0.949715 0.367394 0.367398
0.949807 0.367396 0.3674
0.949899 0.367398 0.367402
0.949991 0.3674 0.367404
0.950083 0.367402 0.367406
0.950175 0.367403 0.367407
0.950267 0.367405 0.367409
0.95036 0.367407 0.367411
0.950452 0.367409 0.367413
0.950544 0.36741 0.367414
0.950636 0.367412 0.367416
0.950728 0.367414 0.367418
0.95082 0.367416 0.36742
0.950913 0.367417 0.367421
0.951005 0.367419 0.367423
0.951097 0.367421 0.367425
0.951189 0.367423 0.367427
0.951282 0.367424 0.367428
0.951374 0.367426 0.36743
0.951466 0.367428 0.367432
0.951558 0.36743 0.367434
0.951651 0.367431 0.367435
0.951743 0.367433 0.367437
0.951835 0.367435 0.367439
0.951927 0.367437 0.36744
0.95202 0.367438 0.367442
0.952112 0.36744 0.367444
0.952204 0.367442 0.367446
0.952297 0.367443 0.367447
0.952389 0.367445 0.367449
0.952481 0.367447 0.367451
0.952574 0.367448 0.367452
0.952666 0.36745 0.367454
0.952759 0.367452 0.367456
0.952851 0.367453 0.367457
0.952943 0.367455 0.367459
0.953036 0.367457 0.367461
0.953128 0.367458 0.367462
0.953221 0.36746 0.367464
0.953313 0.367462 0.367466
0.953405 0.367463 0.367467
0.953498 0.367465 0.367469
0.95359 0.367467 0.367471
0.953683 0.367468 0.367472
0.953775 0.36747 0.367474
0.953868 0.367472 0.367476
0.95396 0.367473 0.367477
0.954053 0.367475 0.367479
0.954145 0.367477 0.367481
0.954238 0.367478 0.367482
0.95433 0.36748 0.367484
0.954423 0.367482 0.367486
0.954515 0.367483 0.367487
0.954608 0.367485 0.367489
0.954701 0.367486 0.36749
0.954793 0.367488 0.367492
0.954886 0.36749 0.367494
0.954978 0.367491 0.367495
0.955071 0.367493 0.367497
0.955164 0.367494 0.367498
0.955256 0.367496 0.3675
0.955349 0.367498 0.367502
0.955441 0.367499 0.367503
0.955534 0.367501 0.367505
0.955627 0.367502 0.367506
0.955719 0.367504 0.367508
0.955812 0.367506 0.36751
0.955905 0.367507 0.367511
0.955997 0.367509 0.367513
0.95609 0.36751 0.367514
0.956183 0.367512 0.367516
0.956276 0.367513 0.367517
0.956368 0.367515 0.367519
0.956461 0.367516 0.36752
0.956554 0.367518 0.367522
0.956647 0.36752 0.367524
0.956739 0.367521 0.367525
0.956832 0.367523 0.367527
0.956925 0.367524 0.367528
0.957018 0.367526 0.36753
0.95711 0.367527 0.367531
0.957203 0.367529 0.367533
0.957296 0.36753 0.367534
0.957389 0.367532 0.367536
0.957482 0.367533 0.367537
0.957575 0.367535 0.367539
0.957667 0.367536 0.36754
0.95776 0.367538 0.367542
0.957853 0.367539 0.367543
0.957946 0.367541 0.367545
0.958039 0.367542 0.367546
0.958132 0.367544 0.367548
0.958225 0.367545 0.367549
0.958318 0.367547 0.367551
0.958411 0.367548 0.367552
0.958504 0.36755 0.367554
0.958597 0.367551 0.367555
0.95869 0.367553 0.367557
0.958783 0.367554 0.367558
0.958875 0.367556 0.36756
0.958968 0.367557 0.367561
0.959061 0.367559 0.367563
0.959154 0.36756 0.367564
0.959247 0.367561 0.367566
0.95934 0.367563 0.367567
0.959434 0.367564 0.367568
0.959527 0.367566 0.36757
0.95962 0.367567 0.367571
0.959713 0.367569 0.367573
0.959806 0.36757 0.367574
0.959899 0.367572 0.367576
0.959992 0.367573 0.367577
0.960085 0.367574 0.367578
0.960178 0.367576 0.36758
0.960271 0.367577 0.367581
0.960364 0.367579 0.367583
0.960457 0.36758 0.367584
0.960551 0.367581 0.367586
0.960644 0.367583 0.367587
0.960737 0.367584 0.367588
0.96083 0.367586 0.36759
0.960923 0.367587 0.367591
0.961016 0.367588 0.367593
0.96111 0.36759 0.367594
0.961203 0.367591 0.367595
0.961296 0.367593 0.367597
0.961389 0.367594 0.367598
0.961483 0.367595 0.367599
0.961576 0.367597 0.367601
0.961669 0.367598 0.367602
0.961762 0.367599 0.367604
0.961856 0.367601 0.367605
0.961949 0.367602 0.367606
0.962042 0.367604 0.367608
0.962135 0.367605 0.367609
0.962229 0.367606 0.36761
0.962322 0.367608 0.367612
0.962415 0.367609 0.367613
0.962509 0.36761 0.367614
0.962602 0.367612 0.367616
0.962695 0.367613 0.367617
0.962789 0.367614 0.367618
0.962882 0.367616 0.36762
0.962976 0.367617 0.367621
0.963069 0.367618 0.367622
0.963162 0.36762 0.367624
0.963256 0.367621 0.367625
0.963349 0.367622 0.367626
0.963443 0.367623 0.367628
0.963536 0.367625 0.367629
0.963629 0.367626 0.36763
0.963723 0.367627 0.367631
0.963816 0.367629 0.367633
0.96391 0.36763 0.367634
0.964003 0.367631 0.367635
0.964097 0.367632 0.367637
0.96419 0.367634 0.367638
0.964284 0.367635 0.367639
0.964377 0.367636 0.36764
0.964471 0.367638 0.367642
0.964564 0.367639 0.367643
0.964658 0.36764 0.367644
0.964752 0.367641 0.367645
0.964845 0.367643 0.367647
0.964939 0.367644 0.367648
0.965032 0.367645 0.367649
0.965126 0.367646 0.36765
0.965219 0.367648 0.367652
0.965313 0.367649 0.367653
0.965407 0.36765 0.367654
0.9655 0.367651 0.367655
0.965594 0.367653 0.367657
0.965688 0.367654 0.367658
0.965781 0.367655 0.367659
0.965875 0.367656 0.36766
0.965969 0.367657 0.367662
0.966062 0.367659 0.367663
0.966156 0.36766 0.367664
0.96625 0.367661 0.367665
0.966343 0.367662 0.367666
0.966437 0.367663 0.367668
0.966531 0.367665 0.367669
0.966625 0.367666 0.36767
0.966718 0.367667 0.367671
0.966812 0.367668 0.367672
0.966906 0.367669 0.367673
0.967 0.367671 0.367675
0.967093 0.367672 0.367676
0.967187 0.367673 0.367677
0.967281 0.367674 0.367678
0.967375 0.367675 0.367679
0.967469 0.367676 0.367681
0.967563 0.367678 0.367682
0.967656 0.367679 0.367683
0.96775 0.36768 0.367684
0.967844 0.367681 0.367685
0.967938 0.367682 0.367686
0.968032 0.367683 0.367687
0.968126 0.367684 0.367689
0.96822 0.367686 0.36769
0.968314 0.367687 0.367691
0.968407 0.367688 0.367692
0.968501 0.367689 0.367693
0.968595 0.36769 0.367694
0.968689 0.367691 0.367695
0.968783 0.367692 0.367696
0.968877 0.367693 0.367698
0.968971 0.367694 0.367699
0.969065 0.367696 0.3677
0.969159 0.367697 0.367701
0.969253 0.367698 0.367702
0.969347 0.367699 0.367703
0.969441 0.3677 0.367704
0.969535 0.367701 0.367705
0.969629 0.367702 0.367706
0.969723 0.367703 0.367707
0.969817 0.367704 0.367708
0.969911 0.367705 0.36771
0.970006 0.367706 0.367711
0.9701 0.367708 0.367712
0.970194 0.367709 0.367713
0.970288 0.36771 0.367714
0.970382 0.367711 0.367715
0.970476 0.367712 0.367716
0.97057 0.367713 0.367717
0.970664 0.367714 0.367718
0.970758 0.367715 0.367719
0.970853 0.367716 0.36772
0.970947 0.367717 0.367721
0.971041 0.367718 0.367722
0.971135 0.367719 0.367723
0.971229 0.36772 0.367724
0.971324 0.367721 0.367725
0.971418 0.367722 0.367726
0.971512 0.367723 0.367727
0.971606 0.367724 0.367728
0.971701 0.367725 0.367729
0.971795 0.367726 0.36773
0.971889 0.367727 0.367731
0.971983 0.367728 0.367732
0.972078 0.367729 0.367733
0.972172 0.36773 0.367734
0.972266 0.367731 0.367735
0.972361 0.367732 0.367736
0.972455 0.367733 0.367737
0.972549 0.367734 0.367738
0.972644 0.367735 0.367739
0.972738 0.367736 0.36774
0.972832 0.367737 0.367741
0.972927 0.367738 0.367742
0.973021 0.367739 0.367743
0.973115 0.36774 0.367744
0.97321 0.367741 0.367745
0.973304 0.367742 0.367746
0.973399 0.367743 0.367747
0.973493 0.367744 0.367748
0.973587 0.367745 0.367749
0.973682 0.367746 0.36775
0.973776 0.367747 0.367751
0.973871 0.367747 0.367752
0.973965 0.367748 0.367753
0.97406 0.367749 0.367754
0.974154 0.36775 0.367754
0.974249 0.367751 0.367755
0.974343 0.367752 0.367756
0.974438 0.367753 0.367757
0.974532 0.367754 0.367758
0.974627 0.367755 0.367759
0.974721 0.367756 0.36776
0.974816 0.367757 0.367761
0.974911 0.367757 0.367762
0.975005 0.367758 0.367763
0.9751 0.367759 0.367763
0.975194 0.36776 0.367764
0.975289 0.367761 0.367765
0.975384 0.367762 0.367766
0.975478 0.367763 0.367767
0.975573 0.367764 0.367768
0.975667 0.367765 0.367769
0.975762 0.367765 0.36777
0.975857 0.367766 0.36777
0.975951 0.367767 0.367771
0.976046 0.367768 0.367772
0.976141 0.367769 0.367773
0.976236 0.36777 0.367774
0.97633 0.367771 0.367775
0.976425 0.367771 0.367776
0.97652 0.367772 0.367776
0.976614 0.367773 0.367777
0.976709 0.367774 0.367778
0.976804 0.367775 0.367779
0.976899 0.367776 0.36778
0.976993 0.367776 0.367781
0.977088 0.367777 0.367781
0.977183 0.367778 0.367782
0.977278 0.367779 0.367783
0.977373 0.36778 0.367784
0.977468 0.36778 0.367785
0.977562 0.367781 0.367785
0.977657 0.367782 0.367786
0.977752 0.367783 0.367787
0.977847 0.367784 0.367788
0.977942 0.367784 0.367789
0.978037 0.367785 0.367789
0.978132 0.367786 0.36779
0.978226 0.367787 0.367791
0.978321 0.367787 0.367792
0.978416 0.367788 0.367793
0.978511 0.367789 0.367793
0.978606 0.36779 0.367794
0.978701 0.367791 0.367795
0.978796 0.367791 0.367796
0.978891 0.367792 0.367796
0.978986 0.367793 0.367797
0.979081 0.367794 0.367798
0.979176 0.367794 0.367799
0.979271 0.367795 0.367799
0.979366 0.367796 0.3678
0.979461 0.367797 0.367801
0.979556 0.367797 0.367802
0.979651 0.367798 0.367802
0.979746 0.367799 0.367803
0.979841 0.367799 0.367804
0.979936 0.3678 0.367804
0.980031 0.367801 0.367805
0.980127 0.367802 0.367806
0.980222 0.367802 0.367807
0.980317 0.367803 0.367807
0.980412 0.367804 0.367808
0.980507 0.367804 0.367809
0.980602 0.367805 0.367809
0.980697 0.367806 0.36781
0.980792 0.367806 0.367811
0.980888 0.367807 0.367811
0.980983 0.367808 0.367812
0.981078 0.367808 0.367813
0.981173 0.367809 0.367813
0.981268 0.36781 0.367814
0.981364 0.36781 0.367815
0.981459 0.367811 0.367815
0.981554 0.367812 0.367816
0.981649 0.367812 0.367817
0.981745 0.367813 0.367817
0.98184 0.367814 0.367818
0.981935 0.367814 0.367819
0.98203 0.367815 0.367819
0.982126 0.367816 0.36782
0.982221 0.367816 0.367821
0.982316 0.367817 0.367821
0.982412 0.367818 0.367822
0.982507 0.367818 0.367822
0.982602 0.367819 0.367823
0.982698 0.367819 0.367824
0.982793 0.36782 0.367824
0.982888 0.367821 0.367825
0.982984 0.367821 0.367826
0.983079 0.367822 0.367826
0.983175 0.367822 0.367827
0.98327 0.367823 0.367827
0.983365 0.367824 0.367828
0.983461 0.367824 0.367829
0.983556 0.367825 0.367829
0.983652 0.367825 0.36783
0.983747 0.367826 0.36783
0.983843 0.367827 0.367831
0.983938 0.367827 0.367831
0.984034 0.367828 0.367832
0.984129 0.367828 0.367833
0.984225 0.367829 0.367833
0.98432 0.367829 0.367834
0.984416 0.36783 0.367834
0.984511 0.367831 0.367835
0.984607 0.367831 0.367835
0.984702 0.367832 0.367836
0.984798 0.367832 0.367836
0.984893 0.367833 0.367837
0.984989 0.367833 0.367838
0.985085 0.367834 0.367838
0.98518 0.367834 0.367839
0.985276 0.367835 0.367839
0.985372 0.367835 0.36784
0.985467 0.367836 0.36784
0.985563 0.367836 0.367841
0.985658 0.367837 0.367841
0.985754 0.367837 0.367842
0.98585 0.367838 0.367842
0.985945 0.367838 0.367843
0.986041 0.367839 0.367843
0.986137 0.367839 0.367844
0.986233 0.36784 0.367844
0.986328 0.36784 0.367845
0.986424 0.367841 0.367845
0.98652 0.367841 0.367846
0.986616 0.367842 0.367846
0.986711 0.367842 0.367847
0.986807 0.367843 0.367847
0.986903 0.367843 0.367848
0.986999 0.367844 0.367848
0.987094 0.367844 0.367849
0.98719 0.367845 0.367849
0.987286 0.367845 0.367849
0.987382 0.367846 0.36785
0.987478 0.367846 0.36785
0.987574 0.367846 0.367851
0.987669 0.367847 0.367851
0.987765 0.367847 0.367852
0.987861 0.367848 0.367852
0.987957 0.367848 0.367853
0.988053 0.367849 0.367853
0.988149 0.367849 0.367853
0.988245 0.367849 0.367854
0.988341 0.36785 0.367854
0.988437 0.36785 0.367855
0.988533 0.367851 0.367855
0.988629 0.367851 0.367855
0.988725 0.367852 0.367856
0.988821 0.367852 0.367856
0.988917 0.367852 0.367857
0.989012 0.367853 0.367857
0.989109 0.367853 0.367857
0.989205 0.367853 0.367858
0.989301 0.367854 0.367858
0.989397 0.367854 0.367859
0.989493 0.367855 0.367859
0.989589 0.367855 0.367859
0.989685 0.367855 0.36786
0.989781 0.367856 0.36786
0.989877 0.367856 0.36786
0.989973 0.367856 0.367861
0.990069 0.367857 0.367861
0.990165 0.367857 0.367862
0.990261 0.367857 0.367862
0.990357 0.367858 0.367862
0.990454 0.367858 0.367863
0.99055 0.367859 0.367863
0.990646 0.367859 0.367863
0.990742 0.367859 0.367864
0.990838 0.36786 0.367864
0.990934 0.36786 0.367864
0.991031 0.36786 0.367865
0.991127 0.36786 0.367865
0.991223 0.367861 0.367865
0.991319 0.367861 0.367866
0.991416 0.367861 0.367866
0.991512 0.367862 0.367866
0.991608 0.367862 0.367866
0.991704 0.367862 0.367867
0.991801 0.367863 0.367867
0.991897 0.367863 0.367867
0.991993 0.367863 0.367868
0.99209 0.367863 0.367868
0.992186 0.367864 0.367868
0.992282 0.367864 0.367868
0.992379 0.367864 0.367869
0.992475 0.367865 0.367869
0.992571 0.367865 0.367869
0.992668 0.367865 0.36787
0.992764 0.367865 0.36787
0.99286 0.367866 0.36787
0.992957 0.367866 0.36787
0.993053 0.367866 0.367871
0.99315 0.367866 0.367871
0.993246 0.367867 0.367871
0.993343 0.367867 0.367871
0.993439 0.367867 0.367871
0.993535 0.367867 0.367872
0.993632 0.367868 0.367872
0.993728 0.367868 0.367872
0.993825 0.367868 0.367872
0.993921 0.367868 0.367873
0.994018 0.367868 0.367873
0.994114 0.367869 0.367873
0.994211 0.367869 0.367873
0.994307 0.367869 0.367873
0.994404 0.367869 0.367874
0.994501 0.367869 0.367874
0.994597 0.36787 0.367874
0.994694 0.36787 0.367874
0.99479 0.36787 0.367874
0.994887 0.36787 0.367875
0.994983 0.36787 0.367875
0.99508 0.367871 0.367875
0.995177 0.367871 0.367875
0.995273 0.367871 0.367875
0.99537 0.367871 0.367875
0.995467 0.367871 0.367876
0.995563 0.367871 0.367876
0.99566 0.367872 0.367876
0.995757 0.367872 0.367876
0.995853 0.367872 0.367876
0.99595 0.367872 0.367876
0.996047 0.367872 0.367877
0.996144 0.367872 0.367877
0.99624 0.367872 0.367877
0.996337 0.367873 0.367877
0.996434 0.367873 0.367877
0.996531 0.367873 0.367877
0.996627 0.367873 0.367877
0.996724 0.367873 0.367877
0.996821 0.367873 0.367878
0.996918 0.367873 0.367878
0.997015 0.367873 0.367878
0.997111 0.367873 0.367878
0.997208 0.367874 0.367878
0.997305 0.367874 0.367878
0.997402 0.367874 0.367878
0.997499 0.367874 0.367878
0.997596 0.367874 0.367878
0.997693 0.367874 0.367878
0.997789 0.367874 0.367879
0.997886 0.367874 0.367879
0.997983 0.367874 0.367879
0.99808 0.367874 0.367879
0.998177 0.367874 0.367879
0.998274 0.367874 0.367879
0.998371 0.367874 0.367879
0.998468 0.367875 0.367879
0.998565 0.367875 0.367879
0.998662 0.367875 0.367879
0.998759 0.367875 0.367879
0.998856 0.367875 0.367879
0.998953 0.367875 0.367879
0.99905 0.367875 0.367879
0.999147 0.367875 0.367879
0.999244 0.367875 0.367879
0.999341 0.367875 0.367879
0.999438 0.367875 0.367879
0.999535 0.367875 0.367879
0.999632 0.367875 0.367879
0.99973 0.367875 0.367879
0.999827 0.367875 0.367879
0.999924 0.367875 0.367879
1.00002 0.367875 0.367879
1.00012 0.367875 0.367879
1.00022 0.367875 0.367879
1.00031 0.367875 0.367879
1.00041 0.367875 0.367879
1.00051 0.367875 0.367879
1.0006 0.367875 0.367879
1.0007 0.367875 0.367879
1.0008 0.367875 0.367879
1.0009 0.367875 0.367879
1.00099 0.367875 0.367879
1.00109 0.367875 0.367879
1.00119 0.367875 0.367879
1.00128 0.367875 0.367879
1.00138 0.367875 0.367879
1.00148 0.367875 0.367879
1.00158 0.367874 0.367879
1.00167 0.367874 0.367879
1.00177 0.367874 0.367879
1.00187 0.367874 0.367879
1.00197 0.367874 0.367879
1.00206 0.367874 0.367879
1.00216 0.367874 0.367879
1.00226 0.367874 0.367879
1.00235 0.367874 0.367878
1.00245 0.367874 0.367878
1.00255 0.367874 0.367878
1.00265 0.367874 0.367878
1.00274 0.367874 0.367878
1.00284 0.367873 0.367878
1.00294 0.367873 0.367878
1.00304 0.367873 0.367878
1.00313 0.367873 0.367878
1.00323 0.367873 0.367878
1.00333 0.367873 0.367877
1.00343 0.367873 0.367877
1.00352 0.367873 0.367877
1.00362 0.367873 0.367877
1.00372 0.367872 0.367877
1.00382 0.367872 0.367877
1.00391 0.367872 0.367877
1.00401 0.367872 0.367876
1.00411 0.367872 0.367876
1.00421 0.367872 0.367876
1.0043 0.367872 0.367876
1.0044 0.367871 0.367876
1.0045 0.367871 0.367876
1.0046 0.367871 0.367876
1.00469 0.367871 0.367875
1.00479 0.367871 0.367875
1.00489 0.367871 0.367875
1.00499 0.36787 0.367875
1.00509 0.36787 0.367875
1.00518 0.36787 0.367875
1.00528 0.36787 0.367874
1.00538 0.36787 0.367874
1.00548 0.367869 0.367874
1.00557 0.367869 0.367874
1.00567 0.367869 0.367874
1.00577 0.367869 0.367873
1.00587 0.367869 0.367873
1.00596 0.367868 0.367873
1.00606 0.367868 0.367873
1.00616 0.367868 0.367872
1.00626 0.367868 0.367872
1.00636 0.367867 0.367872
1.00645 0.367867 0.367872
1.00655 0.367867 0.367872
1.00665 0.367867 0.367871
1.00675 0.367867 0.367871
1.00684 0.367866 0.367871
1.00694 0.367866 0.367871
1.00704 0.367866 0.36787
1.00714 0.367866 0.36787
1.00724 0.367865 0.36787
1.00733 0.367865 0.36787
1.00743 0.367865 0.367869
1.00753 0.367864 0.367869
1.00763 0.367864 0.367869
1.00773 0.367864 0.367869
1.00782 0.367864 0.367868
1.00792 0.367863 0.367868
1.00802 0.367863 0.367868
1.00812 0.367863 0.367867
1.00822 0.367863 0.367867
1.00831 0.367862 0.367867
1.00841 0.367862 0.367866
1.00851 0.367862 0.367866
1.00861 0.367861 0.367866
1.00871 0.367861 0.367866
1.0088 0.367861 0.367865
1.0089 0.36786 0.367865
1.009 0.36786 0.367865
1.0091 0.36786 0.367864
1.0092 0.367859 0.367864
1.00929 0.367859 0.367864
1.00939 0.367859 0.367863
1.00949 0.367858 0.367863
1.00959 0.367858 0.367863
1.00969 0.367858 0.367862
1.00978 0.367857 0.367862
1.00988 0.367857 0.367862
1.00998 0.367857 0.367861
1.01008 0.367856 0.367861
1.01018 0.367856 0.367861
1.01028 0.367856 0.36786
1.01037 0.367855 0.36786
1.01047 0.367855 0.367859
1.01057 0.367854 0.367859
1.01067 0.367854 0.367859
1.01077 0.367854 0.367858
1.01087 0.367853 0.367858
1.01096 0.367853 0.367857
1.01106 0.367852 0.367857
1.01116 0.367852 0.367857
1.01126 0.367852 0.367856
1.01136 0.367851 0.367856
1.01145 0.367851 0.367855
1.01155 0.36785 0.367855
1.01165 0.36785 0.367855
1.01175 0.36785 0.367854
1.01185 0.367849 0.367854
1.01195 0.367849 0.367853
1.01205 0.367848 0.367853
1.01214 0.367848 0.367853
1.01224 0.367847 0.367852
1.01234 0.367847 0.367852
1.01244 0.367847 0.367851
1.01254 0.367846 0.367851
1.01264 0.367846 0.36785
1.01273 0.367845 0.36785
1.01283 0.367845 0.367849
1.01293 0.367844 0.367849
1.01303 0.367844 0.367848
1.01313 0.367843 0.367848
1.01323 0.367843 0.367848
1.01332 0.367842 0.367847
1.01342 0.367842 0.367847
1.01352 0.367841 0.367846
1.01362 0.367841 0.367846
1.01372 0.36784 0.367845
1.01382 0.36784 0.367845
1.01392 0.36784 0.367844
1.01401 0.367839 0.367844
1.01411 0.367838 0.367843
1.01421 0.367838 0.367843
1.01431 0.367837 0.367842
1.01441 0.367837 0.367842
1.01451 0.367836 0.367841
1.01461 0.367836 0.367841
1.01471 0.367835 0.36784
1.0148 0.367835 0.36784
1.0149 0.367834 0.367839
1.015 0.367834 0.367838
1.0151 0.367833 0.367838
1.0152 0.367833 0.367837
1.0153 0.367832 0.367837
1.0154 0.367832 0.367836
1.0155 0.367831 0.367836
1.01559 0.367831 0.367835
1.01569 0.36783 0.367835
1.01579 0.367829 0.367834
1.01589 0.367829 0.367833
1.01599 0.367828 0.367833
1.01609 0.367828 0.367832
1.01619 0.367827 0.367832
1.01629 0.367827 0.367831
1.01638 0.367826 0.367831
1.01648 0.367825 0.36783
1.01658 0.367825 0.367829
1.01668 0.367824 0.367829
1.01678 0.367824 0.367828
1.01688 0.367823 0.367828
1.01698 0.367822 0.367827
1.01708 0.367822 0.367826
1.01718 0.367821 0.367826
1.01727 0.36782 0.367825
1.01737 0.36782 0.367825
1.01747 0.367819 0.367824
1.01757 0.367819 0.367823
1.01767 0.367818 0.367823
1.01777 0.367817 0.367822
1.01787 0.367817 0.367821
1.01797 0.367816 0.367821
1.01807 0.367815 0.36782
1.01817 0.367815 0.367819
1.01826 0.367814 0.367819
1.01836 0.367813 0.367818
1.01846 0.367813 0.367818
1.01856 0.367812 0.367817
1.01866 0.367811 0.367816
1.01876 0.367811 0.367816
1.01886 0.36781 0.367815
1.01896 0.367809 0.367814
1.01906 0.367809 0.367813
1.01916 0.367808 0.367813
1.01926 0.367807 0.367812
1.01935 0.367807 0.367811
1.01945 0.367806 0.367811
1.01955 0.367805 0.36781
1.01965 0.367805 0.367809
1.01975 0.367804 0.367809
1.01985 0.367803 0.367808
1.01995 0.367802 0.367807
1.02005 0.367802 0.367806
1.02015 0.367801 0.367806
1.02025 0.3678 0.367805
1.02035 0.3678 0.367804
1.02045 0.367799 0.367804
1.02054 0.367798 0.367803
1.02064 0.367797 0.367802
1.02074 0.367797 0.367801
1.02084 0.367796 0.367801
1.02094 0.367795 0.3678
1.02104 0.367794 0.367799
1.02114 0.367794 0.367798
1.02124 0.367793 0.367798
1.02134 0.367792 0.367797
1.02144 0.367791 0.367796
1.02154 0.367791 0.367795
1.02164 0.36779 0.367795
1.02174 0.367789 0.367794
1.02184 0.367788 0.367793
1.02194 0.367787 0.367792
1.02204 0.367787 0.367791
1.02213 0.367786 0.367791
1.02223 0.367785 0.36779
1.02233 0.367784 0.367789
1.02243 0.367784 0.367788
1.02253 0.367783 0.367787
1.02263 0.367782 0.367787
1.02273 0.367781 0.367786
1.02283 0.36778 0.367785
1.02293 0.367779 0.367784
1.02303 0.367779 0.367783
1.02313 0.367778 0.367783
1.02323 0.367777 0.367782
1.02333 0.367776 0.367781
1.02343 0.367775 0.36778
1.02353 0.367774 0.367779
1.02363 0.367774 0.367778
1.02373 0.367773 0.367778
1.02383 0.367772 0.367777
1.02393 0.367771 0.367776
1.02403 0.36777 0.367775
1.02413 0.367769 0.367774
1.02423 0.367768 0.367773
1.02433 0.367768 0.367772
1.02443 0.367767 0.367771
1.02452 0.367766 0.367771
1.02462 0.367765 0.36777
1.02472 0.367764 0.367769
1.02482 0.367763 0.367768
1.02492 0.367762 0.367767
1.02502 0.367761 0.367766
1.02512 0.36776 0.367765
1.02522 0.36776 0.367764
1.02532 0.367759 0.367763
1.02542 0.367758 0.367763
1.02552 0.367757 0.367762
1.02562 0.367756 0.367761
1.02572 0.367755 0.36776
1.02582 0.367754 0.367759
1.02592 0.367753 0.367758
1.02602 0.367752 0.367757
1.02612 0.367751 0.367756
1.02622 0.36775 0.367755
1.02632 0.367749 0.367754
1.02642 0.367748 0.367753
1.02652 0.367748 0.367752
1.02662 0.367747 0.367751
1.02672 0.367746 0.36775
1.02682 0.367745 0.367749
1.02692 0.367744 0.367749
1.02702 0.367743 0.367748
1.02712 0.367742 0.367747
1.02722 0.367741 0.367746
1.02732 0.36774 0.367745
1.02742 0.367739 0.367744
1.02752 0.367738 0.367743
1.02762 0.367737 0.367742
1.02772 0.367736 0.367741
1.02782 0.367735 0.36774
1.02792 0.367734 0.367739
1.02802 0.367733 0.367738
1.02812 0.367732 0.367737
1.02822 0.367731 0.367736
1.02832 0.36773 0.367735
1.02842 0.367729 0.367734
1.02852 0.367728 0.367733
1.02862 0.367727 0.367732
1.02872 0.367726 0.367731
1.02882 0.367725 0.36773
1.02892 0.367724 0.367729
1.02902 0.367723 0.367727
1.02912 0.367722 0.367726
1.02922 0.367721 0.367725
1.02932 0.36772 0.367724
1.02942 0.367718 0.367723
1.02952 0.367717 0.367722
1.02962 0.367716 0.367721
1.02972 0.367715 0.36772
1.02982 0.367714 0.367719
1.02992 0.367713 0.367718
1.03003 0.367712 0.367717
1.03013 0.367711 0.367716
1.03023 0.36771 0.367715
1.03033 0.367709 0.367714
1.03043 0.367708 0.367713
1.03053 0.367707 0.367711
1.03063 0.367706 0.36771
1.03073 0.367704 0.367709
1.03083 0.367703 0.367708
1.03093 0.367702 0.367707
1.03103 0.367701 0.367706
1.03113 0.3677 0.367705
1.03123 0.367699 0.367704
1.03133 0.367698 0.367703
1.03143 0.367697 0.367701
1.03153 0.367696 0.3677
1.03163 0.367694 0.367699
1.03173 0.367693 0.367698
1.03183 0.367692 0.367697
1.03193 0.367691 0.367696
1.03203 0.36769 0.367695
1.03213 0.367689 0.367694
1.03223 0.367688 0.367692
1.03233 0.367686 0.367691
1.03244 0.367685 0.36769
1.03254 0.367684 0.367689
1.03264 0.367683 0.367688
1.03274 0.367682 0.367687
1.03284 0.367681 0.367685
1.03294 0.367679 0.367684
1.03304 0.367678 0.367683
1.03314 0.367677 0.367682
1.03324 0.367676 0.367681
1.03334 0.367675 0.367679
1.03344 0.367673 0.367678
1.03354 0.367672 0.367677
1.03364 0.367671 0.367676
1.03374 0.36767 0.367675
1.03384 0.367669 0.367673
1.03395 0.367667 0.367672
1.03405 0.367666 0.367671
1.03415 0.367665 0.36767
1.03425 0.367664 0.367669
1.03435 0.367662 0.367667
1.03445 0.367661 0.367666
1.03455 0.36766 0.367665
1.03465 0.367659 0.367664
1.03475 0.367658 0.367662
1.03485 0.367656 0.367661
1.03495 0.367655 0.36766
1.03505 0.367654 0.367659
1.03515 0.367652 0.367657
1.03526 0.367651 0.367656
1.03536 0.36765 0.367655
1.03546 0.367649 0.367654
1.03556 0.367647 0.367652
1.03566 0.367646 0.367651
1.03576 0.367645 0.36765
1.03586 0.367644 0.367648
1.03596 0.367642 0.367647
1.03606 0.367641 0.367646
1.03616 0.36764 0.367645
1.03626 0.367638 0.367643
1.03637 0.367637 0.367642
1.03647 0.367636 0.367641
1.03657 0.367634 0.367639
1.03667 0.367633 0.367638
1.03677 0.367632 0.367637
1.03687 0.367631 0.367635
1.03697 0.367629 0.367634
1.03707 0.367628 0.367633
1.03717 0.367627 0.367631
1.03727 0.367625 0.36763
1.03738 0.367624 0.367629
1.03748 0.367623 0.367627
1.03758 0.367621 0.367626
1.03768 0.36762 0.367625
1.03778 0.367618 0.367623
1.03788 0.367617 0.367622
1.03798 0.367616 0.367621
1.03808 0.367614 0.367619
1.03819 0.367613 0.367618
1.03829 0.367612 0.367617
1.03839 0.36761 0.367615
1.03849 0.367609 0.367614
1.03859 0.367608 0.367612
1.03869 0.367606 0.367611
1.03879 0.367605 0.36761
1.03889 0.367603 0.367608
1.03899 0.367602 0.367607
1.0391 0.367601 0.367606
1.0392 0.367599 0.367604
1.0393 0.367598 0.367603
1.0394 0.367596 0.367601
1.0395 0.367595 0.3676
1.0396 0.367594 0.367598
1.0397 0.367592 0.367597
1.03981 0.367591 0.367596
1.03991 0.367589 0.367594
1.04001 0.367588 0.367593
1.04011 0.367586 0.367591
1.04021 0.367585 0.36759
1.04031 0.367583 0.367588
1.04041 0.367582 0.367587
1.04052 0.367581 0.367586
1.04062 0.367579 0.367584
1.04072 0.367578 0.367583
1.04082 0.367576 0.367581
1.04092 0.367575 0.36758
1.04102 0.367573 0.367578
1.04112 0.367572 0.367577
1.04123 0.36757 0.367575
1.04133 0.367569 0.367574
1.04143 0.367567 0.367572
1.04153 0.367566 0.367571
1.04163 0.367564 0.367569
1.04173 0.367563 0.367568
1.04183 0.367561 0.367566
1.04194 0.36756 0.367565
1.04204 0.367558 0.367563
1.04214 0.367557 0.367562
1.04224 0.367555 0.36756
1.04234 0.367554 0.367559
1.04244 0.367552 0.367557
1.04255 0.367551 0.367556
1.04265 0.367549 0.367554
1.04275 0.367548 0.367553
1.04285 0.367546 0.367551
1.04295 0.367545 0.36755
1.04305 0.367543 0.367548
1.04316 0.367542 0.367547
1.04326 0.36754 0.367545
1.04336 0.367538 0.367543
1.04346 0.367537 0.367542
1.04356 0.367535 0.36754
1.04367 0.367534 0.367539
1.04377 0.367532 0.367537
1.04387 0.367531 0.367536
1.04397 0.367529 0.367534
1.04407 0.367528 0.367532
1.04417 0.367526 0.367531
1.04428 0.367524 0.367529
1.04438 0.367523 0.367528
1.04448 0.367521 0.367526
1.04458 0.36752 0.367525
1.04468 0.367518 0.367523
1.04479 0.367516 0.367521
1.04489 0.367515 0.36752
1.04499 0.367513 0.367518
1.04509 0.367512 0.367517
1.04519 0.36751 0.367515
1.04529 0.367508 0.367513
1.0454 0.367507 0.367512
1.0455 0.367505 0.36751
1.0456 0.367503 0.367508
1.0457 0.367502 0.367507
1.0458 0.3675 0.367505
1.04591 0.367498 0.367503
1.04601 0.367497 0.367502
1.04611 0.367495 0.3675
1.04621 0.367493 0.367499
1.04632 0.367492 0.367497
1.04642 0.36749 0.367495
1.04652 0.367489 0.367494
1.04662 0.367487 0.367492
1.04672 0.367485 0.36749
1.04683 0.367483 0.367488
1.04693 0.367482 0.367487
1.04703 0.36748 0.367485
1.04713 0.367478 0.367483
1.04723 0.367477 0.367482
1.04734 0.367475 0.36748
1.04744 0.367473 0.367478
1.04754 0.367472 0.367477
1.04764 0.36747 0.367475
1.04775 0.367468 0.367473
1.04785 0.367466 0.367472
1.04795 0.367465 0.36747
1.04805 0.367463 0.367468
1.04815 0.367461 0.367466
1.04826 0.36746 0.367465
1.04836 0.367458 0.367463
1.04846 0.367456 0.367461
1.04856 0.367454 0.367459
1.04867 0.367453 0.367458
1.04877 0.367451 0.367456
1.04887 0.367449 0.367454
1.04897 0.367447 0.367452
1.04908 0.367446 0.367451
1.04918 0.367444 0.367449
1.04928 0.367442 0.367447
1.04938 0.36744 0.367445
1.04948 0.367439 0.367444
1.04959 0.367437 0.367442
1.04969 0.367435 0.36744
1.04979 0.367433 0.367438
1.04989 0.367431 0.367436
1.05 0.36743 0.367435
1.0501 0.367428 0.367433
1.0502 0.367426 0.367431
1.0503 0.367424 0.367429
1.05041 0.367422 0.367427
1.05051 0.367421 0.367426
1.05061 0.367419 0.367424
1.05071 0.367417 0.367422
1.05082 0.367415 0.36742
1.05092 0.367413 0.367418
1.05102 0.367412 0.367417
1.05112 0.36741 0.367415
1.05123 0.367408 0.367413
1.05133 0.367406 0.367411
1.05143 0.367404 0.367409
1.05154 0.367402 0.367407
1.05164 0.3674 0.367406
1.05174 0.367399 0.367404
1.05184 0.367397 0.367402
1.05195 0.367395 0.3674
1.05205 0.367393 0.367398
1.05215 0.367391 0.367396
1.05225 0.367389 0.367394
1.05236 0.367387 0.367392
1.05246 0.367386 0.367391
1.05256 0.367384 0.367389
1.05267 0.367382 0.367387
1.05277 0.36738 0.367385
1.05287 0.367378 0.367383
1.05297 0.367376 0.367381
1.05308 0.367374 0.367379
1.05318 0.367372 0.367377
1.05328 0.36737 0.367375
1.05338 0.367368 0.367374
1.05349 0.367366 0.367372
1.05359 0.367365 0.36737
1.05369 0.367363 0.367368
1.0538 0.367361 0.367366
1.0539 0.367359 0.367364
1.054 0.367357 0.367362
1.05411 0.367355 0.36736
1.05421 0.367353 0.367358
1.05431 0.367351 0.367356
1.05441 0.367349 0.367354
1.05452 0.367347 0.367352
1.05462 0.367345 0.36735
1.05472 0.367343 0.367348
1.05483 0.367341 0.367346
1.05493 0.367339 0.367344
1.05503 0.367337 0.367342
1.05513 0.367335 0.36734
1.05524 0.367333 0.367338
1.05534 0.367331 0.367336
1.05544 0.367329 0.367334
1.05555 0.367327 0.367332
1.05565 0.367325 0.36733
1.05575 0.367323 0.367328
1.05586 0.367321 0.367326
1.05596 0.367319 0.367324
1.05606 0.367317 0.367322
1.05617 0.367315 0.36732
1.05627 0.367313 0.367318
1.05637 0.367311 0.367316
1.05648 0.367309 0.367314
1.05658 0.367307 0.367312
1.05668 0.367305 0.36731
1.05679 0.367303 0.367308
1.05689 0.367301 0.367306
1.05699 0.367299 0.367304
1.05709 0.367297 0.367302
1.0572 0.367295 0.3673
1.0573 0.367293 0.367298
1.0574 0.367291 0.367296
1.05751 0.367289 0.367294
1.05761 0.367287 0.367292
1.05771 0.367285 0.36729
1.05782 0.367283 0.367288
1.05792 0.367281 0.367286
1.05802 0.367278 0.367284
1.05813 0.367276 0.367282
1.05823 0.367274 0.367279
1.05833 0.367272 0.367277
1.05844 0.36727 0.367275
1.05854 0.367268 0.367273
1.05865 0.367266 0.367271
1.05875 0.367264 0.367269
1.05885 0.367262 0.367267
1.05896 0.36726 0.367265
1.05906 0.367257 0.367263
1.05916 0.367255 0.36726
1.05927 0.367253 0.367258
1.05937 0.367251 0.367256
1.05947 0.367249 0.367254
1.05958 0.367247 0.367252
1.05968 0.367245 0.36725
1.05978 0.367242 0.367248
1.05989 0.36724 0.367246
1.05999 0.367238 0.367243
1.06009 0.367236 0.367241
1.0602 0.367234 0.367239
1.0603 0.367232 0.367237
1.06041 0.36723 0.367235
1.06051 0.367227 0.367233
1.06061 0.367225 0.36723
1.06072 0.367223 0.367228
1.06082 0.367221 0.367226
1.06092 0.367219 0.367224
1.06103 0.367216 0.367222
1.06113 0.367214 0.367219
1.06123 0.367212 0.367217
1.06134 0.36721 0.367215
1.06144 0.367208 0.367213
1.06155 0.367205 0.367211
1.06165 0.367203 0.367208
1.06175 0.367201 0.367206
1.06186 0.367199 0.367204
1.06196 0.367197 0.367202
1.06206 0.367194 0.3672
1.06217 0.367192 0.367197
1.06227 0.36719 0.367195
1.06238 0.367188 0.367193
1.06248 0.367185 0.367191
1.06258 0.367183 0.367188
1.06269 0.367181 0.367186
1.06279 0.367179 0.367184
1.0629 0.367176 0.367182
1.063 0.367174 0.367179
1.0631 0.367172 0.367177
1.06321 0.36717 0.367175
1.06331 0.367167 0.367173
1.06342 0.367165 0.36717
1.06352 0.367163 0.367168
1.06362 0.36716 0.367166
1.06373 0.367158 0.367163
1.06383 0.367156 0.367161
1.06394 0.367154 0.367159
1.06404 0.367151 0.367157
1.06414 0.367149 0.367154
1.06425 0.367147 0.367152
1.06435 0.367144 0.36715
1.06446 0.367142 0.367147
1.06456 0.36714 0.367145
1.06466 0.367137 0.367143
1.06477 0.367135 0.36714
1.06487 0.367133 0.367138
1.06498 0.36713 0.367136
1.06508 0.367128 0.367133
1.06518 0.367126 0.367131
1.06529 0.367123 0.367129
1.06539 0.367121 0.367126
1.0655 0.367119 0.367124
1.0656 0.367116 0.367122
1.06571 0.367114 0.367119
1.06581 0.367112 0.367117
1.06591 0.367109 0.367115
1.06602 0.367107 0.367112
1.06612 0.367105 0.36711
1.06623 0.367102 0.367107
1.06633 0.3671 0.367105
1.06644 0.367097 0.367103
1.06654 0.367095 0.3671
1.06664 0.367093 0.367098
1.06675 0.36709 0.367095
1.06685 0.367088 0.367093
1.06696 0.367085 0.367091
1.06706 0.367083 0.367088
1.06717 0.367081 0.367086
1.06727 0.367078 0.367083
1.06737 0.367076 0.367081
1.06748 0.367073 0.367079
1.06758 0.367071 0.367076
1.06769 0.367069 0.367074
1.06779 0.367066 0.367071
1.0679 0.367064 0.367069
1.068 0.367061 0.367066
1.06811 0.367059 0.367064
1.06821 0.367056 0.367062
1.06831 0.367054 0.367059
1.06842 0.367051 0.367057
1.06852 0.367049 0.367054
1.06863 0.367046 0.367052
1.06873 0.367044 0.367049
1.06884 0.367042 0.367047
1.06894 0.367039 0.367044
1.06905 0.367037 0.367042
1.06915 0.367034 0.367039
1.06926 0.367032 0.367037
1.06936 0.367029 0.367034
1.06947 0.367027 0.367032
1.06957 0.367024 0.367029
1.06967 0.367022 0.367027
1.06978 0.367019 0.367024
1.06988 0.367017 0.367022
1.06999 0.367014 0.367019
1.07009 0.367012 0.367017
1.0702 0.367009 0.367014
1.0703 0.367007 0.367012
1.07041 0.367004 0.367009
1.07051 0.367001 0.367007
1.07062 0.366999 0.367004
1.07072 0.366996 0.367002
1.07083 0.366994 0.366999
1.07093 0.366991 0.366997
1.07104 0.366989 0.366994
1.07114 0.366986 0.366992
1.07125 0.366984 0.366989
1.07135 0.366981 0.366986
1.07146 0.366979 0.366984
1.07156 0.366976 0.366981
1.07167 0.366973 0.366979
1.07177 0.366971 0.366976
1.07188 0.366968 0.366974
1.07198 0.366966 0.366971
1.07209 0.366963 0.366968
1.07219 0.36696 0.366966
1.0723 0.366958 0.366963
1.0724 0.366955 0.366961
1.07251 0.366953 0.366958
1.07261 0.36695 0.366955
1.07272 0.366947 0.366953
1.07282 0.366945 0.36695
1.07293 0.366942 0.366948
1.07303 0.36694 0.366945
1.07314 0.366937 0.366942
1.07324 0.366934 0.36694
1.07335 0.366932 0.366937
1.07345 0.366929 0.366934
1.07356 0.366926 0.366932
1.07366 0.366924 0.366929
1.07377 0.366921 0.366926
1.07387 0.366918 0.366924
1.07398 0.366916 0.366921
1.07408 0.366913 0.366918
1.07419 0.36691 0.366916
1.07429 0.366908 0.366913
1.0744 0.366905 0.36691
1.0745 0.366902 0.366908
1.07461 0.3669 0.366905
1.07471 0.366897 0.366902
1.07482 0.366894 0.3669
1.07492 0.366892 0.366897
1.07503 0.366889 0.366894
1.07513 0.366886 0.366892
1.07524 0.366884 0.366889
1.07534 0.366881 0.366886
1.07545 0.366878 0.366884
1.07555 0.366875 0.366881
1.07566 0.366873 0.366878
1.07577 0.36687 0.366875
1.07587 0.366867 0.366873
1.07598 0.366865 0.36687
1.07608 0.366862 0.366867
1.07619 0.366859 0.366864
1.07629 0.366856 0.366862
1.0764 0.366854 0.366859
1.0765 0.366851 0.366856
1.07661 0.366848 0.366853
1.07671 0.366845 0.366851
1.07682 0.366843 0.366848
1.07693 0.36684 0.366845
1.07703 0.366837 0.366842
1.07714 0.366834 0.36684
1.07724 0.366832 0.366837
1.07735 0.366829 0.366834
1.07745 0.366826 0.366831
1.07756 0.366823 0.366829
1.07766 0.36682 0.366826
1.07777 0.366818 0.366823
1.07788 0.366815 0.36682
1.07798 0.366812 0.366817
1.07809 0.366809 0.366815
1.07819 0.366806 0.366812
1.0783 0.366804 0.366809
1.0784 0.366801 0.366806
1.07851 0.366798 0.366803
1.07861 0.366795 0.366801
1.07872 0.366792 0.366798
1.07883 0.366789 0.366795
1.07893 0.366787 0.366792
1.07904 0.366784 0.366789
1.07914 0.366781 0.366786
1.07925 0.366778 0.366783
1.07935 0.366775 0.366781
1.07946 0.366772 0.366778
1.07957 0.36677 0.366775
1.07967 0.366767 0.366772
1.07978 0.366764 0.366769
1.07988 0.366761 0.366766
1.07999 0.366758 0.366763
1.0801 0.366755 0.366761
1.0802 0.366752 0.366758
1.08031 0.366749 0.366755
1.08041 0.366746 0.366752
1.08052 0.366744 0.366749
1.08063 0.366741 0.366746
1.08073 0.366738 0.366743
1.08084 0.366735 0.36674
1.08094 0.366732 0.366737
1.08105 0.366729 0.366735
1.08115 0.366726 0.366732
1.08126 0.366723 0.366729
1.08137 0.36672 0.366726
1.08147 0.366717 0.366723
1.08158 0.366714 0.36672
1.08168 0.366712 0.366717
1.08179 0.366709 0.366714
1.0819 0.366706 0.366711
1.082 0.366703 0.366708
1.08211 0.3667 0.366705
1.08222 0.366697 0.366702
1.08232 0.366694 0.366699
1.08243 0.366691 0.366696
1.08253 0.366688 0.366693
1.08264 0.366685 0.36669
1.08275 0.366682 0.366687
1.08285 0.366679 0.366684
1.08296 0.366676 0.366681
1.08306 0.366673 0.366678
1.08317 0.36667 0.366675
1.08328 0.366667 0.366672
1.08338 0.366664 0.366669
1.08349 0.366661 0.366666
1.0836 0.366658 0.366663
1.0837 0.366655 0.36666
1.08381 0.366652 0.366657
1.08391 0.366649 0.366654
1.08402 0.366646 0.366651
1.08413 0.366643 0.366648
1.08423 0.36664 0.366645
1.08434 0.366637 0.366642
1.08445 0.366634 0.366639
1.08455 0.366631 0.366636
1.08466 0.366628 0.366633
1.08477 0.366625 0.36663
1.08487 0.366622 0.366627
1.08498 0.366619 0.366624
1.08508 0.366616 0.366621
1.08519 0.366612 0.366618
1.0853 0.366609 0.366615
1.0854 0.366606 0.366612
1.08551 0.366603 0.366609
1.08562 0.3666 0.366606
1.08572 0.366597 0.366603
1.08583 0.366594 0.366599
1.08594 0.366591 0.366596
1.08604 0.366588 0.366593
1.08615 0.366585 0.36659
1.08626 0.366582 0.366587
1.08636 0.366579 0.366584
1.08647 0.366575 0.366581
1.08658 0.366572 0.366578
1.08668 0.366569 0.366575
1.08679 0.366566 0.366572
1.0869 0.366563 0.366568
1.087 0.36656 0.366565
1.08711 0.366557 0.366562
1.08722 0.366554 0.366559
1.08732 0.36655 0.366556
1.08743 0.366547 0.366553
1.08754 0.366544 0.36655
1.08764 0.366541 0.366546
1.08775 0.366538 0.366543
1.08786 0.366535 0.36654
1.08796 0.366531 0.366537
1.08807 0.366528 0.366534
1.08818 0.366525 0.366531
1.08828 0.366522 0.366527
1.08839 0.366519 0.366524
1.0885 0.366516 0.366521
1.0886 0.366512 0.366518
1.08871 0.366509 0.366515
1.08882 0.366506 0.366512
1.08892 0.366503 0.366508
1.08903 0.3665 0.366505
1.08914 0.366496 0.366502
1.08924 0.366493 0.366499
1.08935 0.36649 0.366496
1.08946 0.366487 0.366492
1.08957 0.366484 0.366489
1.08967 0.36648 0.366486
1.08978 0.366477 0.366483
1.08989 0.366474 0.366479
1.08999 0.366471 0.366476
1.0901 0.366467 0.366473
1.09021 0.366464 0.36647
1.09031 0.366461 0.366466
1.09042 0.366458 0.366463
1.09053 0.366454 0.36646
1.09064 0.366451 0.366457
1.09074 0.366448 0.366453
1.09085 0.366445 0.36645
1.09096 0.366441 0.366447
1.09106 0.366438 0.366444
1.09117 0.366435 0.36644
1.09128 0.366432 0.366437
1.09139 0.366428 0.366434
1.09149 0.366425 0.36643
1.0916 0.366422 0.366427
1.09171 0.366418 0.366424
1.09181 0.366415 0.366421
1.09192 0.366412 0.366417
1.09203 0.366408 0.366414
1.09214 0.366405 0.366411
1.09224 0.366402 0.366407
1.09235 0.366398 0.366404
1.09246 0.366395 0.366401
1.09256 0.366392 0.366397
1.09267 0.366388 0.366394
1.09278 0.366385 0.366391
1.09289 0.366382 0.366387
1.09299 0.366378 0.366384
1.0931 0.366375 0.366381
1.09321 0.366372 0.366377
1.09332 0.366368 0.366374
1.09342 0.366365 0.366371
1.09353 0.366362 0.366367
1.09364 0.366358 0.366364
1.09375 0.366355 0.36636
1.09385 0.366352 0.366357
1.09396 0.366348 0.366354
1.09407 0.366345 0.36635
1.09418 0.366341 0.366347
1.09428 0.366338 0.366344
1.09439 0.366335 0.36634
1.0945 0.366331 0.366337
1.09461 0.366328 0.366333
1.09471 0.366324 0.36633
1.09482 0.366321 0.366327
1.09493 0.366318 0.366323
1.09504 0.366314 0.36632
1.09514 0.366311 0.366316
1.09525 0.366307 0.366313
1.09536 0.366304 0.366309
1.09547 0.3663 0.366306
1.09557 0.366297 0.366303
1.09568 0.366294 0.366299
1.09579 0.36629 0.366296
1.0959 0.366287 0.366292
1.096 0.366283 0.366289
1.09611 0.36628 0.366285
1.09622 0.366276 0.366282
1.09633 0.366273 0.366278
1.09644 0.366269 0.366275
1.09654 0.366266 0.366271
1.09665 0.366262 0.366268
1.09676 0.366259 0.366264
1.09687 0.366255 0.366261
1.09697 0.366252 0.366258
1.09708 0.366248 0.366254
1.09719 0.366245 0.366251
1.0973 0.366241 0.366247
1.09741 0.366238 0.366244
1.09751 0.366234 0.36624
1.09762 0.366231 0.366237
1.09773 0.366227 0.366233
1.09784 0.366224 0.366229
1.09795 0.36622 0.366226
1.09805 0.366217 0.366222
1.09816 0.366213 0.366219
1.09827 0.36621 0.366215
1.09838 0.366206 0.366212
1.09849 0.366203 0.366208
1.09859 0.366199 0.366205
1.0987 0.366196 0.366201
1.09881 0.366192 0.366198
1.09892 0.366188 0.366194
1.09903 0.366185 0.36619
1.09913 0.366181 0.366187
1.09924 0.366178 0.366183
1.09935 0.366174 0.36618
1.09946 0.366171 0.366176
1.09957 0.366167 0.366173
1.09967 0.366163 0.366169
1.09978 0.36616 0.366165
1.09989 0.366156 0.366162
1.1 0.366153 0.366158
1.10011 0.366149 0.366155
1.10021 0.366145 0.366151
1.10032 0.366142 0.366147
1.10043 0.366138 0.366144
1.10054 0.366135 0.36614
1.10065 0.366131 0.366137
1.10076 0.366127 0.366133
1.10086 0.366124 0.366129
1.10097 0.36612 0.366126
1.10108 0.366116 0.366122
1.10119 0.366113 0.366118
1.1013 0.366109 0.366115
1.10141 0.366105 0.366111
1.10151 0.366102 0.366107
1.10162 0.366098 0.366104
1.10173 0.366094 0.3661
1.10184 0.366091 0.366096
1.10195 0.366087 0.366093
1.10206 0.366083 0.366089
1.10216 0.36608 0.366085
1.10227 0.366076 0.366082
1.10238 0.366072 0.366078
1.10249 0.366069 0.366074
1.1026 0.366065 0.366071
1.10271 0.366061 0.366067
1.10282 0.366058 0.366063
1.10292 0.366054 0.36606
1.10303 0.36605 0.366056
1.10314 0.366046 0.366052
1.10325 0.366043 0.366048
1.10336 0.366039 0.366045
1.10347 0.366035 0.366041
1.10357 0.366032 0.366037
1.10368 0.366028 0.366034
1.10379 0.366024 0.36603
1.1039 0.36602 0.366026
1.10401 0.366017 0.366022
1.10412 0.366013 0.366019
1.10423 0.366009 0.366015
1.10434 0.366005 0.366011
1.10444 0.366002 0.366007
1.10455 0.365998 0.366004
1.10466 0.365994 0.366
1.10477 0.36599 0.365996
1.10488 0.365987 0.365992
1.10499 0.365983 0.365988
1.1051 0.365979 0.365985
1.10521 0.365975 0.365981
1.10531 0.365971 0.365977
1.10542 0.365968 0.365973
1.10553 0.365964 0.365969
1.10564 0.36596 0.365966
1.10575 0.365956 0.365962
1.10586 0.365952 0.365958
1.10597 0.365949 0.365954
1.10608 0.365945 0.36595
1.10618 0.365941 0.365947
1.10629 0.365937 0.365943
1.1064 0.365933 0.365939
1.10651 0.365929 0.365935
1.10662 0.365926 0.365931
1.10673 0.365922 0.365927
1.10684 0.365918 0.365924
1.10695 0.365914 0.36592
1.10706 0.36591 0.365916
1.10717 0.365906 0.365912
1.10727 0.365902 0.365908
1.10738 0.365899 0.365904
1.10749 0.365895 0.3659
1.1076 0.365891 0.365897
1.10771 0.365887 0.365893
1.10782 0.365883 0.365889
1.10793 0.365879 0.365885
1.10804 0.365875 0.365881
1.10815 0.365871 0.365877
1.10826 0.365867 0.365873
1.10837 0.365864 0.365869
1.10847 0.36586 0.365865
1.10858 0.365856 0.365862
1.10869 0.365852 0.365858
1.1088 0.365848 0.365854
1.10891 0.365844 0.36585
1.10902 0.36584 0.365846
1.10913 0.365836 0.365842
1.10924 0.365832 0.365838
1.10935 0.365828 0.365834
1.10946 0.365824 0.36583
1.10957 0.36582 0.365826
1.10968 0.365816 0.365822
1.10979 0.365812 0.365818
1.10989 0.365808 0.365814
1.11 0.365805 0.36581
1.11011 0.365801 0.365806
1.11022 0.365797 0.365802
1.11033 0.365793 0.365798
1.11044 0.365789 0.365794
1.11055 0.365785 0.36579
1.11066 0.365781 0.365786
1.11077 0.365777 0.365782
1.11088 0.365773 0.365778
1.11099 0.365769 0.365774
1.1111 0.365765 0.36577
1.11121 0.365761 0.365766
1.11132 0.365757 0.365762
1.11143 0.365753 0.365758
1.11154 0.365749 0.365754
1.11165 0.365745 0.36575
1.11176 0.365741 0.365746
1.11186 0.365737 0.365742
1.11197 0.365732 0.365738
1.11208 0.365728 0.365734
1.11219 0.365724 0.36573
1.1123 0.36572 0.365726
1.11241 0.365716 0.365722
1.11252 0.365712 0.365718
1.11263 0.365708 0.365714
1.11274 0.365704 0.36571
1.11285 0.3657 0.365706
1.11296 0.365696 0.365702
1.11307 0.365692 0.365698
1.11318 0.365688 0.365694
1.11329 0.365684 0.36569
1.1134 0.36568 0.365685
1.11351 0.365676 0.365681
1.11362 0.365671 0.365677
1.11373 0.365667 0.365673
1.11384 0.365663 0.365669
1.11395 0.365659 0.365665
1.11406 0.365655 0.365661
1.11417 0.365651 0.365657
1.11428 0.365647 0.365653
1.11439 0.365643 0.365649
1.1145 0.365639 0.365644
1.11461 0.365634 0.36564
1.11472 0.36563 0.365636
1.11483 0.365626 0.365632
1.11494 0.365622 0.365628
1.11505 0.365618 0.365624
1.11516 0.365614 0.36562
1.11527 0.36561 0.365615
1.11538 0.365605 0.365611
1.11549 0.365601 0.365607
1.1156 0.365597 0.365603
1.11571 0.365593 0.365599
1.11582 0.365589 0.365595
1.11593 0.365585 0.36559
1.11604 0.36558 0.365586
1.11615 0.365576 0.365582
1.11626 0.365572 0.365578
1.11637 0.365568 0.365574
1.11648 0.365564 0.365569
1.11659 0.365559 0.365565
1.1167 0.365555 0.365561
1.11681 0.365551 0.365557
1.11692 0.365547 0.365553
1.11703 0.365543 0.365548
1.11714 0.365538 0.365544
1.11725 0.365534 0.36554
1.11736 0.36553 0.365536
1.11747 0.365526 0.365532
1.11758 0.365521 0.365527
1.11769 0.365517 0.365523
1.1178 0.365513 0.365519
1.11791 0.365509 0.365515
1.11802 0.365504 0.36551
1.11813 0.3655 0.365506
1.11824 0.365496 0.365502
1.11835 0.365492 0.365497
1.11846 0.365487 0.365493
1.11857 0.365483 0.365489
1.11868 0.365479 0.365485
1.11879 0.365474 0.36548
1.1189 0.36547 0.365476
1.11901 0.365466 0.365472
1.11913 0.365462 0.365468
1.11924 0.365457 0.365463
1.11935 0.365453 0.365459
1.11946 0.365449 0.365455
1.11957 0.365444 0.36545
1.11968 0.36544 0.365446
1.11979 0.365436 0.365442
1.1199 0.365431 0.365437
1.12001 0.365427 0.365433
1.12012 0.365423 0.365429
1.12023 0.365418 0.365424
1.12034 0.365414 0.36542
1.12045 0.36541 0.365416
1.12056 0.365405 0.365411
1.12067 0.365401 0.365407
1.12078 0.365397 0.365403
1.12089 0.365392 0.365398
1.121 0.365388 0.365394
1.12112 0.365384 0.36539
1.12123 0.365379 0.365385
1.12134 0.365375 0.365381
1.12145 0.36537 0.365376
1.12156 0.365366 0.365372
1.12167 0.365362 0.365368
1.12178 0.365357 0.365363
1.12189 0.365353 0.365359
1.122 0.365349 0.365354
1.12211 0.365344 0.36535
1.12222 0.36534 0.365346
1.12233 0.365335 0.365341
1.12244 0.365331 0.365337
1.12256 0.365326 0.365332
1.12267 0.365322 0.365328
1.12278 0.365318 0.365324
1.12289 0.365313 0.365319
1.123 0.365309 0.365315
1.12311 0.365304 0.36531
1.12322 0.3653 0.365306
1.12333 0.365295 0.365301
1.12344 0.365291 0.365297
1.12355 0.365286 0.365292
1.12366 0.365282 0.365288
1.12378 0.365278 0.365284
1.12389 0.365273 0.365279
1.124 0.365269 0.365275
1.12411 0.365264 0.36527
1.12422 0.36526 0.365266
1.12433 0.365255 0.365261
1.12444 0.365251 0.365257
1.12455 0.365246 0.365252
1.12466 0.365242 0.365248
1.12477 0.365237 0.365243
1.12489 0.365233 0.365239
1.125 0.365228 0.365234
1.12511 0.365224 0.36523
1.12522 0.365219 0.365225
1.12533 0.365215 0.365221
1.12544 0.36521 0.365216
1.12555 0.365206 0.365212
1.12566 0.365201 0.365207
1.12578 0.365196 0.365202
1.12589 0.365192 0.365198
1.126 0.365187 0.365193
1.12611 0.365183 0.365189
1.12622 0.365178 0.365184
1.12633 0.365174 0.36518
1.12644 0.365169 0.365175
1.12655 0.365165 0.365171
1.12667 0.36516 0.365166
1.12678 0.365155 0.365161
1.12689 0.365151 0.365157
1.127 0.365146 0.365152
1.12711 0.365142 0.365148
1.12722 0.365137 0.365143
1.12733 0.365133 0.365139
1.12745 0.365128 0.365134
1.12756 0.365123 0.365129
1.12767 0.365119 0.365125
1.12778 0.365114 0.36512
1.12789 0.365109 0.365115
1.128 0.365105 0.365111
1.12811 0.3651 0.365106
1.12823 0.365096 0.365102
1.12834 0.365091 0.365097
1.12845 0.365086 0.365092
1.12856 0.365082 0.365088
1.12867 0.365077 0.365083
1.12878 0.365072 0.365078
1.1289 0.365068 0.365074
1.12901 0.365063 0.365069
1.12912 0.365058 0.365064
1.12923 0.365054 0.36506
1.12934 0.365049 0.365055
1.12945 0.365044 0.36505
1.12957 0.36504 0.365046
1.12968 0.365035 0.365041
1.12979 0.36503 0.365036
1.1299 0.365026 0.365032
1.13001 0.365021 0.365027
1.13012 0.365016 0.365022
1.13024 0.365012 0.365018
1.13035 0.365007 0.365013
1.13046 0.365002 0.365008
1.13057 0.364997 0.365004
1.13068 0.364993 0.364999
1.1308 0.364988 0.364994
1.13091 0.364983 0.364989
1.13102 0.364979 0.364985
1.13113 0.364974 0.36498
1.13124 0.364969 0.364975
1.13135 0.364964 0.36497
1.13147 0.36496 0.364966
1.13158 0.364955 0.364961
1.13169 0.36495 0.364956
1.1318 0.364945 0.364951
1.13191 0.364941 0.364947
1.13203 0.364936 0.364942
1.13214 0.364931 0.364937
1.13225 0.364926 0.364932
1.13236 0.364922 0.364928
1.13247 0.364917 0.364923
1.13259 0.364912 0.364918
1.1327 0.364907 0.364913
1.13281 0.364902 0.364908
1.13292 0.364898 0.364904
1.13304 0.364893 0.364899
1.13315 0.364888 0.364894
1.13326 0.364883 0.364889
1.13337 0.364878 0.364884
1.13348 0.364874 0.36488
1.1336 0.364869 0.364875
1.13371 0.364864 0.36487
1.13382 0.364859 0.364865
1.13393 0.364854 0.36486
1.13404 0.364849 0.364855
1.13416 0.364845 0.364851
1.13427 0.36484 0.364846
1.13438 0.364835 0.364841
1.13449 0.36483 0.364836
1.13461 0.364825 0.364831
1.13472 0.36482 0.364826
1.13483 0.364815 0.364821
1.13494 0.36481 0.364817
1.13506 0.364806 0.364812
1.13517 0.364801 0.364807
1.13528 0.364796 0.364802
1.13539 0.364791 0.364797
1.13551 0.364786 0.364792
1.13562 0.364781 0.364787
1.13573 0.364776 0.364782
1.13584 0.364771 0.364777
1.13596 0.364766 0.364773
1.13607 0.364762 0.364768
1.13618 0.364757 0.364763
1.13629 0.364752 0.364758
1.13641 0.364747 0.364753
1.13652 0.364742 0.364748
1.13663 0.364737 0.364743
1.13674 0.364732 0.364738
1.13686 0.364727 0.364733
1.13697 0.364722 0.364728
1.13708 0.364717 0.364723
1.13719 0.364712 0.364718
1.13731 0.364707 0.364713
1.13742 0.364702 0.364708
1.13753 0.364697 0.364703
1.13764 0.364692 0.364698
1.13776 0.364687 0.364693
1.13787 0.364682 0.364688
1.13798 0.364677 0.364683
1.13809 0.364672 0.364678
1.13821 0.364667 0.364674
1.13832 0.364662 0.364669
1.13843 0.364657 0.364664
1.13855 0.364652 0.364659
1.13866 0.364647 0.364653
1.13877 0.364642 0.364648
1.13888 0.364637 0.364643
1.139 0.364632 0.364638
1.13911 0.364627 0.364633
1.13922 0.364622 0.364628
1.13934 0.364617 0.364623
1.13945 0.364612 0.364618
1.13956 0.364607 0.364613
1.13967 0.364602 0.364608
1.13979 0.364597 0.364603
1.1399 0.364592 0.364598
1.14001 0.364587 0.364593
1.14013 0.364582 0.364588
1.14024 0.364577 0.364583
1.14035 0.364572 0.364578
1.14047 0.364567 0.364573
1.14058 0.364562 0.364568
1.14069 0.364556 0.364563
1.1408 0.364551 0.364558
1.14092 0.364546 0.364552
1.14103 0.364541 0.364547
1.14114 0.364536 0.364542
1.14126 0.364531 0.364537
1.14137 0.364526 0.364532
1.14148 0.364521 0.364527
1.1416 0.364516 0.364522
1.14171 0.364511 0.364517
1.14182 0.364505 0.364512
1.14194 0.3645 0.364506
1.14205 0.364495 0.364501
1.14216 0.36449 0.364496
1.14228 0.364485 0.364491
1.14239 0.36448 0.364486
1.1425 0.364475 0.364481
1.14262 0.364469 0.364476
1.14273 0.364464 0.36447
1.14284 0.364459 0.364465
1.14296 0.364454 0.36446
1.14307 0.364449 0.364455
1.14318 0.364444 0.36445
1.1433 0.364438 0.364445
1.14341 0.364433 0.364439
1.14352 0.364428 0.364434
1.14364 0.364423 0.364429
1.14375 0.364418 0.364424
1.14386 0.364412 0.364419
1.14398 0.364407 0.364413
1.14409 0.364402 0.364408
1.1442 0.364397 0.364403
1.14432 0.364392 0.364398
1.14443 0.364386 0.364393
1.14454 0.364381 0.364387
1.14466 0.364376 0.364382
1.14477 0.364371 0.364377
1.14488 0.364365 0.364372
1.145 0.36436 0.364366
1.14511 0.364355 0.364361
1.14523 0.36435 0.364356
1.14534 0.364344 0.364351
1.14545 0.364339 0.364345
1.14557 0.364334 0.36434
1.14568 0.364329 0.364335
1.14579 0.364323 0.36433
1.14591 0.364318 0.364324
1.14602 0.364313 0.364319
1.14614 0.364308 0.364314
1.14625 0.364302 0.364309
1.14636 0.364297 0.364303
1.14648 0.364292 0.364298
1.14659 0.364286 0.364293
1.1467 0.364281 0.364287
1.14682 0.364276 0.364282
1.14693 0.36427 0.364277
1.14705 0.364265 0.364271
1.14716 0.36426 0.364266
1.14727 0.364255 0.364261
1.14739 0.364249 0.364255
1.1475 0.364244 0.36425
1.14762 0.364239 0.364245
1.14773 0.364233 0.364239
1.14784 0.364228 0.364234
1.14796 0.364222 0.364229
1.14807 0.364217 0.364223
1.14818 0.364212 0.364218
1.1483 0.364206 0.364213
1.14841 0.364201 0.364207
1.14853 0.364196 0.364202
1.14864 0.36419 0.364197
1.14876 0.364185 0.364191
1.14887 0.36418 0.364186
1.14898 0.364174 0.36418
1.1491 0.364169 0.364175
1.14921 0.364163 0.36417
1.14933 0.364158 0.364164
1.14944 0.364153 0.364159
1.14955 0.364147 0.364153
1.14967 0.364142 0.364148
1.14978 0.364136 0.364143
1.1499 0.364131 0.364137
1.15001 0.364125 0.364132
1.15012 0.36412 0.364126
1.15024 0.364115 0.364121
1.15035 0.364109 0.364115
1.15047 0.364104 0.36411
1.15058 0.364098 0.364105
1.1507 0.364093 0.364099
1.15081 0.364087 0.364094
1.15092 0.364082 0.364088
1.15104 0.364076 0.364083
1.15115 0.364071 0.364077
1.15127 0.364066 0.364072
1.15138 0.36406 0.364066
1.1515 0.364055 0.364061
1.15161 0.364049 0.364055
1.15173 0.364044 0.36405
1.15184 0.364038 0.364044
1.15195 0.364033 0.364039
1.15207 0.364027 0.364033
1.15218 0.364022 0.364028
1.1523 0.364016 0.364022
1.15241 0.364011 0.364017
1.15253 0.364005 0.364011
1.15264 0.364 0.364006
1.15276 0.363994 0.364
1.15287 0.363988 0.363995
1.15299 0.363983 0.363989
1.1531 0.363977 0.363984
1.15321 0.363972 0.363978
1.15333 0.363966 0.363973
1.15344 0.363961 0.363967
1.15356 0.363955 0.363962
1.15367 0.36395 0.363956
1.15379 0.363944 0.36395
1.1539 0.363939 0.363945
1.15402 0.363933 0.363939
1.15413 0.363927 0.363934
1.15425 0.363922 0.363928
1.15436 0.363916 0.363923
1.15448 0.363911 0.363917
1.15459 0.363905 0.363911
1.15471 0.363899 0.363906
1.15482 0.363894 0.3639
1.15494 0.363888 0.363895
1.15505 0.363883 0.363889
1.15517 0.363877 0.363883
1.15528 0.363871 0.363878
1.1554 0.363866 0.363872
1.15551 0.36386 0.363867
1.15563 0.363855 0.363861
1.15574 0.363849 0.363855
1.15585 0.363843 0.36385
1.15597 0.363838 0.363844
1.15608 0.363832 0.363838
1.1562 0.363826 0.363833
1.15631 0.363821 0.363827
1.15643 0.363815 0.363821
1.15654 0.363809 0.363816
1.15666 0.363804 0.36381
1.15678 0.363798 0.363804
1.15689 0.363792 0.363799
1.15701 0.363787 0.363793
1.15712 0.363781 0.363787
1.15724 0.363775 0.363782
1.15735 0.36377 0.363776
1.15747 0.363764 0.36377
1.15758 0.363758 0.363765
1.1577 0.363752 0.363759
1.15781 0.363747 0.363753
1.15793 0.363741 0.363747
1.15804 0.363735 0.363742
1.15816 0.36373 0.363736
1.15827 0.363724 0.36373
1.15839 0.363718 0.363725
1.1585 0.363712 0.363719
1.15862 0.363707 0.363713
1.15873 0.363701 0.363707
1.15885 0.363695 0.363702
1.15896 0.363689 0.363696
1.15908 0.363684 0.36369
1.15919 0.363678 0.363684
1.15931 0.363672 0.363678
1.15943 0.363666 0.363673
1.15954 0.363661 0.363667
1.15966 0.363655 0.363661
1.15977 0.363649 0.363655
1.15989 0.363643 0.36365
1.16 0.363637 0.363644
1.16012 0.363632 0.363638
1.16023 0.363626 0.363632
1.16035 0.36362 0.363626
1.16047 0.363614 0.363621
1.16058 0.363608 0.363615
1.1607 0.363603 0.363609
1.16081 0.363597 0.363603
1.16093 0.363591 0.363597
1.16104 0.363585 0.363592
1.16116 0.363579 0.363586
1.16127 0.363573 0.36358
1.16139 0.363568 0.363574
1.16151 0.363562 0.363568
1.16162 0.363556 0.363562
1.16174 0.36355 0.363556
1.16185 0.363544 0.363551
1.16197 0.363538 0.363545
1.16208 0.363532 0.363539
1.1622 0.363527 0.363533
1.16232 0.363521 0.363527
1.16243 0.363515 0.363521
1.16255 0.363509 0.363515
1.16266 0.363503 0.363509
1.16278 0.363497 0.363504
1.16289 0.363491 0.363498
1.16301 0.363485 0.363492
1.16313 0.363479 0.363486
1.16324 0.363474 0.36348
1.16336 0.363468 0.363474
1.16347 0.363462 0.363468
1.16359 0.363456 0.363462
1.16371 0.36345 0.363456
1.16382 0.363444 0.36345
1.16394 0.363438 0.363444
1.16405 0.363432 0.363438
1.16417 0.363426 0.363433
1.16429 0.36342 0.363427
1.1644 0.363414 0.363421
1.16452 0.363408 0.363415
1.16463 0.363402 0.363409
1.16475 0.363396 0.363403
1.16487 0.36339 0.363397
1.16498 0.363384 0.363391
1.1651 0.363378 0.363385
1.16521 0.363372 0.363379
1.16533 0.363366 0.363373
1.16545 0.36336 0.363367
1.16556 0.363354 0.363361
1.16568 0.363348 0.363355
1.1658 0.363342 0.363349
1.16591 0.363336 0.363343
1.16603 0.36333 0.363337
1.16614 0.363324 0.363331
1.16626 0.363318 0.363325
1.16638 0.363312 0.363319
1.16649 0.363306 0.363313
1.16661 0.3633 0.363307
1.16673 0.363294 0.363301
1.16684 0.363288 0.363295
1.16696 0.363282 0.363289
1.16707 0.363276 0.363283
1.16719 0.36327 0.363276
1.16731 0.363264 0.36327
1.16742 0.363258 0.363264
1.16754 0.363252 0.363258
1.16766 0.363246 0.363252
1.16777 0.36324 0.363246
1.16789 0.363234 0.36324
1.16801 0.363227 0.363234
1.16812 0.363221 0.363228
1.16824 0.363215 0.363222
1.16836 0.363209 0.363216
1.16847 0.363203 0.36321
1.16859 0.363197 0.363204
1.16871 0.363191 0.363197
1.16882 0.363185 0.363191
1.16894 0.363179 0.363185
1.16906 0.363172 0.363179
1.16917 0.363166 0.363173
1.16929 0.36316 0.363167
1.16941 0.363154 0.363161
1.16952 0.363148 0.363154
1.16964 0.363142 0.363148
1.16976 0.363136 0.363142
1.16987 0.36313 0.363136
1.16999 0.363123 0.36313
1.17011 0.363117 0.363124
1.17022 0.363111 0.363118
1.17034 0.363105 0.363111
1.17046 0.363099 0.363105
1.17057 0.363092 0.363099
1.17069 0.363086 0.363093
1.17081 0.36308 0.363087
1.17092 0.363074 0.36308
1.17104 0.363068 0.363074
1.17116 0.363062 0.363068
1.17127 0.363055 0.363062
1.17139 0.363049 0.363056
1.17151 0.363043 0.363049
1.17163 0.363037 0.363043
1.17174 0.36303 0.363037
1.17186 0.363024 0.363031
1.17198 0.363018 0.363025
1.17209 0.363012 0.363018
1.17221 0.363005 0.363012
1.17233 0.362999 0.363006
1.17244 0.362993 0.363
1.17256 0.362987 0.362993
1.17268 0.36298 0.362987
1.1728 0.362974 0.362981
1.17291 0.362968 0.362975
1.17303 0.362962 0.362968
1.17315 0.362955 0.362962
1.17326 0.362949 0.362956
1.17338 0.362943 0.362949
1.1735 0.362937 0.362943
1.17362 0.36293 0.362937
1.17373 0.362924 0.362931
1.17385 0.362918 0.362924
1.17397 0.362911 0.362918
1.17408 0.362905 0.362912
1.1742 0.362899 0.362905
1.17432 0.362892 0.362899
1.17444 0.362886 0.362893
1.17455 0.36288 0.362886
1.17467 0.362873 0.36288
1.17479 0.362867 0.362874
1.17491 0.362861 0.362867
1.17502 0.362854 0.362861
1.17514 0.362848 0.362855
1.17526 0.362842 0.362848
1.17538 0.362835 0.362842
1.17549 0.362829 0.362836
1.17561 0.362823 0.362829
1.17573 0.362816 0.362823
1.17585 0.36281 0.362816
1.17596 0.362803 0.36281
1.17608 0.362797 0.362804
1.1762 0.362791 0.362797
1.17632 0.362784 0.362791
1.17643 0.362778 0.362785
1.17655 0.362772 0.362778
1.17667 0.362765 0.362772
1.17679 0.362759 0.362765
1.1769 0.362752 0.362759
1.17702 0.362746 0.362753
1.17714 0.362739 0.362746
1.17726 0.362733 0.36274
1.17737 0.362727 0.362733
1.17749 0.36272 0.362727
1.17761 0.362714 0.36272
1.17773 0.362707 0.362714
1.17785 0.362701 0.362707
1.17796 0.362694 0.362701
1.17808 0.362688 0.362695
1.1782 0.362681 0.362688
1.17832 0.362675 0.362682
1.17843 0.362669 0.362675
1.17855 0.362662 0.362669
1.17867 0.362656 0.362662
1.17879 0.362649 0.362656
1.17891 0.362643 0.362649
1.17902 0.362636 0.362643
1.17914 0.36263 0.362636
1.17926 0.362623 0.36263
1.17938 0.362617 0.362623
1.1795 0.36261 0.362617
1.17961 0.362604 0.36261
1.17973 0.362597 0.362604
1.17985 0.362591 0.362597
1.17997 0.362584 0.362591
1.18009 0.362577 0.362584
1.1802 0.362571 0.362578
1.18032 0.362564 0.362571
1.18044 0.362558 0.362565
1.18056 0.362551 0.362558
1.18068 0.362545 0.362551
1.18079 0.362538 0.362545
1.18091 0.362532 0.362538
1.18103 0.362525 0.362532
1.18115 0.362518 0.362525
1.18127 0.362512 0.362519
1.18139 0.362505 0.362512
1.1815 0.362499 0.362505
1.18162 0.362492 0.362499
1.18174 0.362486 0.362492
1.18186 0.362479 0.362486
1.18198 0.362472 0.362479
1.1821 0.362466 0.362472
1.18221 0.362459 0.362466
1.18233 0.362453 0.362459
1.18245 0.362446 0.362453
1.18257 0.362439 0.362446
1.18269 0.362433 0.362439
1.18281 0.362426 0.362433
1.18292 0.362419 0.362426
1.18304 0.362413 0.362419
1.18316 0.362406 0.362413
1.18328 0.362399 0.362406
1.1834 0.362393 0.3624
1.18352 0.362386 0.362393
1.18363 0.362379 0.362386
1.18375 0.362373 0.36238
1.18387 0.362366 0.362373
1.18399 0.362359 0.362366
1.18411 0.362353 0.36236
1.18423 0.362346 0.362353
1.18435 0.362339 0.362346
1.18446 0.362333 0.362339
1.18458 0.362326 0.362333
1.1847 0.362319 0.362326
1.18482 0.362313 0.362319
1.18494 0.362306 0.362313
1.18506 0.362299 0.362306
1.18518 0.362292 0.362299
1.1853 0.362286 0.362292
1.18541 0.362279 0.362286
1.18553 0.362272 0.362279
1.18565 0.362266 0.362272
1.18577 0.362259 0.362266
1.18589 0.362252 0.362259
1.18601 0.362245 0.362252
1.18613 0.362239 0.362245
1.18625 0.362232 0.362239
1.18636 0.362225 0.362232
1.18648 0.362218 0.362225
1.1866 0.362211 0.362218
1.18672 0.362205 0.362211
1.18684 0.362198 0.362205
1.18696 0.362191 0.362198
1.18708 0.362184 0.362191
1.1872 0.362178 0.362184
1.18732 0.362171 0.362178
1.18744 0.362164 0.362171
1.18755 0.362157 0.362164
1.18767 0.36215 0.362157
1.18779 0.362144 0.36215
1.18791 0.362137 0.362143
1.18803 0.36213 0.362137
1.18815 0.362123 0.36213
1.18827 0.362116 0.362123
1.18839 0.362109 0.362116
1.18851 0.362103 0.362109
1.18863 0.362096 0.362102
1.18875 0.362089 0.362096
1.18886 0.362082 0.362089
1.18898 0.362075 0.362082
1.1891 0.362068 0.362075
1.18922 0.362061 0.362068
1.18934 0.362054 0.362061
1.18946 0.362048 0.362054
1.18958 0.362041 0.362048
1.1897 0.362034 0.362041
1.18982 0.362027 0.362034
1.18994 0.36202 0.362027
1.19006 0.362013 0.36202
1.19018 0.362006 0.362013
1.1903 0.361999 0.362006
1.19042 0.361992 0.361999
1.19054 0.361986 0.361992
1.19065 0.361979 0.361985
1.19077 0.361972 0.361978
1.19089 0.361965 0.361972
1.19101 0.361958 0.361965
1.19113 0.361951 0.361958
1.19125 0.361944 0.361951
1.19137 0.361937 0.361944
1.19149 0.36193 0.361937
1.19161 0.361923 0.36193
1.19173 0.361916 0.361923
1.19185 0.361909 0.361916
1.19197 0.361902 0.361909
1.19209 0.361895 0.361902
1.19221 0.361888 0.361895
1.19233 0.361881 0.361888
1.19245 0.361874 0.361881
1.19257 0.361867 0.361874
1.19269 0.36186 0.361867
1.19281 0.361853 0.36186
1.19293 0.361846 0.361853
1.19305 0.361839 0.361846
1.19317 0.361832 0.361839
1.19329 0.361825 0.361832
1.19341 0.361818 0.361825
1.19353 0.361811 0.361818
1.19365 0.361804 0.361811
1.19377 0.361797 0.361804
1.19389 0.36179 0.361797
1.19401 0.361783 0.36179
1.19412 0.361776 0.361783
1.19424 0.361769 0.361776
1.19436 0.361762 0.361769
1.19448 0.361755 0.361762
1.1946 0.361748 0.361755
1.19472 0.361741 0.361747
1.19484 0.361734 0.36174
1.19496 0.361726 0.361733
1.19508 0.361719 0.361726
1.1952 0.361712 0.361719
1.19532 0.361705 0.361712
1.19544 0.361698 0.361705
1.19556 0.361691 0.361698
1.19569 0.361684 0.361691
1.19581 0.361677 0.361684
1.19593 0.36167 0.361677
1.19605 0.361662 0.361669
1.19617 0.361655 0.361662
1.19629 0.361648 0.361655
1.19641 0.361641 0.361648
1.19653 0.361634 0.361641
1.19665 0.361627 0.361634
1.19677 0.36162 0.361627
1.19689 0.361613 0.361619
1.19701 0.361605 0.361612
1.19713 0.361598 0.361605
1.19725 0.361591 0.361598
1.19737 0.361584 0.361591
1.19749 0.361577 0.361584
1.19761 0.361569 0.361576
1.19773 0.361562 0.361569
1.19785 0.361555 0.361562
1.19797 0.361548 0.361555
1.19809 0.361541 0.361548
1.19821 0.361534 0.36154
1.19833 0.361526 0.361533
1.19845 0.361519 0.361526
1.19857 0.361512 0.361519
1.19869 0.361505 0.361512
1.19881 0.361497 0.361504
1.19893 0.36149 0.361497
1.19905 0.361483 0.36149
1.19917 0.361476 0.361483
1.1993 0.361468 0.361475
1.19942 0.361461 0.361468
1.19954 0.361454 0.361461
1.19966 0.361447 0.361454
1.19978 0.361439 0.361446
1.1999 0.361432 0.361439
1.20002 0.361425 0.361432
1.20014 0.361418 0.361425
1.20026 0.36141 0.361417
1.20038 0.361403 0.36141
1.2005 0.361396 0.361403
1.20062 0.361389 0.361395
1.20074 0.361381 0.361388
1.20086 0.361374 0.361381
1.20099 0.361367 0.361374
1.20111 0.361359 0.361366
1.20123 0.361352 0.361359
1.20135 0.361345 0.361352
1.20147 0.361337 0.361344
1.20159 0.36133 0.361337
1.20171 0.361323 0.36133
1.20183 0.361315 0.361322
1.20195 0.361308 0.361315
1.20207 0.361301 0.361308
1.20219 0.361293 0.3613
1.20231 0.361286 0.361293
1.20244 0.361279 0.361286
1.20256 0.361271 0.361278
1.20268 0.361264 0.361271
1.2028 0.361257 0.361264
1.20292 0.361249 0.361256
1.20304 0.361242 0.361249
1.20316 0.361234 0.361241
1.20328 0.361227 0.361234
1.2034 0.36122 0.361227
1.20353 0.361212 0.361219
1.20365 0.361205 0.361212
1.20377 0.361197 0.361204
1.20389 0.36119 0.361197
1.20401 0.361183 0.36119
1.20413 0.361175 0.361182
1.20425 0.361168 0.361175
1.20437 0.36116 0.361167
1.2045 0.361153 0.36116
1.20462 0.361145 0.361152
1.20474 0.361138 0.361145
1.20486 0.36113 0.361138
1.20498 0.361123 0.36113
1.2051 0.361116 0.361123
1.20522 0.361108 0.361115
1.20534 0.361101 0.361108
1.20547 0.361093 0.3611
1.20559 0.361086 0.361093
1.20571 0.361078 0.361085
1.20583 0.361071 0.361078
1.20595 0.361063 0.36107
1.20607 0.361056 0.361063
1.20619 0.361048 0.361055
1.20632 0.361041 0.361048
1.20644 0.361033 0.36104
1.20656 0.361026 0.361033
1.20668 0.361018 0.361025
1.2068 0.361011 0.361018
1.20692 0.361003 0.36101
1.20705 0.360996 0.361003
1.20717 0.360988 0.360995
1.20729 0.360981 0.360988
1.20741 0.360973 0.36098
1.20753 0.360965 0.360973
1.20765 0.360958 0.360965
1.20778 0.36095 0.360957
1.2079 0.360943 0.36095
1.20802 0.360935 0.360942
1.20814 0.360928 0.360935
1.20826 0.36092 0.360927
1.20838 0.360912 0.36092
1.20851 0.360905 0.360912
1.20863 0.360897 0.360904
1.20875 0.36089 0.360897
1.20887 0.360882 0.360889
1.20899 0.360875 0.360882
1.20912 0.360867 0.360874
1.20924 0.360859 0.360866
1.20936 0.360852 0.360859
1.20948 0.360844 0.360851
1.2096 0.360836 0.360844
1.20973 0.360829 0.360836
1.20985 0.360821 0.360828
1.20997 0.360814 0.360821
1.21009 0.360806 0.360813
1.21021 0.360798 0.360805
1.21034 0.360791 0.360798
1.21046 0.360783 0.36079
1.21058 0.360775 0.360782
1.2107 0.360768 0.360775
1.21082 0.36076 0.360767
1.21095 0.360752 0.360759
1.21107 0.360745 0.360752
1.21119 0.360737 0.360744
1.21131 0.360729 0.360736
1.21143 0.360722 0.360729
1.21156 0.360714 0.360721
1.21168 0.360706 0.360713
1.2118 0.360698 0.360706
1.21192 0.360691 0.360698
1.21205 0.360683 0.36069
1.21217 0.360675 0.360682
1.21229 0.360668 0.360675
1.21241 0.36066 0.360667
1.21254 0.360652 0.360659
1.21266 0.360644 0.360651
1.21278 0.360637 0.360644
1.2129 0.360629 0.360636
1.21302 0.360621 0.360628
1.21315 0.360613 0.36062
1.21327 0.360606 0.360613
1.21339 0.360598 0.360605
1.21351 0.36059 0.360597
1.21364 0.360582 0.360589
1.21376 0.360574 0.360582
1.21388 0.360567 0.360574
1.214 0.360559 0.360566
1.21413 0.360551 0.360558
1.21425 0.360543 0.36055
1.21437 0.360535 0.360543
1.2145 0.360528 0.360535
1.21462 0.36052 0.360527
1.21474 0.360512 0.360519
1.21486 0.360504 0.360511
1.21499 0.360496 0.360504
1.21511 0.360489 0.360496
1.21523 0.360481 0.360488
1.21535 0.360473 0.36048
1.21548 0.360465 0.360472
1.2156 0.360457 0.360464
1.21572 0.360449 0.360457
1.21585 0.360442 0.360449
1.21597 0.360434 0.360441
1.21609 0.360426 0.360433
1.21621 0.360418 0.360425
1.21634 0.36041 0.360417
1.21646 0.360402 0.360409
1.21658 0.360394 0.360401
1.21671 0.360386 0.360394
1.21683 0.360378 0.360386
1.21695 0.360371 0.360378
1.21707 0.360363 0.36037
1.2172 0.360355 0.360362
1.21732 0.360347 0.360354
1.21744 0.360339 0.360346
1.21757 0.360331 0.360338
1.21769 0.360323 0.36033
1.21781 0.360315 0.360322
1.21794 0.360307 0.360314
1.21806 0.360299 0.360306
1.21818 0.360291 0.360299
1.2183 0.360283 0.360291
1.21843 0.360275 0.360283
1.21855 0.360267 0.360275
1.21867 0.36026 0.360267
1.2188 0.360252 0.360259
1.21892 0.360244 0.360251
1.21904 0.360236 0.360243
1.21917 0.360228 0.360235
1.21929 0.36022 0.360227
1.21941 0.360212 0.360219
1.21954 0.360204 0.360211
1.21966 0.360196 0.360203
1.21978 0.360188 0.360195
1.21991 0.36018 0.360187
1.22003 0.360172 0.360179
1.22015 0.360164 0.360171
1.22028 0.360156 0.360163
1.2204 0.360148 0.360155
1.22052 0.36014 0.360147
1.22065 0.360131 0.360139
1.22077 0.360123 0.360131
1.22089 0.360115 0.360123
1.22102 0.360107 0.360115
1.22114 0.360099 0.360107
1.22126 0.360091 0.360098
1.22139 0.360083 0.36009
1.22151 0.360075 0.360082
1.22164 0.360067 0.360074
1.22176 0.360059 0.360066
1.22188 0.360051 0.360058
1.22201 0.360043 0.36005
1.22213 0.360035 0.360042
1.22225 0.360027 0.360034
1.22238 0.360018 0.360026
1.2225 0.36001 0.360018
1.22262 0.360002 0.36001
1.22275 0.359994 0.360001
1.22287 0.359986 0.359993
1.223 0.359978 0.359985
1.22312 0.35997 0.359977
1.22324 0.359962 0.359969
1.22337 0.359953 0.359961
1.22349 0.359945 0.359953
1.22362 0.359937 0.359944
1.22374 0.359929 0.359936
1.22386 0.359921 0.359928
1.22399 0.359913 0.35992
1.22411 0.359905 0.359912
1.22423 0.359896 0.359904
1.22436 0.359888 0.359896
1.22448 0.35988 0.359887
1.22461 0.359872 0.359879
1.22473 0.359864 0.359871
1.22485 0.359855 0.359863
1.22498 0.359847 0.359855
1.2251 0.359839 0.359846
1.22523 0.359831 0.359838
1.22535 0.359823 0.35983
1.22548 0.359814 0.359822
1.2256 0.359806 0.359814
1.22572 0.359798 0.359805
1.22585 0.35979 0.359797
1.22597 0.359782 0.359789
1.2261 0.359773 0.359781
1.22622 0.359765 0.359772
1.22634 0.359757 0.359764
1.22647 0.359749 0.359756
1.22659 0.35974 0.359748
1.22672 0.359732 0.359739
1.22684 0.359724 0.359731
1.22697 0.359715 0.359723
1.22709 0.359707 0.359715
1.22721 0.359699 0.359706
1.22734 0.359691 0.359698
1.22746 0.359682 0.35969
1.22759 0.359674 0.359681
1.22771 0.359666 0.359673
1.22784 0.359657 0.359665
1.22796 0.359649 0.359656
1.22809 0.359641 0.359648
1.22821 0.359632 0.35964
1.22833 0.359624 0.359632
1.22846 0.359616 0.359623
1.22858 0.359608 0.359615
1.22871 0.359599 0.359607
1.22883 0.359591 0.359598
1.22896 0.359582 0.35959
1.22908 0.359574 0.359581
1.22921 0.359566 0.359573
1.22933 0.359557 0.359565
1.22946 0.359549 0.359556
1.22958 0.359541 0.359548
1.22971 0.359532 0.35954
1.22983 0.359524 0.359531
1.22995 0.359516 0.359523
1.23008 0.359507 0.359515
1.2302 0.359499 0.359506
1.23033 0.35949 0.359498
1.23045 0.359482 0.359489
1.23058 0.359474 0.359481
1.2307 0.359465 0.359473
1.23083 0.359457 0.359464
1.23095 0.359448 0.359456
1.23108 0.35944 0.359447
1.2312 0.359431 0.359439
1.23133 0.359423 0.35943
1.23145 0.359415 0.359422
1.23158 0.359406 0.359414
1.2317 0.359398 0.359405
1.23183 0.359389 0.359397
1.23195 0.359381 0.359388
1.23208 0.359372 0.35938
1.2322 0.359364 0.359371
1.23233 0.359355 0.359363
1.23245 0.359347 0.359354
1.23258 0.359338 0.359346
1.2327 0.35933 0.359337
1.23283 0.359321 0.359329
1.23295 0.359313 0.35932
1.23308 0.359304 0.359312
1.2332 0.359296 0.359303
1.23333 0.359287 0.359295
1.23345 0.359279 0.359286
1.23358 0.35927 0.359278
1.2337 0.359262 0.359269
1.23383 0.359253 0.359261
1.23396 0.359245 0.359252
1.23408 0.359236 0.359244
1.23421 0.359228 0.359235
1.23433 0.359219 0.359227
1.23446 0.359211 0.359218
1.23458 0.359202 0.359209
1.23471 0.359193 0.359201
1.23483 0.359185 0.359192
1.23496 0.359176 0.359184
1.23508 0.359168 0.359175
1.23521 0.359159 0.359167
1.23533 0.359151 0.359158
1.23546 0.359142 0.359149
1.23559 0.359133 0.359141
1.23571 0.359125 0.359132
1.23584 0.359116 0.359124
1.23596 0.359108 0.359115
1.23609 0.359099 0.359106
1.23621 0.35909 0.359098
1.23634 0.359082 0.359089
1.23646 0.359073 0.359081
1.23659 0.359064 0.359072
1.23672 0.359056 0.359063
1.23684 0.359047 0.359055
1.23697 0.359039 0.359046
1.23709 0.35903 0.359037
1.23722 0.359021 0.359029
1.23734 0.359013 0.35902
1.23747 0.359004 0.359011
1.2376 0.358995 0.359003
1.23772 0.358987 0.358994
1.23785 0.358978 0.358985
1.23797 0.358969 0.358977
1.2381 0.358961 0.358968
1.23823 0.358952 0.358959
1.23835 0.358943 0.358951
1.23848 0.358934 0.358942
1.2386 0.358926 0.358933
1.23873 0.358917 0.358925
1.23886 0.358908 0.358916
1.23898 0.3589 0.358907
1.23911 0.358891 0.358898
1.23923 0.358882 0.35889
1.23936 0.358873 0.358881
1.23949 0.358865 0.358872
1.23961 0.358856 0.358863
1.23974 0.358847 0.358855
1.23986 0.358838 0.358846
1.23999 0.35883 0.358837
1.24012 0.358821 0.358828
1.24024 0.358812 0.35882
1.24037 0.358803 0.358811
1.24049 0.358795 0.358802
1.24062 0.358786 0.358793
1.24075 0.358777 0.358784
1.24087 0.358768 0.358776
1.241 0.358759 0.358767
1.24113 0.358751 0.358758
1.24125 0.358742 0.358749
1.24138 0.358733 0.35874
1.2415 0.358724 0.358732
1.24163 0.358715 0.358723
1.24176 0.358706 0.358714
1.24188 0.358698 0.358705
1.24201 0.358689 0.358696
1.24214 0.35868 0.358688
1.24226 0.358671 0.358679
1.24239 0.358662 0.35867
1.24252 0.358653 0.358661
1.24264 0.358645 0.358652
1.24277 0.358636 0.358643
1.2429 0.358627 0.358634
1.24302 0.358618 0.358626
1.24315 0.358609 0.358617
1.24328 0.3586 0.358608
1.2434 0.358591 0.358599
1.24353 0.358582 0.35859
1.24366 0.358574 0.358581
1.24378 0.358565 0.358572
1.24391 0.358556 0.358563
1.24404 0.358547 0.358554
1.24416 0.358538 0.358545
1.24429 0.358529 0.358537
1.24442 0.35852 0.358528
1.24454 0.358511 0.358519
1.24467 0.358502 0.35851
1.2448 0.358493 0.358501
1.24492 0.358484 0.358492
1.24505 0.358475 0.358483
1.24518 0.358466 0.358474
1.2453 0.358457 0.358465
1.24543 0.358448 0.358456
1.24556 0.35844 0.358447
1.24568 0.358431 0.358438
1.24581 0.358422 0.358429
1.24594 0.358413 0.35842
1.24606 0.358404 0.358411
1.24619 0.358395 0.358402
1.24632 0.358386 0.358393
1.24645 0.358377 0.358384
1.24657 0.358368 0.358375
1.2467 0.358359 0.358366
1.24683 0.35835 0.358357
1.24695 0.358341 0.358348
1.24708 0.358332 0.358339
1.24721 0.358322 0.35833
1.24734 0.358313 0.358321
1.24746 0.358304 0.358312
1.24759 0.358295 0.358303
1.24772 0.358286 0.358294
1.24784 0.358277 0.358285
1.24797 0.358268 0.358276
1.2481 0.358259 0.358267
1.24823 0.35825 0.358258
1.24835 0.358241 0.358249
1.24848 0.358232 0.35824
1.24861 0.358223 0.35823
1.24874 0.358214 0.358221
1.24886 0.358205 0.358212
1.24899 0.358196 0.358203
1.24912 0.358186 0.358194
1.24925 0.358177 0.358185
1.24937 0.358168 0.358176
1.2495 0.358159 0.358167
1.24963 0.35815 0.358158
1.24976 0.358141 0.358149
1.24988 0.358132 0.358139
1.25001 0.358123 0.35813
1.25014 0.358113 0.358121
1.25027 0.358104 0.358112
1.25039 0.358095 0.358103
1.25052 0.358086 0.358094
1.25065 0.358077 0.358085
1.25078 0.358068 0.358075
1.2509 0.358059 0.358066
1.25103 0.358049 0.358057
1.25116 0.35804 0.358048
1.25129 0.358031 0.358039
1.25141 0.358022 0.358029
1.25154 0.358013 0.35802
1.25167 0.358003 0.358011
1.2518 0.357994 0.358002
1.25193 0.357985 0.357993
1.25205 0.357976 0.357983
1.25218 0.357967 0.357974
1.25231 0.357957 0.357965
1.25244 0.357948 0.357956
1.25257 0.357939 0.357947
1.25269 0.35793 0.357937
1.25282 0.35792 0.357928
1.25295 0.357911 0.357919
1.25308 0.357902 0.35791
1.2532 0.357893 0.3579
1.25333 0.357883 0.357891
1.25346 0.357874 0.357882
1.25359 0.357865 0.357873
1.25372 0.357856 0.357863
1.25385 0.357846 0.357854
1.25397 0.357837 0.357845
1.2541 0.357828 0.357835
1.25423 0.357818 0.357826
1.25436 0.357809 0.357817
1.25449 0.3578 0.357808
1.25461 0.357791 0.357798
1.25474 0.357781 0.357789
1.25487 0.357772 0.35778
1.255 0.357763 0.35777
1.25513 0.357753 0.357761
1.25526 0.357744 0.357752
1.25538 0.357735 0.357742
1.25551 0.357725 0.357733
1.25564 0.357716 0.357724
1.25577 0.357707 0.357714
1.2559 0.357697 0.357705
1.25603 0.357688 0.357696
1.25615 0.357678 0.357686
1.25628 0.357669 0.357677
1.25641 0.35766 0.357667
1.25654 0.35765 0.357658
1.25667 0.357641 0.357649
1.2568 0.357632 0.357639
1.25692 0.357622 0.35763
1.25705 0.357613 0.35762
1.25718 0.357603 0.357611
1.25731 0.357594 0.357602
1.25744 0.357584 0.357592
1.25757 0.357575 0.357583
1.2577 0.357566 0.357573
1.25782 0.357556 0.357564
1.25795 0.357547 0.357555
1.25808 0.357537 0.357545
1.25821 0.357528 0.357536
1.25834 0.357518 0.357526
1.25847 0.357509 0.357517
1.2586 0.3575 0.357507
1.25873 0.35749 0.357498
1.25885 0.357481 0.357488
1.25898 0.357471 0.357479
1.25911 0.357462 0.357469
1.25924 0.357452 0.35746
1.25937 0.357443 0.35745
1.2595 0.357433 0.357441
1.25963 0.357424 0.357431
1.25976 0.357414 0.357422
1.25989 0.357405 0.357412
1.26001 0.357395 0.357403
1.26014 0.357386 0.357393
1.26027 0.357376 0.357384
1.2604 0.357367 0.357374
1.26053 0.357357 0.357365
1.26066 0.357348 0.357355
1.26079 0.357338 0.357346
1.26092 0.357328 0.357336
1.26105 0.357319 0.357327
1.26118 0.357309 0.357317
1.26131 0.3573 0.357308
1.26143 0.35729 0.357298
1.26156 0.357281 0.357288
1.26169 0.357271 0.357279
1.26182 0.357261 0.357269
1.26195 0.357252 0.35726
1.26208 0.357242 0.35725
1.26221 0.357233 0.357241
1.26234 0.357223 0.357231
1.26247 0.357214 0.357221
1.2626 0.357204 0.357212
1.26273 0.357194 0.357202
1.26286 0.357185 0.357193
1.26299 0.357175 0.357183
1.26312 0.357165 0.357173
1.26325 0.357156 0.357164
1.26337 0.357146 0.357154
1.2635 0.357137 0.357144
1.26363 0.357127 0.357135
1.26376 0.357117 0.357125
1.26389 0.357108 0.357115
1.26402 0.357098 0.357106
1.26415 0.357088 0.357096
1.26428 0.357079 0.357086
1.26441 0.357069 0.357077
1.26454 0.357059 0.357067
1.26467 0.357049 0.357057
1.2648 0.35704 0.357048
1.26493 0.35703 0.357038
1.26506 0.35702 0.357028
1.26519 0.357011 0.357019
1.26532 0.357001 0.357009
1.26545 0.356991 0.356999
1.26558 0.356982 0.356989
1.26571 0.356972 0.35698
1.26584 0.356962 0.35697
1.26597 0.356952 0.35696
1.2661 0.356943 0.35695
1.26623 0.356933 0.356941
1.26636 0.356923 0.356931
1.26649 0.356913 0.356921
1.26662 0.356904 0.356911
1.26675 0.356894 0.356902
1.26688 0.356884 0.356892
1.26701 0.356874 0.356882
1.26714 0.356865 0.356872
1.26727 0.356855 0.356863
1.2674 0.356845 0.356853
1.26753 0.356835 0.356843
1.26766 0.356825 0.356833
1.26779 0.356816 0.356823
1.26792 0.356806 0.356814
1.26805 0.356796 0.356804
1.26818 0.356786 0.356794
1.26831 0.356776 0.356784
1.26844 0.356766 0.356774
1.26857 0.356757 0.356765
1.2687 0.356747 0.356755
1.26883 0.356737 0.356745
1.26896 0.356727 0.356735
1.26909 0.356717 0.356725
1.26922 0.356707 0.356715
1.26935 0.356697 0.356705
1.26948 0.356688 0.356696
1.26961 0.356678 0.356686
1.26974 0.356668 0.356676
1.26987 0.356658 0.356666
1.27 0.356648 0.356656
1.27013 0.356638 0.356646
1.27026 0.356628 0.356636
1.27039 0.356618 0.356626
1.27052 0.356608 0.356616
1.27065 0.356599 0.356607
1.27078 0.356589 0.356597
1.27092 0.356579 0.356587
1.27105 0.356569 0.356577
1.27118 0.356559 0.356567
1.27131 0.356549 0.356557
1.27144 0.356539 0.356547
1.27157 0.356529 0.356537
1.2717 0.356519 0.356527
1.27183 0.356509 0.356517
1.27196 0.356499 0.356507
1.27209 0.356489 0.356497
1.27222 0.356479 0.356487
1.27235 0.356469 0.356477
1.27248 0.356459 0.356467
1.27261 0.356449 0.356457
1.27274 0.356439 0.356447
1.27288 0.356429 0.356437
1.27301 0.356419 0.356427
1.27314 0.356409 0.356417
1.27327 0.356399 0.356407
1.2734 0.356389 0.356397
1.27353 0.356379 0.356387
1.27366 0.356369 0.356377
1.27379 0.356359 0.356367
1.27392 0.356349 0.356357
1.27405 0.356339 0.356347
1.27419 0.356329 0.356337
1.27432 0.356319 0.356327
1.27445 0.356309 0.356317
1.27458 0.356299 0.356307
1.27471 0.356289 0.356297
1.27484 0.356279 0.356287
1.27497 0.356269 0.356277
1.2751 0.356259 0.356267
1.27523 0.356248 0.356257
1.27537 0.356238 0.356246
1.2755 0.356228 0.356236
1.27563 0.356218 0.356226
1.27576 0.356208 0.356216
1.27589 0.356198 0.356206
1.27602 0.356188 0.356196
1.27615 0.356178 0.356186
1.27628 0.356168 0.356176
1.27642 0.356157 0.356166
1.27655 0.356147 0.356155
1.27668 0.356137 0.356145
1.27681 0.356127 0.356135
1.27694 0.356117 0.356125
1.27707 0.356107 0.356115
1.2772 0.356097 0.356105
1.27734 0.356086 0.356094
1.27747 0.356076 0.356084
1.2776 0.356066 0.356074
1.27773 0.356056 0.356064
1.27786 0.356046 0.356054
1.27799 0.356036 0.356044
1.27812 0.356025 0.356033
1.27826 0.356015 0.356023
1.27839 0.356005 0.356013
1.27852 0.355995 0.356003
1.27865 0.355984 0.355993
1.27878 0.355974 0.355982
1.27891 0.355964 0.355972
1.27905 0.355954 0.355962
1.27918 0.355944 0.355952
1.27931 0.355933 0.355941
1.27944 0.355923 0.355931
1.27957 0.355913 0.355921
1.27971 0.355903 0.355911
1.27984 0.355892 0.3559
1.27997 0.355882 0.35589
1.2801 0.355872 0.35588
1.28023 0.355862 0.35587
1.28036 0.355851 0.355859
1.2805 0.355841 0.355849
1.28063 0.355831 0.355839
1.28076 0.35582 0.355828
1.28089 0.35581 0.355818
1.28102 0.3558 0.355808
1.28116 0.355789 0.355798
1.28129 0.355779 0.355787
1.28142 0.355769 0.355777
1.28155 0.355758 0.355767
1.28169 0.355748 0.355756
1.28182 0.355738 0.355746
1.28195 0.355727 0.355736
1.28208 0.355717 0.355725
1.28221 0.355707 0.355715
1.28235 0.355696 0.355705
1.28248 0.355686 0.355694
1.28261 0.355676 0.355684
1.28274 0.355665 0.355673
1.28288 0.355655 0.355663
1.28301 0.355645 0.355653
1.28314 0.355634 0.355642
1.28327 0.355624 0.355632
1.2834 0.355613 0.355622
1.28354 0.355603 0.355611
1.28367 0.355593 0.355601
1.2838 0.355582 0.35559
1.28393 0.355572 0.35558
1.28407 0.355561 0.355569
1.2842 0.355551 0.355559
1.28433 0.35554 0.355549
1.28446 0.35553 0.355538
1.2846 0.35552 0.355528
1.28473 0.355509 0.355517
1.28486 0.355499 0.355507
1.28499 0.355488 0.355496
1.28513 0.355478 0.355486
1.28526 0.355467 0.355475
1.28539 0.355457 0.355465
1.28553 0.355446 0.355455
1.28566 0.355436 0.355444
1.28579 0.355425 0.355434
1.28592 0.355415 0.355423
1.28606 0.355404 0.355413
1.28619 0.355394 0.355402
1.28632 0.355383 0.355392
1.28645 0.355373 0.355381
1.28659 0.355362 0.355371
1.28672 0.355352 0.35536
1.28685 0.355341 0.35535
1.28699 0.355331 0.355339
1.28712 0.35532 0.355328
1.28725 0.35531 0.355318
1.28739 0.355299 0.355307
1.28752 0.355289 0.355297
1.28765 0.355278 0.355286
1.28778 0.355267 0.355276
1.28792 0.355257 0.355265
1.28805 0.355246 0.355255
1.28818 0.355236 0.355244
1.28832 0.355225 0.355233
1.28845 0.355215 0.355223
1.28858 0.355204 0.355212
1.28872 0.355193 0.355202
1.28885 0.355183 0.355191
1.28898 0.355172 0.35518
1.28912 0.355162 0.35517
1.28925 0.355151 0.355159
1.28938 0.35514 0.355149
1.28952 0.35513 0.355138
1.28965 0.355119 0.355127
1.28978 0.355108 0.355117
1.28992 0.355098 0.355106
1.29005 0.355087 0.355095
1.29018 0.355077 0.355085
1.29032 0.355066 0.355074
1.29045 0.355055 0.355063
1.29058 0.355045 0.355053
1.29072 0.355034 0.355042
1.29085 0.355023 0.355031
1.29098 0.355012 0.355021
1.29112 0.355002 0.35501
1.29125 0.354991 0.354999
1.29138 0.35498 0.354989
1.29152 0.35497 0.354978
1.29165 0.354959 0.354967
1.29178 0.354948 0.354957
1.29192 0.354938 0.354946
1.29205 0.354927 0.354935
1.29219 0.354916 0.354924
1.29232 0.354905 0.354914
1.29245 0.354895 0.354903
1.29259 0.354884 0.354892
1.29272 0.354873 0.354881
1.29285 0.354862 0.354871
1.29299 0.354852 0.35486
1.29312 0.354841 0.354849
1.29326 0.35483 0.354838
1.29339 0.354819 0.354828
1.29352 0.354809 0.354817
1.29366 0.354798 0.354806
1.29379 0.354787 0.354795
1.29393 0.354776 0.354784
1.29406 0.354765 0.354774
1.29419 0.354755 0.354763
1.29433 0.354744 0.354752
1.29446 0.354733 0.354741
1.2946 0.354722 0.35473
1.29473 0.354711 0.35472
1.29486 0.3547 0.354709
1.295 0.35469 0.354698
1.29513 0.354679 0.354687
1.29527 0.354668 0.354676
1.2954 0.354657 0.354665
1.29553 0.354646 0.354655
1.29567 0.354635 0.354644
1.2958 0.354624 0.354633
1.29594 0.354614 0.354622
1.29607 0.354603 0.354611
1.29621 0.354592 0.3546
1.29634 0.354581 0.354589
1.29647 0.35457 0.354578
1.29661 0.354559 0.354568
1.29674 0.354548 0.354557
1.29688 0.354537 0.354546
1.29701 0.354526 0.354535
1.29715 0.354516 0.354524
1.29728 0.354505 0.354513
1.29742 0.354494 0.354502
1.29755 0.354483 0.354491
1.29768 0.354472 0.35448
1.29782 0.354461 0.354469
1.29795 0.35445 0.354458
1.29809 0.354439 0.354447
1.29822 0.354428 0.354436
1.29836 0.354417 0.354425
1.29849 0.354406 0.354414
1.29863 0.354395 0.354403
1.29876 0.354384 0.354392
1.2989 0.354373 0.354382
1.29903 0.354362 0.354371
1.29917 0.354351 0.35436
1.2993 0.35434 0.354349
1.29943 0.354329 0.354338
1.29957 0.354318 0.354327
1.2997 0.354307 0.354316
1.29984 0.354296 0.354304
1.29997 0.354285 0.354293
1.30011 0.354274 0.354282
1.30024 0.354263 0.354271
1.30038 0.354252 0.35426
1.30051 0.354241 0.354249
1.30065 0.35423 0.354238
1.30078 0.354219 0.354227
1.30092 0.354208 0.354216
1.30105 0.354197 0.354205
1.30119 0.354186 0.354194
1.30132 0.354175 0.354183
1.30146 0.354163 0.354172
1.30159 0.354152 0.354161
1.30173 0.354141 0.35415
1.30186 0.35413 0.354139
1.302 0.354119 0.354127
1.30213 0.354108 0.354116
1.30227 0.354097 0.354105
1.3024 0.354086 0.354094
1.30254 0.354075 0.354083
1.30268 0.354063 0.354072
1.30281 0.354052 0.354061
1.30295 0.354041 0.35405
1.30308 0.35403 0.354038
1.30322 0.354019 0.354027
1.30335 0.354008 0.354016
1.30349 0.353997 0.354005
1.30362 0.353985 0.353994
1.30376 0.353974 0.353983
1.30389 0.353963 0.353972
1.30403 0.353952 0.35396
1.30416 0.353941 0.353949
1.3043 0.35393 0.353938
1.30444 0.353918 0.353927
1.30457 0.353907 0.353916
1.30471 0.353896 0.353904
1.30484 0.353885 0.353893
1.30498 0.353873 0.353882
1.30511 0.353862 0.353871
1.30525 0.353851 0.35386
1.30539 0.35384 0.353848
1.30552 0.353829 0.353837
1.30566 0.353817 0.353826
1.30579 0.353806 0.353815
1.30593 0.353795 0.353803
1.30606 0.353784 0.353792
1.3062 0.353772 0.353781
1.30634 0.353761 0.35377
1.30647 0.35375 0.353758
1.30661 0.353738 0.353747
1.30674 0.353727 0.353736
1.30688 0.353716 0.353724
1.30701 0.353705 0.353713
1.30715 0.353693 0.353702
1.30729 0.353682 0.353691
1.30742 0.353671 0.353679
1.30756 0.353659 0.353668
1.30769 0.353648 0.353657
1.30783 0.353637 0.353645
1.30797 0.353625 0.353634
1.3081 0.353614 0.353623
1.30824 0.353603 0.353611
1.30838 0.353591 0.3536
1.30851 0.35358 0.353589
1.30865 0.353569 0.353577
1.30878 0.353557 0.353566
1.30892 0.353546 0.353554
1.30906 0.353535 0.353543
1.30919 0.353523 0.353532
1.30933 0.353512 0.35352
1.30947 0.3535 0.353509
1.3096 0.353489 0.353498
1.30974 0.353478 0.353486
1.30987 0.353466 0.353475
1.31001 0.353455 0.353463
1.31015 0.353443 0.353452
1.31028 0.353432 0.353441
1.31042 0.353421 0.353429
1.31056 0.353409 0.353418
1.31069 0.353398 0.353406
1.31083 0.353386 0.353395
1.31097 0.353375 0.353383
1.3111 0.353363 0.353372
1.31124 0.353352 0.35336
1.31138 0.35334 0.353349
1.31151 0.353329 0.353338
1.31165 0.353318 0.353326
1.31179 0.353306 0.353315
1.31192 0.353295 0.353303
1.31206 0.353283 0.353292
1.3122 0.353272 0.35328
1.31233 0.35326 0.353269
1.31247 0.353249 0.353257
1.31261 0.353237 0.353246
1.31274 0.353226 0.353234
1.31288 0.353214 0.353223
1.31302 0.353203 0.353211
1.31315 0.353191 0.3532
1.31329 0.353179 0.353188
1.31343 0.353168 0.353177
1.31356 0.353156 0.353165
1.3137 0.353145 0.353153
1.31384 0.353133 0.353142
1.31398 0.353122 0.35313
1.31411 0.35311 0.353119
1.31425 0.353099 0.353107
1.31439 0.353087 0.353096
1.31452 0.353075 0.353084
1.31466 0.353064 0.353072
1.3148 0.353052 0.353061
1.31493 0.353041 0.353049
1.31507 0.353029 0.353038
1.31521 0.353017 0.353026
1.31535 0.353006 0.353014
1.31548 0.352994 0.353003
1.31562 0.352983 0.352991
1.31576 0.352971 0.35298
1.3159 0.352959 0.352968
1.31603 0.352948 0.352956
1.31617 0.352936 0.352945
1.31631 0.352924 0.352933
1.31644 0.352913 0.352921
1.31658 0.352901 0.35291
1.31672 0.352889 0.352898
1.31686 0.352878 0.352886
1.31699 0.352866 0.352875
1.31713 0.352854 0.352863
1.31727 0.352843 0.352851
1.31741 0.352831 0.35284
1.31754 0.352819 0.352828
1.31768 0.352808 0.352816
1.31782 0.352796 0.352805
1.31796 0.352784 0.352793
1.31809 0.352772 0.352781
1.31823 0.352761 0.352769
1.31837 0.352749 0.352758
1.31851 0.352737 0.352746
1.31865 0.352726 0.352734
1.31878 0.352714 0.352722
1.31892 0.352702 0.352711
1.31906 0.35269 0.352699
1.3192 0.352679 0.352687
1.31933 0.352667 0.352675
1.31947 0.352655 0.352664
1.31961 0.352643 0.352652
1.31975 0.352631 0.35264
1.31989 0.35262 0.352628
1.32002 0.352608 0.352617
1.32016 0.352596 0.352605
1.3203 0.352584 0.352593
1.32044 0.352572 0.352581
1.32058 0.352561 0.352569
1.32071 0.352549 0.352558
1.32085 0.352537 0.352546
1.32099 0.352525 0.352534
1.32113 0.352513 0.352522
1.32127 0.352501 0.35251
1.3214 0.35249 0.352498
1.32154 0.352478 0.352487
1.32168 0.352466 0.352475
1.32182 0.352454 0.352463
1.32196 0.352442 0.352451
1.3221 0.35243 0.352439
1.32223 0.352418 0.352427
1.32237 0.352407 0.352415
1.32251 0.352395 0.352403
1.32265 0.352383 0.352392
1.32279 0.352371 0.35238
1.32293 0.352359 0.352368
1.32306 0.352347 0.352356
1.3232 0.352335 0.352344
1.32334 0.352323 0.352332
1.32348 0.352311 0.35232
1.32362 0.352299 0.352308
1.32376 0.352287 0.352296
1.32389 0.352276 0.352284
1.32403 0.352264 0.352272
1.32417 0.352252 0.35226
1.32431 0.35224 0.352248
1.32445 0.352228 0.352236
1.32459 0.352216 0.352225
1.32473 0.352204 0.352213
1.32487 0.352192 0.352201
1.325 0.35218 0.352189
1.32514 0.352168 0.352177
1.32528 0.352156 0.352165
1.32542 0.352144 0.352153
1.32556 0.352132 0.352141
1.3257 0.35212 0.352129
1.32584 0.352108 0.352117
1.32598 0.352096 0.352105
1.32611 0.352084 0.352093
1.32625 0.352072 0.352081
1.32639 0.35206 0.352068
1.32653 0.352048 0.352056
1.32667 0.352036 0.352044
1.32681 0.352024 0.352032
1.32695 0.352012 0.35202
1.32709 0.351999 0.352008
1.32723 0.351987 0.351996
1.32737 0.351975 0.351984
1.3275 0.351963 0.351972
1.32764 0.351951 0.35196
1.32778 0.351939 0.351948
1.32792 0.351927 0.351936
1.32806 0.351915 0.351924
1.3282 0.351903 0.351912
1.32834 0.351891 0.351899
1.32848 0.351879 0.351887
1.32862 0.351866 0.351875
1.32876 0.351854 0.351863
1.3289 0.351842 0.351851
1.32904 0.35183 0.351839
1.32918 0.351818 0.351827
1.32931 0.351806 0.351815
1.32945 0.351794 0.351802
1.32959 0.351781 0.35179
1.32973 0.351769 0.351778
1.32987 0.351757 0.351766
1.33001 0.351745 0.351754
1.33015 0.351733 0.351742
1.33029 0.351721 0.351729
1.33043 0.351708 0.351717
1.33057 0.351696 0.351705
1.33071 0.351684 0.351693
1.33085 0.351672 0.351681
1.33099 0.35166 0.351668
1.33113 0.351647 0.351656
1.33127 0.351635 0.351644
1.33141 0.351623 0.351632
1.33155 0.351611 0.351619
1.33169 0.351598 0.351607
1.33183 0.351586 0.351595
1.33197 0.351574 0.351583
1.33211 0.351562 0.35157
1.33225 0.351549 0.351558
1.33239 0.351537 0.351546
1.33253 0.351525 0.351534
1.33267 0.351513 0.351521
1.33281 0.3515 0.351509
1.33295 0.351488 0.351497
1.33309 0.351476 0.351485
1.33323 0.351463 0.351472
1.33337 0.351451 0.35146
1.33351 0.351439 0.351448
1.33365 0.351426 0.351435
1.33379 0.351414 0.351423
1.33393 0.351402 0.351411
1.33407 0.351389 0.351398
1.33421 0.351377 0.351386
1.33435 0.351365 0.351374
1.33449 0.351352 0.351361
1.33463 0.35134 0.351349
1.33477 0.351328 0.351337
1.33491 0.351315 0.351324
1.33505 0.351303 0.351312
1.33519 0.351291 0.3513
1.33533 0.351278 0.351287
1.33547 0.351266 0.351275
1.33561 0.351253 0.351262
1.33575 0.351241 0.35125
1.33589 0.351229 0.351238
1.33603 0.351216 0.351225
1.33617 0.351204 0.351213
1.33631 0.351191 0.3512
1.33645 0.351179 0.351188
1.33659 0.351167 0.351176
1.33673 0.351154 0.351163
1.33687 0.351142 0.351151
1.33701 0.351129 0.351138
1.33716 0.351117 0.351126
1.3373 0.351104 0.351113
1.33744 0.351092 0.351101
1.33758 0.351079 0.351088
1.33772 0.351067 0.351076
1.33786 0.351054 0.351063
1.338 0.351042 0.351051
1.33814 0.35103 0.351038
1.33828 0.351017 0.351026
1.33842 0.351005 0.351013
1.33856 0.350992 0.351001
1.3387 0.350979 0.350988
1.33884 0.350967 0.350976
1.33899 0.350954 0.350963
1.33913 0.350942 0.350951
1.33927 0.350929 0.350938
1.33941 0.350917 0.350926
1.33955 0.350904 0.350913
1.33969 0.350892 0.350901
1.33983 0.350879 0.350888
1.33997 0.350867 0.350876
1.34011 0.350854 0.350863
1.34025 0.350842 0.350851
1.3404 0.350829 0.350838
1.34054 0.350816 0.350825
1.34068 0.350804 0.350813
1.34082 0.350791 0.3508
1.34096 0.350779 0.350788
1.3411 0.350766 0.350775
1.34124 0.350753 0.350762
1.34138 0.350741 0.35075
1.34153 0.350728 0.350737
1.34167 0.350716 0.350725
1.34181 0.350703 0.350712
1.34195 0.35069 0.350699
1.34209 0.350678 0.350687
1.34223 0.350665 0.350674
1.34237 0.350652 0.350661
1.34252 0.35064 0.350649
1.34266 0.350627 0.350636
1.3428 0.350614 0.350623
1.34294 0.350602 0.350611
1.34308 0.350589 0.350598
1.34322 0.350576 0.350585
1.34336 0.350564 0.350573
1.34351 0.350551 0.35056
1.34365 0.350538 0.350547
1.34379 0.350526 0.350535
1.34393 0.350513 0.350522
1.34407 0.3505 0.350509
1.34421 0.350487 0.350496
1.34436 0.350475 0.350484
1.3445 0.350462 0.350471
1.34464 0.350449 0.350458
1.34478 0.350436 0.350445
1.34492 0.350424 0.350433
1.34507 0.350411 0.35042
1.34521 0.350398 0.350407
1.34535 0.350385 0.350394
1.34549 0.350373 0.350382
1.34563 0.35036 0.350369
1.34578 0.350347 0.350356
1.34592 0.350334 0.350343
1.34606 0.350321 0.350331
1.3462 0.350309 0.350318
1.34634 0.350296 0.350305
1.34649 0.350283 0.350292
1.34663 0.35027 0.350279
1.34677 0.350257 0.350267
1.34691 0.350245 0.350254
1.34705 0.350232 0.350241
1.3472 0.350219 0.350228
1.34734 0.350206 0.350215
1.34748 0.350193 0.350202
1.34762 0.35018 0.350189
1.34777 0.350168 0.350177
1.34791 0.350155 0.350164
1.34805 0.350142 0.350151
1.34819 0.350129 0.350138
1.34834 0.350116 0.350125
1.34848 0.350103 0.350112
1.34862 0.35009 0.350099
1.34876 0.350077 0.350086
1.34891 0.350064 0.350074
1.34905 0.350052 0.350061
1.34919 0.350039 0.350048
1.34933 0.350026 0.350035
1.34948 0.350013 0.350022
1.34962 0.35 0.350009
1.34976 0.349987 0.349996
1.3499 0.349974 0.349983
1.35005 0.349961 0.34997
1.35019 0.349948 0.349957
1.35033 0.349935 0.349944
1.35047 0.349922 0.349931
1.35062 0.349909 0.349918
1.35076 0.349896 0.349905
1.3509 0.349883 0.349892
1.35105 0.34987 0.349879
1.35119 0.349857 0.349866
1.35133 0.349844 0.349853
1.35147 0.349831 0.34984
1.35162 0.349818 0.349827
1.35176 0.349805 0.349814
1.3519 0.349792 0.349801
1.35205 0.349779 0.349788
1.35219 0.349766 0.349775
1.35233 0.349753 0.349762
1.35248 0.34974 0.349749
1.35262 0.349727 0.349736
1.35276 0.349714 0.349723
1.3529 0.349701 0.34971
1.35305 0.349688 0.349697
1.35319 0.349675 0.349684
1.35333 0.349662 0.349671
1.35348 0.349649 0.349658
1.35362 0.349636 0.349645
1.35376 0.349622 0.349632
1.35391 0.349609 0.349619
1.35405 0.349596 0.349605
1.35419 0.349583 0.349592
1.35434 0.34957 0.349579
1.35448 0.349557 0.349566
1.35462 0.349544 0.349553
1.35477 0.349531 0.34954
1.35491 0.349517 0.349527
1.35505 0.349504 0.349514
1.3552 0.349491 0.3495
1.35534 0.349478 0.349487
1.35549 0.349465 0.349474
1.35563 0.349452 0.349461
1.35577 0.349439 0.349448
1.35592 0.349425 0.349435
1.35606 0.349412 0.349421
1.3562 0.349399 0.349408
1.35635 0.349386 0.349395
1.35649 0.349373 0.349382
1.35663 0.349359 0.349369
1.35678 0.349346 0.349355
1.35692 0.349333 0.349342
1.35707 0.34932 0.349329
1.35721 0.349307 0.349316
1.35735 0.349293 0.349303
1.3575 0.34928 0.349289
1.35764 0.349267 0.349276
1.35779 0.349254 0.349263
1.35793 0.34924 0.34925
1.35807 0.349227 0.349236
1.35822 0.349214 0.349223
1.35836 0.349201 0.34921
1.35851 0.349187 0.349197
1.35865 0.349174 0.349183
1.35879 0.349161 0.34917
1.35894 0.349147 0.349157
1.35908 0.349134 0.349143
1.35923 0.349121 0.34913
1.35937 0.349108 0.349117
1.35951 0.349094 0.349103
1.35966 0.349081 0.34909
1.3598 0.349068 0.349077
1.35995 0.349054 0.349064
1.36009 0.349041 0.34905
1.36024 0.349028 0.349037
1.36038 0.349014 0.349023
1.36052 0.349001 0.34901
1.36067 0.348987 0.348997
1.36081 0.348974 0.348983
1.36096 0.348961 0.34897
1.3611 0.348947 0.348957
1.36125 0.348934 0.348943
1.36139 0.348921 0.34893
1.36154 0.348907 0.348917
1.36168 0.348894 0.348903
1.36183 0.34888 0.34889
1.36197 0.348867 0.348876
1.36211 0.348854 0.348863
1.36226 0.34884 0.348849
1.3624 0.348827 0.348836
1.36255 0.348813 0.348823
1.36269 0.3488 0.348809
1.36284 0.348786 0.348796
1.36298 0.348773 0.348782
1.36313 0.348759 0.348769
1.36327 0.348746 0.348755
1.36342 0.348733 0.348742
1.36356 0.348719 0.348728
1.36371 0.348706 0.348715
1.36385 0.348692 0.348702
1.364 0.348679 0.348688
1.36414 0.348665 0.348675
1.36429 0.348652 0.348661
1.36443 0.348638 0.348648
1.36458 0.348625 0.348634
1.36472 0.348611 0.34862
1.36487 0.348598 0.348607
1.36501 0.348584 0.348593
1.36516 0.348571 0.34858
1.3653 0.348557 0.348566
1.36545 0.348543 0.348553
1.36559 0.34853 0.348539
1.36574 0.348516 0.348526
1.36588 0.348503 0.348512
1.36603 0.348489 0.348499
1.36617 0.348476 0.348485
1.36632 0.348462 0.348471
1.36647 0.348448 0.348458
1.36661 0.348435 0.348444
1.36676 0.348421 0.348431
1.3669 0.348408 0.348417
1.36705 0.348394 0.348403
1.36719 0.34838 0.34839
1.36734 0.348367 0.348376
1.36748 0.348353 0.348363
1.36763 0.34834 0.348349
1.36777 0.348326 0.348335
1.36792 0.348312 0.348322
1.36807 0.348299 0.348308
1.36821 0.348285 0.348294
1.36836 0.348271 0.348281
1.3685 0.348258 0.348267
1.36865 0.348244 0.348253
1.36879 0.34823 0.34824
1.36894 0.348217 0.348226
1.36909 0.348203 0.348212
1.36923 0.348189 0.348199
1.36938 0.348176 0.348185
1.36952 0.348162 0.348171
1.36967 0.348148 0.348158
1.36982 0.348134 0.348144
1.36996 0.348121 0.34813
1.37011 0.348107 0.348116
1.37025 0.348093 0.348103
1.3704 0.34808 0.348089
1.37055 0.348066 0.348075
1.37069 0.348052 0.348062
1.37084 0.348038 0.348048
1.37098 0.348025 0.348034
1.37113 0.348011 0.34802
1.37128 0.347997 0.348006
1.37142 0.347983 0.347993
1.37157 0.347969 0.347979
1.37171 0.347956 0.347965
1.37186 0.347942 0.347951
1.37201 0.347928 0.347938
1.37215 0.347914 0.347924
1.3723 0.3479 0.34791
1.37245 0.347887 0.347896
1.37259 0.347873 0.347882
1.37274 0.347859 0.347868
1.37288 0.347845 0.347855
1.37303 0.347831 0.347841
1.37318 0.347817 0.347827
1.37332 0.347804 0.347813
1.37347 0.34779 0.347799
1.37362 0.347776 0.347785
1.37376 0.347762 0.347772
1.37391 0.347748 0.347758
1.37406 0.347734 0.347744
1.3742 0.34772 0.34773
1.37435 0.347706 0.347716
1.3745 0.347693 0.347702
1.37464 0.347679 0.347688
1.37479 0.347665 0.347674
1.37494 0.347651 0.34766
1.37508 0.347637 0.347646
1.37523 0.347623 0.347633
1.37538 0.347609 0.347619
1.37552 0.347595 0.347605
1.37567 0.347581 0.347591
1.37582 0.347567 0.347577
1.37597 0.347553 0.347563
1.37611 0.347539 0.347549
1.37626 0.347525 0.347535
1.37641 0.347511 0.347521
1.37655 0.347497 0.347507
1.3767 0.347483 0.347493
1.37685 0.347469 0.347479
1.37699 0.347455 0.347465
1.37714 0.347441 0.347451
1.37729 0.347427 0.347437
1.37744 0.347413 0.347423
1.37758 0.347399 0.347409
1.37773 0.347385 0.347395
1.37788 0.347371 0.347381
1.37803 0.347357 0.347367
1.37817 0.347343 0.347353
1.37832 0.347329 0.347339
1.37847 0.347315 0.347325
1.37861 0.347301 0.347311
1.37876 0.347287 0.347297
1.37891 0.347273 0.347283
1.37906 0.347259 0.347268
1.3792 0.347245 0.347254
1.37935 0.347231 0.34724
1.3795 0.347217 0.347226
1.37965 0.347203 0.347212
1.37979 0.347188 0.347198
1.37994 0.347174 0.347184
1.38009 0.34716 0.34717
1.38024 0.347146 0.347156
1.38039 0.347132 0.347142
1.38053 0.347118 0.347127
1.38068 0.347104 0.347113
1.38083 0.34709 0.347099
1.38098 0.347075 0.347085
1.38112 0.347061 0.347071
1.38127 0.347047 0.347057
1.38142 0.347033 0.347043
1.38157 0.347019 0.347028
1.38172 0.347005 0.347014
1.38186 0.34699 0.347
1.38201 0.346976 0.346986
1.38216 0.346962 0.346972
1.38231 0.346948 0.346957
1.38246 0.346934 0.346943
1.3826 0.346919 0.346929
1.38275 0.346905 0.346915
1.3829 0.346891 0.346901
1.38305 0.346877 0.346886
1.3832 0.346862 0.346872
1.38334 0.346848 0.346858
1.38349 0.346834 0.346844
1.38364 0.34682 0.346829
1.38379 0.346805 0.346815
1.38394 0.346791 0.346801
1.38409 0.346777 0.346787
1.38423 0.346763 0.346772
1.38438 0.346748 0.346758
1.38453 0.346734 0.346744
1.38468 0.34672 0.346729
1.38483 0.346705 0.346715
1.38498 0.346691 0.346701
1.38512 0.346677 0.346687
1.38527 0.346662 0.346672
1.38542 0.346648 0.346658
1.38557 0.346634 0.346644
1.38572 0.346619 0.346629
1.38587 0.346605 0.346615
1.38602 0.346591 0.346601
1.38616 0.346576 0.346586
1.38631 0.346562 0.346572
1.38646 0.346548 0.346557
1.38661 0.346533 0.346543
1.38676 0.346519 0.346529
1.38691 0.346505 0.346514
1.38706 0.34649 0.3465
1.38721 0.346476 0.346486
1.38735 0.346461 0.346471
1.3875 0.346447 0.346457
1.38765 0.346433 0.346442
1.3878 0.346418 0.346428
1.38795 0.346404 0.346413
1.3881 0.346389 0.346399
1.38825 0.346375 0.346385
1.3884 0.34636 0.34637
1.38855 0.346346 0.346356
1.3887 0.346332 0.346341
1.38884 0.346317 0.346327
1.38899 0.346303 0.346312
1.38914 0.346288 0.346298
1.38929 0.346274 0.346283
1.38944 0.346259 0.346269
1.38959 0.346245 0.346254
1.38974 0.34623 0.34624
1.38989 0.346216 0.346225
1.39004 0.346201 0.346211
1.39019 0.346187 0.346196
1.39034 0.346172 0.346182
1.39049 0.346158 0.346167
1.39064 0.346143 0.346153
1.39078 0.346129 0.346138
1.39093 0.346114 0.346124
1.39108 0.346099 0.346109
1.39123 0.346085 0.346095
1.39138 0.34607 0.34608
1.39153 0.346056 0.346066
1.39168 0.346041 0.346051
1.39183 0.346027 0.346036
1.39198 0.346012 0.346022
1.39213 0.345997 0.346007
1.39228 0.345983 0.345993
1.39243 0.345968 0.345978
1.39258 0.345954 0.345964
1.39273 0.345939 0.345949
1.39288 0.345924 0.345934
1.39303 0.34591 0.34592
1.39318 0.345895 0.345905
1.39333 0.345881 0.34589
1.39348 0.345866 0.345876
1.39363 0.345851 0.345861
1.39378 0.345837 0.345846
1.39393 0.345822 0.345832
1.39408 0.345807 0.345817
1.39423 0.345793 0.345803
1.39438 0.345778 0.345788
1.39453 0.345763 0.345773
1.39468 0.345749 0.345758
1.39483 0.345734 0.345744
1.39498 0.345719 0.345729
1.39513 0.345705 0.345714
1.39528 0.34569 0.3457
1.39543 0.345675 0.345685
1.39558 0.34566 0.34567
1.39573 0.345646 0.345656
1.39588 0.345631 0.345641
1.39603 0.345616 0.345626
1.39618 0.345601 0.345611
1.39633 0.345587 0.345597
1.39648 0.345572 0.345582
1.39663 0.345557 0.345567
1.39678 0.345542 0.345552
1.39693 0.345528 0.345537
1.39708 0.345513 0.345523
1.39724 0.345498 0.345508
1.39739 0.345483 0.345493
1.39754 0.345468 0.345478
1.39769 0.345454 0.345464
1.39784 0.345439 0.345449
1.39799 0.345424 0.345434
1.39814 0.345409 0.345419
1.39829 0.345394 0.345404
1.39844 0.345379 0.345389
1.39859 0.345365 0.345375
1.39874 0.34535 0.34536
1.39889 0.345335 0.345345
1.39904 0.34532 0.34533
1.39919 0.345305 0.345315
1.39935 0.34529 0.3453
1.3995 0.345275 0.345285
1.39965 0.345261 0.345271
1.3998 0.345246 0.345256
1.39995 0.345231 0.345241
1.4001 0.345216 0.345226
1.40025 0.345201 0.345211
1.4004 0.345186 0.345196
1.40055 0.345171 0.345181
1.4007 0.345156 0.345166
1.40086 0.345141 0.345151
1.40101 0.345126 0.345136
1.40116 0.345111 0.345121
1.40131 0.345096 0.345106
1.40146 0.345082 0.345092
1.40161 0.345067 0.345077
1.40176 0.345052 0.345062
1.40191 0.345037 0.345047
1.40207 0.345022 0.345032
1.40222 0.345007 0.345017
1.40237 0.344992 0.345002
1.40252 0.344977 0.344987
1.40267 0.344962 0.344972
1.40282 0.344947 0.344957
1.40297 0.344932 0.344942
1.40313 0.344917 0.344927
1.40328 0.344902 0.344912
1.40343 0.344887 0.344897
1.40358 0.344872 0.344882
1.40373 0.344856 0.344867
1.40388 0.344841 0.344851
1.40404 0.344826 0.344836
1.40419 0.344811 0.344821
1.40434 0.344796 0.344806
1.40449 0.344781 0.344791
1.40464 0.344766 0.344776
1.4048 0.344751 0.344761
1.40495 0.344736 0.344746
1.4051 0.344721 0.344731
1.40525 0.344706 0.344716
1.4054 0.344691 0.344701
1.40555 0.344676 0.344686
1.40571 0.34466 0.34467
1.40586 0.344645 0.344655
1.40601 0.34463 0.34464
1.40616 0.344615 0.344625
1.40632 0.3446 0.34461
1.40647 0.344585 0.344595
1.40662 0.34457 0.34458
1.40677 0.344554 0.344564
1.40692 0.344539 0.344549
1.40708 0.344524 0.344534
1.40723 0.344509 0.344519
1.40738 0.344494 0.344504
1.40753 0.344478 0.344489
1.40769 0.344463 0.344473
1.40784 0.344448 0.344458
1.40799 0.344433 0.344443
1.40814 0.344418 0.344428
1.4083 0.344402 0.344412
1.40845 0.344387 0.344397
1.4086 0.344372 0.344382
1.40875 0.344357 0.344367
1.40891 0.344341 0.344352
1.40906 0.344326 0.344336
1.40921 0.344311 0.344321
1.40936 0.344296 0.344306
1.40952 0.34428 0.34429
1.40967 0.344265 0.344275
1.40982 0.34425 0.34426
1.40997 0.344235 0.344245
1.41013 0.344219 0.344229
1.41028 0.344204 0.344214
1.41043 0.344189 0.344199
1.41059 0.344173 0.344183
1.41074 0.344158 0.344168
1.41089 0.344143 0.344153
1.41104 0.344127 0.344137
1.4112 0.344112 0.344122
1.41135 0.344097 0.344107
1.4115 0.344081 0.344091
1.41166 0.344066 0.344076
1.41181 0.344051 0.344061
1.41196 0.344035 0.344045
1.41212 0.34402 0.34403
1.41227 0.344004 0.344015
1.41242 0.343989 0.343999
1.41257 0.343974 0.343984
1.41273 0.343958 0.343968
1.41288 0.343943 0.343953
1.41303 0.343927 0.343938
1.41319 0.343912 0.343922
1.41334 0.343897 0.343907
1.41349 0.343881 0.343891
1.41365 0.343866 0.343876
1.4138 0.34385 0.34386
1.41395 0.343835 0.343845
1.41411 0.343819 0.34383
1.41426 0.343804 0.343814
1.41442 0.343788 0.343799
1.41457 0.343773 0.343783
1.41472 0.343758 0.343768
1.41488 0.343742 0.343752
1.41503 0.343727 0.343737
1.41518 0.343711 0.343721
1.41534 0.343696 0.343706
1.41549 0.34368 0.34369
1.41564 0.343665 0.343675
1.4158 0.343649 0.343659
1.41595 0.343633 0.343644
1.41611 0.343618 0.343628
1.41626 0.343602 0.343613
1.41641 0.343587 0.343597
1.41657 0.343571 0.343582
1.41672 0.343556 0.343566
1.41688 0.34354 0.34355
1.41703 0.343525 0.343535
1.41718 0.343509 0.343519
1.41734 0.343493 0.343504
1.41749 0.343478 0.343488
1.41765 0.343462 0.343473
1.4178 0.343447 0.343457
1.41795 0.343431 0.343441
1.41811 0.343415 0.343426
1.41826 0.3434 0.34341
1.41842 0.343384 0.343394
1.41857 0.343369 0.343379
1.41872 0.343353 0.343363
1.41888 0.343337 0.343348
1.41903 0.343322 0.343332
1.41919 0.343306 0.343316
1.41934 0.34329 0.343301
1.4195 0.343275 0.343285
1.41965 0.343259 0.343269
1.41981 0.343243 0.343254
1.41996 0.343228 0.343238
1.42011 0.343212 0.343222
1.42027 0.343196 0.343207
1.42042 0.343181 0.343191
1.42058 0.343165 0.343175
1.42073 0.343149 0.343159
1.42089 0.343133 0.343144
1.42104 0.343118 0.343128
1.4212 0.343102 0.343112
1.42135 0.343086 0.343097
1.42151 0.34307 0.343081
1.42166 0.343055 0.343065
1.42182 0.343039 0.343049
1.42197 0.343023 0.343034
1.42213 0.343007 0.343018
1.42228 0.342992 0.343002
1.42244 0.342976 0.342986
1.42259 0.34296 0.34297
1.42275 0.342944 0.342955
1.4229 0.342928 0.342939
1.42306 0.342913 0.342923
1.42321 0.342897 0.342907
1.42337 0.342881 0.342891
1.42352 0.342865 0.342876
1.42368 0.342849 0.34286
1.42383 0.342834 0.342844
1.42399 0.342818 0.342828
1.42414 0.342802 0.342812
1.4243 0.342786 0.342796
1.42445 0.34277 0.34278
1.42461 0.342754 0.342765
1.42476 0.342738 0.342749
1.42492 0.342722 0.342733
1.42507 0.342707 0.342717
1.42523 0.342691 0.342701
1.42539 0.342675 0.342685
1.42554 0.342659 0.342669
1.4257 0.342643 0.342653
1.42585 0.342627 0.342637
1.42601 0.342611 0.342622
1.42616 0.342595 0.342606
1.42632 0.342579 0.34259
1.42647 0.342563 0.342574
1.42663 0.342547 0.342558
1.42679 0.342531 0.342542
1.42694 0.342515 0.342526
1.4271 0.342499 0.34251
1.42725 0.342484 0.342494
1.42741 0.342468 0.342478
1.42756 0.342452 0.342462
1.42772 0.342436 0.342446
1.42788 0.34242 0.34243
1.42803 0.342404 0.342414
1.42819 0.342388 0.342398
1.42834 0.342372 0.342382
1.4285 0.342355 0.342366
1.42866 0.342339 0.34235
1.42881 0.342323 0.342334
1.42897 0.342307 0.342318
1.42912 0.342291 0.342302
1.42928 0.342275 0.342286
1.42944 0.342259 0.34227
1.42959 0.342243 0.342254
1.42975 0.342227 0.342238
1.42991 0.342211 0.342221
1.43006 0.342195 0.342205
1.43022 0.342179 0.342189
1.43037 0.342163 0.342173
1.43053 0.342147 0.342157
1.43069 0.342131 0.342141
1.43084 0.342114 0.342125
1.431 0.342098 0.342109
1.43116 0.342082 0.342093
1.43131 0.342066 0.342076
1.43147 0.34205 0.34206
1.43163 0.342034 0.342044
1.43178 0.342018 0.342028
1.43194 0.342001 0.342012
1.4321 0.341985 0.341996
1.43225 0.341969 0.34198
1.43241 0.341953 0.341963
1.43257 0.341937 0.341947
1.43272 0.34192 0.341931
1.43288 0.341904 0.341915
1.43304 0.341888 0.341899
1.43319 0.341872 0.341882
1.43335 0.341856 0.341866
1.43351 0.341839 0.34185
1.43367 0.341823 0.341834
1.43382 0.341807 0.341817
1.43398 0.341791 0.341801
1.43414 0.341774 0.341785
1.43429 0.341758 0.341769
1.43445 0.341742 0.341752
1.43461 0.341726 0.341736
1.43476 0.341709 0.34172
1.43492 0.341693 0.341704
1.43508 0.341677 0.341687
1.43524 0.341661 0.341671
1.43539 0.341644 0.341655
1.43555 0.341628 0.341638
1.43571 0.341612 0.341622
1.43587 0.341595 0.341606
1.43602 0.341579 0.34159
1.43618 0.341563 0.341573
1.43634 0.341546 0.341557
1.4365 0.34153 0.341541
1.43665 0.341514 0.341524
1.43681 0.341497 0.341508
1.43697 0.341481 0.341491
1.43713 0.341465 0.341475
1.43728 0.341448 0.341459
1.43744 0.341432 0.341442
1.4376 0.341415 0.341426
1.43776 0.341399 0.34141
1.43791 0.341383 0.341393
1.43807 0.341366 0.341377
1.43823 0.34135 0.34136
1.43839 0.341333 0.341344
1.43854 0.341317 0.341328
1.4387 0.341301 0.341311
1.43886 0.341284 0.341295
1.43902 0.341268 0.341278
1.43918 0.341251 0.341262
1.43933 0.341235 0.341245
1.43949 0.341218 0.341229
1.43965 0.341202 0.341212
1.43981 0.341185 0.341196
1.43997 0.341169 0.341179
1.44012 0.341152 0.341163
1.44028 0.341136 0.341146
1.44044 0.341119 0.34113
1.4406 0.341103 0.341113
1.44076 0.341086 0.341097
1.44092 0.34107 0.34108
1.44107 0.341053 0.341064
1.44123 0.341037 0.341047
1.44139 0.34102 0.341031
1.44155 0.341004 0.341014
1.44171 0.340987 0.340998
1.44187 0.340971 0.340981
1.44202 0.340954 0.340965
1.44218 0.340937 0.340948
1.44234 0.340921 0.340932
1.4425 0.340904 0.340915
1.44266 0.340888 0.340898
1.44282 0.340871 0.340882
1.44298 0.340855 0.340865
1.44313 0.340838 0.340849
1.44329 0.340821 0.340832
1.44345 0.340805 0.340815
1.44361 0.340788 0.340799
1.44377 0.340771 0.340782
1.44393 0.340755 0.340765
1.44409 0.340738 0.340749
1.44425 0.340721 0.340732
1.4444 0.340705 0.340715
1.44456 0.340688 0.340699
1.44472 0.340671 0.340682
1.44488 0.340655 0.340665
1.44504 0.340638 0.340649
1.4452 0.340621 0.340632
1.44536 0.340605 0.340615
1.44552 0.340588 0.340599
1.44568 0.340571 0.340582
1.44584 0.340555 0.340565
1.446 0.340538 0.340549
1.44615 0.340521 0.340532
1.44631 0.340504 0.340515
1.44647 0.340488 0.340498
1.44663 0.340471 0.340482
1.44679 0.340454 0.340465
1.44695 0.340437 0.340448
1.44711 0.340421 0.340431
1.44727 0.340404 0.340415
1.44743 0.340387 0.340398
1.44759 0.34037 0.340381
1.44775 0.340353 0.340364
1.44791 0.340337 0.340347
1.44807 0.34032 0.340331
1.44823 0.340303 0.340314
1.44839 0.340286 0.340297
1.44855 0.340269 0.34028
1.44871 0.340253 0.340263
1.44887 0.340236 0.340247
1.44903 0.340219 0.34023
1.44919 0.340202 0.340213
1.44935 0.340185 0.340196
1.44951 0.340168 0.340179
1.44967 0.340151 0.340162
1.44982 0.340135 0.340145
1.44998 0.340118 0.340129
1.45014 0.340101 0.340112
1.4503 0.340084 0.340095
1.45046 0.340067 0.340078
1.45062 0.34005 0.340061
1.45079 0.340033 0.340044
1.45095 0.340016 0.340027
1.45111 0.339999 0.34001
1.45127 0.339982 0.339993
1.45143 0.339965 0.339976
1.45159 0.339949 0.339959
1.45175 0.339932 0.339942
1.45191 0.339915 0.339925
1.45207 0.339898 0.339908
1.45223 0.339881 0.339892
1.45239 0.339864 0.339875
1.45255 0.339847 0.339858
1.45271 0.33983 0.339841
1.45287 0.339813 0.339824
1.45303 0.339796 0.339807
1.45319 0.339779 0.33979
1.45335 0.339762 0.339773
1.45351 0.339745 0.339756
1.45367 0.339728 0.339739
1.45383 0.339711 0.339721
1.45399 0.339694 0.339704
1.45415 0.339677 0.339687
1.45431 0.339659 0.33967
1.45447 0.339642 0.339653
1.45464 0.339625 0.339636
1.4548 0.339608 0.339619
1.45496 0.339591 0.339602
1.45512 0.339574 0.339585
1.45528 0.339557 0.339568
1.45544 0.33954 0.339551
1.4556 0.339523 0.339534
1.45576 0.339506 0.339517
1.45592 0.339489 0.339499
1.45608 0.339471 0.339482
1.45625 0.339454 0.339465
1.45641 0.339437 0.339448
1.45657 0.33942 0.339431
1.45673 0.339403 0.339414
1.45689 0.339386 0.339397
1.45705 0.339369 0.339379
1.45721 0.339351 0.339362
1.45737 0.339334 0.339345
1.45754 0.339317 0.339328
1.4577 0.3393 0.339311
1.45786 0.339283 0.339294
1.45802 0.339265 0.339276
1.45818 0.339248 0.339259
1.45834 0.339231 0.339242
1.4585 0.339214 0.339225
1.45867 0.339197 0.339207
1.45883 0.339179 0.33919
1.45899 0.339162 0.339173
1.45915 0.339145 0.339156
1.45931 0.339128 0.339138
1.45947 0.33911 0.339121
1.45964 0.339093 0.339104
1.4598 0.339076 0.339087
1.45996 0.339058 0.339069
1.46012 0.339041 0.339052
1.46028 0.339024 0.339035
1.46044 0.339007 0.339018
1.46061 0.338989 0.339
1.46077 0.338972 0.338983
1.46093 0.338955 0.338966
1.46109 0.338937 0.338948
1.46125 0.33892 0.338931
1.46142 0.338903 0.338914
1.46158 0.338885 0.338896
1.46174 0.338868 0.338879
1.4619 0.338851 0.338862
1.46206 0.338833 0.338844
1.46223 0.338816 0.338827
1.46239 0.338798 0.338809
1.46255 0.338781 0.338792
1.46271 0.338764 0.338775
1.46288 0.338746 0.338757
1.46304 0.338729 0.33874
1.4632 0.338711 0.338722
1.46336 0.338694 0.338705
1.46353 0.338677 0.338688
1.46369 0.338659 0.33867
1.46385 0.338642 0.338653
1.46401 0.338624 0.338635
1.46418 0.338607 0.338618
1.46434 0.338589 0.3386
1.4645 0.338572 0.338583
1.46466 0.338554 0.338565
1.46483 0.338537 0.338548
1.46499 0.338519 0.33853
1.46515 0.338502 0.338513
1.46531 0.338484 0.338495
1.46548 0.338467 0.338478
1.46564 0.338449 0.33846
1.4658 0.338432 0.338443
1.46597 0.338414 0.338425
1.46613 0.338397 0.338408
1.46629 0.338379 0.33839
1.46645 0.338362 0.338373
1.46662 0.338344 0.338355
1.46678 0.338327 0.338338
1.46694 0.338309 0.33832
1.46711 0.338292 0.338303
1.46727 0.338274 0.338285
1.46743 0.338256 0.338267
1.4676 0.338239 0.33825
1.46776 0.338221 0.338232
1.46792 0.338204 0.338215
1.46809 0.338186 0.338197
1.46825 0.338168 0.338179
1.46841 0.338151 0.338162
1.46858 0.338133 0.338144
1.46874 0.338115 0.338127
1.4689 0.338098 0.338109
1.46907 0.33808 0.338091
1.46923 0.338062 0.338074
1.46939 0.338045 0.338056
1.46956 0.338027 0.338038
1.46972 0.338009 0.338021
1.46988 0.337992 0.338003
1.47005 0.337974 0.337985
1.47021 0.337956 0.337968
1.47038 0.337939 0.33795
1.47054 0.337921 0.337932
1.4707 0.337903 0.337914
1.47087 0.337886 0.337897
1.47103 0.337868 0.337879
1.4712 0.33785 0.337861
1.47136 0.337832 0.337843
1.47152 0.337815 0.337826
1.47169 0.337797 0.337808
1.47185 0.337779 0.33779
1.47202 0.337761 0.337772
1.47218 0.337744 0.337755
1.47234 0.337726 0.337737
1.47251 0.337708 0.337719
1.47267 0.33769 0.337701
1.47284 0.337672 0.337684
1.473 0.337655 0.337666
1.47316 0.337637 0.337648
1.47333 0.337619 0.33763
1.47349 0.337601 0.337612
1.47366 0.337583 0.337594
1.47382 0.337565 0.337577
1.47399 0.337548 0.337559
1.47415 0.33753 0.337541
1.47432 0.337512 0.337523
1.47448 0.337494 0.337505
1.47464 0.337476 0.337487
1.47481 0.337458 0.337469
1.47497 0.33744 0.337452
1.47514 0.337422 0.337434
1.4753 0.337405 0.337416
1.47547 0.337387 0.337398
1.47563 0.337369 0.33738
1.4758 0.337351 0.337362
1.47596 0.337333 0.337344
1.47613 0.337315 0.337326
1.47629 0.337297 0.337308
1.47646 0.337279 0.33729
1.47662 0.337261 0.337272
1.47679 0.337243 0.337254
1.47695 0.337225 0.337236
1.47712 0.337207 0.337218
1.47728 0.337189 0.3372
1.47745 0.337171 0.337182
1.47761 0.337153 0.337164
1.47778 0.337135 0.337146
1.47794 0.337117 0.337128
1.47811 0.337099 0.33711
1.47827 0.337081 0.337092
1.47844 0.337063 0.337074
1.4786 0.337045 0.337056
1.47877 0.337027 0.337038
1.47893 0.337009 0.33702
1.4791 0.336991 0.337002
1.47926 0.336973 0.336984
1.47943 0.336955 0.336966
1.4796 0.336937 0.336948
1.47976 0.336919 0.33693
1.47993 0.336901 0.336912
1.48009 0.336882 0.336894
1.48026 0.336864 0.336876
1.48042 0.336846 0.336858
1.48059 0.336828 0.336839
1.48075 0.33681 0.336821
1.48092 0.336792 0.336803
1.48109 0.336774 0.336785
1.48125 0.336756 0.336767
1.48142 0.336737 0.336749
1.48158 0.336719 0.336731
1.48175 0.336701 0.336712
1.48192 0.336683 0.336694
1.48208 0.336665 0.336676
1.48225 0.336647 0.336658
1.48241 0.336628 0.33664
1.48258 0.33661 0.336622
1.48275 0.336592 0.336603
1.48291 0.336574 0.336585
1.48308 0.336556 0.336567
1.48324 0.336537 0.336549
1.48341 0.336519 0.33653
1.48358 0.336501 0.336512
1.48374 0.336483 0.336494
1.48391 0.336464 0.336476
1.48408 0.336446 0.336457
1.48424 0.336428 0.336439
1.48441 0.33641 0.336421
1.48458 0.336391 0.336403
1.48474 0.336373 0.336384
1.48491 0.336355 0.336366
1.48507 0.336336 0.336348
1.48524 0.336318 0.336329
1.48541 0.3363 0.336311
1.48557 0.336281 0.336293
1.48574 0.336263 0.336275
1.48591 0.336245 0.336256
1.48607 0.336226 0.336238
1.48624 0.336208 0.33622
1.48641 0.33619 0.336201
1.48658 0.336171 0.336183
1.48674 0.336153 0.336164
1.48691 0.336135 0.336146
1.48708 0.336116 0.336128
1.48724 0.336098 0.336109
1.48741 0.336079 0.336091
1.48758 0.336061 0.336073
1.48774 0.336043 0.336054
1.48791 0.336024 0.336036
1.48808 0.336006 0.336017
1.48825 0.335987 0.335999
1.48841 0.335969 0.33598
1.48858 0.335951 0.335962
1.48875 0.335932 0.335944
1.48891 0.335914 0.335925
1.48908 0.335895 0.335907
1.48925 0.335877 0.335888
1.48942 0.335858 0.33587
1.48958 0.33584 0.335851
1.48975 0.335821 0.335833
1.48992 0.335803 0.335814
1.49009 0.335784 0.335796
1.49025 0.335766 0.335777
1.49042 0.335747 0.335759
1.49059 0.335729 0.33574
1.49076 0.33571 0.335722
1.49092 0.335692 0.335703
1.49109 0.335673 0.335685
1.49126 0.335655 0.335666
1.49143 0.335636 0.335647
1.4916 0.335617 0.335629
1.49176 0.335599 0.33561
1.49193 0.33558 0.335592
1.4921 0.335562 0.335573
1.49227 0.335543 0.335555
1.49244 0.335524 0.335536
1.4926 0.335506 0.335517
1.49277 0.335487 0.335499
1.49294 0.335469 0.33548
1.49311 0.33545 0.335462
1.49328 0.335431 0.335443
1.49344 0.335413 0.335424
1.49361 0.335394 0.335406
1.49378 0.335375 0.335387
1.49395 0.335357 0.335368
1.49412 0.335338 0.33535
1.49429 0.335319 0.335331
1.49445 0.335301 0.335312
1.49462 0.335282 0.335294
1.49479 0.335263 0.335275
1.49496 0.335245 0.335256
1.49513 0.335226 0.335238
1.4953 0.335207 0.335219
1.49546 0.335189 0.3352
1.49563 0.33517 0.335181
1.4958 0.335151 0.335163
1.49597 0.335132 0.335144
1.49614 0.335114 0.335125
1.49631 0.335095 0.335106
1.49648 0.335076 0.335088
1.49665 0.335057 0.335069
1.49681 0.335039 0.33505
1.49698 0.33502 0.335031
1.49715 0.335001 0.335013
1.49732 0.334982 0.334994
1.49749 0.334963 0.334975
1.49766 0.334945 0.334956
1.49783 0.334926 0.334937
1.498 0.334907 0.334918
1.49817 0.334888 0.3349
1.49834 0.334869 0.334881
1.4985 0.33485 0.334862
1.49867 0.334831 0.334843
1.49884 0.334813 0.334824
1.49901 0.334794 0.334805
1.49918 0.334775 0.334787
1.49935 0.334756 0.334768
1.49952 0.334737 0.334749
1.49969 0.334718 0.33473
1.49986 0.334699 0.334711
1.50003 0.33468 0.334692
1.5002 0.334661 0.334673
1.50037 0.334643 0.334654
1.50054 0.334624 0.334635
1.50071 0.334605 0.334616
1.50088 0.334586 0.334597
1.50105 0.334567 0.334578
1.50122 0.334548 0.33456
1.50139 0.334529 0.334541
1.50156 0.33451 0.334522
1.50173 0.334491 0.334503
1.50189 0.334472 0.334484
1.50206 0.334453 0.334465
1.50223 0.334434 0.334446
1.5024 0.334415 0.334427
1.50257 0.334396 0.334408
1.50274 0.334377 0.334389
1.50291 0.334358 0.33437
1.50308 0.334339 0.334351
1.50325 0.33432 0.334332
1.50343 0.334301 0.334312
1.5036 0.334282 0.334293
1.50377 0.334263 0.334274
1.50394 0.334244 0.334255
1.50411 0.334225 0.334236
1.50428 0.334205 0.334217
1.50445 0.334186 0.334198
1.50462 0.334167 0.334179
1.50479 0.334148 0.33416
1.50496 0.334129 0.334141
1.50513 0.33411 0.334122
1.5053 0.334091 0.334103
1.50547 0.334072 0.334083
1.50564 0.334053 0.334064
1.50581 0.334033 0.334045
1.50598 0.334014 0.334026
1.50615 0.333995 0.334007
1.50632 0.333976 0.333988
1.50649 0.333957 0.333968
1.50666 0.333938 0.333949
1.50684 0.333918 0.33393
1.50701 0.333899 0.333911
1.50718 0.33388 0.333892
1.50735 0.333861 0.333872
1.50752 0.333842 0.333853
1.50769 0.333822 0.333834
1.50786 0.333803 0.333815
1.50803 0.333784 0.333796
1.5082 0.333765 0.333776
1.50837 0.333745 0.333757
1.50855 0.333726 0.333738
1.50872 0.333707 0.333719
1.50889 0.333688 0.333699
1.50906 0.333668 0.33368
1.50923 0.333649 0.333661
1.5094 0.33363 0.333641
1.50957 0.33361 0.333622
1.50974 0.333591 0.333603
1.50992 0.333572 0.333584
1.51009 0.333552 0.333564
1.51026 0.333533 0.333545
1.51043 0.333514 0.333526
1.5106 0.333494 0.333506
1.51077 0.333475 0.333487
1.51095 0.333456 0.333468
1.51112 0.333436 0.333448
1.51129 0.333417 0.333429
1.51146 0.333398 0.333409
1.51163 0.333378 0.33339
1.5118 0.333359 0.333371
1.51198 0.333339 0.333351
1.51215 0.33332 0.333332
1.51232 0.333301 0.333312
1.51249 0.333281 0.333293
1.51266 0.333262 0.333274
1.51284 0.333242 0.333254
1.51301 0.333223 0.333235
1.51318 0.333203 0.333215
1.51335 0.333184 0.333196
1.51352 0.333164 0.333176
1.5137 0.333145 0.333157
1.51387 0.333126 0.333137
1.51404 0.333106 0.333118
1.51421 0.333087 0.333098
1.51439 0.333067 0.333079
1.51456 0.333048 0.333059
1.51473 0.333028 0.33304
1.5149 0.333009 0.33302
1.51507 0.332989 0.333001
1.51525 0.332969 0.332981
1.51542 0.33295 0.332962
1.51559 0.33293 0.332942
1.51577 0.332911 0.332923
1.51594 0.332891 0.332903
1.51611 0.332872 0.332884
1.51628 0.332852 0.332864
1.51646 0.332833 0.332844
1.51663 0.332813 0.332825
1.5168 0.332793 0.332805
1.51697 0.332774 0.332786
1.51715 0.332754 0.332766
1.51732 0.332735 0.332746
1.51749 0.332715 0.332727
1.51767 0.332695 0.332707
1.51784 0.332676 0.332688
1.51801 0.332656 0.332668
1.51819 0.332636 0.332648
1.51836 0.332617 0.332629
1.51853 0.332597 0.332609
1.5187 0.332577 0.332589
1.51888 0.332558 0.33257
1.51905 0.332538 0.33255
1.51922 0.332518 0.33253
1.5194 0.332499 0.332511
1.51957 0.332479 0.332491
1.51974 0.332459 0.332471
1.51992 0.332439 0.332451
1.52009 0.33242 0.332432
1.52027 0.3324 0.332412
1.52044 0.33238 0.332392
1.52061 0.33236 0.332372
1.52079 0.332341 0.332353
1.52096 0.332321 0.332333
1.52113 0.332301 0.332313
1.52131 0.332281 0.332293
1.52148 0.332261 0.332274
1.52165 0.332242 0.332254
1.52183 0.332222 0.332234
1.522 0.332202 0.332214
1.52218 0.332182 0.332194
1.52235 0.332162 0.332174
1.52252 0.332143 0.332155
1.5227 0.332123 0.332135
1.52287 0.332103 0.332115
1.52305 0.332083 0.332095
1.52322 0.332063 0.332075
1.52339 0.332043 0.332055
1.52357 0.332023 0.332036
1.52374 0.332004 0.332016
1.52392 0.331984 0.331996
1.52409 0.331964 0.331976
1.52427 0.331944 0.331956
1.52444 0.331924 0.331936
1.52461 0.331904 0.331916
1.52479 0.331884 0.331896
1.52496 0.331864 0.331876
1.52514 0.331844 0.331856
1.52531 0.331824 0.331836
1.52549 0.331804 0.331816
1.52566 0.331784 0.331796
1.52584 0.331764 0.331776
1.52601 0.331744 0.331756
1.52619 0.331724 0.331737
1.52636 0.331704 0.331717
1.52654 0.331684 0.331697
1.52671 0.331664 0.331677
1.52689 0.331644 0.331657
1.52706 0.331624 0.331636
1.52724 0.331604 0.331616
1.52741 0.331584 0.331596
1.52759 0.331564 0.331576
1.52776 0.331544 0.331556
1.52794 0.331524 0.331536
1.52811 0.331504 0.331516
1.52829 0.331484 0.331496
1.52846 0.331464 0.331476
1.52864 0.331444 0.331456
1.52881 0.331424 0.331436
1.52899 0.331404 0.331416
1.52916 0.331384 0.331396
1.52934 0.331363 0.331376
1.52951 0.331343 0.331355
1.52969 0.331323 0.331335
1.52986 0.331303 0.331315
1.53004 0.331283 0.331295
1.53021 0.331263 0.331275
1.53039 0.331243 0.331255
1.53057 0.331222 0.331235
1.53074 0.331202 0.331214
1.53092 0.331182 0.331194
1.53109 0.331162 0.331174
1.53127 0.331142 0.331154
1.53144 0.331121 0.331134
1.53162 0.331101 0.331113
1.5318 0.331081 0.331093
1.53197 0.331061 0.331073
1.53215 0.331041 0.331053
1.53232 0.33102 0.331033
1.5325 0.331 0.331012
1.53268 0.33098 0.330992
1.53285 0.33096 0.330972
1.53303 0.330939 0.330952
1.5332 0.330919 0.330931
1.53338 0.330899 0.330911
1.53356 0.330878 0.330891
1.53373 0.330858 0.33087
1.53391 0.330838 0.33085
1.53409 0.330818 0.33083
1.53426 0.330797 0.330809
1.53444 0.330777 0.330789
1.53462 0.330757 0.330769
1.53479 0.330736 0.330748
1.53497 0.330716 0.330728
1.53515 0.330695 0.330708
1.53532 0.330675 0.330687
1.5355 0.330655 0.330667
1.53568 0.330634 0.330647
1.53585 0.330614 0.330626
1.53603 0.330594 0.330606
1.53621 0.330573 0.330585
1.53638 0.330553 0.330565
1.53656 0.330532 0.330545
1.53674 0.330512 0.330524
1.53691 0.330492 0.330504
1.53709 0.330471 0.330483
1.53727 0.330451 0.330463
1.53744 0.33043 0.330442
1.53762 0.33041 0.330422
1.5378 0.330389 0.330402
1.53798 0.330369 0.330381
1.53815 0.330348 0.330361
1.53833 0.330328 0.33034
1.53851 0.330307 0.33032
1.53868 0.330287 0.330299
1.53886 0.330266 0.330279
1.53904 0.330246 0.330258
1.53922 0.330225 0.330238
1.53939 0.330205 0.330217
1.53957 0.330184 0.330197
1.53975 0.330164 0.330176
1.53993 0.330143 0.330155
1.5401 0.330122 0.330135
1.54028 0.330102 0.330114
1.54046 0.330081 0.330094
1.54064 0.330061 0.330073
1.54081 0.33004 0.330053
1.54099 0.33002 0.330032
1.54117 0.329999 0.330011
1.54135 0.329978 0.329991
1.54153 0.329958 0.32997
1.5417 0.329937 0.329949
1.54188 0.329916 0.329929
1.54206 0.329896 0.329908
1.54224 0.329875 0.329888
1.54242 0.329854 0.329867
1.54259 0.329834 0.329846
1.54277 0.329813 0.329826
1.54295 0.329792 0.329805
1.54313 0.329772 0.329784
1.54331 0.329751 0.329763
1.54349 0.32973 0.329743
1.54366 0.32971 0.329722
1.54384 0.329689 0.329701
1.54402 0.329668 0.329681
1.5442 0.329647 0.32966
1.54438 0.329627 0.329639
1.54456 0.329606 0.329618
1.54473 0.329585 0.329598
1.54491 0.329564 0.329577
1.54509 0.329544 0.329556
1.54527 0.329523 0.329535
1.54545 0.329502 0.329515
1.54563 0.329481 0.329494
1.54581 0.329461 0.329473
1.54599 0.32944 0.329452
1.54616 0.329419 0.329431
1.54634 0.329398 0.329411
1.54652 0.329377 0.32939
1.5467 0.329356 0.329369
1.54688 0.329336 0.329348
1.54706 0.329315 0.329327
1.54724 0.329294 0.329306
1.54742 0.329273 0.329285
1.5476 0.329252 0.329265
1.54778 0.329231 0.329244
1.54796 0.32921 0.329223
1.54813 0.329189 0.329202
1.54831 0.329169 0.329181
1.54849 0.329148 0.32916
1.54867 0.329127 0.329139
1.54885 0.329106 0.329118
1.54903 0.329085 0.329097
1.54921 0.329064 0.329076
1.54939 0.329043 0.329055
1.54957 0.329022 0.329034
1.54975 0.329001 0.329014
1.54993 0.32898 0.328993
1.55011 0.328959 0.328972
1.55029 0.328938 0.328951
1.55047 0.328917 0.32893
1.55065 0.328896 0.328909
1.55083 0.328875 0.328888
1.55101 0.328854 0.328867
1.55119 0.328833 0.328846
1.55137 0.328812 0.328825
1.55155 0.328791 0.328803
1.55173 0.32877 0.328782
1.55191 0.328749 0.328761
1.55209 0.328728 0.32874
1.55227 0.328707 0.328719
1.55245 0.328686 0.328698
1.55263 0.328664 0.328677
1.55281 0.328643 0.328656
1.55299 0.328622 0.328635
1.55317 0.328601 0.328614
1.55335 0.32858 0.328593
1.55353 0.328559 0.328572
1.55371 0.328538 0.32855
1.55389 0.328517 0.328529
1.55407 0.328496 0.328508
1.55425 0.328474 0.328487
1.55443 0.328453 0.328466
1.55461 0.328432 0.328445
1.5548 0.328411 0.328423
1.55498 0.32839 0.328402
1.55516 0.328368 0.328381
1.55534 0.328347 0.32836
1.55552 0.328326 0.328339
1.5557 0.328305 0.328317
1.55588 0.328284 0.328296
1.55606 0.328262 0.328275
1.55624 0.328241 0.328254
1.55642 0.32822 0.328233
1.5566 0.328199 0.328211
1.55679 0.328177 0.32819
1.55697 0.328156 0.328169
1.55715 0.328135 0.328148
1.55733 0.328114 0.328126
1.55751 0.328092 0.328105
1.55769 0.328071 0.328084
1.55787 0.32805 0.328062
1.55805 0.328028 0.328041
1.55824 0.328007 0.32802
1.55842 0.327986 0.327998
1.5586 0.327964 0.327977
1.55878 0.327943 0.327956
1.55896 0.327922 0.327934
1.55914 0.3279 0.327913
1.55933 0.327879 0.327892
1.55951 0.327858 0.32787
1.55969 0.327836 0.327849
1.55987 0.327815 0.327828
1.56005 0.327793 0.327806
1.56023 0.327772 0.327785
1.56042 0.327751 0.327763
1.5606 0.327729 0.327742
1.56078 0.327708 0.32772
1.56096 0.327686 0.327699
1.56114 0.327665 0.327678
1.56133 0.327643 0.327656
1.56151 0.327622 0.327635
1.56169 0.3276 0.327613
1.56187 0.327579 0.327592
1.56205 0.327557 0.32757
1.56224 0.327536 0.327549
1.56242 0.327515 0.327527
1.5626 0.327493 0.327506
1.56278 0.327471 0.327484
1.56297 0.32745 0.327463
1.56315 0.327428 0.327441
1.56333 0.327407 0.32742
1.56351 0.327385 0.327398
1.5637 0.327364 0.327377
1.56388 0.327342 0.327355
1.56406 0.327321 0.327333
1.56425 0.327299 0.327312
1.56443 0.327278 0.32729
1.56461 0.327256 0.327269
1.56479 0.327234 0.327247
1.56498 0.327213 0.327226
1.56516 0.327191 0.327204
1.56534 0.327169 0.327182
1.56553 0.327148 0.327161
1.56571 0.327126 0.327139
1.56589 0.327105 0.327117
1.56607 0.327083 0.327096
1.56626 0.327061 0.327074
1.56644 0.32704 0.327052
1.56662 0.327018 0.327031
1.56681 0.326996 0.327009
1.56699 0.326975 0.326987
1.56717 0.326953 0.326966
1.56736 0.326931 0.326944
1.56754 0.326909 0.326922
1.56772 0.326888 0.326901
1.56791 0.326866 0.326879
1.56809 0.326844 0.326857
1.56827 0.326822 0.326835
1.56846 0.326801 0.326814
1.56864 0.326779 0.326792
1.56883 0.326757 0.32677
1.56901 0.326735 0.326748
1.56919 0.326714 0.326727
1.56938 0.326692 0.326705
1.56956 0.32667 0.326683
1.56975 0.326648 0.326661
1.56993 0.326626 0.326639
1.57011 0.326605 0.326618
1.5703 0.326583 0.326596
1.57048 0.326561 0.326574
1.57067 0.326539 0.326552
1.57085 0.326517 0.32653
1.57103 0.326495 0.326508
1.57122 0.326474 0.326486
1.5714 0.326452 0.326465
1.57159 0.32643 0.326443
1.57177 0.326408 0.326421
1.57196 0.326386 0.326399
1.57214 0.326364 0.326377
1.57232 0.326342 0.326355
1.57251 0.32632 0.326333
1.57269 0.326298 0.326311
1.57288 0.326276 0.326289
1.57306 0.326254 0.326267
1.57325 0.326232 0.326245
1.57343 0.32621 0.326223
1.57362 0.326189 0.326201
1.5738 0.326167 0.32618
1.57399 0.326145 0.326158
1.57417 0.326123 0.326136
1.57436 0.326101 0.326114
1.57454 0.326079 0.326092
1.57473 0.326057 0.32607
1.57491 0.326034 0.326047
1.5751 0.326012 0.326025
1.57528 0.32599 0.326003
1.57547 0.325968 0.325981
1.57565 0.325946 0.325959
1.57584 0.325924 0.325937
1.57602 0.325902 0.325915
1.57621 0.32588 0.325893
1.57639 0.325858 0.325871
1.57658 0.325836 0.325849
1.57676 0.325814 0.325827
1.57695 0.325792 0.325805
1.57713 0.32577 0.325783
1.57732 0.325747 0.32576
1.57751 0.325725 0.325738
1.57769 0.325703 0.325716
1.57788 0.325681 0.325694
1.57806 0.325659 0.325672
1.57825 0.325637 0.32565
1.57843 0.325615 0.325628
1.57862 0.325592 0.325605
1.57881 0.32557 0.325583
1.57899 0.325548 0.325561
1.57918 0.325526 0.325539
1.57936 0.325504 0.325517
1.57955 0.325481 0.325494
1.57974 0.325459 0.325472
1.57992 0.325437 0.32545
1.58011 0.325415 0.325428
1.58029 0.325392 0.325405
1.58048 0.32537 0.325383
1.58067 0.325348 0.325361
1.58085 0.325326 0.325339
1.58104 0.325303 0.325316
1.58123 0.325281 0.325294
1.58141 0.325259 0.325272
1.5816 0.325236 0.325249
1.58179 0.325214 0.325227
1.58197 0.325192 0.325205
1.58216 0.325169 0.325182
1.58235 0.325147 0.32516
1.58253 0.325125 0.325138
1.58272 0.325102 0.325115
1.58291 0.32508 0.325093
1.58309 0.325058 0.325071
1.58328 0.325035 0.325048
1.58347 0.325013 0.325026
1.58365 0.32499 0.325004
1.58384 0.324968 0.324981
1.58403 0.324946 0.324959
1.58422 0.324923 0.324936
1.5844 0.324901 0.324914
1.58459 0.324878 0.324891
1.58478 0.324856 0.324869
1.58496 0.324833 0.324847
1.58515 0.324811 0.324824
1.58534 0.324788 0.324802
1.58553 0.324766 0.324779
1.58571 0.324744 0.324757
1.5859 0.324721 0.324734
1.58609 0.324699 0.324712
1.58628 0.324676 0.324689
1.58646 0.324653 0.324667
1.58665 0.324631 0.324644
1.58684 0.324608 0.324622
1.58703 0.324586 0.324599
1.58721 0.324563 0.324577
1.5874 0.324541 0.324554
1.58759 0.324518 0.324531
1.58778 0.324496 0.324509
1.58797 0.324473 0.324486
1.58815 0.32445 0.324464
1.58834 0.324428 0.324441
1.58853 0.324405 0.324419
1.58872 0.324383 0.324396
1.58891 0.32436 0.324373
1.58909 0.324337 0.324351
1.58928 0.324315 0.324328
1.58947 0.324292 0.324305
1.58966 0.324269 0.324283
1.58985 0.324247 0.32426
1.59004 0.324224 0.324237
1.59022 0.324201 0.324215
1.59041 0.324179 0.324192
1.5906 0.324156 0.324169
1.59079 0.324133 0.324147
1.59098 0.324111 0.324124
1.59117 0.324088 0.324101
1.59136 0.324065 0.324079
1.59154 0.324043 0.324056
1.59173 0.32402 0.324033
1.59192 0.323997 0.32401
1.59211 0.323974 0.323988
1.5923 0.323952 0.323965
1.59249 0.323929 0.323942
1.59268 0.323906 0.323919
1.59287 0.323883 0.323896
1.59306 0.32386 0.323874
1.59324 0.323838 0.323851
1.59343 0.323815 0.323828
1.59362 0.323792 0.323805
1.59381 0.323769 0.323782
1.594 0.323746 0.32376
1.59419 0.323723 0.323737
1.59438 0.323701 0.323714
1.59457 0.323678 0.323691
1.59476 0.323655 0.323668
1.59495 0.323632 0.323645
1.59514 0.323609 0.323622
1.59533 0.323586 0.3236
1.59552 0.323563 0.323577
1.59571 0.32354 0.323554
1.5959 0.323517 0.323531
1.59609 0.323495 0.323508
1.59628 0.323472 0.323485
1.59647 0.323449 0.323462
1.59666 0.323426 0.323439
1.59685 0.323403 0.323416
1.59704 0.32338 0.323393
1.59723 0.323357 0.32337
1.59742 0.323334 0.323347
1.59761 0.323311 0.323324
1.5978 0.323288 0.323301
1.59799 0.323265 0.323278
1.59818 0.323242 0.323255
1.59837 0.323219 0.323232
1.59856 0.323196 0.323209
1.59875 0.323173 0.323186
1.59894 0.32315 0.323163
1.59913 0.323127 0.32314
1.59932 0.323103 0.323117
1.59951 0.32308 0.323094
1.5997 0.323057 0.323071
1.59989 0.323034 0.323048
1.60008 0.323011 0.323025
1.60027 0.322988 0.323002
1.60046 0.322965 0.322978
1.60065 0.322942 0.322955
1.60084 0.322919 0.322932
1.60103 0.322896 0.322909
1.60123 0.322872 0.322886
1.60142 0.322849 0.322863
1.60161 0.322826 0.32284
1.6018 0.322803 0.322816
1.60199 0.32278 0.322793
1.60218 0.322757 0.32277
1.60237 0.322733 0.322747
1.60256 0.32271 0.322724
1.60275 0.322687 0.3227
1.60295 0.322664 0.322677
1.60314 0.32264 0.322654
1.60333 0.322617 0.322631
1.60352 0.322594 0.322608
1.60371 0.322571 0.322584
1.6039 0.322547 0.322561
1.60409 0.322524 0.322538
1.60429 0.322501 0.322514
1.60448 0.322478 0.322491
1.60467 0.322454 0.322468
1.60486 0.322431 0.322445
1.60505 0.322408 0.322421
1.60524 0.322384 0.322398
1.60544 0.322361 0.322375
1.60563 0.322338 0.322351
1.60582 0.322314 0.322328
1.60601 0.322291 0.322305
1.6062 0.322268 0.322281
1.6064 0.322244 0.322258
1.60659 0.322221 0.322235
1.60678 0.322198 0.322211
1.60697 0.322174 0.322188
1.60717 0.322151 0.322164
1.60736 0.322127 0.322141
1.60755 0.322104 0.322118
1.60774 0.32208 0.322094
1.60794 0.322057 0.322071
1.60813 0.322034 0.322047
1.60832 0.32201 0.322024
1.60851 0.321987 0.322
1.60871 0.321963 0.321977
1.6089 0.32194 0.321953
1.60909 0.321916 0.32193
1.60928 0.321893 0.321906
1.60948 0.321869 0.321883
1.60967 0.321846 0.321859
1.60986 0.321822 0.321836
1.61005 0.321799 0.321812
1.61025 0.321775 0.321789
1.61044 0.321752 0.321765
1.61063 0.321728 0.321742
1.61083 0.321705 0.321718
1.61102 0.321681 0.321695
1.61121 0.321657 0.321671
1.61141 0.321634 0.321647
1.6116 0.32161 0.321624
1.61179 0.321587 0.3216
1.61199 0.321563 0.321577
1.61218 0.321539 0.321553
1.61237 0.321516 0.321529
1.61257 0.321492 0.321506
1.61276 0.321468 0.321482
1.61295 0.321445 0.321459
1.61315 0.321421 0.321435
1.61334 0.321397 0.321411
1.61354 0.321374 0.321388
1.61373 0.32135 0.321364
1.61392 0.321326 0.32134
1.61412 0.321303 0.321316
1.61431 0.321279 0.321293
1.6145 0.321255 0.321269
1.6147 0.321232 0.321245
1.61489 0.321208 0.321222
1.61509 0.321184 0.321198
1.61528 0.32116 0.321174
1.61547 0.321137 0.32115
1.61567 0.321113 0.321127
1.61586 0.321089 0.321103
1.61606 0.321065 0.321079
1.61625 0.321041 0.321055
1.61645 0.321018 0.321031
1.61664 0.320994 0.321008
1.61684 0.32097 0.320984
1.61703 0.320946 0.32096
1.61722 0.320922 0.320936
1.61742 0.320899 0.320912
1.61761 0.320875 0.320888
1.61781 0.320851 0.320865
1.618 0.320827 0.320841
1.6182 0.320803 0.320817
1.61839 0.320779 0.320793
1.61859 0.320755 0.320769
1.61878 0.320731 0.320745
1.61898 0.320707 0.320721
1.61917 0.320684 0.320697
1.61937 0.32066 0.320673
1.61956 0.320636 0.32065
1.61976 0.320612 0.320626
1.61995 0.320588 0.320602
1.62015 0.320564 0.320578
1.62034 0.32054 0.320554
1.62054 0.320516 0.32053
1.62073 0.320492 0.320506
1.62093 0.320468 0.320482
1.62113 0.320444 0.320458
1.62132 0.32042 0.320434
1.62152 0.320396 0.32041
1.62171 0.320372 0.320386
1.62191 0.320348 0.320362
1.6221 0.320324 0.320338
1.6223 0.3203 0.320314
1.6225 0.320276 0.320289
1.62269 0.320252 0.320265
1.62289 0.320227 0.320241
1.62308 0.320203 0.320217
1.62328 0.320179 0.320193
1.62348 0.320155 0.320169
1.62367 0.320131 0.320145
1.62387 0.320107 0.320121
1.62406 0.320083 0.320097
1.62426 0.320059 0.320073
1.62446 0.320034 0.320048
1.62465 0.32001 0.320024
1.62485 0.319986 0.32
1.62505 0.319962 0.319976
1.62524 0.319938 0.319952
1.62544 0.319914 0.319928
1.62563 0.319889 0.319903
1.62583 0.319865 0.319879
1.62603 0.319841 0.319855
1.62622 0.319817 0.319831
1.62642 0.319793 0.319806
1.62662 0.319768 0.319782
1.62681 0.319744 0.319758
1.62701 0.31972 0.319734
1.62721 0.319695 0.319709
1.62741 0.319671 0.319685
1.6276 0.319647 0.319661
1.6278 0.319623 0.319637
1.628 0.319598 0.319612
1.62819 0.319574 0.319588
1.62839 0.31955 0.319564
1.62859 0.319525 0.319539
1.62879 0.319501 0.319515
1.62898 0.319477 0.319491
1.62918 0.319452 0.319466
1.62938 0.319428 0.319442
1.62958 0.319404 0.319418
1.62977 0.319379 0.319393
1.62997 0.319355 0.319369
1.63017 0.31933 0.319344
1.63037 0.319306 0.31932
1.63056 0.319282 0.319296
1.63076 0.319257 0.319271
1.63096 0.319233 0.319247
1.63116 0.319208 0.319222
1.63135 0.319184 0.319198
1.63155 0.319159 0.319173
1.63175 0.319135 0.319149
1.63195 0.31911 0.319125
1.63215 0.319086 0.3191
1.63234 0.319061 0.319076
1.63254 0.319037 0.319051
1.63274 0.319012 0.319027
1.63294 0.318988 0.319002
1.63314 0.318963 0.318978
1.63334 0.318939 0.318953
1.63353 0.318914 0.318928
1.63373 0.31889 0.318904
1.63393 0.318865 0.318879
1.63413 0.318841 0.318855
1.63433 0.318816 0.31883
1.63453 0.318791 0.318806
1.63473 0.318767 0.318781
1.63492 0.318742 0.318756
1.63512 0.318718 0.318732
1.63532 0.318693 0.318707
1.63552 0.318668 0.318683
1.63572 0.318644 0.318658
1.63592 0.318619 0.318633
1.63612 0.318594 0.318609
1.63632 0.31857 0.318584
1.63652 0.318545 0.318559
1.63672 0.31852 0.318535
1.63692 0.318496 0.31851
1.63711 0.318471 0.318485
1.63731 0.318446 0.318461
1.63751 0.318422 0.318436
1.63771 0.318397 0.318411
1.63791 0.318372 0.318386
1.63811 0.318347 0.318362
1.63831 0.318323 0.318337
1.63851 0.318298 0.318312
1.63871 0.318273 0.318287
1.63891 0.318248 0.318263
1.63911 0.318224 0.318238
1.63931 0.318199 0.318213
1.63951 0.318174 0.318188
1.63971 0.318149 0.318163
1.63991 0.318124 0.318139
1.64011 0.318099 0.318114
1.64031 0.318075 0.318089
1.64051 0.31805 0.318064
1.64071 0.318025 0.318039
1.64091 0.318 0.318014
1.64111 0.317975 0.317989
1.64131 0.31795 0.317965
1.64151 0.317925 0.31794
1.64171 0.317901 0.317915
1.64191 0.317876 0.31789
1.64211 0.317851 0.317865
1.64231 0.317826 0.31784
1.64251 0.317801 0.317815
1.64271 0.317776 0.31779
1.64291 0.317751 0.317765
1.64311 0.317726 0.31774
1.64332 0.317701 0.317715
1.64352 0.317676 0.31769
1.64372 0.317651 0.317665
1.64392 0.317626 0.31764
1.64412 0.317601 0.317615
1.64432 0.317576 0.31759
1.64452 0.317551 0.317565
1.64472 0.317526 0.31754
1.64492 0.317501 0.317515
1.64512 0.317476 0.31749
1.64533 0.317451 0.317465
1.64553 0.317426 0.31744
1.64573 0.317401 0.317415
1.64593 0.317376 0.31739
1.64613 0.31735 0.317365
1.64633 0.317325 0.31734
1.64653 0.3173 0.317315
1.64674 0.317275 0.317289
1.64694 0.31725 0.317264
1.64714 0.317225 0.317239
1.64734 0.3172 0.317214
1.64754 0.317175 0.317189
1.64774 0.317149 0.317164
1.64795 0.317124 0.317139
1.64815 0.317099 0.317113
1.64835 0.317074 0.317088
1.64855 0.317049 0.317063
1.64875 0.317023 0.317038
1.64896 0.316998 0.317013
1.64916 0.316973 0.316987
1.64936 0.316948 0.316962
1.64956 0.316922 0.316937
1.64977 0.316897 0.316912
1.64997 0.316872 0.316886
1.65017 0.316847 0.316861
1.65037 0.316821 0.316836
1.65058 0.316796 0.316811
1.65078 0.316771 0.316785
1.65098 0.316745 0.31676
1.65118 0.31672 0.316735
1.65139 0.316695 0.316709
1.65159 0.31667 0.316684
1.65179 0.316644 0.316659
1.65199 0.316619 0.316633
1.6522 0.316593 0.316608
1.6524 0.316568 0.316583
1.6526 0.316543 0.316557
1.65281 0.316517 0.316532
1.65301 0.316492 0.316506
1.65321 0.316466 0.316481
1.65342 0.316441 0.316456
1.65362 0.316416 0.31643
1.65382 0.31639 0.316405
1.65403 0.316365 0.316379
1.65423 0.316339 0.316354
1.65443 0.316314 0.316328
1.65464 0.316288 0.316303
1.65484 0.316263 0.316277
1.65504 0.316237 0.316252
1.65525 0.316212 0.316226
1.65545 0.316186 0.316201
1.65565 0.316161 0.316175
1.65586 0.316135 0.31615
1.65606 0.31611 0.316124
1.65627 0.316084 0.316099
1.65647 0.316059 0.316073
1.65667 0.316033 0.316048
1.65688 0.316008 0.316022
1.65708 0.315982 0.315997
1.65729 0.315956 0.315971
1.65749 0.315931 0.315945
1.65769 0.315905 0.31592
1.6579 0.31588 0.315894
1.6581 0.315854 0.315869
1.65831 0.315828 0.315843
1.65851 0.315803 0.315817
1.65872 0.315777 0.315792
1.65892 0.315751 0.315766
1.65913 0.315726 0.31574
1.65933 0.3157 0.315715
1.65954 0.315674 0.315689
1.65974 0.315649 0.315663
1.65994 0.315623 0.315638
1.66015 0.315597 0.315612
1.66035 0.315572 0.315586
1.66056 0.315546 0.31556
1.66076 0.31552 0.315535
1.66097 0.315494 0.315509
1.66117 0.315469 0.315483
1.66138 0.315443 0.315457
1.66159 0.315417 0.315432
1.66179 0.315391 0.315406
1.662 0.315365 0.31538
1.6622 0.31534 0.315354
1.66241 0.315314 0.315329
1.66261 0.315288 0.315303
1.66282 0.315262 0.315277
1.66302 0.315236 0.315251
1.66323 0.315211 0.315225
1.66343 0.315185 0.315199
1.66364 0.315159 0.315173
1.66385 0.315133 0.315148
1.66405 0.315107 0.315122
1.66426 0.315081 0.315096
1.66446 0.315055 0.31507
1.66467 0.315029 0.315044
1.66488 0.315003 0.315018
1.66508 0.314977 0.314992
1.66529 0.314951 0.314966
1.66549 0.314926 0.31494
1.6657 0.3149 0.314914
1.66591 0.314874 0.314888
1.66611 0.314848 0.314862
1.66632 0.314822 0.314836
1.66653 0.314796 0.31481
1.66673 0.31477 0.314784
1.66694 0.314744 0.314758
1.66715 0.314718 0.314732
1.66735 0.314692 0.314706
1.66756 0.314666 0.31468
1.66777 0.314639 0.314654
1.66797 0.314613 0.314628
1.66818 0.314587 0.314602
1.66839 0.314561 0.314576
1.66859 0.314535 0.31455
1.6688 0.314509 0.314524
1.66901 0.314483 0.314498
1.66921 0.314457 0.314472
1.66942 0.314431 0.314446
1.66963 0.314405 0.314419
1.66984 0.314378 0.314393
1.67004 0.314352 0.314367
1.67025 0.314326 0.314341
1.67046 0.3143 0.314315
1.67067 0.314274 0.314289
1.67087 0.314248 0.314262
1.67108 0.314221 0.314236
1.67129 0.314195 0.31421
1.6715 0.314169 0.314184
1.6717 0.314143 0.314158
1.67191 0.314117 0.314131
1.67212 0.31409 0.314105
1.67233 0.314064 0.314079
1.67254 0.314038 0.314053
1.67274 0.314011 0.314026
1.67295 0.313985 0.314
1.67316 0.313959 0.313974
1.67337 0.313933 0.313948
1.67358 0.313906 0.313921
1.67378 0.31388 0.313895
1.67399 0.313854 0.313869
1.6742 0.313827 0.313842
1.67441 0.313801 0.313816
1.67462 0.313775 0.31379
1.67483 0.313748 0.313763
1.67503 0.313722 0.313737
1.67524 0.313695 0.31371
1.67545 0.313669 0.313684
1.67566 0.313643 0.313658
1.67587 0.313616 0.313631
1.67608 0.31359 0.313605
1.67629 0.313563 0.313578
1.6765 0.313537 0.313552
1.67671 0.313511 0.313525
1.67691 0.313484 0.313499
1.67712 0.313458 0.313473
1.67733 0.313431 0.313446
1.67754 0.313405 0.31342
1.67775 0.313378 0.313393
1.67796 0.313352 0.313367
1.67817 0.313325 0.31334
1.67838 0.313299 0.313314
1.67859 0.313272 0.313287
1.6788 0.313246 0.313261
1.67901 0.313219 0.313234
1.67922 0.313192 0.313207
1.67943 0.313166 0.313181
1.67964 0.313139 0.313154
1.67985 0.313113 0.313128
1.68006 0.313086 0.313101
1.68027 0.313059 0.313074
1.68048 0.313033 0.313048
1.68069 0.313006 0.313021
1.6809 0.31298 0.312995
1.68111 0.312953 0.312968
1.68132 0.312926 0.312941
1.68153 0.3129 0.312915
1.68174 0.312873 0.312888
1.68195 0.312846 0.312861
1.68216 0.31282 0.312835
1.68237 0.312793 0.312808
1.68258 0.312766 0.312781
1.68279 0.312739 0.312755
1.683 0.312713 0.312728
1.68321 0.312686 0.312701
1.68342 0.312659 0.312674
1.68363 0.312632 0.312648
1.68384 0.312606 0.312621
1.68405 0.312579 0.312594
1.68426 0.312552 0.312567
1.68448 0.312525 0.31254
1.68469 0.312499 0.312514
1.6849 0.312472 0.312487
1.68511 0.312445 0.31246
1.68532 0.312418 0.312433
1.68553 0.312391 0.312406
1.68574 0.312364 0.312379
1.68595 0.312337 0.312353
1.68617 0.312311 0.312326
1.68638 0.312284 0.312299
1.68659 0.312257 0.312272
1.6868 0.31223 0.312245
1.68701 0.312203 0.312218
1.68722 0.312176 0.312191
1.68744 0.312149 0.312164
1.68765 0.312122 0.312137
1.68786 0.312095 0.31211
1.68807 0.312068 0.312084
1.68828 0.312041 0.312057
1.68849 0.312014 0.31203
1.68871 0.311987 0.312003
1.68892 0.31196 0.311976
1.68913 0.311933 0.311949
1.68934 0.311906 0.311922
1.68956 0.311879 0.311895
1.68977 0.311852 0.311868
1.68998 0.311825 0.31184
1.69019 0.311798 0.311813
1.69041 0.311771 0.311786
1.69062 0.311744 0.311759
1.69083 0.311717 0.311732
1.69104 0.31169 0.311705
1.69126 0.311663 0.311678
1.69147 0.311636 0.311651
1.69168 0.311609 0.311624
1.69189 0.311581 0.311597
1.69211 0.311554 0.31157
1.69232 0.311527 0.311542
1.69253 0.3115 0.311515
1.69275 0.311473 0.311488
1.69296 0.311446 0.311461
1.69317 0.311418 0.311434
1.69339 0.311391 0.311407
1.6936 0.311364 0.311379
1.69381 0.311337 0.311352
1.69403 0.31131 0.311325
1.69424 0.311282 0.311298
1.69445 0.311255 0.31127
1.69467 0.311228 0.311243
1.69488 0.311201 0.311216
1.69509 0.311173 0.311189
1.69531 0.311146 0.311161
1.69552 0.311119 0.311134
1.69574 0.311091 0.311107
1.69595 0.311064 0.311079
1.69616 0.311037 0.311052
1.69638 0.311009 0.311025
1.69659 0.310982 0.310997
1.69681 0.310955 0.31097
1.69702 0.310927 0.310943
1.69723 0.3109 0.310915
1.69745 0.310873 0.310888
1.69766 0.310845 0.310861
1.69788 0.310818 0.310833
1.69809 0.31079 0.310806
1.69831 0.310763 0.310778
1.69852 0.310736 0.310751
1.69874 0.310708 0.310724
1.69895 0.310681 0.310696
1.69917 0.310653 0.310669
1.69938 0.310626 0.310641
1.6996 0.310598 0.310614
1.69981 0.310571 0.310586
1.70003 0.310543 0.310559
1.70024 0.310516 0.310531
1.70046 0.310488 0.310504
1.70067 0.310461 0.310476
1.70089 0.310433 0.310449
1.7011 0.310406 0.310421
1.70132 0.310378 0.310394
1.70153 0.310351 0.310366
1.70175 0.310323 0.310338
1.70196 0.310295 0.310311
1.70218 0.310268 0.310283
1.70239 0.31024 0.310256
1.70261 0.310213 0.310228
1.70283 0.310185 0.3102
1.70304 0.310157 0.310173
1.70326 0.31013 0.310145
1.70347 0.310102 0.310118
1.70369 0.310074 0.31009
1.7039 0.310047 0.310062
1.70412 0.310019 0.310035
1.70434 0.309991 0.310007
1.70455 0.309964 0.309979
1.70477 0.309936 0.309951
1.70499 0.309908 0.309924
1.7052 0.309881 0.309896
1.70542 0.309853 0.309868
1.70563 0.309825 0.309841
1.70585 0.309797 0.309813
1.70607 0.309769 0.309785
1.70628 0.309742 0.309757
1.7065 0.309714 0.309729
1.70672 0.309686 0.309702
1.70693 0.309658 0.309674
1.70715 0.30963 0.309646
1.70737 0.309603 0.309618
1.70759 0.309575 0.30959
1.7078 0.309547 0.309563
1.70802 0.309519 0.309535
1.70824 0.309491 0.309507
1.70845 0.309463 0.309479
1.70867 0.309435 0.309451
1.70889 0.309408 0.309423
1.70911 0.30938 0.309395
1.70932 0.309352 0.309367
1.70954 0.309324 0.309339
1.70976 0.309296 0.309311
1.70998 0.309268 0.309284
1.71019 0.30924 0.309256
1.71041 0.309212 0.309228
1.71063 0.309184 0.3092
1.71085 0.309156 0.309172
1.71107 0.309128 0.309144
1.71128 0.3091 0.309116
1.7115 0.309072 0.309088
1.71172 0.309044 0.30906
1.71194 0.309016 0.309032
1.71216 0.308988 0.309004
1.71237 0.30896 0.308975
1.71259 0.308932 0.308947
1.71281 0.308904 0.308919
1.71303 0.308876 0.308891
1.71325 0.308848 0.308863
1.71347 0.308819 0.308835
1.71368 0.308791 0.308807
1.7139 0.308763 0.308779
1.71412 0.308735 0.308751
1.71434 0.308707 0.308723
1.71456 0.308679 0.308694
1.71478 0.308651 0.308666
1.715 0.308622 0.308638
1.71522 0.308594 0.30861
1.71544 0.308566 0.308582
1.71565 0.308538 0.308554
1.71587 0.30851 0.308525
1.71609 0.308481 0.308497
1.71631 0.308453 0.308469
1.71653 0.308425 0.308441
1.71675 0.308397 0.308412
1.71697 0.308368 0.308384
1.71719 0.30834 0.308356
1.71741 0.308312 0.308328
1.71763 0.308283 0.308299
1.71785 0.308255 0.308271
1.71807 0.308227 0.308243
1.71829 0.308199 0.308214
1.71851 0.30817 0.308186
1.71873 0.308142 0.308158
1.71895 0.308113 0.308129
1.71917 0.308085 0.308101
1.71939 0.308057 0.308073
1.71961 0.308028 0.308044
1.71983 0.308 0.308016
1.72005 0.307972 0.307987
1.72027 0.307943 0.307959
1.72049 0.307915 0.307931
1.72071 0.307886 0.307902
1.72093 0.307858 0.307874
1.72115 0.307829 0.307845
1.72137 0.307801 0.307817
1.72159 0.307772 0.307788
1.72181 0.307744 0.30776
1.72204 0.307715 0.307731
1.72226 0.307687 0.307703
1.72248 0.307658 0.307674
1.7227 0.30763 0.307646
1.72292 0.307601 0.307617
1.72314 0.307573 0.307589
1.72336 0.307544 0.30756
1.72358 0.307516 0.307532
1.7238 0.307487 0.307503
1.72403 0.307458 0.307474
1.72425 0.30743 0.307446
1.72447 0.307401 0.307417
1.72469 0.307373 0.307389
1.72491 0.307344 0.30736
1.72513 0.307315 0.307331
1.72536 0.307287 0.307303
1.72558 0.307258 0.307274
1.7258 0.307229 0.307245
1.72602 0.307201 0.307217
1.72624 0.307172 0.307188
1.72646 0.307143 0.307159
1.72669 0.307115 0.307131
1.72691 0.307086 0.307102
1.72713 0.307057 0.307073
1.72735 0.307028 0.307044
1.72758 0.307 0.307016
1.7278 0.306971 0.306987
1.72802 0.306942 0.306958
1.72824 0.306913 0.306929
1.72847 0.306885 0.306901
1.72869 0.306856 0.306872
1.72891 0.306827 0.306843
1.72913 0.306798 0.306814
1.72936 0.306769 0.306785
1.72958 0.30674 0.306756
1.7298 0.306712 0.306728
1.73003 0.306683 0.306699
1.73025 0.306654 0.30667
1.73047 0.306625 0.306641
1.7307 0.306596 0.306612
1.73092 0.306567 0.306583
1.73114 0.306538 0.306554
1.73137 0.306509 0.306525
1.73159 0.30648 0.306496
1.73181 0.306451 0.306467
1.73204 0.306422 0.306438
1.73226 0.306393 0.30641
1.73248 0.306364 0.306381
1.73271 0.306335 0.306352
1.73293 0.306306 0.306323
1.73315 0.306277 0.306294
1.73338 0.306248 0.306265
1.7336 0.306219 0.306236
1.73383 0.30619 0.306206
1.73405 0.306161 0.306177
1.73427 0.306132 0.306148
1.7345 0.306103 0.306119
1.73472 0.306074 0.30609
1.73495 0.306045 0.306061
1.73517 0.306016 0.306032
1.7354 0.305987 0.306003
1.73562 0.305958 0.305974
1.73585 0.305929 0.305945
1.73607 0.305899 0.305916
1.7363 0.30587 0.305886
1.73652 0.305841 0.305857
1.73674 0.305812 0.305828
1.73697 0.305783 0.305799
1.73719 0.305754 0.30577
1.73742 0.305724 0.30574
1.73764 0.305695 0.305711
1.73787 0.305666 0.305682
1.7381 0.305637 0.305653
1.73832 0.305607 0.305624
1.73855 0.305578 0.305594
1.73877 0.305549 0.305565
1.739 0.30552 0.305536
1.73922 0.30549 0.305506
1.73945 0.305461 0.305477
1.73967 0.305432 0.305448
1.7399 0.305402 0.305419
1.74013 0.305373 0.305389
1.74035 0.305344 0.30536
1.74058 0.305314 0.305331
1.7408 0.305285 0.305301
1.74103 0.305256 0.305272
1.74125 0.305226 0.305242
1.74148 0.305197 0.305213
1.74171 0.305167 0.305184
1.74193 0.305138 0.305154
1.74216 0.305109 0.305125
1.74239 0.305079 0.305095
1.74261 0.30505 0.305066
1.74284 0.30502 0.305037
1.74307 0.304991 0.305007
1.74329 0.304961 0.304978
1.74352 0.304932 0.304948
1.74375 0.304902 0.304919
1.74397 0.304873 0.304889
1.7442 0.304843 0.30486
1.74443 0.304814 0.30483
1.74465 0.304784 0.304801
1.74488 0.304755 0.304771
1.74511 0.304725 0.304741
1.74534 0.304695 0.304712
1.74556 0.304666 0.304682
1.74579 0.304636 0.304653
1.74602 0.304607 0.304623
1.74625 0.304577 0.304593
1.74647 0.304547 0.304564
1.7467 0.304518 0.304534
1.74693 0.304488 0.304505
1.74716 0.304459 0.304475
1.74738 0.304429 0.304445
1.74761 0.304399 0.304416
1.74784 0.304369 0.304386
1.74807 0.30434 0.304356
1.7483 0.30431 0.304326
1.74852 0.30428 0.304297
1.74875 0.304251 0.304267
1.74898 0.304221 0.304237
1.74921 0.304191 0.304208
1.74944 0.304161 0.304178
1.74967 0.304132 0.304148
1.74989 0.304102 0.304118
1.75012 0.304072 0.304088
1.75035 0.304042 0.304059
1.75058 0.304012 0.304029
1.75081 0.303983 0.303999
1.75104 0.303953 0.303969
1.75127 0.303923 0.303939
1.7515 0.303893 0.303909
1.75172 0.303863 0.30388
1.75195 0.303833 0.30385
1.75218 0.303803 0.30382
1.75241 0.303773 0.30379
1.75264 0.303744 0.30376
1.75287 0.303714 0.30373
1.7531 0.303684 0.3037
1.75333 0.303654 0.30367
1.75356 0.303624 0.30364
1.75379 0.303594 0.30361
1.75402 0.303564 0.30358
1.75425 0.303534 0.30355
1.75448 0.303504 0.30352
1.75471 0.303474 0.30349
1.75494 0.303444 0.30346
1.75517 0.303414 0.30343
1.7554 0.303384 0.3034
1.75563 0.303354 0.30337
1.75586 0.303324 0.30334
1.75609 0.303294 0.30331
1.75632 0.303263 0.30328
1.75655 0.303233 0.30325
1.75678 0.303203 0.30322
1.75701 0.303173 0.30319
1.75724 0.303143 0.30316
1.75747 0.303113 0.303129
1.7577 0.303083 0.303099
1.75793 0.303053 0.303069
1.75816 0.303022 0.303039
1.75839 0.302992 0.303009
1.75863 0.302962 0.302979
1.75886 0.302932 0.302948
1.75909 0.302902 0.302918
1.75932 0.302871 0.302888
1.75955 0.302841 0.302858
1.75978 0.302811 0.302828
1.76001 0.302781 0.302797
1.76024 0.30275 0.302767
1.76048 0.30272 0.302737
1.76071 0.30269 0.302706
1.76094 0.30266 0.302676
1.76117 0.302629 0.302646
1.7614 0.302599 0.302616
1.76163 0.302569 0.302585
1.76187 0.302538 0.302555
1.7621 0.302508 0.302525
1.76233 0.302477 0.302494
1.76256 0.302447 0.302464
1.76279 0.302417 0.302433
1.76303 0.302386 0.302403
1.76326 0.302356 0.302373
1.76349 0.302325 0.302342
1.76372 0.302295 0.302312
1.76396 0.302265 0.302281
1.76419 0.302234 0.302251
1.76442 0.302204 0.30222
1.76465 0.302173 0.30219
1.76489 0.302143 0.302159
1.76512 0.302112 0.302129
1.76535 0.302082 0.302098
1.76559 0.302051 0.302068
1.76582 0.302021 0.302037
1.76605 0.30199 0.302007
1.76628 0.30196 0.301976
1.76652 0.301929 0.301946
1.76675 0.301898 0.301915
1.76698 0.301868 0.301885
1.76722 0.301837 0.301854
1.76745 0.301807 0.301823
1.76769 0.301776 0.301793
1.76792 0.301745 0.301762
1.76815 0.301715 0.301732
1.76839 0.301684 0.301701
1.76862 0.301653 0.30167
1.76885 0.301623 0.30164
1.76909 0.301592 0.301609
1.76932 0.301561 0.301578
1.76956 0.301531 0.301548
1.76979 0.3015 0.301517
1.77002 0.301469 0.301486
1.77026 0.301439 0.301455
1.77049 0.301408 0.301425
1.77073 0.301377 0.301394
1.77096 0.301346 0.301363
1.7712 0.301315 0.301332
1.77143 0.301285 0.301302
1.77167 0.301254 0.301271
1.7719 0.301223 0.30124
1.77214 0.301192 0.301209
1.77237 0.301161 0.301178
1.77261 0.301131 0.301147
1.77284 0.3011 0.301117
1.77308 0.301069 0.301086
1.77331 0.301038 0.301055
1.77355 0.301007 0.301024
1.77378 0.300976 0.300993
1.77402 0.300945 0.300962
1.77425 0.300914 0.300931
1.77449 0.300883 0.3009
1.77472 0.300852 0.300869
1.77496 0.300821 0.300838
1.7752 0.30079 0.300807
1.77543 0.300759 0.300776
1.77567 0.300728 0.300745
1.7759 0.300697 0.300714
1.77614 0.300666 0.300683
1.77638 0.300635 0.300652
1.77661 0.300604 0.300621
1.77685 0.300573 0.30059
1.77708 0.300542 0.300559
1.77732 0.300511 0.300528
1.77756 0.30048 0.300497
1.77779 0.300449 0.300466
1.77803 0.300418 0.300435
1.77827 0.300387 0.300404
1.7785 0.300356 0.300373
1.77874 0.300325 0.300342
1.77898 0.300293 0.30031
1.77921 0.300262 0.300279
1.77945 0.300231 0.300248
1.77969 0.3002 0.300217
1.77993 0.300169 0.300186
1.78016 0.300137 0.300155
1.7804 0.300106 0.300123
1.78064 0.300075 0.300092
1.78087 0.300044 0.300061
1.78111 0.300013 0.30003
1.78135 0.299981 0.299998
1.78159 0.29995 0.299967
1.78182 0.299919 0.299936
1.78206 0.299887 0.299904
1.7823 0.299856 0.299873
1.78254 0.299825 0.299842
1.78278 0.299793 0.299811
1.78301 0.299762 0.299779
1.78325 0.299731 0.299748
1.78349 0.299699 0.299717
1.78373 0.299668 0.299685
1.78397 0.299637 0.299654
1.78421 0.299605 0.299622
1.78444 0.299574 0.299591
1.78468 0.299542 0.29956
1.78492 0.299511 0.299528
1.78516 0.299479 0.299497
1.7854 0.299448 0.299465
1.78564 0.299417 0.299434
1.78588 0.299385 0.299402
1.78612 0.299354 0.299371
1.78635 0.299322 0.299339
1.78659 0.299291 0.299308
1.78683 0.299259 0.299276
1.78707 0.299228 0.299245
1.78731 0.299196 0.299213
1.78755 0.299164 0.299182
1.78779 0.299133 0.29915
1.78803 0.299101 0.299119
1.78827 0.29907 0.299087
1.78851 0.299038 0.299055
1.78875 0.299006 0.299024
1.78899 0.298975 0.298992
1.78923 0.298943 0.29896
1.78947 0.298912 0.298929
1.78971 0.29888 0.298897
1.78995 0.298848 0.298865
1.79019 0.298817 0.298834
1.79043 0.298785 0.298802
1.79067 0.298753 0.29877
1.79091 0.298721 0.298739
1.79115 0.29869 0.298707
1.79139 0.298658 0.298675
1.79163 0.298626 0.298644
1.79187 0.298594 0.298612
1.79211 0.298563 0.29858
1.79235 0.298531 0.298548
1.79259 0.298499 0.298516
1.79284 0.298467 0.298485
1.79308 0.298435 0.298453
1.79332 0.298404 0.298421
1.79356 0.298372 0.298389
1.7938 0.29834 0.298357
1.79404 0.298308 0.298325
1.79428 0.298276 0.298294
1.79452 0.298244 0.298262
1.79477 0.298212 0.29823
1.79501 0.29818 0.298198
1.79525 0.298149 0.298166
1.79549 0.298117 0.298134
1.79573 0.298085 0.298102
1.79597 0.298053 0.29807
1.79622 0.298021 0.298038
1.79646 0.297989 0.298006
1.7967 0.297957 0.297974
1.79694 0.297925 0.297942
1.79718 0.297893 0.29791
1.79743 0.297861 0.297878
1.79767 0.297829 0.297846
1.79791 0.297797 0.297814
1.79815 0.297765 0.297782
1.7984 0.297732 0.29775
1.79864 0.2977 0.297718
1.79888 0.297668 0.297686
1.79913 0.297636 0.297654
1.79937 0.297604 0.297621
1.79961 0.297572 0.297589
1.79985 0.29754 0.297557
1.8001 0.297508 0.297525
1.80034 0.297475 0.297493
1.80058 0.297443 0.297461
1.80083 0.297411 0.297429
1.80107 0.297379 0.297396
1.80131 0.297347 0.297364
1.80156 0.297314 0.297332
1.8018 0.297282 0.2973
1.80205 0.29725 0.297267
1.80229 0.297218 0.297235
1.80253 0.297185 0.297203
1.80278 0.297153 0.297171
1.80302 0.297121 0.297138
1.80327 0.297088 0.297106
1.80351 0.297056 0.297074
1.80375 0.297024 0.297041
1.804 0.296991 0.297009
1.80424 0.296959 0.296977
1.80449 0.296927 0.296944
1.80473 0.296894 0.296912
1.80498 0.296862 0.29688
1.80522 0.29683 0.296847
1.80547 0.296797 0.296815
1.80571 0.296765 0.296782
1.80596 0.296732 0.29675
1.8062 0.2967 0.296717
1.80645 0.296667 0.296685
1.80669 0.296635 0.296653
1.80694 0.296602 0.29662
1.80718 0.29657 0.296588
1.80743 0.296537 0.296555
1.80767 0.296505 0.296523
1.80792 0.296472 0.29649
1.80816 0.29644 0.296457
1.80841 0.296407 0.296425
1.80865 0.296375 0.296392
1.8089 0.296342 0.29636
1.80915 0.296309 0.296327
1.80939 0.296277 0.296295
1.80964 0.296244 0.296262
1.80988 0.296212 0.296229
1.81013 0.296179 0.296197
1.81038 0.296146 0.296164
1.81062 0.296114 0.296131
1.81087 0.296081 0.296099
1.81112 0.296048 0.296066
1.81136 0.296016 0.296033
1.81161 0.295983 0.296001
1.81186 0.29595 0.295968
1.8121 0.295917 0.295935
1.81235 0.295885 0.295902
1.8126 0.295852 0.29587
1.81284 0.295819 0.295837
1.81309 0.295786 0.295804
1.81334 0.295754 0.295771
1.81359 0.295721 0.295739
1.81383 0.295688 0.295706
1.81408 0.295655 0.295673
1.81433 0.295622 0.29564
1.81457 0.295589 0.295607
1.81482 0.295557 0.295574
1.81507 0.295524 0.295541
1.81532 0.295491 0.295509
1.81557 0.295458 0.295476
1.81581 0.295425 0.295443
1.81606 0.295392 0.29541
1.81631 0.295359 0.295377
1.81656 0.295326 0.295344
1.81681 0.295293 0.295311
1.81705 0.29526 0.295278
1.8173 0.295227 0.295245
1.81755 0.295194 0.295212
1.8178 0.295161 0.295179
1.81805 0.295128 0.295146
1.8183 0.295095 0.295113
1.81855 0.295062 0.29508
1.8188 0.295029 0.295047
1.81904 0.294996 0.295014
1.81929 0.294963 0.294981
1.81954 0.29493 0.294948
1.81979 0.294897 0.294915
1.82004 0.294864 0.294881
1.82029 0.29483 0.294848
1.82054 0.294797 0.294815
1.82079 0.294764 0.294782
1.82104 0.294731 0.294749
1.82129 0.294698 0.294716
1.82154 0.294665 0.294683
1.82179 0.294631 0.294649
1.82204 0.294598 0.294616
1.82229 0.294565 0.294583
1.82254 0.294532 0.29455
1.82279 0.294498 0.294516
1.82304 0.294465 0.294483
1.82329 0.294432 0.29445
1.82354 0.294399 0.294417
1.82379 0.294365 0.294383
1.82404 0.294332 0.29435
1.82429 0.294299 0.294317
1.82454 0.294265 0.294283
1.82479 0.294232 0.29425
1.82504 0.294199 0.294217
1.82529 0.294165 0.294183
1.82554 0.294132 0.29415
1.82579 0.294098 0.294116
1.82605 0.294065 0.294083
1.8263 0.294032 0.29405
1.82655 0.293998 0.294016
1.8268 0.293965 0.293983
1.82705 0.293931 0.293949
1.8273 0.293898 0.293916
1.82755 0.293864 0.293882
1.82781 0.293831 0.293849
1.82806 0.293797 0.293815
1.82831 0.293764 0.293782
1.82856 0.29373 0.293748
1.82881 0.293697 0.293715
1.82907 0.293663 0.293681
1.82932 0.29363 0.293648
1.82957 0.293596 0.293614
1.82982 0.293562 0.293581
1.83007 0.293529 0.293547
1.83033 0.293495 0.293513
1.83058 0.293462 0.29348
1.83083 0.293428 0.293446
1.83108 0.293394 0.293412
1.83134 0.293361 0.293379
1.83159 0.293327 0.293345
1.83184 0.293293 0.293311
1.8321 0.293259 0.293278
1.83235 0.293226 0.293244
1.8326 0.293192 0.29321
1.83286 0.293158 0.293176
1.83311 0.293124 0.293143
1.83336 0.293091 0.293109
1.83362 0.293057 0.293075
1.83387 0.293023 0.293041
1.83412 0.292989 0.293008
1.83438 0.292956 0.292974
1.83463 0.292922 0.29294
1.83489 0.292888 0.292906
1.83514 0.292854 0.292872
1.83539 0.29282 0.292838
1.83565 0.292786 0.292804
1.8359 0.292752 0.292771
1.83616 0.292718 0.292737
1.83641 0.292685 0.292703
1.83666 0.292651 0.292669
1.83692 0.292617 0.292635
1.83717 0.292583 0.292601
1.83743 0.292549 0.292567
1.83768 0.292515 0.292533
1.83794 0.292481 0.292499
1.83819 0.292447 0.292465
1.83845 0.292413 0.292431
1.8387 0.292379 0.292397
1.83896 0.292345 0.292363
1.83921 0.292311 0.292329
1.83947 0.292276 0.292295
1.83972 0.292242 0.292261
1.83998 0.292208 0.292227
1.84024 0.292174 0.292193
1.84049 0.29214 0.292158
1.84075 0.292106 0.292124
1.841 0.292072 0.29209
1.84126 0.292038 0.292056
1.84152 0.292003 0.292022
1.84177 0.291969 0.291988
1.84203 0.291935 0.291954
1.84228 0.291901 0.291919
1.84254 0.291867 0.291885
1.8428 0.291832 0.291851
1.84305 0.291798 0.291817
1.84331 0.291764 0.291782
1.84357 0.29173 0.291748
1.84382 0.291695 0.291714
1.84408 0.291661 0.29168
1.84434 0.291627 0.291645
1.84459 0.291592 0.291611
1.84485 0.291558 0.291577
1.84511 0.291524 0.291542
1.84537 0.291489 0.291508
1.84562 0.291455 0.291474
1.84588 0.291421 0.291439
1.84614 0.291386 0.291405
1.8464 0.291352 0.29137
1.84665 0.291317 0.291336
1.84691 0.291283 0.291302
1.84717 0.291249 0.291267
1.84743 0.291214 0.291233
1.84768 0.29118 0.291198
1.84794 0.291145 0.291164
1.8482 0.291111 0.291129
1.84846 0.291076 0.291095
1.84872 0.291042 0.29106
1.84898 0.291007 0.291026
1.84923 0.290973 0.290991
1.84949 0.290938 0.290957
1.84975 0.290903 0.290922
1.85001 0.290869 0.290887
1.85027 0.290834 0.290853
1.85053 0.2908 0.290818
1.85079 0.290765 0.290784
1.85105 0.29073 0.290749
1.85131 0.290696 0.290714
1.85156 0.290661 0.29068
1.85182 0.290626 0.290645
1.85208 0.290592 0.29061
1.85234 0.290557 0.290576
1.8526 0.290522 0.290541
1.85286 0.290487 0.290506
1.85312 0.290453 0.290471
1.85338 0.290418 0.290437
1.85364 0.290383 0.290402
1.8539 0.290348 0.290367
1.85416 0.290314 0.290332
1.85442 0.290279 0.290297
1.85468 0.290244 0.290263
1.85494 0.290209 0.290228
1.8552 0.290174 0.290193
1.85546 0.290139 0.290158
1.85572 0.290105 0.290123
1.85599 0.29007 0.290088
1.85625 0.290035 0.290053
1.85651 0.29 0.290019
1.85677 0.289965 0.289984
1.85703 0.28993 0.289949
1.85729 0.289895 0.289914
1.85755 0.28986 0.289879
1.85781 0.289825 0.289844
1.85807 0.28979 0.289809
1.85834 0.289755 0.289774
1.8586 0.28972 0.289739
1.85886 0.289685 0.289704
1.85912 0.28965 0.289669
1.85938 0.289615 0.289634
1.85964 0.28958 0.289599
1.85991 0.289545 0.289564
1.86017 0.28951 0.289529
1.86043 0.289475 0.289493
1.86069 0.28944 0.289458
1.86096 0.289404 0.289423
1.86122 0.289369 0.289388
1.86148 0.289334 0.289353
1.86174 0.289299 0.289318
1.86201 0.289264 0.289283
1.86227 0.289229 0.289247
1.86253 0.289193 0.289212
1.86279 0.289158 0.289177
1.86306 0.289123 0.289142
1.86332 0.289088 0.289106
1.86358 0.289052 0.289071
1.86385 0.289017 0.289036
1.86411 0.288982 0.289001
1.86437 0.288946 0.288965
1.86464 0.288911 0.28893
1.8649 0.288876 0.288895
1.86516 0.28884 0.288859
1.86543 0.288805 0.288824
1.86569 0.28877 0.288789
1.86596 0.288734 0.288753
1.86622 0.288699 0.288718
1.86648 0.288664 0.288683
1.86675 0.288628 0.288647
1.86701 0.288593 0.288612
1.86728 0.288557 0.288576
1.86754 0.288522 0.288541
1.86781 0.288486 0.288505
1.86807 0.288451 0.28847
1.86834 0.288415 0.288434
1.8686 0.28838 0.288399
1.86887 0.288344 0.288363
1.86913 0.288309 0.288328
1.8694 0.288273 0.288292
1.86966 0.288238 0.288257
1.86993 0.288202 0.288221
1.87019 0.288166 0.288186
1.87046 0.288131 0.28815
1.87072 0.288095 0.288114
1.87099 0.28806 0.288079
1.87125 0.288024 0.288043
1.87152 0.287988 0.288007
1.87179 0.287953 0.287972
1.87205 0.287917 0.287936
1.87232 0.287881 0.2879
1.87258 0.287846 0.287865
1.87285 0.28781 0.287829
1.87312 0.287774 0.287793
1.87338 0.287738 0.287757
1.87365 0.287703 0.287722
1.87392 0.287667 0.287686
1.87418 0.287631 0.28765
1.87445 0.287595 0.287614
1.87472 0.287559 0.287578
1.87498 0.287524 0.287543
1.87525 0.287488 0.287507
1.87552 0.287452 0.287471
1.87579 0.287416 0.287435
1.87605 0.28738 0.287399
1.87632 0.287344 0.287363
1.87659 0.287308 0.287327
1.87686 0.287272 0.287291
1.87712 0.287236 0.287256
1.87739 0.2872 0.28722
1.87766 0.287164 0.287184
1.87793 0.287128 0.287148
1.8782 0.287092 0.287112
1.87846 0.287056 0.287076
1.87873 0.28702 0.28704
1.879 0.286984 0.287004
1.87927 0.286948 0.286968
1.87954 0.286912 0.286932
1.87981 0.286876 0.286895
1.88007 0.28684 0.286859
1.88034 0.286804 0.286823
1.88061 0.286768 0.286787
1.88088 0.286732 0.286751
1.88115 0.286696 0.286715
1.88142 0.286659 0.286679
1.88169 0.286623 0.286643
1.88196 0.286587 0.286606
1.88223 0.286551 0.28657
1.8825 0.286515 0.286534
1.88277 0.286478 0.286498
1.88304 0.286442 0.286462
1.88331 0.286406 0.286425
1.88358 0.28637 0.286389
1.88385 0.286333 0.286353
1.88412 0.286297 0.286316
1.88439 0.286261 0.28628
1.88466 0.286225 0.286244
1.88493 0.286188 0.286208
1.8852 0.286152 0.286171
1.88547 0.286115 0.286135
1.88574 0.286079 0.286098
1.88601 0.286043 0.286062
1.88628 0.286006 0.286026
1.88655 0.28597 0.285989
1.88682 0.285933 0.285953
1.88709 0.285897 0.285916
1.88736 0.285861 0.28588
1.88764 0.285824 0.285844
1.88791 0.285788 0.285807
1.88818 0.285751 0.285771
1.88845 0.285715 0.285734
1.88872 0.285678 0.285698
1.88899 0.285642 0.285661
1.88927 0.285605 0.285624
1.88954 0.285568 0.285588
1.88981 0.285532 0.285551
1.89008 0.285495 0.285515
1.89035 0.285459 0.285478
1.89063 0.285422 0.285441
1.8909 0.285385 0.285405
1.89117 0.285349 0.285368
1.89144 0.285312 0.285332
1.89172 0.285275 0.285295
1.89199 0.285239 0.285258
1.89226 0.285202 0.285221
1.89254 0.285165 0.285185
1.89281 0.285129 0.285148
1.89308 0.285092 0.285111
1.89335 0.285055 0.285075
1.89363 0.285018 0.285038
1.8939 0.284981 0.285001
1.89418 0.284945 0.284964
1.89445 0.284908 0.284927
1.89472 0.284871 0.284891
1.895 0.284834 0.284854
1.89527 0.284797 0.284817
1.89554 0.28476 0.28478
1.89582 0.284724 0.284743
1.89609 0.284687 0.284706
1.89637 0.28465 0.284669
1.89664 0.284613 0.284632
1.89692 0.284576 0.284595
1.89719 0.284539 0.284559
1.89747 0.284502 0.284522
1.89774 0.284465 0.284485
1.89801 0.284428 0.284448
1.89829 0.284391 0.284411
1.89856 0.284354 0.284374
1.89884 0.284317 0.284337
1.89912 0.28428 0.284299
1.89939 0.284243 0.284262
1.89967 0.284206 0.284225
1.89994 0.284169 0.284188
1.90022 0.284131 0.284151
1.90049 0.284094 0.284114
1.90077 0.284057 0.284077
1.90104 0.28402 0.28404
1.90132 0.283983 0.284003
1.9016 0.283946 0.283965
1.90187 0.283908 0.283928
1.90215 0.283871 0.283891
1.90243 0.283834 0.283854
1.9027 0.283797 0.283817
1.90298 0.28376 0.283779
1.90326 0.283722 0.283742
1.90353 0.283685 0.283705
1.90381 0.283648 0.283668
1.90409 0.28361 0.28363
1.90436 0.283573 0.283593
1.90464 0.283536 0.283556
1.90492 0.283498 0.283518
1.9052 0.283461 0.283481
1.90547 0.283424 0.283443
1.90575 0.283386 0.283406
1.90603 0.283349 0.283369
1.90631 0.283311 0.283331
1.90658 0.283274 0.283294
1.90686 0.283237 0.283256
1.90714 0.283199 0.283219
1.90742 0.283162 0.283181
1.9077 0.283124 0.283144
1.90797 0.283087 0.283107
1.90825 0.283049 0.283069
1.90853 0.283012 0.283031
1.90881 0.282974 0.282994
1.90909 0.282936 0.282956
1.90937 0.282899 0.282919
1.90965 0.282861 0.282881
1.90993 0.282824 0.282844
1.9102 0.282786 0.282806
1.91048 0.282748 0.282768
1.91076 0.282711 0.282731
1.91104 0.282673 0.282693
1.91132 0.282635 0.282655
1.9116 0.282598 0.282618
1.91188 0.28256 0.28258
1.91216 0.282522 0.282542
1.91244 0.282485 0.282505
1.91272 0.282447 0.282467
1.913 0.282409 0.282429
1.91328 0.282371 0.282391
1.91356 0.282333 0.282353
1.91384 0.282296 0.282316
1.91412 0.282258 0.282278
1.9144 0.28222 0.28224
1.91468 0.282182 0.282202
1.91496 0.282144 0.282164
1.91525 0.282106 0.282126
1.91553 0.282069 0.282089
1.91581 0.282031 0.282051
1.91609 0.281993 0.282013
1.91637 0.281955 0.281975
1.91665 0.281917 0.281937
1.91693 0.281879 0.281899
1.91722 0.281841 0.281861
1.9175 0.281803 0.281823
1.91778 0.281765 0.281785
1.91806 0.281727 0.281747
1.91834 0.281689 0.281709
1.91862 0.281651 0.281671
1.91891 0.281613 0.281633
1.91919 0.281575 0.281595
1.91947 0.281536 0.281557
1.91975 0.281498 0.281519
1.92004 0.28146 0.28148
1.92032 0.281422 0.281442
1.9206 0.281384 0.281404
1.92089 0.281346 0.281366
1.92117 0.281308 0.281328
1.92145 0.281269 0.28129
1.92173 0.281231 0.281251
1.92202 0.281193 0.281213
1.9223 0.281155 0.281175
1.92258 0.281116 0.281137
1.92287 0.281078 0.281098
1.92315 0.28104 0.28106
1.92344 0.281002 0.281022
1.92372 0.280963 0.280984
1.924 0.280925 0.280945
1.92429 0.280887 0.280907
1.92457 0.280848 0.280869
1.92486 0.28081 0.28083
1.92514 0.280771 0.280792
1.92543 0.280733 0.280753
1.92571 0.280695 0.280715
1.926 0.280656 0.280677
1.92628 0.280618 0.280638
1.92657 0.280579 0.2806
1.92685 0.280541 0.280561
1.92714 0.280502 0.280523
1.92742 0.280464 0.280484
1.92771 0.280425 0.280446
1.92799 0.280387 0.280407
1.92828 0.280348 0.280369
1.92856 0.28031 0.28033
1.92885 0.280271 0.280291
1.92913 0.280232 0.280253
1.92942 0.280194 0.280214
1.92971 0.280155 0.280176
1.92999 0.280117 0.280137
1.93028 0.280078 0.280098
1.93057 0.280039 0.28006
1.93085 0.280001 0.280021
1.93114 0.279962 0.279982
1.93143 0.279923 0.279944
1.93171 0.279884 0.279905
1.932 0.279846 0.279866
1.93229 0.279807 0.279827
1.93257 0.279768 0.279789
1.93286 0.279729 0.27975
1.93315 0.279691 0.279711
1.93344 0.279652 0.279672
1.93372 0.279613 0.279633
1.93401 0.279574 0.279595
1.9343 0.279535 0.279556
1.93459 0.279496 0.279517
1.93487 0.279457 0.279478
1.93516 0.279419 0.279439
1.93545 0.27938 0.2794
1.93574 0.279341 0.279361
1.93603 0.279302 0.279322
1.93632 0.279263 0.279283
1.9366 0.279224 0.279244
1.93689 0.279185 0.279205
1.93718 0.279146 0.279166
1.93747 0.279107 0.279127
1.93776 0.279068 0.279088
1.93805 0.279029 0.279049
1.93834 0.27899 0.27901
1.93863 0.27895 0.278971
1.93892 0.278911 0.278932
1.93921 0.278872 0.278893
1.9395 0.278833 0.278854
1.93979 0.278794 0.278815
1.94008 0.278755 0.278775
1.94037 0.278716 0.278736
1.94066 0.278676 0.278697
1.94095 0.278637 0.278658
1.94124 0.278598 0.278619
1.94153 0.278559 0.278579
1.94182 0.278519 0.27854
1.94211 0.27848 0.278501
1.9424 0.278441 0.278462
1.94269 0.278402 0.278422
1.94298 0.278362 0.278383
1.94327 0.278323 0.278344
1.94356 0.278284 0.278304
1.94385 0.278244 0.278265
1.94415 0.278205 0.278226
1.94444 0.278165 0.278186
1.94473 0.278126 0.278147
1.94502 0.278087 0.278107
1.94531 0.278047 0.278068
1.9456 0.278008 0.278028
1.9459 0.277968 0.277989
1.94619 0.277929 0.27795
1.94648 0.277889 0.27791
1.94677 0.27785 0.277871
1.94707 0.27781 0.277831
1.94736 0.277771 0.277791
1.94765 0.277731 0.277752
1.94794 0.277692 0.277712
1.94824 0.277652 0.277673
1.94853 0.277612 0.277633
1.94882 0.277573 0.277594
1.94912 0.277533 0.277554
1.94941 0.277493 0.277514
1.9497 0.277454 0.277475
1.95 0.277414 0.277435
1.95029 0.277374 0.277395
1.95058 0.277335 0.277356
1.95088 0.277295 0.277316
1.95117 0.277255 0.277276
1.95147 0.277215 0.277236
1.95176 0.277176 0.277197
1.95205 0.277136 0.277157
1.95235 0.277096 0.277117
1.95264 0.277056 0.277077
1.95294 0.277016 0.277037
1.95323 0.276977 0.276997
1.95353 0.276937 0.276958
1.95382 0.276897 0.276918
1.95412 0.276857 0.276878
1.95441 0.276817 0.276838
1.95471 0.276777 0.276798
1.955 0.276737 0.276758
1.9553 0.276697 0.276718
1.9556 0.276657 0.276678
1.95589 0.276617 0.276638
1.95619 0.276577 0.276598
1.95648 0.276537 0.276558
1.95678 0.276497 0.276518
1.95708 0.276457 0.276478
1.95737 0.276417 0.276438
1.95767 0.276377 0.276398
1.95796 0.276337 0.276358
1.95826 0.276297 0.276318
1.95856 0.276256 0.276278
1.95885 0.276216 0.276237
1.95915 0.276176 0.276197
1.95945 0.276136 0.276157
1.95975 0.276096 0.276117
1.96004 0.276056 0.276077
1.96034 0.276015 0.276036
1.96064 0.275975 0.275996
1.96094 0.275935 0.275956
1.96123 0.275895 0.275916
1.96153 0.275854 0.275875
1.96183 0.275814 0.275835
1.96213 0.275774 0.275795
1.96243 0.275733 0.275754
1.96272 0.275693 0.275714
1.96302 0.275653 0.275674
1.96332 0.275612 0.275633
1.96362 0.275572 0.275593
1.96392 0.275531 0.275553
1.96422 0.275491 0.275512
1.96452 0.27545 0.275472
1.96482 0.27541 0.275431
1.96512 0.27537 0.275391
1.96541 0.275329 0.27535
1.96571 0.275289 0.27531
1.96601 0.275248 0.275269
1.96631 0.275207 0.275229
1.96661 0.275167 0.275188
1.96691 0.275126 0.275148
1.96721 0.275086 0.275107
1.96751 0.275045 0.275066
1.96781 0.275005 0.275026
1.96811 0.274964 0.274985
1.96841 0.274923 0.274944
1.96871 0.274883 0.274904
1.96902 0.274842 0.274863
1.96932 0.274801 0.274822
1.96962 0.27476 0.274782
1.96992 0.27472 0.274741
1.97022 0.274679 0.2747
1.97052 0.274638 0.27466
1.97082 0.274597 0.274619
1.97112 0.274557 0.274578
1.97143 0.274516 0.274537
1.97173 0.274475 0.274496
1.97203 0.274434 0.274455
1.97233 0.274393 0.274415
1.97263 0.274352 0.274374
1.97294 0.274311 0.274333
1.97324 0.274271 0.274292
1.97354 0.27423 0.274251
1.97384 0.274189 0.27421
1.97415 0.274148 0.274169
1.97445 0.274107 0.274128
1.97475 0.274066 0.274087
1.97505 0.274025 0.274046
1.97536 0.273984 0.274005
1.97566 0.273943 0.273964
1.97596 0.273902 0.273923
1.97627 0.273861 0.273882
1.97657 0.273819 0.273841
1.97688 0.273778 0.2738
1.97718 0.273737 0.273759
1.97748 0.273696 0.273718
1.97779 0.273655 0.273676
1.97809 0.273614 0.273635
1.9784 0.273573 0.273594
1.9787 0.273531 0.273553
1.979 0.27349 0.273512
1.97931 0.273449 0.273471
1.97961 0.273408 0.273429
1.97992 0.273366 0.273388
1.98022 0.273325 0.273347
1.98053 0.273284 0.273305
1.98083 0.273243 0.273264
1.98114 0.273201 0.273223
1.98145 0.27316 0.273181
1.98175 0.273119 0.27314
1.98206 0.273077 0.273099
1.98236 0.273036 0.273057
1.98267 0.272994 0.273016
1.98298 0.272953 0.272975
1.98328 0.272911 0.272933
1.98359 0.27287 0.272892
1.98389 0.272829 0.27285
1.9842 0.272787 0.272809
1.98451 0.272746 0.272767
1.98481 0.272704 0.272726
1.98512 0.272662 0.272684
1.98543 0.272621 0.272643
1.98574 0.272579 0.272601
1.98604 0.272538 0.272559
1.98635 0.272496 0.272518
1.98666 0.272454 0.272476
1.98697 0.272413 0.272435
1.98727 0.272371 0.272393
1.98758 0.27233 0.272351
1.98789 0.272288 0.27231
1.9882 0.272246 0.272268
1.98851 0.272204 0.272226
1.98881 0.272163 0.272184
1.98912 0.272121 0.272143
1.98943 0.272079 0.272101
1.98974 0.272037 0.272059
1.99005 0.271996 0.272017
1.99036 0.271954 0.271975
1.99067 0.271912 0.271934
1.99098 0.27187 0.271892
1.99129 0.271828 0.27185
1.99159 0.271786 0.271808
1.9919 0.271744 0.271766
1.99221 0.271702 0.271724
1.99252 0.27166 0.271682
1.99283 0.271619 0.27164
1.99314 0.271577 0.271598
1.99345 0.271535 0.271556
1.99376 0.271493 0.271514
1.99408 0.271451 0.271472
1.99439 0.271408 0.27143
1.9947 0.271366 0.271388
1.99501 0.271324 0.271346
1.99532 0.271282 0.271304
1.99563 0.27124 0.271262
1.99594 0.271198 0.27122
1.99625 0.271156 0.271178
1.99656 0.271114 0.271136
1.99687 0.271072 0.271094
1.99719 0.271029 0.271051
1.9975 0.270987 0.271009
1.99781 0.270945 0.270967
1.99812 0.270903 0.270925
1.99843 0.27086 0.270882
1.99875 0.270818 0.27084
1.99906 0.270776 0.270798
1.99937 0.270734 0.270756
1.99968 0.270691 0.270713
2 0.270649 0.270671
2.00031 0.270607 0.270629
2.00062 0.270564 0.270586
2.00094 0.270522 0.270544
2.00125 0.270479 0.270501
2.00156 0.270437 0.270459
2.00188 0.270395 0.270417
2.00219 0.270352 0.270374
2.0025 0.27031 0.270332
2.00282 0.270267 0.270289
2.00313 0.270225 0.270247
2.00345 0.270182 0.270204
2.00376 0.27014 0.270162
2.00407 0.270097 0.270119
2.00439 0.270054 0.270077
2.0047 0.270012 0.270034
2.00502 0.269969 0.269991
2.00533 0.269927 0.269949
2.00565 0.269884 0.269906
2.00596 0.269841 0.269863
2.00628 0.269799 0.269821
2.00659 0.269756 0.269778
2.00691 0.269713 0.269735
2.00723 0.26967 0.269693
2.00754 0.269628 0.26965
2.00786 0.269585 0.269607
2.00817 0.269542 0.269564
2.00849 0.269499 0.269522
2.00881 0.269457 0.269479
2.00912 0.269414 0.269436
2.00944 0.269371 0.269393
2.00976 0.269328 0.26935
2.01007 0.269285 0.269307
2.01039 0.269242 0.269264
2.01071 0.269199 0.269222
2.01102 0.269156 0.269179
2.01134 0.269113 0.269136
2.01166 0.26907 0.269093
2.01198 0.269027 0.26905
2.01229 0.268984 0.269007
2.01261 0.268941 0.268964
2.01293 0.268898 0.268921
2.01325 0.268855 0.268878
2.01357 0.268812 0.268835
2.01388 0.268769 0.268792
2.0142 0.268726 0.268748
2.01452 0.268683 0.268705
2.01484 0.26864 0.268662
2.01516 0.268597 0.268619
2.01548 0.268553 0.268576
2.0158 0.26851 0.268533
2.01612 0.268467 0.268489
2.01644 0.268424 0.268446
2.01676 0.268381 0.268403
2.01708 0.268337 0.26836
2.0174 0.268294 0.268316
2.01772 0.268251 0.268273
2.01804 0.268207 0.26823
2.01836 0.268164 0.268187
2.01868 0.268121 0.268143
2.019 0.268077 0.2681
2.01932 0.268034 0.268056
2.01964 0.267991 0.268013
2.01996 0.267947 0.26797
2.02028 0.267904 0.267926
2.0206 0.26786 0.267883
2.02092 0.267817 0.267839
2.02124 0.267773 0.267796
2.02156 0.26773 0.267752
2.02189 0.267686 0.267709
2.02221 0.267643 0.267665
2.02253 0.267599 0.267622
2.02285 0.267556 0.267578
2.02317 0.267512 0.267535
2.0235 0.267468 0.267491
2.02382 0.267425 0.267447
2.02414 0.267381 0.267404
2.02446 0.267337 0.26736
2.02479 0.267294 0.267316
2.02511 0.26725 0.267273
2.02543 0.267206 0.267229
2.02576 0.267163 0.267185
2.02608 0.267119 0.267142
2.0264 0.267075 0.267098
2.02673 0.267031 0.267054
2.02705 0.266988 0.26701
2.02737 0.266944 0.266966
2.0277 0.2669 0.266923
2.02802 0.266856 0.266879
2.02835 0.266812 0.266835
2.02867 0.266768 0.266791
2.029 0.266724 0.266747
2.02932 0.26668 0.266703
2.02964 0.266636 0.266659
2.02997 0.266592 0.266615
2.03029 0.266548 0.266571
2.03062 0.266504 0.266527
2.03095 0.26646 0.266483
2.03127 0.266416 0.266439
2.0316 0.266372 0.266395
2.03192 0.266328 0.266351
2.03225 0.266284 0.266307
2.03257 0.26624 0.266263
2.0329 0.266196 0.266219
2.03323 0.266152 0.266175
2.03355 0.266108 0.266131
2.03388 0.266064 0.266086
2.03421 0.266019 0.266042
2.03453 0.265975 0.265998
2.03486 0.265931 0.265954
2.03519 0.265887 0.26591
2.03551 0.265842 0.265865
2.03584 0.265798 0.265821
2.03617 0.265754 0.265777
2.0365 0.265709 0.265732
2.03682 0.265665 0.265688
2.03715 0.265621 0.265644
2.03748 0.265576 0.265599
2.03781 0.265532 0.265555
2.03814 0.265488 0.265511
2.03846 0.265443 0.265466
2.03879 0.265399 0.265422
2.03912 0.265354 0.265377
2.03945 0.26531 0.265333
2.03978 0.265265 0.265288
2.04011 0.265221 0.265244
2.04044 0.265176 0.265199
2.04077 0.265132 0.265155
2.0411 0.265087 0.26511
2.04143 0.265043 0.265066
2.04176 0.264998 0.265021
2.04209 0.264953 0.264976
2.04242 0.264909 0.264932
2.04275 0.264864 0.264887
2.04308 0.264819 0.264842
2.04341 0.264775 0.264798
2.04374 0.26473 0.264753
2.04407 0.264685 0.264708
2.0444 0.26464 0.264664
2.04473 0.264596 0.264619
2.04506 0.264551 0.264574
2.04539 0.264506 0.264529
2.04573 0.264461 0.264484
2.04606 0.264416 0.26444
2.04639 0.264372 0.264395
2.04672 0.264327 0.26435
2.04705 0.264282 0.264305
2.04739 0.264237 0.26426
2.04772 0.264192 0.264215
2.04805 0.264147 0.26417
2.04838 0.264102 0.264125
2.04872 0.264057 0.26408
2.04905 0.264012 0.264035
2.04938 0.263967 0.26399
2.04971 0.263922 0.263945
2.05005 0.263877 0.2639
2.05038 0.263832 0.263855
2.05071 0.263787 0.26381
2.05105 0.263742 0.263765
2.05138 0.263696 0.26372
2.05172 0.263651 0.263675
2.05205 0.263606 0.263629
2.05238 0.263561 0.263584
2.05272 0.263516 0.263539
2.05305 0.263471 0.263494
2.05339 0.263425 0.263449
2.05372 0.26338 0.263403
2.05406 0.263335 0.263358
2.05439 0.263289 0.263313
2.05473 0.263244 0.263267
2.05506 0.263199 0.263222
2.0554 0.263153 0.263177
2.05574 0.263108 0.263131
2.05607 0.263063 0.263086
2.05641 0.263017 0.263041
2.05674 0.262972 0.262995
2.05708 0.262926 0.26295
2.05742 0.262881 0.262904
2.05775 0.262835 0.262859
2.05809 0.26279 0.262813
2.05843 0.262744 0.262768
2.05876 0.262699 0.262722
2.0591 0.262653 0.262677
2.05944 0.262608 0.262631
2.05977 0.262562 0.262586
2.06011 0.262517 0.26254
2.06045 0.262471 0.262494
2.06079 0.262425 0.262449
2.06113 0.26238 0.262403
2.06146 0.262334 0.262357
2.0618 0.262288 0.262312
2.06214 0.262242 0.262266
2.06248 0.262197 0.26222
2.06282 0.262151 0.262175
2.06316 0.262105 0.262129
2.0635 0.262059 0.262083
2.06383 0.262014 0.262037
2.06417 0.261968 0.261991
2.06451 0.261922 0.261945
2.06485 0.261876 0.2619
2.06519 0.26183 0.261854
2.06553 0.261784 0.261808
2.06587 0.261738 0.261762
2.06621 0.261692 0.261716
2.06655 0.261646 0.26167
2.06689 0.2616 0.261624
2.06723 0.261554 0.261578
2.06758 0.261508 0.261532
2.06792 0.261462 0.261486
2.06826 0.261416 0.26144
2.0686 0.26137 0.261394
2.06894 0.261324 0.261348
2.06928 0.261278 0.261302
2.06962 0.261232 0.261255
2.06996 0.261186 0.261209
2.07031 0.261139 0.261163
2.07065 0.261093 0.261117
2.07099 0.261047 0.261071
2.07133 0.261001 0.261025
2.07168 0.260955 0.260978
2.07202 0.260908 0.260932
2.07236 0.260862 0.260886
2.0727 0.260816 0.260839
2.07305 0.260769 0.260793
2.07339 0.260723 0.260747
2.07373 0.260677 0.2607
2.07408 0.26063 0.260654
2.07442 0.260584 0.260608
2.07477 0.260537 0.260561
2.07511 0.260491 0.260515
2.07545 0.260445 0.260468
2.0758 0.260398 0.260422
2.07614 0.260352 0.260375
2.07649 0.260305 0.260329
2.07683 0.260258 0.260282
2.07718 0.260212 0.260236
2.07752 0.260165 0.260189
2.07787 0.260119 0.260143
2.07821 0.260072 0.260096
2.07856 0.260026 0.260049
2.0789 0.259979 0.260003
2.07925 0.259932 0.259956
2.07959 0.259886 0.259909
2.07994 0.259839 0.259863
2.08029 0.259792 0.259816
2.08063 0.259745 0.259769
2.08098 0.259699 0.259723
2.08133 0.259652 0.259676
2.08167 0.259605 0.259629
2.08202 0.259558 0.259582
2.08237 0.259511 0.259535
2.08272 0.259464 0.259489
2.08306 0.259418 0.259442
2.08341 0.259371 0.259395
2.08376 0.259324 0.259348
2.08411 0.259277 0.259301
2.08445 0.25923 0.259254
2.0848 0.259183 0.259207
2.08515 0.259136 0.25916
2.0855 0.259089 0.259113
2.08585 0.259042 0.259066
2.0862 0.258995 0.259019
2.08655 0.258948 0.258972
2.0869 0.258901 0.258925
2.08724 0.258853 0.258878
2.08759 0.258806 0.258831
2.08794 0.258759 0.258783
2.08829 0.258712 0.258736
2.08864 0.258665 0.258689
2.08899 0.258618 0.258642
2.08934 0.25857 0.258595
2.08969 0.258523 0.258547
2.09004 0.258476 0.2585
2.09039 0.258429 0.258453
2.09075 0.258381 0.258406
2.0911 0.258334 0.258358
2.09145 0.258287 0.258311
2.0918 0.258239 0.258264
2.09215 0.258192 0.258216
2.0925 0.258144 0.258169
2.09285 0.258097 0.258121
2.09321 0.25805 0.258074
2.09356 0.258002 0.258026
2.09391 0.257955 0.257979
2.09426 0.257907 0.257932
2.09462 0.25786 0.257884
2.09497 0.257812 0.257836
2.09532 0.257765 0.257789
2.09567 0.257717 0.257741
2.09603 0.257669 0.257694
2.09638 0.257622 0.257646
2.09673 0.257574 0.257599
2.09709 0.257526 0.257551
2.09744 0.257479 0.257503
2.0978 0.257431 0.257456
2.09815 0.257383 0.257408
2.0985 0.257336 0.25736
2.09886 0.257288 0.257312
2.09921 0.25724 0.257265
2.09957 0.257192 0.257217
2.09992 0.257144 0.257169
2.10028 0.257097 0.257121
2.10063 0.257049 0.257073
2.10099 0.257001 0.257025
2.10134 0.256953 0.256978
2.1017 0.256905 0.25693
2.10205 0.256857 0.256882
2.10241 0.256809 0.256834
2.10277 0.256761 0.256786
2.10312 0.256713 0.256738
2.10348 0.256665 0.25669
2.10384 0.256617 0.256642
2.10419 0.256569 0.256594
2.10455 0.256521 0.256546
2.10491 0.256473 0.256498
2.10526 0.256425 0.25645
2.10562 0.256377 0.256401
2.10598 0.256329 0.256353
2.10634 0.25628 0.256305
2.1067 0.256232 0.256257
2.10705 0.256184 0.256209
2.10741 0.256136 0.25616
2.10777 0.256088 0.256112
2.10813 0.256039 0.256064
2.10849 0.255991 0.256016
2.10885 0.255943 0.255967
2.10921 0.255894 0.255919
2.10956 0.255846 0.255871
2.10992 0.255798 0.255822
2.11028 0.255749 0.255774
2.11064 0.255701 0.255726
2.111 0.255652 0.255677
2.11136 0.255604 0.255629
2.11172 0.255555 0.25558
2.11208 0.255507 0.255532
2.11244 0.255458 0.255483
2.1128 0.25541 0.255435
2.11317 0.255361 0.255386
2.11353 0.255313 0.255338
2.11389 0.255264 0.255289
2.11425 0.255216 0.25524
2.11461 0.255167 0.255192
2.11497 0.255118 0.255143
2.11533 0.25507 0.255095
2.1157 0.255021 0.255046
2.11606 0.254972 0.254997
2.11642 0.254924 0.254948
2.11678 0.254875 0.2549
2.11714 0.254826 0.254851
2.11751 0.254777 0.254802
2.11787 0.254728 0.254753
2.11823 0.25468 0.254705
2.1186 0.254631 0.254656
2.11896 0.254582 0.254607
2.11932 0.254533 0.254558
2.11969 0.254484 0.254509
2.12005 0.254435 0.25446
2.12042 0.254386 0.254411
2.12078 0.254337 0.254362
2.12114 0.254288 0.254313
2.12151 0.254239 0.254264
2.12187 0.25419 0.254215
2.12224 0.254141 0.254166
2.1226 0.254092 0.254117
2.12297 0.254043 0.254068
2.12333 0.253994 0.254019
2.1237 0.253945 0.25397
2.12407 0.253895 0.253921
2.12443 0.253846 0.253871
2.1248 0.253797 0.253822
2.12516 0.253748 0.253773
2.12553 0.253699 0.253724
2.1259 0.253649 0.253675
2.12626 0.2536 0.253625
2.12663 0.253551 0.253576
2.127 0.253502 0.253527
2.12736 0.253452 0.253477
2.12773 0.253403 0.253428
2.1281 0.253353 0.253379
2.12847 0.253304 0.253329
2.12884 0.253255 0.25328
2.1292 0.253205 0.25323
2.12957 0.253156 0.253181
2.12994 0.253106 0.253131
2.13031 0.253057 0.253082
2.13068 0.253007 0.253032
2.13105 0.252958 0.252983
2.13142 0.252908 0.252933
2.13178 0.252858 0.252884
2.13215 0.252809 0.252834
2.13252 0.252759 0.252785
2.13289 0.25271 0.252735
2.13326 0.25266 0.252685
2.13363 0.25261 0.252636
2.134 0.252561 0.252586
2.13437 0.252511 0.252536
2.13474 0.252461 0.252486
2.13512 0.252411 0.252437
2.13549 0.252361 0.252387
2.13586 0.252312 0.252337
2.13623 0.252262 0.252287
2.1366 0.252212 0.252237
2.13697 0.252162 0.252188
2.13734 0.252112 0.252138
2.13772 0.252062 0.252088
2.13809 0.252012 0.252038
2.13846 0.251962 0.251988
2.13883 0.251912 0.251938
2.13921 0.251862 0.251888
2.13958 0.251812 0.251838
2.13995 0.251762 0.251788
2.14032 0.251712 0.251738
2.1407 0.251662 0.251688
2.14107 0.251612 0.251638
2.14144 0.251562 0.251588
2.14182 0.251512 0.251537
2.14219 0.251462 0.251487
2.14257 0.251412 0.251437
2.14294 0.251361 0.251387
2.14332 0.251311 0.251337
2.14369 0.251261 0.251286
2.14407 0.251211 0.251236
2.14444 0.25116 0.251186
2.14482 0.25111 0.251136
2.14519 0.25106 0.251085
2.14557 0.251009 0.251035
2.14594 0.250959 0.250985
2.14632 0.250909 0.250934
2.14669 0.250858 0.250884
2.14707 0.250808 0.250833
2.14745 0.250757 0.250783
2.14782 0.250707 0.250732
2.1482 0.250656 0.250682
2.14858 0.250606 0.250631
2.14895 0.250555 0.250581
2.14933 0.250505 0.25053
2.14971 0.250454 0.25048
2.15009 0.250403 0.250429
2.15047 0.250353 0.250379
2.15084 0.250302 0.250328
2.15122 0.250252 0.250277
2.1516 0.250201 0.250227
2.15198 0.25015 0.250176
2.15236 0.250099 0.250125
2.15274 0.250049 0.250075
2.15312 0.249998 0.250024
2.15349 0.249947 0.249973
2.15387 0.249896 0.249922
2.15425 0.249845 0.249871
2.15463 0.249795 0.24982
2.15501 0.249744 0.24977
2.15539 0.249693 0.249719
2.15577 0.249642 0.249668
2.15615 0.249591 0.249617
2.15653 0.24954 0.249566
2.15692 0.249489 0.249515
2.1573 0.249438 0.249464
2.15768 0.249387 0.249413
2.15806 0.249336 0.249362
2.15844 0.249285 0.249311
2.15882 0.249234 0.24926
2.1592 0.249183 0.249209
2.15959 0.249132 0.249158
2.15997 0.24908 0.249106
2.16035 0.249029 0.249055
2.16073 0.248978 0.249004
2.16112 0.248927 0.248953
2.1615 0.248876 0.248902
2.16188 0.248824 0.24885
2.16227 0.248773 0.248799
2.16265 0.248722 0.248748
2.16303 0.24867 0.248697
2.16342 0.248619 0.248645
2.1638 0.248568 0.248594
2.16419 0.248516 0.248543
2.16457 0.248465 0.248491
2.16495 0.248414 0.24844
2.16534 0.248362 0.248388
2.16572 0.248311 0.248337
2.16611 0.248259 0.248285
2.16649 0.248208 0.248234
2.16688 0.248156 0.248182
2.16727 0.248105 0.248131
2.16765 0.248053 0.248079
2.16804 0.248001 0.248028
2.16842 0.24795 0.247976
2.16881 0.247898 0.247924
2.1692 0.247846 0.247873
2.16958 0.247795 0.247821
2.16997 0.247743 0.247769
2.17036 0.247691 0.247718
2.17075 0.24764 0.247666
2.17113 0.247588 0.247614
2.17152 0.247536 0.247562
2.17191 0.247484 0.247511
2.1723 0.247432 0.247459
2.17268 0.247381 0.247407
2.17307 0.247329 0.247355
2.17346 0.247277 0.247303
2.17385 0.247225 0.247251
2.17424 0.247173 0.247199
2.17463 0.247121 0.247147
2.17502 0.247069 0.247095
2.17541 0.247017 0.247043
2.1758 0.246965 0.246991
2.17619 0.246913 0.246939
2.17658 0.246861 0.246887
2.17697 0.246809 0.246835
2.17736 0.246757 0.246783
2.17775 0.246704 0.246731
2.17814 0.246652 0.246679
2.17853 0.2466 0.246627
2.17892 0.246548 0.246574
2.17931 0.246496 0.246522
2.1797 0.246443 0.24647
2.1801 0.246391 0.246418
2.18049 0.246339 0.246366
2.18088 0.246287 0.246313
2.18127 0.246234 0.246261
2.18166 0.246182 0.246209
2.18206 0.24613 0.246156
2.18245 0.246077 0.246104
2.18284 0.246025 0.246051
2.18324 0.245972 0.245999
2.18363 0.24592 0.245947
2.18402 0.245867 0.245894
2.18442 0.245815 0.245842
2.18481 0.245762 0.245789
2.1852 0.24571 0.245737
2.1856 0.245657 0.245684
2.18599 0.245605 0.245631
2.18639 0.245552 0.245579
2.18678 0.245499 0.245526
2.18718 0.245447 0.245474
2.18757 0.245394 0.245421
2.18797 0.245341 0.245368
2.18836 0.245289 0.245316
2.18876 0.245236 0.245263
2.18916 0.245183 0.24521
2.18955 0.24513 0.245157
2.18995 0.245078 0.245104
2.19035 0.245025 0.245052
2.19074 0.244972 0.244999
2.19114 0.244919 0.244946
2.19154 0.244866 0.244893
2.19193 0.244813 0.24484
2.19233 0.24476 0.244787
2.19273 0.244707 0.244734
2.19313 0.244654 0.244681
2.19352 0.244601 0.244628
2.19392 0.244548 0.244575
2.19432 0.244495 0.244522
2.19472 0.244442 0.244469
2.19512 0.244389 0.244416
2.19552 0.244336 0.244363
2.19592 0.244283 0.24431
2.19632 0.24423 0.244257
2.19672 0.244177 0.244204
2.19712 0.244123 0.244151
2.19752 0.24407 0.244097
2.19792 0.244017 0.244044
2.19832 0.243964 0.243991
2.19872 0.24391 0.243938
2.19912 0.243857 0.243884
2.19952 0.243804 0.243831
2.19992 0.243751 0.243778
2.20032 0.243697 0.243724
2.20072 0.243644 0.243671
2.20112 0.24359 0.243617
2.20153 0.243537 0.243564
2.20193 0.243483 0.243511
2.20233 0.24343 0.243457
2.20273 0.243376 0.243404
2.20314 0.243323 0.24335
2.20354 0.243269 0.243297
2.20394 0.243216 0.243243
2.20434 0.243162 0.243189
2.20475 0.243109 0.243136
2.20515 0.243055 0.243082
2.20556 0.243001 0.243029
2.20596 0.242948 0.242975
2.20636 0.242894 0.242921
2.20677 0.24284 0.242868
2.20717 0.242786 0.242814
2.20758 0.242733 0.24276
2.20798 0.242679 0.242706
2.20839 0.242625 0.242652
2.20879 0.242571 0.242599
2.2092 0.242517 0.242545
2.2096 0.242464 0.242491
2.21001 0.24241 0.242437
2.21042 0.242356 0.242383
2.21082 0.242302 0.242329
2.21123 0.242248 0.242275
2.21164 0.242194 0.242221
2.21204 0.24214 0.242167
2.21245 0.242086 0.242113
2.21286 0.242032 0.242059
2.21326 0.241978 0.242005
2.21367 0.241924 0.241951
2.21408 0.24187 0.241897
2.21449 0.241815 0.241843
2.2149 0.241761 0.241789
2.21531 0.241707 0.241735
2.21571 0.241653 0.24168
2.21612 0.241599 0.241626
2.21653 0.241544 0.241572
2.21694 0.24149 0.241518
2.21735 0.241436 0.241463
2.21776 0.241381 0.241409
2.21817 0.241327 0.241355
2.21858 0.241273 0.2413
2.21899 0.241218 0.241246
2.2194 0.241164 0.241192
2.21981 0.24111 0.241137
2.22022 0.241055 0.241083
2.22063 0.241001 0.241028
2.22104 0.240946 0.240974
2.22146 0.240892 0.240919
2.22187 0.240837 0.240865
2.22228 0.240783 0.24081
2.22269 0.240728 0.240756
2.2231 0.240673 0.240701
2.22352 0.240619 0.240646
2.22393 0.240564 0.240592
2.22434 0.240509 0.240537
2.22475 0.240455 0.240482
2.22517 0.2404 0.240428
2.22558 0.240345 0.240373
2.22599 0.240291 0.240318
2.22641 0.240236 0.240264
2.22682 0.240181 0.240209
2.22724 0.240126 0.240154
2.22765 0.240071 0.240099
2.22807 0.240016 0.240044
2.22848 0.239961 0.239989
2.2289 0.239907 0.239934
2.22931 0.239852 0.23988
2.22973 0.239797 0.239825
2.23014 0.239742 0.23977
2.23056 0.239687 0.239715
2.23097 0.239632 0.23966
2.23139 0.239577 0.239605
2.23181 0.239522 0.23955
2.23222 0.239466 0.239494
2.23264 0.239411 0.239439
2.23306 0.239356 0.239384
2.23347 0.239301 0.239329
2.23389 0.239246 0.239274
2.23431 0.239191 0.239219
2.23473 0.239135 0.239164
2.23514 0.23908 0.239108
2.23556 0.239025 0.239053
2.23598 0.23897 0.238998
2.2364 0.238914 0.238942
2.23682 0.238859 0.238887
2.23724 0.238804 0.238832
2.23766 0.238748 0.238776
2.23808 0.238693 0.238721
2.2385 0.238637 0.238666
2.23892 0.238582 0.23861
2.23934 0.238527 0.238555
2.23976 0.238471 0.238499
2.24018 0.238416 0.238444
2.2406 0.23836 0.238388
2.24102 0.238304 0.238333
2.24144 0.238249 0.238277
2.24186 0.238193 0.238222
2.24228 0.238138 0.238166
2.2427 0.238082 0.23811
2.24313 0.238026 0.238055
2.24355 0.237971 0.237999
2.24397 0.237915 0.237943
2.24439 0.237859 0.237888
2.24481 0.237803 0.237832
2.24524 0.237748 0.237776
2.24566 0.237692 0.23772
2.24608 0.237636 0.237664
2.24651 0.23758 0.237609
2.24693 0.237524 0.237553
2.24735 0.237468 0.237497
2.24778 0.237413 0.237441
2.2482 0.237357 0.237385
2.24863 0.237301 0.237329
2.24905 0.237245 0.237273
2.24948 0.237189 0.237217
2.2499 0.237133 0.237161
2.25033 0.237077 0.237105
2.25075 0.237021 0.237049
2.25118 0.236964 0.236993
2.25161 0.236908 0.236937
2.25203 0.236852 0.236881
2.25246 0.236796 0.236825
2.25288 0.23674 0.236768
2.25331 0.236684 0.236712
2.25374 0.236627 0.236656
2.25417 0.236571 0.2366
2.25459 0.236515 0.236543
2.25502 0.236459 0.236487
2.25545 0.236402 0.236431
2.25588 0.236346 0.236375
2.2563 0.23629 0.236318
2.25673 0.236233 0.236262
2.25716 0.236177 0.236205
2.25759 0.23612 0.236149
2.25802 0.236064 0.236093
2.25845 0.236007 0.236036
2.25888 0.235951 0.23598
2.25931 0.235894 0.235923
2.25974 0.235838 0.235867
2.26017 0.235781 0.23581
2.2606 0.235725 0.235754
2.26103 0.235668 0.235697
2.26146 0.235612 0.23564
2.26189 0.235555 0.235584
2.26232 0.235498 0.235527
2.26275 0.235442 0.23547
2.26318 0.235385 0.235414
2.26362 0.235328 0.235357
2.26405 0.235271 0.2353
2.26448 0.235215 0.235243
2.26491 0.235158 0.235187
2.26534 0.235101 0.23513
2.26578 0.235044 0.235073
2.26621 0.234987 0.235016
2.26664 0.23493 0.234959
2.26708 0.234873 0.234902
2.26751 0.234816 0.234845
2.26794 0.23476 0.234788
2.26838 0.234703 0.234732
2.26881 0.234646 0.234675
2.26925 0.234589 0.234618
2.26968 0.234531 0.23456
2.27012 0.234474 0.234503
2.27055 0.234417 0.234446
2.27099 0.23436 0.234389
2.27142 0.234303 0.234332
2.27186 0.234246 0.234275
2.27229 0.234189 0.234218
2.27273 0.234132 0.234161
2.27317 0.234074 0.234103
2.2736 0.234017 0.234046
2.27404 0.23396 0.233989
2.27448 0.233902 0.233932
2.27491 0.233845 0.233874
2.27535 0.233788 0.233817
2.27579 0.23373 0.23376
2.27623 0.233673 0.233702
2.27666 0.233616 0.233645
2.2771 0.233558 0.233588
2.27754 0.233501 0.23353
2.27798 0.233443 0.233473
2.27842 0.233386 0.233415
2.27886 0.233328 0.233358
2.2793 0.233271 0.2333
2.27974 0.233213 0.233243
2.28018 0.233156 0.233185
2.28062 0.233098 0.233127
2.28106 0.23304 0.23307
2.2815 0.232983 0.233012
2.28194 0.232925 0.232955
2.28238 0.232867 0.232897
2.28282 0.23281 0.232839
2.28326 0.232752 0.232781
2.2837 0.232694 0.232724
2.28414 0.232636 0.232666
2.28458 0.232579 0.232608
2.28503 0.232521 0.23255
2.28547 0.232463 0.232492
2.28591 0.232405 0.232435
2.28635 0.232347 0.232377
2.2868 0.232289 0.232319
2.28724 0.232231 0.232261
2.28768 0.232173 0.232203
2.28813 0.232116 0.232145
2.28857 0.232058 0.232087
2.28901 0.231999 0.232029
2.28946 0.231941 0.231971
2.2899 0.231883 0.231913
2.29035 0.231825 0.231855
2.29079 0.231767 0.231797
2.29124 0.231709 0.231739
2.29168 0.231651 0.231681
2.29213 0.231593 0.231622
2.29257 0.231535 0.231564
2.29302 0.231476 0.231506
2.29346 0.231418 0.231448
2.29391 0.23136 0.23139
2.29436 0.231302 0.231331
2.2948 0.231243 0.231273
2.29525 0.231185 0.231215
2.2957 0.231127 0.231156
2.29615 0.231068 0.231098
2.29659 0.23101 0.23104
2.29704 0.230951 0.230981
2.29749 0.230893 0.230923
2.29794 0.230834 0.230864
2.29839 0.230776 0.230806
2.29883 0.230717 0.230747
2.29928 0.230659 0.230689
2.29973 0.2306 0.23063
2.30018 0.230542 0.230572
2.30063 0.230483 0.230513
2.30108 0.230425 0.230455
2.30153 0.230366 0.230396
2.30198 0.230307 0.230337
2.30243 0.230249 0.230279
2.30288 0.23019 0.23022
2.30333 0.230131 0.230161
2.30378 0.230073 0.230103
2.30423 0.230014 0.230044
2.30469 0.229955 0.229985
2.30514 0.229896 0.229926
2.30559 0.229837 0.229867
2.30604 0.229778 0.229809
2.30649 0.22972 0.22975
2.30695 0.229661 0.229691
2.3074 0.229602 0.229632
2.30785 0.229543 0.229573
2.3083 0.229484 0.229514
2.30876 0.229425 0.229455
2.30921 0.229366 0.229396
2.30966 0.229307 0.229337
2.31012 0.229248 0.229278
2.31057 0.229189 0.229219
2.31103 0.22913 0.22916
2.31148 0.229071 0.229101
2.31194 0.229011 0.229042
2.31239 0.228952 0.228983
2.31285 0.228893 0.228923
2.3133 0.228834 0.228864
2.31376 0.228775 0.228805
2.31421 0.228715 0.228746
2.31467 0.228656 0.228687
2.31513 0.228597 0.228627
2.31558 0.228538 0.228568
2.31604 0.228478 0.228509
2.3165 0.228419 0.228449
2.31695 0.22836 0.22839
2.31741 0.2283 0.228331
2.31787 0.228241 0.228271
2.31833 0.228181 0.228212
2.31879 0.228122 0.228152
2.31924 0.228062 0.228093
2.3197 0.228003 0.228033
2.32016 0.227943 0.227974
2.32062 0.227884 0.227914
2.32108 0.227824 0.227855
2.32154 0.227765 0.227795
2.322 0.227705 0.227736
2.32246 0.227645 0.227676
2.32292 0.227586 0.227616
2.32338 0.227526 0.227557
2.32384 0.227466 0.227497
2.3243 0.227407 0.227437
2.32476 0.227347 0.227378
2.32522 0.227287 0.227318
2.32568 0.227228 0.227258
2.32614 0.227168 0.227198
2.32661 0.227108 0.227139
2.32707 0.227048 0.227079
2.32753 0.226988 0.227019
2.32799 0.226928 0.226959
2.32845 0.226868 0.226899
2.32892 0.226808 0.226839
2.32938 0.226749 0.226779
2.32984 0.226689 0.226719
2.33031 0.226629 0.226659
2.33077 0.226569 0.226599
2.33123 0.226509 0.226539
2.3317 0.226449 0.226479
2.33216 0.226388 0.226419
2.33263 0.226328 0.226359
2.33309 0.226268 0.226299
2.33356 0.226208 0.226239
2.33402 0.226148 0.226179
2.33449 0.226088 0.226119
2.33495 0.226028 0.226058
2.33542 0.225967 0.225998
2.33589 0.225907 0.225938
2.33635 0.225847 0.225878
2.33682 0.225787 0.225818
2.33729 0.225726 0.225757
2.33775 0.225666 0.225697
2.33822 0.225606 0.225637
2.33869 0.225545 0.225576
2.33915 0.225485 0.225516
2.33962 0.225424 0.225455
2.34009 0.225364 0.225395
2.34056 0.225304 0.225335
2.34103 0.225243 0.225274
2.3415 0.225183 0.225214
2.34196 0.225122 0.225153
2.34243 0.225062 0.225093
2.3429 0.225001 0.225032
2.34337 0.22494 0.224972
2.34384 0.22488 0.224911
2.34431 0.224819 0.22485
2.34478 0.224759 0.22479
2.34525 0.224698 0.224729
2.34572 0.224637 0.224668
2.34619 0.224577 0.224608
2.34666 0.224516 0.224547
2.34714 0.224455 0.224486
2.34761 0.224394 0.224426
2.34808 0.224334 0.224365
2.34855 0.224273 0.224304
2.34902 0.224212 0.224243
2.3495 0.224151 0.224182
2.34997 0.22409 0.224122
2.35044 0.224029 0.224061
2.35091 0.223969 0.224
2.35139 0.223908 0.223939
2.35186 0.223847 0.223878
2.35233 0.223786 0.223817
2.35281 0.223725 0.223756
2.35328 0.223664 0.223695
2.35376 0.223603 0.223634
2.35423 0.223542 0.223573
2.35471 0.223481 0.223512
2.35518 0.22342 0.223451
2.35566 0.223358 0.22339
2.35613 0.223297 0.223329
2.35661 0.223236 0.223268
2.35708 0.223175 0.223206
2.35756 0.223114 0.223145
2.35803 0.223053 0.223084
2.35851 0.222991 0.223023
2.35899 0.22293 0.222962
2.35946 0.222869 0.2229
2.35994 0.222808 0.222839
2.36042 0.222746 0.222778
2.3609 0.222685 0.222717
2.36137 0.222624 0.222655
2.36185 0.222562 0.222594
2.36233 0.222501 0.222533
2.36281 0.222439 0.222471
2.36329 0.222378 0.22241
2.36377 0.222317 0.222348
2.36425 0.222255 0.222287
2.36472 0.222194 0.222225
2.3652 0.222132 0.222164
2.36568 0.222071 0.222102
2.36616 0.222009 0.222041
2.36664 0.221948 0.221979
2.36712 0.221886 0.221918
2.3676 0.221824 0.221856
2.36809 0.221763 0.221795
2.36857 0.221701 0.221733
2.36905 0.221639 0.221671
2.36953 0.221578 0.22161
2.37001 0.221516 0.221548
2.37049 0.221454 0.221486
2.37097 0.221393 0.221425
2.37146 0.221331 0.221363
2.37194 0.221269 0.221301
2.37242 0.221207 0.221239
2.3729 0.221145 0.221177
2.37339 0.221084 0.221116
2.37387 0.221022 0.221054
2.37435 0.22096 0.220992
2.37484 0.220898 0.22093
2.37532 0.220836 0.220868
2.37581 0.220774 0.220806
2.37629 0.220712 0.220744
2.37678 0.22065 0.220682
2.37726 0.220588 0.22062
2.37775 0.220526 0.220558
2.37823 0.220464 0.220496
2.37872 0.220402 0.220434
2.3792 0.22034 0.220372
2.37969 0.220278 0.22031
2.38017 0.220216 0.220248
2.38066 0.220154 0.220186
2.38115 0.220092 0.220124
2.38163 0.22003 0.220062
2.38212 0.219967 0.22
2.38261 0.219905 0.219937
2.3831 0.219843 0.219875
2.38358 0.219781 0.219813
2.38407 0.219718 0.219751
2.38456 0.219656 0.219688
2.38505 0.219594 0.219626
2.38554 0.219532 0.219564
2.38602 0.219469 0.219502
2.38651 0.219407 0.219439
2.387 0.219345 0.219377
2.38749 0.219282 0.219315
2.38798 0.21922 0.219252
2.38847 0.219157 0.21919
2.38896 0.219095 0.219127
2.38945 0.219032 0.219065
2.38994 0.21897 0.219002
2.39043 0.218907 0.21894
2.39092 0.218845 0.218877
2.39141 0.218782 0.218815
2.3919 0.21872 0.218752
2.3924 0.218657 0.21869
2.39289 0.218595 0.218627
2.39338 0.218532 0.218565
2.39387 0.218469 0.218502
2.39436 0.218407 0.218439
2.39486 0.218344 0.218377
2.39535 0.218282 0.218314
2.39584 0.218219 0.218251
2.39634 0.218156 0.218189
2.39683 0.218093 0.218126
2.39732 0.218031 0.218063
2.39782 0.217968 0.218001
2.39831 0.217905 0.217938
2.3988 0.217842 0.217875
2.3993 0.217779 0.217812
2.39979 0.217717 0.217749
2.40029 0.217654 0.217687
2.40078 0.217591 0.217624
2.40128 0.217528 0.217561
2.40177 0.217465 0.217498
2.40227 0.217402 0.217435
2.40277 0.217339 0.217372
2.40326 0.217276 0.217309
2.40376 0.217213 0.217246
2.40425 0.21715 0.217183
2.40475 0.217087 0.21712
2.40525 0.217024 0.217057
2.40574 0.216961 0.216994
2.40624 0.216898 0.216931
2.40674 0.216835 0.216868
2.40724 0.216772 0.216805
2.40774 0.216709 0.216742
2.40823 0.216646 0.216679
2.40873 0.216582 0.216616
2.40923 0.216519 0.216552
2.40973 0.216456 0.216489
2.41023 0.216393 0.216426
2.41073 0.21633 0.216363
2.41123 0.216266 0.2163
2.41173 0.216203 0.216236
2.41223 0.21614 0.216173
2.41273 0.216077 0.21611
2.41323 0.216013 0.216046
2.41373 0.21595 0.215983
2.41423 0.215887 0.21592
2.41473 0.215823 0.215857
2.41523 0.21576 0.215793
2.41573 0.215697 0.21573
2.41623 0.215633 0.215666
2.41673 0.21557 0.215603
2.41724 0.215506 0.21554
2.41774 0.215443 0.215476
2.41824 0.215379 0.215413
2.41874 0.215316 0.215349
2.41925 0.215252 0.215286
2.41975 0.215189 0.215222
2.42025 0.215125 0.215159
2.42075 0.215062 0.215095
2.42126 0.214998 0.215032
2.42176 0.214935 0.214968
2.42227 0.214871 0.214904
2.42277 0.214807 0.214841
2.42327 0.214744 0.214777
2.42378 0.21468 0.214713
2.42428 0.214616 0.21465
2.42479 0.214553 0.214586
2.42529 0.214489 0.214522
2.4258 0.214425 0.214459
2.4263 0.214361 0.214395
2.42681 0.214298 0.214331
2.42732 0.214234 0.214268
2.42782 0.21417 0.214204
2.42833 0.214106 0.21414
2.42884 0.214043 0.214076
2.42934 0.213979 0.214012
2.42985 0.213915 0.213949
2.43036 0.213851 0.213885
2.43086 0.213787 0.213821
2.43137 0.213723 0.213757
2.43188 0.213659 0.213693
2.43239 0.213595 0.213629
2.43289 0.213531 0.213565
2.4334 0.213467 0.213501
2.43391 0.213403 0.213437
2.43442 0.21334 0.213373
2.43493 0.213276 0.213309
2.43544 0.213211 0.213245
2.43595 0.213147 0.213181
2.43646 0.213083 0.213117
2.43697 0.213019 0.213053
2.43748 0.212955 0.212989
2.43799 0.212891 0.212925
2.4385 0.212827 0.212861
2.43901 0.212763 0.212797
2.43952 0.212699 0.212733
2.44003 0.212635 0.212669
2.44054 0.21257 0.212604
2.44105 0.212506 0.21254
2.44156 0.212442 0.212476
2.44208 0.212378 0.212412
2.44259 0.212314 0.212348
2.4431 0.212249 0.212283
2.44361 0.212185 0.212219
2.44413 0.212121 0.212155
2.44464 0.212057 0.212091
2.44515 0.211992 0.212026
2.44566 0.211928 0.211962
2.44618 0.211864 0.211898
2.44669 0.211799 0.211833
2.44721 0.211735 0.211769
2.44772 0.211671 0.211705
2.44823 0.211606 0.21164
2.44875 0.211542 0.211576
2.44926 0.211477 0.211512
2.44978 0.211413 0.211447
2.45029 0.211348 0.211383
2.45081 0.211284 0.211318
2.45132 0.21122 0.211254
2.45184 0.211155 0.211189
2.45235 0.211091 0.211125
2.45287 0.211026 0.21106
2.45339 0.210962 0.210996
2.4539 0.210897 0.210931
2.45442 0.210832 0.210867
2.45493 0.210768 0.210802
2.45545 0.210703 0.210738
2.45597 0.210639 0.210673
2.45649 0.210574 0.210609
2.457 0.210509 0.210544
2.45752 0.210445 0.210479
2.45804 0.21038 0.210415
2.45856 0.210315 0.21035
2.45907 0.210251 0.210285
2.45959 0.210186 0.210221
2.46011 0.210121 0.210156
2.46063 0.210057 0.210091
2.46115 0.209992 0.210027
2.46167 0.209927 0.209962
2.46219 0.209862 0.209897
2.46271 0.209798 0.209832
2.46323 0.209733 0.209768
2.46375 0.209668 0.209703
2.46427 0.209603 0.209638
2.46479 0.209538 0.209573
2.46531 0.209474 0.209508
2.46583 0.209409 0.209444
2.46635 0.209344 0.209379
2.46687 0.209279 0.209314
2.46739 0.209214 0.209249
2.46791 0.209149 0.209184
2.46843 0.209084 0.209119
2.46896 0.209019 0.209054
2.46948 0.208955 0.208989
2.47 0.20889 0.208925
2.47052 0.208825 0.20886
2.47105 0.20876 0.208795
2.47157 0.208695 0.20873
2.47209 0.20863 0.208665
2.47261 0.208565 0.2086
2.47314 0.2085 0.208535
2.47366 0.208435 0.20847
2.47418 0.20837 0.208405
2.47471 0.208305 0.20834
2.47523 0.208239 0.208275
2.47576 0.208174 0.208209
2.47628 0.208109 0.208144
2.47681 0.208044 0.208079
2.47733 0.207979 0.208014
2.47786 0.207914 0.207949
2.47838 0.207849 0.207884
2.47891 0.207784 0.207819
2.47943 0.207718 0.207754
2.47996 0.207653 0.207689
2.48048 0.207588 0.207623
2.48101 0.207523 0.207558
2.48153 0.207458 0.207493
2.48206 0.207393 0.207428
2.48259 0.207327 0.207363
2.48311 0.207262 0.207297
2.48364 0.207197 0.207232
2.48417 0.207132 0.207167
2.4847 0.207066 0.207102
2.48522 0.207001 0.207036
2.48575 0.206936 0.206971
2.48628 0.20687 0.206906
2.48681 0.206805 0.206841
2.48733 0.20674 0.206775
2.48786 0.206674 0.20671
2.48839 0.206609 0.206645
2.48892 0.206544 0.206579
2.48945 0.206478 0.206514
2.48998 0.206413 0.206448
2.49051 0.206348 0.206383
2.49104 0.206282 0.206318
2.49157 0.206217 0.206252
2.4921 0.206151 0.206187
2.49263 0.206086 0.206122
2.49316 0.20602 0.206056
2.49369 0.205955 0.205991
2.49422 0.20589 0.205925
2.49475 0.205824 0.20586
2.49528 0.205759 0.205794
2.49581 0.205693 0.205729
2.49634 0.205628 0.205663
2.49687 0.205562 0.205598
2.4974 0.205497 0.205532
2.49793 0.205431 0.205467
2.49847 0.205366 0.205401
2.499 0.2053 0.205336
2.49953 0.205234 0.20527
2.50006 0.205169 0.205205
2.5006 0.205103 0.205139
2.50113 0.205038 0.205074
2.50166 0.204972 0.205008
2.50219 0.204906 0.204942
2.50273 0.204841 0.204877
2.50326 0.204775 0.204811
2.50379 0.20471 0.204746
2.50433 0.204644 0.20468
2.50486 0.204578 0.204614
2.5054 0.204513 0.204549
2.50593 0.204447 0.204483
2.50646 0.204381 0.204417
2.507 0.204316 0.204352
2.50753 0.20425 0.204286
2.50807 0.204184 0.20422
2.5086 0.204119 0.204155
2.50914 0.204053 0.204089
2.50967 0.203987 0.204023
2.51021 0.203921 0.203958
2.51075 0.203856 0.203892
2.51128 0.20379 0.203826
2.51182 0.203724 0.20376
2.51235 0.203658 0.203695
2.51289 0.203593 0.203629
2.51343 0.203527 0.203563
2.51396 0.203461 0.203497
2.5145 0.203395 0.203431
2.51504 0.203329 0.203366
2.51557 0.203263 0.2033
2.51611 0.203198 0.203234
2.51665 0.203132 0.203168
2.51719 0.203066 0.203102
2.51772 0.203 0.203037
2.51826 0.202934 0.202971
2.5188 0.202868 0.202905
2.51934 0.202803 0.202839
2.51988 0.202737 0.202773
2.52042 0.202671 0.202707
2.52096 0.202605 0.202641
2.52149 0.202539 0.202576
2.52203 0.202473 0.20251
2.52257 0.202407 0.202444
2.52311 0.202341 0.202378
2.52365 0.202275 0.202312
2.52419 0.202209 0.202246
2.52473 0.202143 0.20218
2.52527 0.202077 0.202114
2.52581 0.202012 0.202048
2.52635 0.201946 0.201982
2.52689 0.20188 0.201916
2.52743 0.201814 0.20185
2.52797 0.201748 0.201784
2.52851 0.201682 0.201718
2.52906 0.201616 0.201652
2.5296 0.20155 0.201586
2.53014 0.201484 0.20152
2.53068 0.201418 0.201454
2.53122 0.201352 0.201388
2.53176 0.201286 0.201322
2.53231 0.20122 0.201256
2.53285 0.201153 0.20119
2.53339 0.201087 0.201124
2.53393 0.201021 0.201058
2.53448 0.200955 0.200992
2.53502 0.200889 0.200926
2.53556 0.200823 0.20086
2.5361 0.200757 0.200794
2.53665 0.200691 0.200728
2.53719 0.200625 0.200662
2.53773 0.200559 0.200596
2.53828 0.200493 0.20053
2.53882 0.200427 0.200464
2.53937 0.200361 0.200398
2.53991 0.200294 0.200332
2.54045 0.200228 0.200265
2.541 0.200162 0.200199
2.54154 0.200096 0.200133
2.54209 0.20003 0.200067
2.54263 0.199964 0.200001
2.54318 0.199898 0.199935
2.54372 0.199831 0.199869
2.54427 0.199765 0.199803
2.54481 0.199699 0.199736
2.54536 0.199633 0.19967
2.54591 0.199567 0.199604
2.54645 0.199501 0.199538
2.547 0.199434 0.199472
2.54754 0.199368 0.199406
2.54809 0.199302 0.199339
2.54864 0.199236 0.199273
2.54918 0.19917 0.199207
2.54973 0.199103 0.199141
2.55028 0.199037 0.199075
2.55082 0.198971 0.199009
2.55137 0.198905 0.198942
2.55192 0.198839 0.198876
2.55247 0.198772 0.19881
2.55301 0.198706 0.198744
2.55356 0.19864 0.198678
2.55411 0.198574 0.198611
2.55466 0.198507 0.198545
2.55521 0.198441 0.198479
2.55575 0.198375 0.198413
2.5563 0.198309 0.198346
2.55685 0.198243 0.19828
2.5574 0.198176 0.198214
2.55795 0.19811 0.198148
2.5585 0.198044 0.198081
2.55905 0.197977 0.198015
2.5596 0.197911 0.197949
2.56014 0.197845 0.197883
2.56069 0.197779 0.197816
2.56124 0.197712 0.19775
2.56179 0.197646 0.197684
2.56234 0.19758 0.197618
2.56289 0.197514 0.197551
2.56344 0.197447 0.197485
2.56399 0.197381 0.197419
2.56454 0.197315 0.197353
2.56509 0.197248 0.197286
2.56565 0.197182 0.19722
2.5662 0.197116 0.197154
2.56675 0.197049 0.197087
2.5673 0.196983 0.197021
2.56785 0.196917 0.196955
2.5684 0.19685 0.196889
2.56895 0.196784 0.196822
2.5695 0.196718 0.196756
2.57006 0.196652 0.19669
2.57061 0.196585 0.196623
2.57116 0.196519 0.196557
2.57171 0.196453 0.196491
2.57226 0.196386 0.196424
2.57282 0.19632 0.196358
2.57337 0.196254 0.196292
2.57392 0.196187 0.196225
2.57447 0.196121 0.196159
2.57503 0.196055 0.196093
2.57558 0.195988 0.196027
2.57613 0.195922 0.19596
2.57669 0.195856 0.195894
2.57724 0.195789 0.195828
2.57779 0.195723 0.195761
2.57835 0.195657 0.195695
2.5789 0.19559 0.195629
2.57945 0.195524 0.195562
2.58001 0.195457 0.195496
2.58056 0.195391 0.19543
2.58112 0.195325 0.195363
2.58167 0.195258 0.195297
2.58223 0.195192 0.195231
2.58278 0.195126 0.195164
2.58333 0.195059 0.195098
2.58389 0.194993 0.195032
2.58444 0.194927 0.194965
2.585 0.19486 0.194899
2.58555 0.194794 0.194833
2.58611 0.194728 0.194766
2.58667 0.194661 0.1947
2.58722 0.194595 0.194634
2.58778 0.194529 0.194567
2.58833 0.194462 0.194501
2.58889 0.194396 0.194435
2.58944 0.194329 0.194368
2.59 0.194263 0.194302
2.59056 0.194197 0.194236
2.59111 0.19413 0.194169
2.59167 0.194064 0.194103
2.59223 0.193998 0.194037
2.59278 0.193931 0.19397
2.59334 0.193865 0.193904
2.5939 0.193799 0.193838
2.59445 0.193732 0.193771
2.59501 0.193666 0.193705
2.59557 0.1936 0.193638
2.59612 0.193533 0.193572
2.59668 0.193467 0.193506
2.59724 0.1934 0.193439
2.5978 0.193334 0.193373
2.59836 0.193268 0.193307
2.59891 0.193201 0.19324
2.59947 0.193135 0.193174
2.60003 0.193069 0.193108
2.60059 0.193002 0.193041
2.60115 0.192936 0.192975
2.6017 0.19287 0.192909
2.60226 0.192803 0.192843
2.60282 0.192737 0.192776
2.60338 0.192671 0.19271
2.60394 0.192604 0.192644
2.6045 0.192538 0.192577
2.60506 0.192472 0.192511
2.60562 0.192405 0.192445
2.60618 0.192339 0.192378
2.60673 0.192273 0.192312
2.60729 0.192206 0.192246
2.60785 0.19214 0.192179
2.60841 0.192074 0.192113
2.60897 0.192007 0.192047
2.60953 0.191941 0.19198
2.61009 0.191875 0.191914
2.61065 0.191808 0.191848
2.61121 0.191742 0.191782
2.61177 0.191676 0.191715
2.61233 0.191609 0.191649
2.61289 0.191543 0.191583
2.61346 0.191477 0.191516
2.61402 0.19141 0.19145
2.61458 0.191344 0.191384
2.61514 0.191278 0.191317
2.6157 0.191212 0.191251
2.61626 0.191145 0.191185
2.61682 0.191079 0.191119
2.61738 0.191013 0.191052
2.61794 0.190946 0.190986
2.61851 0.19088 0.19092
2.61907 0.190814 0.190854
2.61963 0.190748 0.190787
2.62019 0.190681 0.190721
2.62075 0.190615 0.190655
2.62131 0.190549 0.190589
2.62188 0.190482 0.190522
2.62244 0.190416 0.190456
2.623 0.19035 0.19039
2.62356 0.190284 0.190324
2.62413 0.190217 0.190257
2.62469 0.190151 0.190191
2.62525 0.190085 0.190125
2.62581 0.190019 0.190059
2.62638 0.189952 0.189992
2.62694 0.189886 0.189926
2.6275 0.18982 0.18986
2.62806 0.189754 0.189794
2.62863 0.189688 0.189728
2.62919 0.189621 0.189661
2.62975 0.189555 0.189595
2.63032 0.189489 0.189529
2.63088 0.189423 0.189463
2.63144 0.189357 0.189397
2.63201 0.18929 0.18933
2.63257 0.189224 0.189264
2.63314 0.189158 0.189198
2.6337 0.189092 0.189132
2.63426 0.189026 0.189066
2.63483 0.188959 0.189
2.63539 0.188893 0.188934
2.63596 0.188827 0.188867
2.63652 0.188761 0.188801
2.63709 0.188695 0.188735
2.63765 0.188629 0.188669
2.63821 0.188562 0.188603
2.63878 0.188496 0.188537
2.63934 0.18843 0.188471
2.63991 0.188364 0.188404
2.64047 0.188298 0.188338
2.64104 0.188232 0.188272
2.6416 0.188166 0.188206
2.64217 0.188099 0.18814
2.64273 0.188033 0.188074
2.6433 0.187967 0.188008
2.64386 0.187901 0.187942
2.64443 0.187835 0.187876
2.645 0.187769 0.18781
2.64556 0.187703 0.187744
2.64613 0.187637 0.187678
2.64669 0.187571 0.187611
2.64726 0.187505 0.187545
2.64783 0.187439 0.187479
2.64839 0.187373 0.187413
2.64896 0.187307 0.187347
2.64952 0.18724 0.187281
2.65009 0.187174 0.187215
2.65066 0.187108 0.187149
2.65122 0.187042 0.187083
2.65179 0.186976 0.187017
2.65236 0.18691 0.186951
2.65292 0.186844 0.186885
2.65349 0.186778 0.186819
2.65406 0.186712 0.186753
2.65462 0.186646 0.186687
2.65519 0.18658 0.186621
2.65576 0.186514 0.186555
2.65632 0.186448 0.186489
2.65689 0.186382 0.186424
2.65746 0.186317 0.186358
2.65803 0.186251 0.186292
2.65859 0.186185 0.186226
2.65916 0.186119 0.18616
2.65973 0.186053 0.186094
2.6603 0.185987 0.186028
2.66086 0.185921 0.185962
2.66143 0.185855 0.185896
2.662 0.185789 0.18583
2.66257 0.185723 0.185764
2.66313 0.185657 0.185699
2.6637 0.185591 0.185633
2.66427 0.185526 0.185567
2.66484 0.18546 0.185501
2.66541 0.185394 0.185435
2.66597 0.185328 0.185369
2.66654 0.185262 0.185303
2.66711 0.185196 0.185238
2.66768 0.18513 0.185172
2.66825 0.185065 0.185106
2.66882 0.184999 0.18504
2.66939 0.184933 0.184974
2.66995 0.184867 0.184909
2.67052 0.184801 0.184843
2.67109 0.184736 0.184777
2.67166 0.18467 0.184711
2.67223 0.184604 0.184646
2.6728 0.184538 0.18458
2.67337 0.184473 0.184514
2.67394 0.184407 0.184448
2.67451 0.184341 0.184383
2.67508 0.184275 0.184317
2.67565 0.18421 0.184251
2.67621 0.184144 0.184186
2.67678 0.184078 0.18412
2.67735 0.184013 0.184054
2.67792 0.183947 0.183989
2.67849 0.183881 0.183923
2.67906 0.183815 0.183857
2.67963 0.18375 0.183792
2.6802 0.183684 0.183726
2.68077 0.183618 0.18366
2.68134 0.183553 0.183595
2.68191 0.183487 0.183529
2.68248 0.183422 0.183464
2.68305 0.183356 0.183398
2.68362 0.18329 0.183332
2.68419 0.183225 0.183267
2.68476 0.183159 0.183201
2.68533 0.183094 0.183136
2.6859 0.183028 0.18307
2.68647 0.182962 0.183005
2.68704 0.182897 0.182939
2.68761 0.182831 0.182874
2.68819 0.182766 0.182808
2.68876 0.1827 0.182742
2.68933 0.182635 0.182677
2.6899 0.182569 0.182612
2.69047 0.182504 0.182546
2.69104 0.182438 0.182481
2.69161 0.182373 0.182415
2.69218 0.182307 0.18235
2.69275 0.182242 0.182284
2.69332 0.182176 0.182219
2.69389 0.182111 0.182153
2.69447 0.182046 0.182088
2.69504 0.18198 0.182023
2.69561 0.181915 0.181957
2.69618 0.181849 0.181892
2.69675 0.181784 0.181826
2.69732 0.181719 0.181761
2.69789 0.181653 0.181696
2.69846 0.181588 0.18163
2.69904 0.181523 0.181565
2.69961 0.181457 0.1815
2.70018 0.181392 0.181434
2.70075 0.181327 0.181369
2.70132 0.181261 0.181304
2.70189 0.181196 0.181239
2.70247 0.181131 0.181173
2.70304 0.181065 0.181108
2.70361 0.181 0.181043
2.70418 0.180935 0.180977
2.70475 0.18087 0.180912
2.70533 0.180804 0.180847
2.7059 0.180739 0.180782
2.70647 0.180674 0.180717
2.70704 0.180609 0.180651
2.70761 0.180543 0.180586
2.70819 0.180478 0.180521
2.70876 0.180413 0.180456
2.70933 0.180348 0.180391
2.7099 0.180283 0.180326
2.71048 0.180218 0.180261
2.71105 0.180152 0.180195
2.71162 0.180087 0.18013
2.71219 0.180022 0.180065
2.71277 0.179957 0.18
2.71334 0.179892 0.179935
2.71391 0.179827 0.17987
2.71448 0.179762 0.179805
2.71506 0.179697 0.17974
2.71563 0.179632 0.179675
2.7162 0.179567 0.17961
2.71678 0.179502 0.179545
2.71735 0.179437 0.17948
2.71792 0.179372 0.179415
2.71849 0.179307 0.17935
2.71907 0.179242 0.179285
2.71964 0.179177 0.17922
2.72021 0.179112 0.179155
2.72079 0.179047 0.17909
2.72136 0.178982 0.179025
2.72193 0.178917 0.17896
2.72251 0.178852 0.178895
2.72308 0.178787 0.178831
2.72365 0.178722 0.178766
2.72423 0.178657 0.178701
2.7248 0.178593 0.178636
2.72537 0.178528 0.178571
2.72595 0.178463 0.178506
2.72652 0.178398 0.178442
2.72709 0.178333 0.178377
2.72767 0.178268 0.178312
2.72824 0.178204 0.178247
2.72881 0.178139 0.178182
2.72939 0.178074 0.178118
2.72996 0.178009 0.178053
2.73054 0.177945 0.177988
2.73111 0.17788 0.177924
2.73168 0.177815 0.177859
2.73226 0.17775 0.177794
2.73283 0.177686 0.177729
2.7334 0.177621 0.177665
2.73398 0.177556 0.1776
2.73455 0.177492 0.177536
2.73513 0.177427 0.177471
2.7357 0.177362 0.177406
2.73627 0.177298 0.177342
2.73685 0.177233 0.177277
2.73742 0.177169 0.177213
2.738 0.177104 0.177148
2.73857 0.177039 0.177083
2.73914 0.176975 0.177019
2.73972 0.17691 0.176954
2.74029 0.176846 0.17689
2.74087 0.176781 0.176825
2.74144 0.176717 0.176761
2.74202 0.176652 0.176696
2.74259 0.176588 0.176632
2.74316 0.176523 0.176567
2.74374 0.176459 0.176503
2.74431 0.176394 0.176439
2.74489 0.17633 0.176374
2.74546 0.176266 0.17631
2.74604 0.176201 0.176245
2.74661 0.176137 0.176181
2.74719 0.176072 0.176117
2.74776 0.176008 0.176052
2.74833 0.175944 0.175988
2.74891 0.175879 0.175924
2.74948 0.175815 0.175859
2.75006 0.175751 0.175795
2.75063 0.175686 0.175731
2.75121 0.175622 0.175667
2.75178 0.175558 0.175602
2.75236 0.175494 0.175538
2.75293 0.175429 0.175474
2.75351 0.175365 0.17541
2.75408 0.175301 0.175345
2.75466 0.175237 0.175281
2.75523 0.175173 0.175217
2.75581 0.175108 0.175153
2.75638 0.175044 0.175089
2.75696 0.17498 0.175025
2.75753 0.174916 0.17496
2.75811 0.174852 0.174896
2.75868 0.174788 0.174832
2.75926 0.174724 0.174768
2.75983 0.174659 0.174704
2.76041 0.174595 0.17464
2.76098 0.174531 0.174576
2.76156 0.174467 0.174512
2.76213 0.174403 0.174448
2.76271 0.174339 0.174384
2.76328 0.174275 0.17432
2.76386 0.174211 0.174256
2.76443 0.174147 0.174192
2.76501 0.174083 0.174128
2.76558 0.174019 0.174064
2.76616 0.173955 0.174
2.76673 0.173892 0.173936
2.76731 0.173828 0.173873
2.76788 0.173764 0.173809
2.76846 0.1737 0.173745
2.76903 0.173636 0.173681
2.76961 0.173572 0.173617
2.77018 0.173508 0.173553
2.77076 0.173445 0.17349
2.77133 0.173381 0.173426
2.77191 0.173317 0.173362
2.77248 0.173253 0.173298
2.77306 0.173189 0.173235
2.77364 0.173126 0.173171
2.77421 0.173062 0.173107
2.77479 0.172998 0.173043
2.77536 0.172935 0.17298
2.77594 0.172871 0.172916
2.77651 0.172807 0.172852
2.77709 0.172744 0.172789
2.77766 0.17268 0.172725
2.77824 0.172616 0.172662
2.77881 0.172553 0.172598
2.77939 0.172489 0.172534
2.77997 0.172425 0.172471
2.78054 0.172362 0.172407
2.78112 0.172298 0.172344
2.78169 0.172235 0.17228
2.78227 0.172171 0.172217
2.78284 0.172108 0.172153
2.78342 0.172044 0.17209
2.78399 0.171981 0.172026
2.78457 0.171917 0.171963
2.78515 0.171854 0.171899
2.78572 0.17179 0.171836
2.7863 0.171727 0.171773
2.78687 0.171664 0.171709
2.78745 0.1716 0.171646
2.78802 0.171537 0.171583
2.7886 0.171473 0.171519
2.78917 0.17141 0.171456
2.78975 0.171347 0.171393
2.79033 0.171283 0.171329
2.7909 0.17122 0.171266
2.79148 0.171157 0.171203
2.79205 0.171094 0.17114
2.79263 0.17103 0.171076
2.7932 0.170967 0.171013
2.79378 0.170904 0.17095
2.79436 0.170841 0.170887
2.79493 0.170778 0.170824
2.79551 0.170714 0.17076
2.79608 0.170651 0.170697
2.79666 0.170588 0.170634
2.79724 0.170525 0.170571
2.79781 0.170462 0.170508
2.79839 0.170399 0.170445
2.79896 0.170336 0.170382
2.79954 0.170273 0.170319
2.80011 0.17021 0.170256
2.80069 0.170146 0.170193
2.80127 0.170083 0.17013
2.80184 0.17002 0.170067
2.80242 0.169957 0.170004
2.80299 0.169894 0.169941
2.80357 0.169832 0.169878
2.80414 0.169769 0.169815
2.80472 0.169706 0.169752
2.8053 0.169643 0.169689
2.80587 0.16958 0.169626
2.80645 0.169517 0.169563
2.80702 0.169454 0.169501
2.8076 0.169391 0.169438
2.80818 0.169328 0.169375
2.80875 0.169266 0.169312
2.80933 0.169203 0.169249
2.8099 0.16914 0.169187
2.81048 0.169077 0.169124
2.81105 0.169015 0.169061
2.81163 0.168952 0.168998
2.81221 0.168889 0.168936
2.81278 0.168826 0.168873
2.81336 0.168764 0.16881
2.81393 0.168701 0.168748
2.81451 0.168638 0.168685
2.81509 0.168576 0.168622
2.81566 0.168513 0.16856
2.81624 0.16845 0.168497
2.81681 0.168388 0.168435
2.81739 0.168325 0.168372
2.81797 0.168263 0.16831
2.81854 0.1682 0.168247
2.81912 0.168138 0.168185
2.81969 0.168075 0.168122
2.82027 0.168013 0.16806
2.82084 0.16795 0.167997
2.82142 0.167888 0.167935
2.822 0.167825 0.167872
2.82257 0.167763 0.16781
2.82315 0.1677 0.167748
2.82372 0.167638 0.167685
2.8243 0.167576 0.167623
2.82488 0.167513 0.16756
2.82545 0.167451 0.167498
2.82603 0.167389 0.167436
2.8266 0.167326 0.167374
2.82718 0.167264 0.167311
2.82775 0.167202 0.167249
2.82833 0.167139 0.167187
2.82891 0.167077 0.167125
2.82948 0.167015 0.167062
2.83006 0.166953 0.167
2.83063 0.166891 0.166938
2.83121 0.166828 0.166876
2.83179 0.166766 0.166814
2.83236 0.166704 0.166752
2.83294 0.166642 0.166689
2.83351 0.16658 0.166627
2.83409 0.166518 0.166565
2.83466 0.166456 0.166503
2.83524 0.166394 0.166441
2.83582 0.166332 0.166379
2.83639 0.16627 0.166317
2.83697 0.166208 0.166255
2.83754 0.166146 0.166193
2.83812 0.166084 0.166131
2.83869 0.166022 0.166069
2.83927 0.16596 0.166007
2.83985 0.165898 0.165945
2.84042 0.165836 0.165884
2.841 0.165774 0.165822
2.84157 0.165712 0.16576
2.84215 0.16565 0.165698
2.84272 0.165588 0.165636
2.8433 0.165527 0.165574
2.84388 0.165465 0.165513
2.84445 0.165403 0.165451
2.84503 0.165341 0.165389
2.8456 0.165279 0.165327
2.84618 0.165218 0.165266
2.84675 0.165156 0.165204
2.84733 0.165094 0.165142
2.84791 0.165033 0.16508
2.84848 0.164971 0.165019
2.84906 0.164909 0.164957
2.84963 0.164848 0.164896
2.85021 0.164786 0.164834
2.85078 0.164724 0.164772
2.85136 0.164663 0.164711
2.85194 0.164601 0.164649
2.85251 0.16454 0.164588
2.85309 0.164478 0.164526
2.85366 0.164417 0.164465
2.85424 0.164355 0.164403
2.85481 0.164294 0.164342
2.85539 0.164232 0.16428
2.85596 0.164171 0.164219
2.85654 0.164109 0.164158
2.85712 0.164048 0.164096
2.85769 0.163986 0.164035
2.85827 0.163925 0.163973
2.85884 0.163864 0.163912
2.85942 0.163802 0.163851
2.85999 0.163741 0.163789
2.86057 0.16368 0.163728
2.86114 0.163618 0.163667
2.86172 0.163557 0.163606
2.86229 0.163496 0.163544
2.86287 0.163435 0.163483
2.86345 0.163373 0.163422
2.86402 0.163312 0.163361
2.8646 0.163251 0.1633
2.86517 0.16319 0.163238
2.86575 0.163129 0.163177
2.86632 0.163067 0.163116
2.8669 0.163006 0.163055
2.86747 0.162945 0.162994
2.86805 0.162884 0.162933
2.86862 0.162823 0.162872
2.8692 0.162762 0.162811
2.86977 0.162701 0.16275
2.87035 0.16264 0.162689
2.87092 0.162579 0.162628
2.8715 0.162518 0.162567
2.87208 0.162457 0.162506
2.87265 0.162396 0.162445
2.87323 0.162335 0.162384
2.8738 0.162274 0.162323
2.87438 0.162213 0.162262
2.87495 0.162152 0.162202
2.87553 0.162092 0.162141
2.8761 0.162031 0.16208
2.87668 0.16197 0.162019
2.87725 0.161909 0.161958
2.87783 0.161848 0.161898
2.8784 0.161788 0.161837
2.87898 0.161727 0.161776
2.87955 0.161666 0.161715
2.88013 0.161605 0.161655
2.8807 0.161545 0.161594
2.88128 0.161484 0.161533
2.88185 0.161423 0.161473
2.88243 0.161363 0.161412
2.883 0.161302 0.161351
2.88358 0.161241 0.161291
2.88415 0.161181 0.16123
2.88473 0.16112 0.16117
2.8853 0.16106 0.161109
2.88588 0.160999 0.161049
2.88645 0.160939 0.160988
2.88703 0.160878 0.160928
2.8876 0.160818 0.160867
2.88818 0.160757 0.160807
2.88875 0.160697 0.160746
2.88933 0.160636 0.160686
2.8899 0.160576 0.160626
2.89048 0.160516 0.160565
2.89105 0.160455 0.160505
2.89163 0.160395 0.160444
2.8922 0.160334 0.160384
2.89278 0.160274 0.160324
2.89335 0.160214 0.160264
2.89393 0.160154 0.160203
2.8945 0.160093 0.160143
2.89507 0.160033 0.160083
2.89565 0.159973 0.160023
2.89622 0.159913 0.159962
2.8968 0.159852 0.159902
2.89737 0.159792 0.159842
2.89795 0.159732 0.159782
2.89852 0.159672 0.159722
2.8991 0.159612 0.159662
2.89967 0.159552 0.159602
2.90025 0.159492 0.159542
2.90082 0.159431 0.159482
2.9014 0.159371 0.159421
2.90197 0.159311 0.159361
2.90254 0.159251 0.159301
2.90312 0.159191 0.159242
2.90369 0.159131 0.159182
2.90427 0.159071 0.159122
2.90484 0.159011 0.159062
2.90542 0.158952 0.159002
2.90599 0.158892 0.158942
2.90657 0.158832 0.158882
2.90714 0.158772 0.158822
2.90771 0.158712 0.158762
2.90829 0.158652 0.158703
2.90886 0.158592 0.158643
2.90944 0.158533 0.158583
2.91001 0.158473 0.158523
2.91059 0.158413 0.158463
2.91116 0.158353 0.158404
2.91173 0.158293 0.158344
2.91231 0.158234 0.158284
2.91288 0.158174 0.158225
2.91346 0.158114 0.158165
2.91403 0.158055 0.158105
2.91461 0.157995 0.158046
2.91518 0.157935 0.157986
2.91575 0.157876 0.157927
2.91633 0.157816 0.157867
2.9169 0.157757 0.157807
2.91748 0.157697 0.157748
2.91805 0.157638 0.157688
2.91862 0.157578 0.157629
2.9192 0.157519 0.157569
2.91977 0.157459 0.15751
2.92035 0.1574 0.157451
2.92092 0.15734 0.157391
2.92149 0.157281 0.157332
2.92207 0.157221 0.157272
2.92264 0.157162 0.157213
2.92322 0.157103 0.157154
2.92379 0.157043 0.157094
2.92436 0.156984 0.157035
2.92494 0.156925 0.156976
2.92551 0.156865 0.156916
2.92608 0.156806 0.156857
2.92666 0.156747 0.156798
2.92723 0.156688 0.156739
2.92781 0.156628 0.15668
2.92838 0.156569 0.15662
2.92895 0.15651 0.156561
2.92953 0.156451 0.156502
2.9301 0.156392 0.156443
2.93067 0.156333 0.156384
2.93125 0.156273 0.156325
2.93182 0.156214 0.156266
2.9324 0.156155 0.156207
2.93297 0.156096 0.156148
2.93354 0.156037 0.156089
2.93412 0.155978 0.15603
2.93469 0.155919 0.155971
2.93526 0.15586 0.155912
2.93584 0.155801 0.155853
2.93641 0.155742 0.155794
2.93698 0.155683 0.155735
2.93756 0.155624 0.155676
2.93813 0.155566 0.155617
2.9387 0.155507 0.155558
2.93928 0.155448 0.155499
2.93985 0.155389 0.155441
2.94042 0.15533 0.155382
2.941 0.155271 0.155323
2.94157 0.155213 0.155264
2.94214 0.155154 0.155205
2.94272 0.155095 0.155147
2.94329 0.155036 0.155088
2.94386 0.154978 0.155029
2.94444 0.154919 0.154971
2.94501 0.15486 0.154912
2.94558 0.154802 0.154853
2.94616 0.154743 0.154795
2.94673 0.154684 0.154736
2.9473 0.154626 0.154678
2.94788 0.154567 0.154619
2.94845 0.154509 0.154561
2.94902 0.15445 0.154502
2.94959 0.154391 0.154443
2.95017 0.154333 0.154385
2.95074 0.154274 0.154327
2.95131 0.154216 0.154268
2.95189 0.154158 0.15421
2.95246 0.154099 0.154151
2.95303 0.154041 0.154093
2.95361 0.153982 0.154034
2.95418 0.153924 0.153976
2.95475 0.153866 0.153918
2.95532 0.153807 0.153859
2.9559 0.153749 0.153801
2.95647 0.153691 0.153743
2.95704 0.153632 0.153685
2.95762 0.153574 0.153626
2.95819 0.153516 0.153568
2.95876 0.153457 0.15351
2.95933 0.153399 0.153452
2.95991 0.153341 0.153394
2.96048 0.153283 0.153335
2.96105 0.153225 0.153277
2.96162 0.153167 0.153219
2.9622 0.153108 0.153161
2.96277 0.15305 0.153103
2.96334 0.152992 0.153045
2.96391 0.152934 0.152987
2.96449 0.152876 0.152929
2.96506 0.152818 0.152871
2.96563 0.15276 0.152813
2.9662 0.152702 0.152755
2.96678 0.152644 0.152697
2.96735 0.152586 0.152639
2.96792 0.152528 0.152581
2.96849 0.15247 0.152523
2.96907 0.152412 0.152465
2.96964 0.152355 0.152407
2.97021 0.152297 0.15235
2.97078 0.152239 0.152292
2.97136 0.152181 0.152234
2.97193 0.152123 0.152176
2.9725 0.152065 0.152118
2.97307 0.152008 0.152061
2.97364 0.15195 0.152003
2.97422 0.151892 0.151945
2.97479 0.151834 0.151887
2.97536 0.151777 0.15183
2.97593 0.151719 0.151772
2.97651 0.151661 0.151714
2.97708 0.151604 0.151657
2.97765 0.151546 0.151599
2.97822 0.151488 0.151542
2.97879 0.151431 0.151484
2.97937 0.151373 0.151426
2.97994 0.151316 0.151369
2.98051 0.151258 0.151311
2.98108 0.151201 0.151254
2.98165 0.151143 0.151196
2.98222 0.151086 0.151139
2.9828 0.151028 0.151082
2.98337 0.150971 0.151024
2.98394 0.150913 0.150967
2.98451 0.150856 0.150909
2.98508 0.150799 0.150852
2.98566 0.150741 0.150795
2.98623 0.150684 0.150737
2.9868 0.150626 0.15068
2.98737 0.150569 0.150623
2.98794 0.150512 0.150565
2.98851 0.150455 0.150508
2.98909 0.150397 0.150451
2.98966 0.15034 0.150394
2.99023 0.150283 0.150337
2.9908 0.150226 0.150279
2.99137 0.150168 0.150222
2.99194 0.150111 0.150165
2.99252 0.150054 0.150108
2.99309 0.149997 0.150051
2.99366 0.14994 0.149994
2.99423 0.149883 0.149937
2.9948 0.149826 0.14988
2.99537 0.149769 0.149823
2.99594 0.149712 0.149765
2.99652 0.149655 0.149708
2.99709 0.149598 0.149651
2.99766 0.149541 0.149595
2.99823 0.149484 0.149538
2.9988 0.149427 0.149481
2.99937 0.14937 0.149424
2.99994 0.149313 0.149367
3.00051 0.149256 0.14931
3.00109 0.149199 0.149253
3.00166 0.149142 0.149196
3.00223 0.149085 0.149139
3.0028 0.149028 0.149083
3.00337 0.148972 0.149026
3.00394 0.148915 0.148969
3.00451 0.148858 0.148912
3.00508 0.148801 0.148856
3.00565 0.148745 0.148799
3.00623 0.148688 0.148742
3.0068 0.148631 0.148686
3.00737 0.148574 0.148629
3.00794 0.148518 0.148572
3.00851 0.148461 0.148516
3.00908 0.148405 0.148459
3.00965 0.148348 0.148402
3.01022 0.148291 0.148346
3.01079 0.148235 0.148289
3.01136 0.148178 0.148233
3.01193 0.148122 0.148176
3.01251 0.148065 0.14812
3.01308 0.148009 0.148063
3.01365 0.147952 0.148007
3.01422 0.147896 0.14795
3.01479 0.147839 0.147894
3.01536 0.147783 0.147838
3.01593 0.147727 0.147781
3.0165 0.14767 0.147725
3.01707 0.147614 0.147669
3.01764 0.147557 0.147612
3.01821 0.147501 0.147556
3.01878 0.147445 0.1475
3.01935 0.147388 0.147443
3.01992 0.147332 0.147387
3.02049 0.147276 0.147331
3.02107 0.14722 0.147275
3.02164 0.147163 0.147218
3.02221 0.147107 0.147162
3.02278 0.147051 0.147106
3.02335 0.146995 0.14705
3.02392 0.146939 0.146994
3.02449 0.146883 0.146938
3.02506 0.146826 0.146882
3.02563 0.14677 0.146826
3.0262 0.146714 0.14677
3.02677 0.146658 0.146714
3.02734 0.146602 0.146657
3.02791 0.146546 0.146601
3.02848 0.14649 0.146546
3.02905 0.146434 0.14649
3.02962 0.146378 0.146434
3.03019 0.146322 0.146378
3.03076 0.146266 0.146322
3.03133 0.14621 0.146266
3.0319 0.146155 0.14621
3.03247 0.146099 0.146154
3.03304 0.146043 0.146098
3.03361 0.145987 0.146042
3.03418 0.145931 0.145987
3.03475 0.145875 0.145931
3.03532 0.14582 0.145875
3.03589 0.145764 0.145819
3.03646 0.145708 0.145764
3.03703 0.145652 0.145708
3.0376 0.145597 0.145652
3.03817 0.145541 0.145597
3.03874 0.145485 0.145541
3.03931 0.14543 0.145485
3.03988 0.145374 0.14543
3.04045 0.145318 0.145374
3.04102 0.145263 0.145318
3.04159 0.145207 0.145263
3.04216 0.145151 0.145207
3.04273 0.145096 0.145152
3.0433 0.14504 0.145096
3.04387 0.144985 0.145041
3.04444 0.144929 0.144985
3.04501 0.144874 0.14493
3.04558 0.144818 0.144874
3.04615 0.144763 0.144819
3.04672 0.144708 0.144764
3.04729 0.144652 0.144708
3.04786 0.144597 0.144653
3.04843 0.144541 0.144598
3.049 0.144486 0.144542
3.04957 0.144431 0.144487
3.05013 0.144375 0.144432
3.0507 0.14432 0.144376
3.05127 0.144265 0.144321
3.05184 0.14421 0.144266
3.05241 0.144154 0.144211
3.05298 0.144099 0.144155
3.05355 0.144044 0.1441
3.05412 0.143989 0.144045
3.05469 0.143933 0.14399
3.05526 0.143878 0.143935
3.05583 0.143823 0.14388
3.0564 0.143768 0.143825
3.05697 0.143713 0.143769
3.05754 0.143658 0.143714
3.05811 0.143603 0.143659
3.05868 0.143548 0.143604
3.05924 0.143493 0.143549
3.05981 0.143438 0.143494
3.06038 0.143383 0.143439
3.06095 0.143328 0.143384
3.06152 0.143273 0.143329
3.06209 0.143218 0.143275
3.06266 0.143163 0.14322
3.06323 0.143108 0.143165
3.0638 0.143053 0.14311
3.06437 0.142998 0.143055
3.06494 0.142943 0.143
3.0655 0.142889 0.142945
3.06607 0.142834 0.142891
3.06664 0.142779 0.142836
3.06721 0.142724 0.142781
3.06778 0.142669 0.142726
3.06835 0.142615 0.142672
3.06892 0.14256 0.142617
3.06949 0.142505 0.142562
3.07006 0.14245 0.142508
3.07062 0.142396 0.142453
3.07119 0.142341 0.142398
3.07176 0.142286 0.142344
3.07233 0.142232 0.142289
3.0729 0.142177 0.142235
3.07347 0.142123 0.14218
3.07404 0.142068 0.142125
3.07461 0.142014 0.142071
3.07517 0.141959 0.142016
3.07574 0.141905 0.141962
3.07631 0.14185 0.141907
3.07688 0.141796 0.141853
3.07745 0.141741 0.141799
3.07802 0.141687 0.141744
3.07859 0.141632 0.14169
3.07915 0.141578 0.141635
3.07972 0.141523 0.141581
3.08029 0.141469 0.141527
3.08086 0.141415 0.141472
3.08143 0.14136 0.141418
3.082 0.141306 0.141364
3.08257 0.141252 0.141309
3.08313 0.141197 0.141255
3.0837 0.141143 0.141201
3.08427 0.141089 0.141147
3.08484 0.141035 0.141092
3.08541 0.14098 0.141038
3.08598 0.140926 0.140984
3.08654 0.140872 0.14093
3.08711 0.140818 0.140876
3.08768 0.140764 0.140822
3.08825 0.14071 0.140768
3.08882 0.140656 0.140713
3.08939 0.140601 0.140659
3.08995 0.140547 0.140605
3.09052 0.140493 0.140551
3.09109 0.140439 0.140497
3.09166 0.140385 0.140443
3.09223 0.140331 0.140389
3.0928 0.140277 0.140335
3.09336 0.140223 0.140281
3.09393 0.140169 0.140228
3.0945 0.140115 0.140174
3.09507 0.140061 0.14012
3.09564 0.140008 0.140066
3.0962 0.139954 0.140012
3.09677 0.1399 0.139958
3.09734 0.139846 0.139904
3.09791 0.139792 0.139851
3.09848 0.139738 0.139797
3.09904 0.139685 0.139743
3.09961 0.139631 0.139689
3.10018 0.139577 0.139636
3.10075 0.139523 0.139582
3.10132 0.13947 0.139528
3.10188 0.139416 0.139474
3.10245 0.139362 0.139421
3.10302 0.139309 0.139367
3.10359 0.139255 0.139313
3.10416 0.139201 0.13926
3.10472 0.139148 0.139206
3.10529 0.139094 0.139153
3.10586 0.13904 0.139099
3.10643 0.138987 0.139046
3.10699 0.138933 0.138992
3.10756 0.13888 0.138939
3.10813 0.138826 0.138885
3.1087 0.138773 0.138832
3.10926 0.138719 0.138778
3.10983 0.138666 0.138725
3.1104 0.138612 0.138671
3.11097 0.138559 0.138618
3.11154 0.138506 0.138565
3.1121 0.138452 0.138511
3.11267 0.138399 0.138458
3.11324 0.138345 0.138404
3.11381 0.138292 0.138351
3.11437 0.138239 0.138298
3.11494 0.138185 0.138245
3.11551 0.138132 0.138191
3.11608 0.138079 0.138138
3.11664 0.138026 0.138085
3.11721 0.137972 0.138032
3.11778 0.137919 0.137978
3.11835 0.137866 0.137925
3.11891 0.137813 0.137872
3.11948 0.13776 0.137819
3.12005 0.137707 0.137766
3.12062 0.137653 0.137713
3.12118 0.1376 0.13766
3.12175 0.137547 0.137607
3.12232 0.137494 0.137554
3.12288 0.137441 0.137501
3.12345 0.137388 0.137447
3.12402 0.137335 0.137394
3.12459 0.137282 0.137342
3.12515 0.137229 0.137289
3.12572 0.137176 0.137236
3.12629 0.137123 0.137183
3.12686 0.13707 0.13713
3.12742 0.137017 0.137077
3.12799 0.136964 0.137024
3.12856 0.136911 0.136971
3.12912 0.136858 0.136918
3.12969 0.136806 0.136865
3.13026 0.136753 0.136813
3.13083 0.1367 0.13676
3.13139 0.136647 0.136707
3.13196 0.136594 0.136654
3.13253 0.136542 0.136602
3.13309 0.136489 0.136549
3.13366 0.136436 0.136496
3.13423 0.136383 0.136443
3.1348 0.136331 0.136391
3.13536 0.136278 0.136338
3.13593 0.136225 0.136285
3.1365 0.136173 0.136233
3.13706 0.13612 0.13618
3.13763 0.136067 0.136128
3.1382 0.136015 0.136075
3.13876 0.135962 0.136022
3.13933 0.13591 0.13597
3.1399 0.135857 0.135917
3.14047 0.135805 0.135865
3.14103 0.135752 0.135812
3.1416 0.1357 0.13576
3.14217 0.135647 0.135707
3.14273 0.135595 0.135655
3.1433 0.135542 0.135603
3.14387 0.13549 0.13555
3.14443 0.135437 0.135498
3.145 0.135385 0.135445
3.14557 0.135333 0.135393
3.14613 0.13528 0.135341
3.1467 0.135228 0.135288
3.14727 0.135176 0.135236
3.14783 0.135123 0.135184
3.1484 0.135071 0.135132
3.14897 0.135019 0.135079
3.14953 0.134966 0.135027
3.1501 0.134914 0.134975
3.15067 0.134862 0.134923
3.15123 0.13481 0.134871
3.1518 0.134758 0.134818
3.15237 0.134705 0.134766
3.15293 0.134653 0.134714
3.1535 0.134601 0.134662
3.15407 0.134549 0.13461
3.15463 0.134497 0.134558
3.1552 0.134445 0.134506
3.15577 0.134393 0.134454
3.15633 0.134341 0.134402
3.1569 0.134289 0.13435
3.15747 0.134237 0.134298
3.15803 0.134185 0.134246
3.1586 0.134133 0.134194
3.15917 0.134081 0.134142
3.15973 0.134029 0.13409
3.1603 0.133977 0.134038
3.16087 0.133925 0.133986
3.16143 0.133873 0.133934
3.162 0.133821 0.133882
3.16256 0.133769 0.13383
3.16313 0.133717 0.133779
3.1637 0.133665 0.133727
3.16426 0.133614 0.133675
3.16483 0.133562 0.133623
3.1654 0.13351 0.133571
3.16596 0.133458 0.13352
3.16653 0.133407 0.133468
3.1671 0.133355 0.133416
3.16766 0.133303 0.133365
3.16823 0.133251 0.133313
3.16879 0.1332 0.133261
3.16936 0.133148 0.13321
3.16993 0.133096 0.133158
3.17049 0.133045 0.133106
3.17106 0.132993 0.133055
3.17163 0.132942 0.133003
3.17219 0.13289 0.132952
3.17276 0.132838 0.1329
3.17333 0.132787 0.132849
3.17389 0.132735 0.132797
3.17446 0.132684 0.132746
3.17502 0.132632 0.132694
3.17559 0.132581 0.132643
3.17616 0.132529 0.132591
3.17672 0.132478 0.13254
3.17729 0.132426 0.132488
3.17785 0.132375 0.132437
3.17842 0.132324 0.132386
3.17899 0.132272 0.132334
3.17955 0.132221 0.132283
3.18012 0.132169 0.132232
3.18069 0.132118 0.13218
3.18125 0.132067 0.132129
3.18182 0.132015 0.132078
3.18238 0.131964 0.132026
3.18295 0.131913 0.131975
3.18352 0.131862 0.131924
3.18408 0.13181 0.131873
3.18465 0.131759 0.131822
3.18521 0.131708 0.13177
3.18578 0.131657 0.131719
3.18635 0.131606 0.131668
3.18691 0.131554 0.131617
3.18748 0.131503 0.131566
3.18804 0.131452 0.131515
3.18861 0.131401 0.131464
3.18918 0.13135 0.131413
3.18974 0.131299 0.131362
3.19031 0.131248 0.131311
3.19087 0.131197 0.13126
3.19144 0.131146 0.131209
3.19201 0.131095 0.131158
3.19257 0.131044 0.131107
3.19314 0.130993 0.131056
3.1937 0.130942 0.131005
3.19427 0.130891 0.130954
3.19484 0.13084 0.130903
3.1954 0.130789 0.130852
3.19597 0.130738 0.130801
3.19653 0.130687 0.13075
3.1971 0.130637 0.130699
3.19766 0.130586 0.130649
3.19823 0.130535 0.130598
3.1988 0.130484 0.130547
3.19936 0.130433 0.130496
3.19993 0.130382 0.130446
3.20049 0.130332 0.130395
3.20106 0.130281 0.130344
3.20163 0.13023 0.130293
3.20219 0.130179 0.130243
3.20276 0.130129 0.130192
3.20332 0.130078 0.130141
3.20389 0.130027 0.130091
3.20445 0.129977 0.13004
3.20502 0.129926 0.129989
3.20559 0.129876 0.129939
3.20615 0.129825 0.129888
3.20672 0.129774 0.129838
3.20728 0.129724 0.129787
3.20785 0.129673 0.129737
3.20841 0.129623 0.129686
3.20898 0.129572 0.129636
3.20955 0.129522 0.129585
3.21011 0.129471 0.129535
3.21068 0.129421 0.129484
3.21124 0.12937 0.129434
3.21181 0.12932 0.129383
3.21237 0.129269 0.129333
3.21294 0.129219 0.129283
3.21351 0.129169 0.129232
3.21407 0.129118 0.129182
3.21464 0.129068 0.129132
3.2152 0.129018 0.129081
3.21577 0.128967 0.129031
3.21633 0.128917 0.128981
3.2169 0.128867 0.128931
3.21747 0.128816 0.12888
3.21803 0.128766 0.12883
3.2186 0.128716 0.12878
3.21916 0.128666 0.12873
3.21973 0.128615 0.128679
3.22029 0.128565 0.128629
3.22086 0.128515 0.128579
3.22142 0.128465 0.128529
3.22199 0.128415 0.128479
3.22256 0.128365 0.128429
3.22312 0.128314 0.128379
3.22369 0.128264 0.128329
3.22425 0.128214 0.128279
3.22482 0.128164 0.128229
3.22538 0.128114 0.128178
3.22595 0.128064 0.128128
3.22651 0.128014 0.128078
3.22708 0.127964 0.128029
3.22765 0.127914 0.127979
3.22821 0.127864 0.127929
3.22878 0.127814 0.127879
3.22934 0.127764 0.127829
3.22991 0.127714 0.127779
3.23047 0.127664 0.127729
3.23104 0.127615 0.127679
3.2316 0.127565 0.127629
3.23217 0.127515 0.127579
3.23274 0.127465 0.12753
3.2333 0.127415 0.12748
3.23387 0.127365 0.12743
3.23443 0.127316 0.12738
3.235 0.127266 0.127331
3.23556 0.127216 0.127281
3.23613 0.127166 0.127231
3.23669 0.127117 0.127181
3.23726 0.127067 0.127132
3.23782 0.127017 0.127082
3.23839 0.126967 0.127032
3.23896 0.126918 0.126983
3.23952 0.126868 0.126933
3.24009 0.126818 0.126883
3.24065 0.126769 0.126834
3.24122 0.126719 0.126784
3.24178 0.12667 0.126735
3.24235 0.12662 0.126685
3.24291 0.12657 0.126636
3.24348 0.126521 0.126586
3.24404 0.126471 0.126537
3.24461 0.126422 0.126487
3.24518 0.126372 0.126438
3.24574 0.126323 0.126388
3.24631 0.126273 0.126339
3.24687 0.126224 0.126289
3.24744 0.126175 0.12624
3.248 0.126125 0.126191
3.24857 0.126076 0.126141
3.24913 0.126026 0.126092
3.2497 0.125977 0.126042
3.25026 0.125928 0.125993
3.25083 0.125878 0.125944
3.25139 0.125829 0.125895
3.25196 0.12578 0.125845
3.25253 0.12573 0.125796
3.25309 0.125681 0.125747
3.25366 0.125632 0.125698
3.25422 0.125583 0.125648
3.25479 0.125533 0.125599
3.25535 0.125484 0.12555
3.25592 0.125435 0.125501
3.25648 0.125386 0.125452
3.25705 0.125337 0.125402
3.25761 0.125287 0.125353
3.25818 0.125238 0.125304
3.25874 0.125189 0.125255
3.25931 0.12514 0.125206
3.25988 0.125091 0.125157
3.26044 0.125042 0.125108
3.26101 0.124993 0.125059
3.26157 0.124944 0.12501
3.26214 0.124895 0.124961
3.2627 0.124846 0.124912
3.26327 0.124797 0.124863
3.26383 0.124748 0.124814
3.2644 0.124699 0.124765
3.26496 0.12465 0.124716
3.26553 0.124601 0.124667
3.26609 0.124552 0.124618
3.26666 0.124503 0.124569
3.26723 0.124454 0.124521
3.26779 0.124405 0.124472
3.26836 0.124357 0.124423
3.26892 0.124308 0.124374
3.26949 0.124259 0.124325
3.27005 0.12421 0.124277
3.27062 0.124161 0.124228
3.27118 0.124112 0.124179
3.27175 0.124064 0.12413
3.27231 0.124015 0.124082
3.27288 0.123966 0.124033
3.27344 0.123918 0.123984
3.27401 0.123869 0.123935
3.27457 0.12382 0.123887
3.27514 0.123771 0.123838
3.27571 0.123723 0.12379
3.27627 0.123674 0.123741
3.27684 0.123626 0.123692
3.2774 0.123577 0.123644
3.27797 0.123528 0.123595
3.27853 0.12348 0.123547
3.2791 0.123431 0.123498
3.27966 0.123383 0.12345
3.28023 0.123334 0.123401
3.28079 0.123286 0.123353
3.28136 0.123237 0.123304
3.28192 0.123189 0.123256
3.28249 0.12314 0.123207
3.28306 0.123092 0.123159
3.28362 0.123043 0.12311
3.28419 0.122995 0.123062
3.28475 0.122946 0.123014
3.28532 0.122898 0.122965
3.28588 0.12285 0.122917
3.28645 0.122801 0.122869
3.28701 0.122753 0.12282
3.28758 0.122705 0.122772
3.28814 0.122656 0.122724
3.28871 0.122608 0.122675
3.28927 0.12256 0.122627
3.28984 0.122511 0.122579
3.29041 0.122463 0.122531
3.29097 0.122415 0.122482
3.29154 0.122367 0.122434
3.2921 0.122318 0.122386
3.29267 0.12227 0.122338
3.29323 0.122222 0.12229
3.2938 0.122174 0.122242
3.29436 0.122126 0.122193
3.29493 0.122078 0.122145
3.29549 0.122029 0.122097
3.29606 0.121981 0.122049
3.29662 0.121933 0.122001
3.29719 0.121885 0.121953
3.29776 0.121837 0.121905
3.29832 0.121789 0.121857
3.29889 0.121741 0.121809
3.29945 0.121693 0.121761
3.30002 0.121645 0.121713
3.30058 0.121597 0.121665
3.30115 0.121549 0.121617
3.30171 0.121501 0.121569
3.30228 0.121453 0.121521
3.30284 0.121405 0.121473
3.30341 0.121357 0.121425
3.30398 0.121309 0.121378
3.30454 0.121261 0.12133
3.30511 0.121214 0.121282
3.30567 0.121166 0.121234
3.30624 0.121118 0.121186
3.3068 0.12107 0.121138
3.30737 0.121022 0.121091
3.30793 0.120974 0.121043
3.3085 0.120927 0.120995
3.30907 0.120879 0.120947
3.30963 0.120831 0.1209
3.3102 0.120783 0.120852
3.31076 0.120736 0.120804
3.31133 0.120688 0.120757
3.31189 0.12064 0.120709
3.31246 0.120593 0.120661
3.31302 0.120545 0.120614
3.31359 0.120497 0.120566
3.31416 0.12045 0.120518
3.31472 0.120402 0.120471
3.31529 0.120355 0.120423
3.31585 0.120307 0.120376
3.31642 0.120259 0.120328
3.31698 0.120212 0.120281
3.31755 0.120164 0.120233
3.31811 0.120117 0.120186
3.31868 0.120069 0.120138
3.31925 0.120022 0.120091
3.31981 0.119974 0.120043
3.32038 0.119927 0.119996
3.32094 0.119879 0.119948
3.32151 0.119832 0.119901
3.32207 0.119784 0.119854
3.32264 0.119737 0.119806
3.3232 0.11969 0.119759
3.32377 0.119642 0.119712
3.32434 0.119595 0.119664
3.3249 0.119548 0.119617
3.32547 0.1195 0.11957
3.32603 0.119453 0.119522
3.3266 0.119406 0.119475
3.32716 0.119358 0.119428
3.32773 0.119311 0.11938
3.3283 0.119264 0.119333
3.32886 0.119217 0.119286
3.32943 0.119169 0.119239
3.32999 0.119122 0.119192
3.33056 0.119075 0.119144
3.33112 0.119028 0.119097
3.33169 0.118981 0.11905
3.33226 0.118933 0.119003
3.33282 0.118886 0.118956
3.33339 0.118839 0.118909
3.33395 0.118792 0.118862
3.33452 0.118745 0.118815
3.33508 0.118698 0.118768
3.33565 0.118651 0.118721
3.33622 0.118604 0.118674
3.33678 0.118557 0.118627
3.33735 0.11851 0.11858
3.33791 0.118463 0.118533
3.33848 0.118416 0.118486
3.33905 0.118369 0.118439
3.33961 0.118322 0.118392
3.34018 0.118275 0.118345
3.34074 0.118228 0.118298
3.34131 0.118181 0.118251
3.34187 0.118134 0.118204
3.34244 0.118087 0.118157
3.34301 0.11804 0.11811
3.34357 0.117993 0.118064
3.34414 0.117946 0.118017
3.3447 0.1179 0.11797
3.34527 0.117853 0.117923
3.34584 0.117806 0.117876
3.3464 0.117759 0.11783
3.34697 0.117712 0.117783
3.34753 0.117666 0.117736
3.3481 0.117619 0.117689
3.34867 0.117572 0.117643
3.34923 0.117525 0.117596
3.3498 0.117479 0.117549
3.35036 0.117432 0.117503
3.35093 0.117385 0.117456
3.3515 0.117339 0.117409
3.35206 0.117292 0.117363
3.35263 0.117245 0.117316
3.35319 0.117199 0.11727
3.35376 0.117152 0.117223
3.35433 0.117106 0.117176
3.35489 0.117059 0.11713
3.35546 0.117012 0.117083
3.35602 0.116966 0.117037
3.35659 0.116919 0.11699
3.35716 0.116873 0.116944
3.35772 0.116826 0.116897
3.35829 0.11678 0.116851
3.35885 0.116733 0.116804
3.35942 0.116687 0.116758
3.35999 0.11664 0.116712
3.36055 0.116594 0.116665
3.36112 0.116548 0.116619
3.36169 0.116501 0.116572
3.36225 0.116455 0.116526
3.36282 0.116408 0.11648
3.36338 0.116362 0.116433
3.36395 0.116316 0.116387
3.36452 0.116269 0.116341
3.36508 0.116223 0.116294
3.36565 0.116177 0.116248
3.36622 0.11613 0.116202
3.36678 0.116084 0.116156
3.36735 0.116038 0.116109
3.36791 0.115992 0.116063
3.36848 0.115945 0.116017
3.36905 0.115899 0.115971
3.36961 0.115853 0.115925
3.37018 0.115807 0.115878
3.37075 0.115761 0.115832
3.37131 0.115714 0.115786
3.37188 0.115668 0.11574
3.37245 0.115622 0.115694
3.37301 0.115576 0.115648
3.37358 0.11553 0.115602
3.37414 0.115484 0.115556
3.37471 0.115438 0.11551
3.37528 0.115392 0.115464
3.37584 0.115346 0.115418
3.37641 0.1153 0.115372
3.37698 0.115254 0.115326
3.37754 0.115208 0.11528
3.37811 0.115162 0.115234
3.37868 0.115116 0.115188
3.37924 0.11507 0.115142
3.37981 0.115024 0.115096
3.38038 0.114978 0.11505
3.38094 0.114932 0.115004
3.38151 0.114886 0.114958
3.38208 0.11484 0.114912
3.38264 0.114794 0.114866
3.38321 0.114748 0.114821
3.38378 0.114702 0.114775
3.38434 0.114657 0.114729
3.38491 0.114611 0.114683
3.38548 0.114565 0.114637
3.38604 0.114519 0.114592
3.38661 0.114473 0.114546
3.38718 0.114428 0.1145
3.38774 0.114382 0.114454
3.38831 0.114336 0.114409
3.38888 0.11429 0.114363
3.38944 0.114245 0.114317
3.39001 0.114199 0.114272
3.39058 0.114153 0.114226
3.39114 0.114108 0.11418
3.39171 0.114062 0.114135
3.39228 0.114016 0.114089
3.39284 0.113971 0.114043
3.39341 0.113925 0.113998
3.39398 0.113879 0.113952
3.39454 0.113834 0.113907
3.39511 0.113788 0.113861
3.39568 0.113743 0.113816
3.39625 0.113697 0.11377
3.39681 0.113652 0.113725
3.39738 0.113606 0.113679
3.39795 0.113561 0.113634
3.39851 0.113515 0.113588
3.39908 0.11347 0.113543
3.39965 0.113424 0.113497
3.40021 0.113379 0.113452
3.40078 0.113333 0.113407
3.40135 0.113288 0.113361
3.40192 0.113242 0.113316
3.40248 0.113197 0.11327
3.40305 0.113152 0.113225
3.40362 0.113106 0.11318
3.40418 0.113061 0.113134
3.40475 0.113016 0.113089
3.40532 0.11297 0.113044
3.40589 0.112925 0.112999
3.40645 0.11288 0.112953
3.40702 0.112834 0.112908
3.40759 0.112789 0.112863
3.40815 0.112744 0.112818
3.40872 0.112699 0.112772
3.40929 0.112653 0.112727
3.40986 0.112608 0.112682
3.41042 0.112563 0.112637
3.41099 0.112518 0.112592
3.41156 0.112473 0.112546
3.41213 0.112427 0.112501
3.41269 0.112382 0.112456
3.41326 0.112337 0.112411
3.41383 0.112292 0.112366
3.4144 0.112247 0.112321
3.41496 0.112202 0.112276
3.41553 0.112157 0.112231
3.4161 0.112112 0.112186
3.41667 0.112067 0.112141
3.41723 0.112022 0.112096
3.4178 0.111977 0.112051
3.41837 0.111932 0.112006
3.41894 0.111887 0.111961
3.4195 0.111842 0.111916
3.42007 0.111797 0.111871
3.42064 0.111752 0.111826
3.42121 0.111707 0.111781
3.42177 0.111662 0.111736
3.42234 0.111617 0.111691
3.42291 0.111572 0.111646
3.42348 0.111527 0.111602
3.42404 0.111482 0.111557
3.42461 0.111437 0.111512
3.42518 0.111392 0.111467
3.42575 0.111348 0.111422
3.42632 0.111303 0.111377
3.42688 0.111258 0.111333
3.42745 0.111213 0.111288
3.42802 0.111168 0.111243
3.42859 0.111124 0.111198
3.42915 0.111079 0.111154
3.42972 0.111034 0.111109
3.43029 0.110989 0.111064
3.43086 0.110945 0.11102
3.43143 0.1109 0.110975
3.43199 0.110855 0.11093
3.43256 0.110811 0.110886
3.43313 0.110766 0.110841
3.4337 0.110721 0.110796
3.43427 0.110677 0.110752
3.43483 0.110632 0.110707
3.4354 0.110587 0.110663
3.43597 0.110543 0.110618
3.43654 0.110498 0.110574
3.43711 0.110454 0.110529
3.43768 0.110409 0.110485
3.43824 0.110365 0.11044
3.43881 0.11032 0.110396
3.43938 0.110276 0.110351
3.43995 0.110231 0.110307
3.44052 0.110187 0.110262
3.44108 0.110142 0.110218
3.44165 0.110098 0.110173
3.44222 0.110053 0.110129
3.44279 0.110009 0.110084
3.44336 0.109964 0.11004
3.44393 0.10992 0.109996
3.44449 0.109876 0.109951
3.44506 0.109831 0.109907
3.44563 0.109787 0.109863
3.4462 0.109743 0.109818
3.44677 0.109698 0.109774
3.44734 0.109654 0.10973
3.44791 0.10961 0.109685
3.44847 0.109565 0.109641
3.44904 0.109521 0.109597
3.44961 0.109477 0.109553
3.45018 0.109432 0.109508
3.45075 0.109388 0.109464
3.45132 0.109344 0.10942
3.45189 0.1093 0.109376
3.45245 0.109256 0.109332
3.45302 0.109211 0.109288
3.45359 0.109167 0.109243
3.45416 0.109123 0.109199
3.45473 0.109079 0.109155
3.4553 0.109035 0.109111
3.45587 0.108991 0.109067
3.45644 0.108946 0.109023
3.457 0.108902 0.108979
3.45757 0.108858 0.108935
3.45814 0.108814 0.108891
3.45871 0.10877 0.108847
3.45928 0.108726 0.108803
3.45985 0.108682 0.108759
3.46042 0.108638 0.108715
3.46099 0.108594 0.108671
3.46156 0.10855 0.108627
3.46213 0.108506 0.108583
3.46269 0.108462 0.108539
3.46326 0.108418 0.108495
3.46383 0.108374 0.108451
3.4644 0.10833 0.108407
3.46497 0.108286 0.108363
3.46554 0.108242 0.108319
3.46611 0.108199 0.108275
3.46668 0.108155 0.108232
3.46725 0.108111 0.108188
3.46782 0.108067 0.108144
3.46839 0.108023 0.1081
3.46896 0.107979 0.108056
3.46953 0.107935 0.108013
3.47009 0.107892 0.107969
3.47066 0.107848 0.107925
3.47123 0.107804 0.107881
3.4718 0.10776 0.107838
3.47237 0.107717 0.107794
3.47294 0.107673 0.10775
3.47351 0.107629 0.107707
3.47408 0.107585 0.107663
3.47465 0.107542 0.107619
3.47522 0.107498 0.107576
3.47579 0.107454 0.107532
3.47636 0.107411 0.107488
3.47693 0.107367 0.107445
3.4775 0.107324 0.107401
3.47807 0.10728 0.107357
3.47864 0.107236 0.107314
3.47921 0.107193 0.10727
3.47978 0.107149 0.107227
3.48035 0.107106 0.107183
3.48092 0.107062 0.10714
3.48149 0.107018 0.107096
3.48206 0.106975 0.107053
3.48263 0.106931 0.107009
3.4832 0.106888 0.106966
3.48377 0.106844 0.106922
3.48434 0.106801 0.106879
3.48491 0.106758 0.106835
3.48548 0.106714 0.106792
3.48605 0.106671 0.106749
3.48662 0.106627 0.106705
3.48719 0.106584 0.106662
3.48776 0.10654 0.106619
3.48833 0.106497 0.106575
3.4889 0.106454 0.106532
3.48947 0.10641 0.106489
3.49004 0.106367 0.106445
3.49061 0.106324 0.106402
3.49118 0.10628 0.106359
3.49175 0.106237 0.106315
3.49232 0.106194 0.106272
3.49289 0.10615 0.106229
3.49346 0.106107 0.106186
3.49403 0.106064 0.106142
3.4946 0.106021 0.106099
3.49517 0.105977 0.106056
3.49574 0.105934 0.106013
3.49631 0.105891 0.10597
3.49688 0.105848 0.105926
3.49745 0.105805 0.105883
3.49802 0.105761 0.10584
3.49859 0.105718 0.105797
3.49916 0.105675 0.105754
3.49973 0.105632 0.105711
3.50031 0.105589 0.105668
3.50088 0.105546 0.105625
3.50145 0.105503 0.105582
3.50202 0.10546 0.105539
3.50259 0.105417 0.105496
3.50316 0.105374 0.105453
3.50373 0.105331 0.10541
3.5043 0.105287 0.105367
3.50487 0.105244 0.105324
3.50544 0.105201 0.105281
3.50601 0.105158 0.105238
3.50658 0.105116 0.105195
3.50716 0.105073 0.105152
3.50773 0.10503 0.105109
3.5083 0.104987 0.105066
3.50887 0.104944 0.105023
3.50944 0.104901 0.10498
3.51001 0.104858 0.104937
3.51058 0.104815 0.104895
3.51115 0.104772 0.104852
3.51172 0.104729 0.104809
3.5123 0.104686 0.104766
3.51287 0.104644 0.104723
3.51344 0.104601 0.10468
3.51401 0.104558 0.104638
3.51458 0.104515 0.104595
3.51515 0.104472 0.104552
3.51572 0.10443 0.104509
3.51629 0.104387 0.104467
3.51687 0.104344 0.104424
3.51744 0.104301 0.104381
3.51801 0.104259 0.104339
3.51858 0.104216 0.104296
3.51915 0.104173 0.104253
3.51972 0.104131 0.104211
3.5203 0.104088 0.104168
3.52087 0.104045 0.104125
3.52144 0.104003 0.104083
3.52201 0.10396 0.10404
3.52258 0.103917 0.103998
3.52315 0.103875 0.103955
3.52373 0.103832 0.103912
3.5243 0.10379 0.10387
3.52487 0.103747 0.103827
3.52544 0.103704 0.103785
3.52601 0.103662 0.103742
3.52659 0.103619 0.1037
3.52716 0.103577 0.103657
3.52773 0.103534 0.103615
3.5283 0.103492 0.103572
3.52887 0.103449 0.10353
3.52945 0.103407 0.103487
3.53002 0.103364 0.103445
3.53059 0.103322 0.103403
3.53116 0.10328 0.10336
3.53173 0.103237 0.103318
3.53231 0.103195 0.103275
3.53288 0.103152 0.103233
3.53345 0.10311 0.103191
3.53402 0.103068 0.103148
3.5346 0.103025 0.103106
3.53517 0.102983 0.103064
3.53574 0.102941 0.103021
3.53631 0.102898 0.102979
3.53689 0.102856 0.102937
3.53746 0.102814 0.102895
3.53803 0.102771 0.102852
3.5386 0.102729 0.10281
3.53918 0.102687 0.102768
3.53975 0.102645 0.102726
3.54032 0.102602 0.102683
3.54089 0.10256 0.102641
3.54147 0.102518 0.102599
3.54204 0.102476 0.102557
3.54261 0.102433 0.102515
3.54319 0.102391 0.102473
3.54376 0.102349 0.102431
3.54433 0.102307 0.102388
3.5449 0.102265 0.102346
3.54548 0.102223 0.102304
3.54605 0.102181 0.102262
3.54662 0.102138 0.10222
3.5472 0.102096 0.102178
3.54777 0.102054 0.102136
3.54834 0.102012 0.102094
3.54892 0.10197 0.102052
3.54949 0.101928 0.10201
3.55006 0.101886 0.101968
3.55064 0.101844 0.101926
3.55121 0.101802 0.101884
3.55178 0.10176 0.101842
3.55235 0.101718 0.1018
3.55293 0.101676 0.101758
3.5535 0.101634 0.101716
3.55408 0.101592 0.101674
3.55465 0.10155 0.101632
3.55522 0.101508 0.101591
3.5558 0.101467 0.101549
3.55637 0.101425 0.101507
3.55694 0.101383 0.101465
3.55752 0.101341 0.101423
3.55809 0.101299 0.101381
3.55866 0.101257 0.10134
3.55924 0.101215 0.101298
3.55981 0.101174 0.101256
3.56039 0.101132 0.101214
3.56096 0.10109 0.101172
3.56153 0.101048 0.101131
3.56211 0.101006 0.101089
3.56268 0.100965 0.101047
3.56325 0.100923 0.101005
3.56383 0.100881 0.100964
3.5644 0.100839 0.100922
3.56498 0.100798 0.10088
3.56555 0.100756 0.100839
3.56613 0.100714 0.100797
3.5667 0.100673 0.100755
3.56727 0.100631 0.100714
3.56785 0.100589 0.100672
3.56842 0.100548 0.100631
3.569 0.100506 0.100589
3.56957 0.100464 0.100547
3.57015 0.100423 0.100506
3.57072 0.100381 0.100464
3.57129 0.10034 0.100423
3.57187 0.100298 0.100381
3.57244 0.100257 0.10034
3.57302 0.100215 0.100298
3.57359 0.100174 0.100257
3.57417 0.100132 0.100215
3.57474 0.100091 0.100174
3.57532 0.100049 0.100132
3.57589 0.100008 0.100091
3.57647 0.0999661 0.100049
3.57704 0.0999246 0.100008
3.57762 0.0998832 0.0999666
3.57819 0.0998417 0.0999252
3.57877 0.0998003 0.0998838
3.57934 0.0997589 0.0998425
3.57992 0.0997175 0.0998011
3.58049 0.0996761 0.0997598
3.58107 0.0996347 0.0997184
3.58164 0.0995934 0.0996771
3.58222 0.099552 0.0996358
3.58279 0.0995107 0.0995945
3.58337 0.0994694 0.0995532
3.58394 0.0994281 0.0995119
3.58452 0.0993868 0.0994707
3.58509 0.0993455 0.0994294
3.58567 0.0993042 0.0993882
3.58624 0.0992629 0.0993469
3.58682 0.0992217 0.0993057
3.58739 0.0991804 0.0992645
3.58797 0.0991392 0.0992233
3.58854 0.099098 0.0991821
3.58912 0.0990568 0.099141
3.5897 0.0990156 0.0990998
3.59027 0.0989744 0.0990586
3.59085 0.0989332 0.0990175
3.59142 0.0988921 0.0989764
3.592 0.0988509 0.0989353
3.59257 0.0988098 0.0988942
3.59315 0.0987687 0.0988531
3.59373 0.0987276 0.098812
3.5943 0.0986865 0.098771
3.59488 0.0986454 0.0987299
3.59545 0.0986043 0.0986889
3.59603 0.0985632 0.0986478
3.59661 0.0985222 0.0986068
3.59718 0.0984811 0.0985658
3.59776 0.0984401 0.0985248
3.59833 0.0983991 0.0984838
3.59891 0.0983581 0.0984429
3.59949 0.0983171 0.0984019
3.60006 0.0982761 0.098361
3.60064 0.0982352 0.09832
3.60121 0.0981942 0.0982791
3.60179 0.0981533 0.0982382
3.60237 0.0981123 0.0981973
3.60294 0.0980714 0.0981564
3.60352 0.0980305 0.0981156
3.6041 0.0979896 0.0980747
3.60467 0.0979487 0.0980338
3.60525 0.0979078 0.097993
3.60583 0.097867 0.0979522
3.6064 0.0978261 0.0979114
3.60698 0.0977853 0.0978706
3.60756 0.0977444 0.0978298
3.60813 0.0977036 0.097789
3.60871 0.0976628 0.0977482
3.60929 0.097622 0.0977075
3.60986 0.0975813 0.0976667
3.61044 0.0975405 0.097626
3.61102 0.0974997 0.0975853
3.6116 0.097459 0.0975446
3.61217 0.0974182 0.0975039
3.61275 0.0973775 0.0974632
3.61333 0.0973368 0.0974225
3.6139 0.0972961 0.0973818
3.61448 0.0972554 0.0973412
3.61506 0.0972148 0.0973005
3.61564 0.0971741 0.0972599
3.61621 0.0971334 0.0972193
3.61679 0.0970928 0.0971787
3.61737 0.0970522 0.0971381
3.61795 0.0970116 0.0970975
3.61852 0.0969709 0.097057
3.6191 0.0969304 0.0970164
3.61968 0.0968898 0.0969759
3.62026 0.0968492 0.0969353
3.62083 0.0968086 0.0968948
3.62141 0.0967681 0.0968543
3.62199 0.0967276 0.0968138
3.62257 0.096687 0.0967733
3.62314 0.0966465 0.0967328
3.62372 0.096606 0.0966924
3.6243 0.0965655 0.0966519
3.62488 0.0965251 0.0966115
3.62546 0.0964846 0.096571
3.62603 0.0964441 0.0965306
3.62661 0.0964037 0.0964902
3.62719 0.0963633 0.0964498
3.62777 0.0963228 0.0964094
3.62835 0.0962824 0.0963691
3.62893 0.096242 0.0963287
3.6295 0.0962017 0.0962883
3.63008 0.0961613 0.096248
3.63066 0.0961209 0.0962077
3.63124 0.0960806 0.0961674
3.63182 0.0960402 0.0961271
3.6324 0.0959999 0.0960868
3.63297 0.0959596 0.0960465
3.63355 0.0959193 0.0960062
3.63413 0.095879 0.095966
3.63471 0.0958387 0.0959257
3.63529 0.0957984 0.0958855
3.63587 0.0957582 0.0958453
3.63645 0.0957179 0.0958051
3.63703 0.0956777 0.0957649
3.6376 0.0956375 0.0957247
3.63818 0.0955973 0.0956845
3.63876 0.0955571 0.0956443
3.63934 0.0955169 0.0956042
3.63992 0.0954767 0.0955641
3.6405 0.0954365 0.0955239
3.64108 0.0953964 0.0954838
3.64166 0.0953562 0.0954437
3.64224 0.0953161 0.0954036
3.64282 0.095276 0.0953635
3.6434 0.0952359 0.0953234
3.64397 0.0951958 0.0952834
3.64455 0.0951557 0.0952433
3.64513 0.0951156 0.0952033
3.64571 0.0950755 0.0951633
3.64629 0.0950355 0.0951233
3.64687 0.0949954 0.0950833
3.64745 0.0949554 0.0950433
3.64803 0.0949154 0.0950033
3.64861 0.0948754 0.0949633
3.64919 0.0948354 0.0949234
3.64977 0.0947954 0.0948834
3.65035 0.0947554 0.0948435
3.65093 0.0947155 0.0948035
3.65151 0.0946755 0.0947636
3.65209 0.0946356 0.0947237
3.65267 0.0945957 0.0946838
3.65325 0.0945558 0.094644
3.65383 0.0945158 0.0946041
3.65441 0.094476 0.0945642
3.65499 0.0944361 0.0945244
3.65557 0.0943962 0.0944846
3.65615 0.0943563 0.0944447
3.65673 0.0943165 0.0944049
3.65731 0.0942767 0.0943651
3.65789 0.0942368 0.0943254
3.65847 0.094197 0.0942856
3.65905 0.0941572 0.0942458
3.65963 0.0941174 0.0942061
3.66021 0.0940776 0.0941663
3.6608 0.0940379 0.0941266
3.66138 0.0939981 0.0940869
3.66196 0.0939584 0.0940472
3.66254 0.0939186 0.0940075
3.66312 0.0938789 0.0939678
3.6637 0.0938392 0.0939281
3.66428 0.0937995 0.0938884
3.66486 0.0937598 0.0938488
3.66544 0.0937201 0.0938091
3.66602 0.0936805 0.0937695
3.6666 0.0936408 0.0937299
3.66719 0.0936012 0.0936903
3.66777 0.0935615 0.0936507
3.66835 0.0935219 0.0936111
3.66893 0.0934823 0.0935715
3.66951 0.0934427 0.093532
3.67009 0.0934031 0.0934924
3.67067 0.0933635 0.0934529
3.67125 0.093324 0.0934134
3.67184 0.0932844 0.0933738
3.67242 0.0932449 0.0933343
3.673 0.0932053 0.0932948
3.67358 0.0931658 0.0932554
3.67416 0.0931263 0.0932159
3.67474 0.0930868 0.0931764
3.67533 0.0930473 0.093137
3.67591 0.0930079 0.0930975
3.67649 0.0929684 0.0930581
3.67707 0.0929289 0.0930187
3.67765 0.0928895 0.0929793
3.67824 0.0928501 0.0929399
3.67882 0.0928106 0.0929005
3.6794 0.0927712 0.0928611
3.67998 0.0927318 0.0928218
3.68056 0.0926924 0.0927824
3.68115 0.0926531 0.0927431
3.68173 0.0926137 0.0927038
3.68231 0.0925744 0.0926645
3.68289 0.092535 0.0926252
3.68348 0.0924957 0.0925859
3.68406 0.0924564 0.0925466
3.68464 0.0924171 0.0925073
3.68522 0.0923778 0.0924681
3.68581 0.0923385 0.0924288
3.68639 0.0922992 0.0923896
3.68697 0.0922599 0.0923503
3.68755 0.0922207 0.0923111
3.68814 0.0921814 0.0922719
3.68872 0.0921422 0.0922327
3.6893 0.092103 0.0921935
3.68989 0.0920638 0.0921544
3.69047 0.0920246 0.0921152
3.69105 0.0919854 0.0920761
3.69163 0.0919462 0.0920369
3.69222 0.091907 0.0919978
3.6928 0.0918679 0.0919587
3.69338 0.0918287 0.0919196
3.69397 0.0917896 0.0918805
3.69455 0.0917505 0.0918414
3.69513 0.0917114 0.0918023
3.69572 0.0916723 0.0917633
3.6963 0.0916332 0.0917242
3.69688 0.0915941 0.0916852
3.69747 0.0915551 0.0916462
3.69805 0.091516 0.0916071
3.69864 0.091477 0.0915681
3.69922 0.0914379 0.0915291
3.6998 0.0913989 0.0914902
3.70039 0.0913599 0.0914512
3.70097 0.0913209 0.0914122
3.70156 0.0912819 0.0913733
3.70214 0.0912429 0.0913343
3.70272 0.091204 0.0912954
3.70331 0.091165 0.0912565
3.70389 0.0911261 0.0912176
3.70448 0.0910871 0.0911787
3.70506 0.0910482 0.0911398
3.70564 0.0910093 0.0911009
3.70623 0.0909704 0.0910621
3.70681 0.0909315 0.0910232
3.7074 0.0908926 0.0909844
3.70798 0.0908538 0.0909456
3.70857 0.0908149 0.0909067
3.70915 0.0907761 0.0908679
3.70974 0.0907372 0.0908291
3.71032 0.0906984 0.0907904
3.71091 0.0906596 0.0907516
3.71149 0.0906208 0.0907128
3.71207 0.090582 0.0906741
3.71266 0.0905432 0.0906353
3.71324 0.0905044 0.0905966
3.71383 0.0904657 0.0905579
3.71441 0.0904269 0.0905192
3.715 0.0903882 0.0904805
3.71559 0.0903495 0.0904418
3.71617 0.0903107 0.0904031
3.71676 0.090272 0.0903644
3.71734 0.0902333 0.0903258
3.71793 0.0901947 0.0902871
3.71851 0.090156 0.0902485
3.7191 0.0901173 0.0902099
3.71968 0.0900787 0.0901713
3.72027 0.09004 0.0901327
3.72085 0.0900014 0.0900941
3.72144 0.0899628 0.0900555
3.72203 0.0899242 0.0900169
3.72261 0.0898856 0.0899784
3.7232 0.089847 0.0899398
3.72378 0.0898084 0.0899013
3.72437 0.0897699 0.0898628
3.72495 0.0897313 0.0898243
3.72554 0.0896928 0.0897858
3.72613 0.0896542 0.0897473
3.72671 0.0896157 0.0897088
3.7273 0.0895772 0.0896703
3.72789 0.0895387 0.0896319
3.72847 0.0895002 0.0895934
3.72906 0.0894617 0.089555
3.72964 0.0894233 0.0895165
3.73023 0.0893848 0.0894781
3.73082 0.0893464 0.0894397
3.7314 0.0893079 0.0894013
3.73199 0.0892695 0.0893629
3.73258 0.0892311 0.0893246
3.73316 0.0891927 0.0892862
3.73375 0.0891543 0.0892479
3.73434 0.0891159 0.0892095
3.73493 0.0890776 0.0891712
3.73551 0.0890392 0.0891329
3.7361 0.0890009 0.0890946
3.73669 0.0889625 0.0890563
3.73727 0.0889242 0.089018
3.73786 0.0888859 0.0889797
3.73845 0.0888476 0.0889414
3.73903 0.0888093 0.0889032
3.73962 0.088771 0.0888649
3.74021 0.0887327 0.0888267
3.7408 0.0886945 0.0887885
3.74138 0.0886562 0.0887503
3.74197 0.088618 0.0887121
3.74256 0.0885797 0.0886739
3.74315 0.0885415 0.0886357
3.74374 0.0885033 0.0885975
3.74432 0.0884651 0.0885594
3.74491 0.0884269 0.0885212
3.7455 0.0883887 0.0884831
3.74609 0.0883506 0.088445
3.74667 0.0883124 0.0884068
3.74726 0.0882743 0.0883687
3.74785 0.0882361 0.0883306
3.74844 0.088198 0.0882926
3.74903 0.0881599 0.0882545
3.74962 0.0881218 0.0882164
3.7502 0.0880837 0.0881784
3.75079 0.0880456 0.0881403
3.75138 0.0880076 0.0881023
3.75197 0.0879695 0.0880643
3.75256 0.0879314 0.0880263
3.75315 0.0878934 0.0879883
3.75373 0.0878554 0.0879503
3.75432 0.0878174 0.0879123
3.75491 0.0877794 0.0878744
3.7555 0.0877414 0.0878364
3.75609 0.0877034 0.0877985
3.75668 0.0876654 0.0877605
3.75727 0.0876274 0.0877226
3.75786 0.0875895 0.0876847
3.75845 0.0875515 0.0876468
3.75904 0.0875136 0.0876089
3.75962 0.0874757 0.087571
3.76021 0.0874378 0.0875331
3.7608 0.0873999 0.0874953
3.76139 0.087362 0.0874574
3.76198 0.0873241 0.0874196
3.76257 0.0872862 0.0873818
3.76316 0.0872484 0.0873439
3.76375 0.0872105 0.0873061
3.76434 0.0871727 0.0872683
3.76493 0.0871349 0.0872305
3.76552 0.087097 0.0871928
3.76611 0.0870592 0.087155
3.7667 0.0870214 0.0871172
3.76729 0.0869836 0.0870795
3.76788 0.0869459 0.0870418
3.76847 0.0869081 0.087004
3.76906 0.0868704 0.0869663
3.76965 0.0868326 0.0869286
3.77024 0.0867949 0.0868909
3.77083 0.0867572 0.0868533
3.77142 0.0867194 0.0868156
3.77201 0.0866817 0.0867779
3.7726 0.0866441 0.0867403
3.77319 0.0866064 0.0867026
3.77378 0.0865687 0.086665
3.77437 0.086531 0.0866274
3.77496 0.0864934 0.0865898
3.77556 0.0864558 0.0865522
3.77615 0.0864181 0.0865146
3.77674 0.0863805 0.086477
3.77733 0.0863429 0.0864395
3.77792 0.0863053 0.0864019
3.77851 0.0862677 0.0863644
3.7791 0.0862301 0.0863268
3.77969 0.0861926 0.0862893
3.78028 0.086155 0.0862518
3.78087 0.0861175 0.0862143
3.78147 0.0860799 0.0861768
3.78206 0.0860424 0.0861393
3.78265 0.0860049 0.0861018
3.78324 0.0859674 0.0860644
3.78383 0.0859299 0.0860269
3.78442 0.0858924 0.0859895
3.78502 0.085855 0.0859521
3.78561 0.0858175 0.0859146
3.7862 0.08578 0.0858772
3.78679 0.0857426 0.0858398
3.78738 0.0857052 0.0858024
3.78798 0.0856678 0.0857651
3.78857 0.0856303 0.0857277
3.78916 0.0855929 0.0856903
3.78975 0.0855556 0.085653
3.79034 0.0855182 0.0856157
3.79094 0.0854808 0.0855783
3.79153 0.0854435 0.085541
3.79212 0.0854061 0.0855037
3.79271 0.0853688 0.0854664
3.79331 0.0853314 0.0854291
3.7939 0.0852941 0.0853919
3.79449 0.0852568 0.0853546
3.79508 0.0852195 0.0853173
3.79568 0.0851822 0.0852801
3.79627 0.085145 0.0852429
3.79686 0.0851077 0.0852056
3.79746 0.0850704 0.0851684
3.79805 0.0850332 0.0851312
3.79864 0.084996 0.085094
3.79924 0.0849587 0.0850569
3.79983 0.0849215 0.0850197
3.80042 0.0848843 0.0849825
3.80102 0.0848471 0.0849454
3.80161 0.08481 0.0849082
3.8022 0.0847728 0.0848711
3.8028 0.0847356 0.084834
3.80339 0.0846985 0.0847969
3.80398 0.0846613 0.0847598
3.80458 0.0846242 0.0847227
3.80517 0.0845871 0.0846856
3.80576 0.08455 0.0846485
3.80636 0.0845129 0.0846115
3.80695 0.0844758 0.0845744
3.80755 0.0844387 0.0845374
3.80814 0.0844016 0.0845004
3.80873 0.0843646 0.0844634
3.80933 0.0843275 0.0844264
3.80992 0.0842905 0.0843894
3.81052 0.0842535 0.0843524
3.81111 0.0842164 0.0843154
3.81171 0.0841794 0.0842784
3.8123 0.0841424 0.0842415
3.8129 0.0841054 0.0842045
3.81349 0.0840685 0.0841676
3.81408 0.0840315 0.0841307
3.81468 0.0839945 0.0840938
3.81527 0.0839576 0.0840569
3.81587 0.0839207 0.08402
3.81646 0.0838837 0.0839831
3.81706 0.0838468 0.0839462
3.81765 0.0838099 0.0839093
3.81825 0.083773 0.0838725
3.81884 0.0837361 0.0838356
3.81944 0.0836993 0.0837988
3.82004 0.0836624 0.083762
3.82063 0.0836255 0.0837252
3.82123 0.0835887 0.0836884
3.82182 0.0835519 0.0836516
3.82242 0.083515 0.0836148
3.82301 0.0834782 0.083578
3.82361 0.0834414 0.0835413
3.82421 0.0834046 0.0835045
3.8248 0.0833678 0.0834678
3.8254 0.0833311 0.0834311
3.82599 0.0832943 0.0833943
3.82659 0.0832575 0.0833576
3.82719 0.0832208 0.0833209
3.82778 0.0831841 0.0832842
3.82838 0.0831473 0.0832476
3.82897 0.0831106 0.0832109
3.82957 0.0830739 0.0831742
3.83017 0.0830372 0.0831376
3.83076 0.0830006 0.0831009
3.83136 0.0829639 0.0830643
3.83196 0.0829272 0.0830277
3.83255 0.0828906 0.0829911
3.83315 0.0828539 0.0829545
3.83375 0.0828173 0.0829179
3.83434 0.0827807 0.0828813
3.83494 0.0827441 0.0828447
3.83554 0.0827075 0.0828082
3.83614 0.0826709 0.0827716
3.83673 0.0826343 0.0827351
3.83733 0.0825977 0.0826986
3.83793 0.0825612 0.0826621
3.83852 0.0825246 0.0826256
3.83912 0.0824881 0.0825891
3.83972 0.0824515 0.0825526
3.84032 0.082415 0.0825161
3.84091 0.0823785 0.0824796
3.84151 0.082342 0.0824432
3.84211 0.0823055 0.0824067
3.84271 0.082269 0.0823703
3.84331 0.0822326 0.0823339
3.8439 0.0821961 0.0822974
3.8445 0.0821596 0.082261
3.8451 0.0821232 0.0822246
3.8457 0.0820868 0.0821882
3.8463 0.0820503 0.0821519
3.84689 0.0820139 0.0821155
3.84749 0.0819775 0.0820791
3.84809 0.0819411 0.0820428
3.84869 0.0819048 0.0820065
3.84929 0.0818684 0.0819701
3.84989 0.081832 0.0819338
3.85049 0.0817957 0.0818975
3.85108 0.0817593 0.0818612
3.85168 0.081723 0.0818249
3.85228 0.0816867 0.0817887
3.85288 0.0816504 0.0817524
3.85348 0.0816141 0.0817161
3.85408 0.0815778 0.0816799
3.85468 0.0815415 0.0816436
3.85528 0.0815052 0.0816074
3.85588 0.081469 0.0815712
3.85648 0.0814327 0.081535
3.85708 0.0813965 0.0814988
3.85768 0.0813602 0.0814626
3.85828 0.081324 0.0814264
3.85888 0.0812878 0.0813903
3.85948 0.0812516 0.0813541
3.86007 0.0812154 0.081318
3.86067 0.0811792 0.0812818
3.86127 0.0811431 0.0812457
3.86187 0.0811069 0.0812096
3.86247 0.0810708 0.0811735
3.86308 0.0810346 0.0811374
3.86368 0.0809985 0.0811013
3.86428 0.0809624 0.0810652
3.86488 0.0809262 0.0810291
3.86548 0.0808901 0.0809931
3.86608 0.0808541 0.080957
3.86668 0.080818 0.080921
3.86728 0.0807819 0.080885
3.86788 0.0807458 0.080849
3.86848 0.0807098 0.080813
3.86908 0.0806737 0.080777
3.86968 0.0806377 0.080741
3.87028 0.0806017 0.080705
3.87088 0.0805657 0.080669
3.87148 0.0805297 0.0806331
3.87209 0.0804937 0.0805971
3.87269 0.0804577 0.0805612
3.87329 0.0804217 0.0805252
3.87389 0.0803857 0.0804893
3.87449 0.0803498 0.0804534
3.87509 0.0803139 0.0804175
3.87569 0.0802779 0.0803816
3.8763 0.080242 0.0803458
3.8769 0.0802061 0.0803099
3.8775 0.0801702 0.080274
3.8781 0.0801343 0.0802382
3.8787 0.0800984 0.0802023
3.87931 0.0800625 0.0801665
3.87991 0.0800267 0.0801307
3.88051 0.0799908 0.0800949
3.88111 0.0799549 0.0800591
3.88171 0.0799191 0.0800233
3.88232 0.0798833 0.0799875
3.88292 0.0798475 0.0799517
3.88352 0.0798117 0.079916
3.88412 0.0797759 0.0798802
3.88473 0.0797401 0.0798445
3.88533 0.0797043 0.0798087
3.88593 0.0796685 0.079773
3.88654 0.0796328 0.0797373
3.88714 0.079597 0.0797016
3.88774 0.0795613 0.0796659
3.88835 0.0795256 0.0796302
3.88895 0.0794898 0.0795946
3.88955 0.0794541 0.0795589
3.89015 0.0794184 0.0795232
3.89076 0.0793827 0.0794876
3.89136 0.0793471 0.079452
3.89197 0.0793114 0.0794163
3.89257 0.0792757 0.0793807
3.89317 0.0792401 0.0793451
3.89378 0.0792044 0.0793095
3.89438 0.0791688 0.0792739
3.89498 0.0791332 0.0792384
3.89559 0.0790976 0.0792028
3.89619 0.079062 0.0791672
3.8968 0.0790264 0.0791317
3.8974 0.0789908 0.0790962
3.89801 0.0789552 0.0790606
3.89861 0.0789197 0.0790251
3.89921 0.0788841 0.0789896
3.89982 0.0788486 0.0789541
3.90042 0.078813 0.0789186
3.90103 0.0787775 0.0788832
3.90163 0.078742 0.0788477
3.90224 0.0787065 0.0788122
3.90284 0.078671 0.0787768
3.90345 0.0786355 0.0787413
3.90405 0.0786 0.0787059
3.90466 0.0785646 0.0786705
3.90526 0.0785291 0.0786351
3.90587 0.0784937 0.0785997
3.90647 0.0784582 0.0785643
3.90708 0.0784228 0.0785289
3.90768 0.0783874 0.0784935
3.90829 0.078352 0.0784582
3.90889 0.0783166 0.0784228
3.9095 0.0782812 0.0783875
3.91011 0.0782458 0.0783522
3.91071 0.0782104 0.0783168
3.91132 0.0781751 0.0782815
3.91192 0.0781397 0.0782462
3.91253 0.0781044 0.0782109
3.91314 0.0780691 0.0781756
3.91374 0.0780337 0.0781404
3.91435 0.0779984 0.0781051
3.91496 0.0779631 0.0780698
3.91556 0.0779278 0.0780346
3.91617 0.0778926 0.0779994
3.91677 0.0778573 0.0779641
3.91738 0.077822 0.0779289
3.91799 0.0777868 0.0778937
3.9186 0.0777515 0.0778585
3.9192 0.0777163 0.0778233
3.91981 0.0776811 0.0777882
3.92042 0.0776458 0.077753
3.92102 0.0776106 0.0777178
3.92163 0.0775754 0.0776827
3.92224 0.0775403 0.0776475
3.92285 0.0775051 0.0776124
3.92345 0.0774699 0.0775773
3.92406 0.0774348 0.0775422
3.92467 0.0773996 0.0775071
3.92528 0.0773645 0.077472
3.92588 0.0773293 0.0774369
3.92649 0.0772942 0.0774018
3.9271 0.0772591 0.0773668
3.92771 0.077224 0.0773317
3.92831 0.0771889 0.0772967
3.92892 0.0771538 0.0772616
3.92953 0.0771188 0.0772266
3.93014 0.0770837 0.0771916
3.93075 0.0770487 0.0771566
3.93136 0.0770136 0.0771216
3.93196 0.0769786 0.0770866
3.93257 0.0769436 0.0770516
3.93318 0.0769085 0.0770167
3.93379 0.0768735 0.0769817
3.9344 0.0768385 0.0769468
3.93501 0.0768036 0.0769118
3.93562 0.0767686 0.0768769
3.93623 0.0767336 0.076842
3.93684 0.0766987 0.0768071
3.93744 0.0766637 0.0767722
3.93805 0.0766288 0.0767373
3.93866 0.0765938 0.0767024
3.93927 0.0765589 0.0766675
3.93988 0.076524 0.0766327
3.94049 0.0764891 0.0765978
3.9411 0.0764542 0.076563
3.94171 0.0764193 0.0765281
3.94232 0.0763845 0.0764933
3.94293 0.0763496 0.0764585
3.94354 0.0763148 0.0764237
3.94415 0.0762799 0.0763889
3.94476 0.0762451 0.0763541
3.94537 0.0762103 0.0763193
3.94598 0.0761754 0.0762846
3.94659 0.0761406 0.0762498
3.9472 0.0761058 0.0762151
3.94781 0.076071 0.0761803
3.94842 0.0760363 0.0761456
3.94904 0.0760015 0.0761109
3.94965 0.0759667 0.0760762
3.95026 0.075932 0.0760415
3.95087 0.0758973 0.0760068
3.95148 0.0758625 0.0759721
3.95209 0.0758278 0.0759374
3.9527 0.0757931 0.0759028
3.95331 0.0757584 0.0758681
3.95392 0.0757237 0.0758335
3.95454 0.075689 0.0757988
3.95515 0.0756543 0.0757642
3.95576 0.0756197 0.0757296
3.95637 0.075585 0.075695
3.95698 0.0755504 0.0756604
3.95759 0.0755157 0.0756258
3.95821 0.0754811 0.0755912
3.95882 0.0754465 0.0755567
3.95943 0.0754119 0.0755221
3.96004 0.0753773 0.0754876
3.96065 0.0753427 0.075453
3.96127 0.0753081 0.0754185
3.96188 0.0752736 0.075384
3.96249 0.075239 0.0753495
3.9631 0.0752045 0.075315
3.96372 0.0751699 0.0752805
3.96433 0.0751354 0.075246
3.96494 0.0751009 0.0752115
3.96556 0.0750663 0.075177
3.96617 0.0750318 0.0751426
3.96678 0.0749973 0.0751081
3.96739 0.0749629 0.0750737
3.96801 0.0749284 0.0750393
3.96862 0.0748939 0.0750049
3.96923 0.0748595 0.0749705
3.96985 0.074825 0.0749361
3.97046 0.0747906 0.0749017
3.97107 0.0747561 0.0748673
3.97169 0.0747217 0.0748329
3.9723 0.0746873 0.0747986
3.97292 0.0746529 0.0747642
3.97353 0.0746185 0.0747299
3.97414 0.0745841 0.0746955
3.97476 0.0745498 0.0746612
3.97537 0.0745154 0.0746269
3.97599 0.074481 0.0745926
3.9766 0.0744467 0.0745583
3.97722 0.0744124 0.074524
3.97783 0.074378 0.0744897
3.97845 0.0743437 0.0744555
3.97906 0.0743094 0.0744212
3.97967 0.0742751 0.074387
3.98029 0.0742408 0.0743527
3.9809 0.0742065 0.0743185
3.98152 0.0741723 0.0742843
3.98213 0.074138 0.0742501
3.98275 0.0741038 0.0742159
3.98337 0.0740695 0.0741817
3.98398 0.0740353 0.0741475
3.9846 0.0740011 0.0741133
3.98521 0.0739668 0.0740791
3.98583 0.0739326 0.074045
3.98644 0.0738984 0.0740108
3.98706 0.0738642 0.0739767
3.98767 0.0738301 0.0739426
3.98829 0.0737959 0.0739085
3.98891 0.0737617 0.0738743
3.98952 0.0737276 0.0738402
3.99014 0.0736934 0.0738062
3.99076 0.0736593 0.0737721
3.99137 0.0736252 0.073738
3.99199 0.0735911 0.0737039
3.99261 0.073557 0.0736699
3.99322 0.0735229 0.0736358
3.99384 0.0734888 0.0736018
3.99446 0.0734547 0.0735678
3.99507 0.0734207 0.0735338
3.99569 0.0733866 0.0734998
3.99631 0.0733525 0.0734658
3.99692 0.0733185 0.0734318
3.99754 0.0732845 0.0733978
3.99816 0.0732505 0.0733638
3.99878 0.0732164 0.0733299
3.99939 0.0731824 0.0732959
4.00001 0.0731484 0.073262
4.00063 0.0731145 0.073228
4.00125 0.0730805 0.0731941
4.00186 0.0730465 0.0731602
4.00248 0.0730126 0.0731263
4.0031 0.0729786 0.0730924
4.00372 0.0729447 0.0730585
4.00434 0.0729107 0.0730246
4.00495 0.0728768 0.0729908
4.00557 0.0728429 0.0729569
4.00619 0.072809 0.072923
4.00681 0.0727751 0.0728892
4.00743 0.0727412 0.0728554
4.00805 0.0727074 0.0728215
4.00867 0.0726735 0.0727877
4.00929 0.0726396 0.0727539
4.0099 0.0726058 0.0727201
4.01052 0.072572 0.0726863
4.01114 0.0725381 0.0726526
4.01176 0.0725043 0.0726188
4.01238 0.0724705 0.072585
4.013 0.0724367 0.0725513
4.01362 0.0724029 0.0725176
4.01424 0.0723691 0.0724838
4.01486 0.0723354 0.0724501
4.01548 0.0723016 0.0724164
4.0161 0.0722678 0.0723827
4.01672 0.0722341 0.072349
4.01734 0.0722004 0.0723153
4.01796 0.0721666 0.0722816
4.01858 0.0721329 0.072248
4.0192 0.0720992 0.0722143
4.01982 0.0720655 0.0721807
4.02044 0.0720318 0.072147
4.02106 0.0719981 0.0721134
4.02168 0.0719644 0.0720798
4.0223 0.0719308 0.0720462
4.02292 0.0718971 0.0720125
4.02354 0.0718635 0.071979
4.02417 0.0718298 0.0719454
4.02479 0.0717962 0.0719118
4.02541 0.0717626 0.0718782
4.02603 0.071729 0.0718447
4.02665 0.0716954 0.0718111
4.02727 0.0716618 0.0717776
4.02789 0.0716282 0.0717441
4.02852 0.0715946 0.0717105
4.02914 0.0715611 0.071677
4.02976 0.0715275 0.0716435
4.03038 0.071494 0.07161
4.031 0.0714604 0.0715765
4.03163 0.0714269 0.0715431
4.03225 0.0713934 0.0715096
4.03287 0.0713599 0.0714761
4.03349 0.0713264 0.0714427
4.03411 0.0712929 0.0714093
4.03474 0.0712594 0.0713758
4.03536 0.0712259 0.0713424
4.03598 0.0711925 0.071309
4.03661 0.071159 0.0712756
4.03723 0.0711256 0.0712422
4.03785 0.0710921 0.0712088
4.03847 0.0710587 0.0711754
4.0391 0.0710253 0.0711421
4.03972 0.0709919 0.0711087
4.04034 0.0709585 0.0710754
4.04097 0.0709251 0.071042
4.04159 0.0708917 0.0710087
4.04222 0.0708583 0.0709754
4.04284 0.070825 0.0709421
4.04346 0.0707916 0.0709088
4.04409 0.0707583 0.0708755
4.04471 0.0707249 0.0708422
4.04533 0.0706916 0.0708089
4.04596 0.0706583 0.0707756
4.04658 0.070625 0.0707424
4.04721 0.0705917 0.0707091
4.04783 0.0705584 0.0706759
4.04846 0.0705251 0.0706427
4.04908 0.0704918 0.0706094
4.04971 0.0704585 0.0705762
4.05033 0.0704253 0.070543
4.05096 0.070392 0.0705098
4.05158 0.0703588 0.0704766
4.05221 0.0703256 0.0704435
4.05283 0.0702923 0.0704103
4.05346 0.0702591 0.0703771
4.05408 0.0702259 0.070344
4.05471 0.0701927 0.0703108
4.05533 0.0701595 0.0702777
4.05596 0.0701264 0.0702446
4.05658 0.0700932 0.0702115
4.05721 0.07006 0.0701784
4.05784 0.0700269 0.0701453
4.05846 0.0699938 0.0701122
4.05909 0.0699606 0.0700791
4.05972 0.0699275 0.070046
4.06034 0.0698944 0.070013
4.06097 0.0698613 0.0699799
4.06159 0.0698282 0.0699469
4.06222 0.0697951 0.0699139
4.06285 0.069762 0.0698808
4.06347 0.0697289 0.0698478
4.0641 0.0696959 0.0698148
4.06473 0.0696628 0.0697818
4.06536 0.0696298 0.0697488
4.06598 0.0695968 0.0697158
4.06661 0.0695637 0.0696829
4.06724 0.0695307 0.0696499
4.06787 0.0694977 0.069617
4.06849 0.0694647 0.069584
4.06912 0.0694317 0.0695511
4.06975 0.0693987 0.0695182
4.07038 0.0693658 0.0694852
4.071 0.0693328 0.0694523
4.07163 0.0692999 0.0694194
4.07226 0.0692669 0.0693865
4.07289 0.069234 0.0693537
4.07352 0.069201 0.0693208
4.07415 0.0691681 0.0692879
4.07477 0.0691352 0.0692551
4.0754 0.0691023 0.0692222
4.07603 0.0690694 0.0691894
4.07666 0.0690365 0.0691566
4.07729 0.0690037 0.0691237
4.07792 0.0689708 0.0690909
4.07855 0.068938 0.0690581
4.07918 0.0689051 0.0690253
4.07981 0.0688723 0.0689926
4.08044 0.0688394 0.0689598
4.08107 0.0688066 0.068927
4.08169 0.0687738 0.0688943
4.08232 0.068741 0.0688615
4.08295 0.0687082 0.0688288
4.08358 0.0686754 0.068796
4.08421 0.0686427 0.0687633
4.08484 0.0686099 0.0687306
4.08547 0.0685771 0.0686979
4.0861 0.0685444 0.0686652
4.08674 0.0685116 0.0686325
4.08737 0.0684789 0.0685999
4.088 0.0684462 0.0685672
4.08863 0.0684135 0.0685345
4.08926 0.0683808 0.0685019
4.08989 0.0683481 0.0684692
4.09052 0.0683154 0.0684366
4.09115 0.0682827 0.068404
4.09178 0.06825 0.0683714
4.09241 0.0682174 0.0683388
4.09304 0.0681847 0.0683062
4.09368 0.0681521 0.0682736
4.09431 0.0681194 0.068241
4.09494 0.0680868 0.0682084
4.09557 0.0680542 0.0681759
4.0962 0.0680216 0.0681433
4.09683 0.067989 0.0681108
4.09747 0.0679564 0.0680782
4.0981 0.0679238 0.0680457
4.09873 0.0678912 0.0680132
4.09936 0.0678587 0.0679807
4.1 0.0678261 0.0679482
4.10063 0.0677936 0.0679157
4.10126 0.067761 0.0678832
4.10189 0.0677285 0.0678507
4.10253 0.067696 0.0678183
4.10316 0.0676635 0.0677858
4.10379 0.067631 0.0677534
4.10443 0.0675985 0.0677209
4.10506 0.067566 0.0676885
4.10569 0.0675335 0.0676561
4.10633 0.067501 0.0676237
4.10696 0.0674686 0.0675913
4.10759 0.0674361 0.0675589
4.10823 0.0674037 0.0675265
4.10886 0.0673712 0.0674941
4.10949 0.0673388 0.0674617
4.11013 0.0673064 0.0674294
4.11076 0.067274 0.067397
4.1114 0.0672416 0.0673647
4.11203 0.0672092 0.0673323
4.11267 0.0671768 0.0673
4.1133 0.0671445 0.0672677
4.11394 0.0671121 0.0672354
4.11457 0.0670797 0.0672031
4.11521 0.0670474 0.0671708
4.11584 0.0670151 0.0671385
4.11648 0.0669827 0.0671063
4.11711 0.0669504 0.067074
4.11775 0.0669181 0.0670417
4.11838 0.0668858 0.0670095
4.11902 0.0668535 0.0669773
4.11965 0.0668212 0.066945
4.12029 0.0667889 0.0669128
4.12092 0.0667567 0.0668806
4.12156 0.0667244 0.0668484
4.1222 0.0666922 0.0668162
4.12283 0.0666599 0.066784
4.12347 0.0666277 0.0667519
4.1241 0.0665955 0.0667197
4.12474 0.0665632 0.0666875
4.12538 0.066531 0.0666554
4.12601 0.0664988 0.0666232
4.12665 0.0664666 0.0665911
4.12729 0.0664345 0.066559
4.12792 0.0664023 0.0665269
4.12856 0.0663701 0.0664948
4.1292 0.066338 0.0664627
4.12984 0.0663058 0.0664306
4.13047 0.0662737 0.0663985
4.13111 0.0662416 0.0663664
4.13175 0.0662094 0.0663344
4.13239 0.0661773 0.0663023
4.13302 0.0661452 0.0662703
4.13366 0.0661131 0.0662382
4.1343 0.066081 0.0662062
4.13494 0.066049 0.0661742
4.13558 0.0660169 0.0661422
4.13621 0.0659848 0.0661102
4.13685 0.0659528 0.0660782
4.13749 0.0659207 0.0660462
4.13813 0.0658887 0.0660142
4.13877 0.0658567 0.0659822
4.13941 0.0658247 0.0659503
4.14005 0.0657927 0.0659183
4.14068 0.0657607 0.0658864
4.14132 0.0657287 0.0658545
4.14196 0.0656967 0.0658225
4.1426 0.0656647 0.0657906
4.14324 0.0656327 0.0657587
4.14388 0.0656008 0.0657268
4.14452 0.0655688 0.0656949
4.14516 0.0655369 0.065663
4.1458 0.065505 0.0656312
4.14644 0.0654731 0.0655993
4.14708 0.0654411 0.0655675
4.14772 0.0654092 0.0655356
4.14836 0.0653773 0.0655038
4.149 0.0653454 0.0654719
4.14964 0.0653136 0.0654401
4.15028 0.0652817 0.0654083
4.15092 0.0652498 0.0653765
4.15156 0.065218 0.0653447
4.1522 0.0651861 0.0653129
4.15285 0.0651543 0.0652812
4.15349 0.0651225 0.0652494
4.15413 0.0650907 0.0652176
4.15477 0.0650588 0.0651859
4.15541 0.065027 0.0651541
4.15605 0.0649952 0.0651224
4.15669 0.0649635 0.0650907
4.15734 0.0649317 0.065059
4.15798 0.0648999 0.0650272
4.15862 0.0648682 0.0649955
4.15926 0.0648364 0.0649639
4.1599 0.0648047 0.0649322
4.16055 0.0647729 0.0649005
4.16119 0.0647412 0.0648688
4.16183 0.0647095 0.0648372
4.16247 0.0646778 0.0648055
4.16312 0.0646461 0.0647739
4.16376 0.0646144 0.0647423
4.1644 0.0645827 0.0647106
4.16505 0.064551 0.064679
4.16569 0.0645194 0.0646474
4.16633 0.0644877 0.0646158
4.16698 0.0644561 0.0645842
4.16762 0.0644244 0.0645527
4.16826 0.0643928 0.0645211
4.16891 0.0643612 0.0644895
4.16955 0.0643296 0.064458
4.17019 0.064298 0.0644264
4.17084 0.0642664 0.0643949
4.17148 0.0642348 0.0643634
4.17213 0.0642032 0.0643318
4.17277 0.0641716 0.0643003
4.17342 0.0641401 0.0642688
4.17406 0.0641085 0.0642373
4.1747 0.064077 0.0642058
4.17535 0.0640454 0.0641744
4.17599 0.0640139 0.0641429
4.17664 0.0639824 0.0641114
4.17728 0.0639509 0.06408
4.17793 0.0639193 0.0640485
4.17858 0.0638879 0.0640171
4.17922 0.0638564 0.0639857
4.17987 0.0638249 0.0639543
4.18051 0.0637934 0.0639229
4.18116 0.063762 0.0638915
4.1818 0.0637305 0.0638601
4.18245 0.0636991 0.0638287
4.1831 0.0636676 0.0637973
4.18374 0.0636362 0.0637659
4.18439 0.0636048 0.0637346
4.18504 0.0635734 0.0637032
4.18568 0.063542 0.0636719
4.18633 0.0635106 0.0636406
4.18698 0.0634792 0.0636092
4.18762 0.0634478 0.0635779
4.18827 0.0634164 0.0635466
4.18892 0.0633851 0.0635153
4.18956 0.0633537 0.063484
4.19021 0.0633224 0.0634527
4.19086 0.0632911 0.0634215
4.19151 0.0632597 0.0633902
4.19215 0.0632284 0.0633589
4.1928 0.0631971 0.0633277
4.19345 0.0631658 0.0632965
4.1941 0.0631345 0.0632652
4.19475 0.0631032 0.063234
4.19539 0.0630719 0.0632028
4.19604 0.0630407 0.0631716
4.19669 0.0630094 0.0631404
4.19734 0.0629782 0.0631092
4.19799 0.0629469 0.063078
4.19864 0.0629157 0.0630468
4.19929 0.0628845 0.0630157
4.19994 0.0628533 0.0629845
4.20058 0.062822 0.0629534
4.20123 0.0627908 0.0629222
4.20188 0.0627597 0.0628911
4.20253 0.0627285 0.06286
4.20318 0.0626973 0.0628289
4.20383 0.0626661 0.0627978
4.20448 0.062635 0.0627667
4.20513 0.0626038 0.0627356
4.20578 0.0625727 0.0627045
4.20643 0.0625415 0.0626735
4.20708 0.0625104 0.0626424
4.20773 0.0624793 0.0626113
4.20838 0.0624482 0.0625803
4.20903 0.0624171 0.0625493
4.20968 0.062386 0.0625182
4.21034 0.0623549 0.0624872
4.21099 0.0623239 0.0624562
4.21164 0.0622928 0.0624252
4.21229 0.0622617 0.0623942
4.21294 0.0622307 0.0623632
4.21359 0.0621996 0.0623322
4.21424 0.0621686 0.0623013
4.2149 0.0621376 0.0622703
4.21555 0.0621066 0.0622394
4.2162 0.0620756 0.0622084
4.21685 0.0620446 0.0621775
4.2175 0.0620136 0.0621465
4.21816 0.0619826 0.0621156
4.21881 0.0619516 0.0620847
4.21946 0.0619207 0.0620538
4.22011 0.0618897 0.0620229
4.22077 0.0618587 0.061992
4.22142 0.0618278 0.0619612
4.22207 0.0617969 0.0619303
4.22272 0.061766 0.0618994
4.22338 0.061735 0.0618686
4.22403 0.0617041 0.0618377
4.22469 0.0616732 0.0618069
4.22534 0.0616423 0.0617761
4.22599 0.0616115 0.0617453
4.22665 0.0615806 0.0617144
4.2273 0.0615497 0.0616836
4.22795 0.0615189 0.0616528
4.22861 0.061488 0.0616221
4.22926 0.0614572 0.0615913
4.22992 0.0614263 0.0615605
4.23057 0.0613955 0.0615298
4.23123 0.0613647 0.061499
4.23188 0.0613339 0.0614683
4.23254 0.0613031 0.0614375
4.23319 0.0612723 0.0614068
4.23385 0.0612415 0.0613761
4.2345 0.0612107 0.0613454
4.23516 0.06118 0.0613147
4.23581 0.0611492 0.061284
4.23647 0.0611185 0.0612533
4.23712 0.0610877 0.0612226
4.23778 0.061057 0.061192
4.23843 0.0610263 0.0611613
4.23909 0.0609956 0.0611306
4.23975 0.0609649 0.0611
4.2404 0.0609342 0.0610694
4.24106 0.0609035 0.0610387
4.24172 0.0608728 0.0610081
4.24237 0.0608421 0.0609775
4.24303 0.0608114 0.0609469
4.24369 0.0607808 0.0609163
4.24434 0.0607501 0.0608857
4.245 0.0607195 0.0608552
4.24566 0.0606889 0.0608246
4.24632 0.0606582 0.060794
4.24697 0.0606276 0.0607635
4.24763 0.060597 0.0607329
4.24829 0.0605664 0.0607024
4.24895 0.0605358 0.0606719
4.2496 0.0605052 0.0606413
4.25026 0.0604747 0.0606108
4.25092 0.0604441 0.0605803
4.25158 0.0604135 0.0605498
4.25224 0.060383 0.0605194
4.2529 0.0603524 0.0604889
4.25355 0.0603219 0.0604584
4.25421 0.0602914 0.0604279
4.25487 0.0602609 0.0603975
4.25553 0.0602303 0.0603671
4.25619 0.0601998 0.0603366
4.25685 0.0601693 0.0603062
4.25751 0.0601389 0.0602758
4.25817 0.0601084 0.0602454
4.25883 0.0600779 0.060215
4.25949 0.0600475 0.0601846
4.26015 0.060017 0.0601542
4.26081 0.0599866 0.0601238
4.26147 0.0599561 0.0600934
4.26213 0.0599257 0.0600631
4.26279 0.0598953 0.0600327
4.26345 0.0598649 0.0600024
4.26411 0.0598345 0.059972
4.26477 0.0598041 0.0599417
4.26543 0.0597737 0.0599114
4.26609 0.0597433 0.0598811
4.26675 0.0597129 0.0598508
4.26742 0.0596826 0.0598205
4.26808 0.0596522 0.0597902
4.26874 0.0596219 0.0597599
4.2694 0.0595915 0.0597296
4.27006 0.0595612 0.0596994
4.27072 0.0595309 0.0596691
4.27139 0.0595006 0.0596389
4.27205 0.0594703 0.0596086
4.27271 0.05944 0.0595784
4.27337 0.0594097 0.0595482
4.27404 0.0593794 0.059518
4.2747 0.0593491 0.0594878
4.27536 0.0593189 0.0594576
4.27602 0.0592886 0.0594274
4.27669 0.0592584 0.0593972
4.27735 0.0592281 0.059367
4.27801 0.0591979 0.0593369
4.27868 0.0591677 0.0593067
4.27934 0.0591375 0.0592766
4.28 0.0591072 0.0592464
4.28067 0.059077 0.0592163
4.28133 0.0590469 0.0591862
4.282 0.0590167 0.059156
4.28266 0.0589865 0.0591259
4.28332 0.0589563 0.0590958
4.28399 0.0589262 0.0590658
4.28465 0.058896 0.0590357
4.28532 0.0588659 0.0590056
4.28598 0.0588358 0.0589755
4.28665 0.0588056 0.0589455
4.28731 0.0587755 0.0589154
4.28798 0.0587454 0.0588854
4.28864 0.0587153 0.0588554
4.28931 0.0586852 0.0588253
4.28997 0.0586551 0.0587953
4.29064 0.058625 0.0587653
4.29131 0.058595 0.0587353
4.29197 0.0585649 0.0587053
4.29264 0.0585349 0.0586753
4.2933 0.0585048 0.0586453
4.29397 0.0584748 0.0586154
4.29464 0.0584448 0.0585854
4.2953 0.0584147 0.0585555
4.29597 0.0583847 0.0585255
4.29664 0.0583547 0.0584956
4.2973 0.0583247 0.0584657
4.29797 0.0582947 0.0584357
4.29864 0.0582648 0.0584058
4.2993 0.0582348 0.0583759
4.29997 0.0582048 0.058346
4.30064 0.0581749 0.0583162
4.30131 0.0581449 0.0582863
4.30198 0.058115 0.0582564
4.30264 0.0580851 0.0582265
4.30331 0.0580551 0.0581967
4.30398 0.0580252 0.0581668
4.30465 0.0579953 0.058137
4.30532 0.0579654 0.0581072
4.30599 0.0579355 0.0580774
4.30665 0.0579056 0.0580475
4.30732 0.0578758 0.0580177
4.30799 0.0578459 0.0579879
4.30866 0.057816 0.0579582
4.30933 0.0577862 0.0579284
4.31 0.0577563 0.0578986
4.31067 0.0577265 0.0578688
4.31134 0.0576967 0.0578391
4.31201 0.0576669 0.0578093
4.31268 0.0576371 0.0577796
4.31335 0.0576073 0.0577499
4.31402 0.0575775 0.0577201
4.31469 0.0575477 0.0576904
4.31536 0.0575179 0.0576607
4.31603 0.0574881 0.057631
4.3167 0.0574584 0.0576013
4.31737 0.0574286 0.0575716
4.31804 0.0573989 0.057542
4.31871 0.0573691 0.0575123
4.31939 0.0573394 0.0574826
4.32006 0.0573097 0.057453
4.32073 0.05728 0.0574233
4.3214 0.0572503 0.0573937
4.32207 0.0572206 0.0573641
4.32274 0.0571909 0.0573345
4.32342 0.0571612 0.0573049
4.32409 0.0571315 0.0572753
4.32476 0.0571019 0.0572457
4.32543 0.0570722 0.0572161
4.32611 0.0570426 0.0571865
4.32678 0.0570129 0.0571569
4.32745 0.0569833 0.0571274
4.32812 0.0569537 0.0570978
4.3288 0.056924 0.0570683
4.32947 0.0568944 0.0570387
4.33014 0.0568648 0.0570092
4.33082 0.0568352 0.0569797
4.33149 0.0568057 0.0569502
4.33216 0.0567761 0.0569207
4.33284 0.0567465 0.0568912
4.33351 0.0567169 0.0568617
4.33419 0.0566874 0.0568322
4.33486 0.0566578 0.0568027
4.33554 0.0566283 0.0567732
4.33621 0.0565988 0.0567438
4.33688 0.0565693 0.0567143
4.33756 0.0565397 0.0566849
4.33823 0.0565102 0.0566555
4.33891 0.0564807 0.056626
4.33958 0.0564513 0.0565966
4.34026 0.0564218 0.0565672
4.34094 0.0563923 0.0565378
4.34161 0.0563628 0.0565084
4.34229 0.0563334 0.056479
4.34296 0.0563039 0.0564497
4.34364 0.0562745 0.0564203
4.34432 0.0562451 0.0563909
4.34499 0.0562156 0.0563616
4.34567 0.0561862 0.0563322
4.34634 0.0561568 0.0563029
4.34702 0.0561274 0.0562736
4.3477 0.056098 0.0562442
4.34838 0.0560686 0.0562149
4.34905 0.0560392 0.0561856
4.34973 0.0560099 0.0561563
4.35041 0.0559805 0.056127
4.35108 0.0559512 0.0560978
4.35176 0.0559218 0.0560685
4.35244 0.0558925 0.0560392
4.35312 0.0558631 0.05601
4.3538 0.0558338 0.0559807
4.35447 0.0558045 0.0559515
4.35515 0.0557752 0.0559222
4.35583 0.0557459 0.055893
4.35651 0.0557166 0.0558638
4.35719 0.0556873 0.0558346
4.35787 0.0556581 0.0558054
4.35855 0.0556288 0.0557762
4.35923 0.0555995 0.055747
4.35991 0.0555703 0.0557178
4.36058 0.055541 0.0556887
4.36126 0.0555118 0.0556595
4.36194 0.0554826 0.0556303
4.36262 0.0554534 0.0556012
4.3633 0.0554242 0.0555721
4.36398 0.055395 0.0555429
4.36466 0.0553658 0.0555138
4.36535 0.0553366 0.0554847
4.36603 0.0553074 0.0554556
4.36671 0.0552782 0.0554265
4.36739 0.0552491 0.0553974
4.36807 0.0552199 0.0553683
4.36875 0.0551908 0.0553393
4.36943 0.0551616 0.0553102
4.37011 0.0551325 0.0552811
4.37079 0.0551034 0.0552521
4.37148 0.0550742 0.055223
4.37216 0.0550451 0.055194
4.37284 0.055016 0.055165
4.37352 0.0549869 0.055136
4.3742 0.0549579 0.055107
4.37489 0.0549288 0.055078
4.37557 0.0548997 0.055049
4.37625 0.0548707 0.05502
4.37693 0.0548416 0.054991
4.37762 0.0548126 0.054962
4.3783 0.0547835 0.0549331
4.37898 0.0547545 0.0549041
4.37967 0.0547255 0.0548752
4.38035 0.0546965 0.0548462
4.38103 0.0546675 0.0548173
4.38172 0.0546385 0.0547884
4.3824 0.0546095 0.0547595
4.38309 0.0545805 0.0547305
4.38377 0.0545515 0.0547016
4.38446 0.0545225 0.0546728
4.38514 0.0544936 0.0546439
4.38582 0.0544646 0.054615
4.38651 0.0544357 0.0545861
4.38719 0.0544068 0.0545573
4.38788 0.0543778 0.0545284
4.38856 0.0543489 0.0544996
4.38925 0.05432 0.0544707
4.38994 0.0542911 0.0544419
4.39062 0.0542622 0.0544131
4.39131 0.0542333 0.0543843
4.39199 0.0542044 0.0543555
4.39268 0.0541756 0.0543267
4.39337 0.0541467 0.0542979
4.39405 0.0541178 0.0542691
4.39474 0.054089 0.0542403
4.39542 0.0540602 0.0542116
4.39611 0.0540313 0.0541828
4.3968 0.0540025 0.0541541
4.39749 0.0539737 0.0541253
4.39817 0.0539449 0.0540966
4.39886 0.0539161 0.0540679
4.39955 0.0538873 0.0540392
4.40024 0.0538585 0.0540104
4.40092 0.0538297 0.0539817
4.40161 0.0538009 0.0539531
4.4023 0.0537722 0.0539244
4.40299 0.0537434 0.0538957
4.40368 0.0537147 0.053867
4.40437 0.0536859 0.0538384
4.40505 0.0536572 0.0538097
4.40574 0.0536285 0.0537811
4.40643 0.0535998 0.0537524
4.40712 0.0535711 0.0537238
4.40781 0.0535424 0.0536952
4.4085 0.0535137 0.0536666
4.40919 0.053485 0.0536379
4.40988 0.0534563 0.0536093
4.41057 0.0534276 0.0535808
4.41126 0.053399 0.0535522
4.41195 0.0533703 0.0535236
4.41264 0.0533417 0.053495
4.41333 0.053313 0.0534665
4.41402 0.0532844 0.0534379
4.41471 0.0532558 0.0534094
4.4154 0.0532272 0.0533808
4.41609 0.0531986 0.0533523
4.41678 0.05317 0.0533238
4.41748 0.0531414 0.0532953
4.41817 0.0531128 0.0532668
4.41886 0.0530842 0.0532383
4.41955 0.0530557 0.0532098
4.42024 0.0530271 0.0531813
4.42094 0.0529985 0.0531528
4.42163 0.05297 0.0531244
4.42232 0.0529415 0.0530959
4.42301 0.0529129 0.0530675
4.42371 0.0528844 0.053039
4.4244 0.0528559 0.0530106
4.42509 0.0528274 0.0529822
4.42578 0.0527989 0.0529537
4.42648 0.0527704 0.0529253
4.42717 0.0527419 0.0528969
4.42786 0.0527135 0.0528685
4.42856 0.052685 0.0528401
4.42925 0.0526565 0.0528118
4.42995 0.0526281 0.0527834
4.43064 0.0525996 0.052755
4.43133 0.0525712 0.0527267
4.43203 0.0525428 0.0526983
4.43272 0.0525143 0.05267
4.43342 0.0524859 0.0526416
4.43411 0.0524575 0.0526133
4.43481 0.0524291 0.052585
4.4355 0.0524007 0.0525567
4.4362 0.0523724 0.0525284
4.4369 0.052344 0.0525001
4.43759 0.0523156 0.0524718
4.43829 0.0522873 0.0524435
4.43898 0.0522589 0.0524153
4.43968 0.0522306 0.052387
4.44038 0.0522022 0.0523587
4.44107 0.0521739 0.0523305
4.44177 0.0521456 0.0523023
4.44247 0.0521173 0.052274
4.44316 0.052089 0.0522458
4.44386 0.0520607 0.0522176
4.44456 0.0520324 0.0521894
4.44525 0.0520041 0.0521612
4.44595 0.0519758 0.052133
4.44665 0.0519476 0.0521048
4.44735 0.0519193 0.0520766
4.44804 0.0518911 0.0520485
4.44874 0.0518628 0.0520203
4.44944 0.0518346 0.0519921
4.45014 0.0518064 0.051964
4.45084 0.0517781 0.0519359
4.45154 0.0517499 0.0519077
4.45224 0.0517217 0.0518796
4.45294 0.0516935 0.0518515
4.45363 0.0516653 0.0518234
4.45433 0.0516372 0.0517953
4.45503 0.051609 0.0517672
4.45573 0.0515808 0.0517391
4.45643 0.0515527 0.051711
4.45713 0.0515245 0.051683
4.45783 0.0514964 0.0516549
4.45853 0.0514682 0.0516268
4.45923 0.0514401 0.0515988
4.45993 0.051412 0.0515708
4.46064 0.0513839 0.0515427
4.46134 0.0513558 0.0515147
4.46204 0.0513277 0.0514867
4.46274 0.0512996 0.0514587
4.46344 0.0512715 0.0514307
4.46414 0.0512434 0.0514027
4.46484 0.0512154 0.0513747
4.46555 0.0511873 0.0513467
4.46625 0.0511593 0.0513188
4.46695 0.0511312 0.0512908
4.46765 0.0511032 0.0512629
4.46835 0.0510752 0.0512349
4.46906 0.0510471 0.051207
4.46976 0.0510191 0.0511791
4.47046 0.0509911 0.0511511
4.47117 0.0509631 0.0511232
4.47187 0.0509351 0.0510953
4.47257 0.0509072 0.0510674
4.47328 0.0508792 0.0510395
4.47398 0.0508512 0.0510116
4.47468 0.0508233 0.0509838
4.47539 0.0507953 0.0509559
4.47609 0.0507674 0.050928
4.4768 0.0507394 0.0509002
4.4775 0.0507115 0.0508723
4.47821 0.0506836 0.0508445
4.47891 0.0506557 0.0508167
4.47962 0.0506278 0.0507889
4.48032 0.0505999 0.050761
4.48103 0.050572 0.0507332
4.48173 0.0505441 0.0507054
4.48244 0.0505162 0.0506776
4.48314 0.0504884 0.0506499
4.48385 0.0504605 0.0506221
4.48456 0.0504327 0.0505943
4.48526 0.0504048 0.0505666
4.48597 0.050377 0.0505388
4.48667 0.0503491 0.0505111
4.48738 0.0503213 0.0504833
4.48809 0.0502935 0.0504556
4.4888 0.0502657 0.0504279
4.4895 0.0502379 0.0504002
4.49021 0.0502101 0.0503725
4.49092 0.0501823 0.0503448
4.49163 0.0501546 0.0503171
4.49233 0.0501268 0.0502894
4.49304 0.050099 0.0502617
4.49375 0.0500713 0.050234
4.49446 0.0500435 0.0502064
4.49517 0.0500158 0.0501787
4.49588 0.0499881 0.0501511
4.49658 0.0499603 0.0501235
4.49729 0.0499326 0.0500958
4.498 0.0499049 0.0500682
4.49871 0.0498772 0.0500406
4.49942 0.0498495 0.050013
4.50013 0.0498219 0.0499854
4.50084 0.0497942 0.0499578
4.50155 0.0497665 0.0499302
4.50226 0.0497388 0.0499026
4.50297 0.0497112 0.0498751
4.50368 0.0496835 0.0498475
4.50439 0.0496559 0.04982
4.5051 0.0496283 0.0497924
4.50581 0.0496007 0.0497649
4.50653 0.049573 0.0497373
4.50724 0.0495454 0.0497098
4.50795 0.0495178 0.0496823
4.50866 0.0494902 0.0496548
4.50937 0.0494627 0.0496273
4.51008 0.0494351 0.0495998
4.5108 0.0494075 0.0495723
4.51151 0.0493799 0.0495448
4.51222 0.0493524 0.0495174
4.51293 0.0493248 0.0494899
4.51365 0.0492973 0.0494625
4.51436 0.0492698 0.049435
4.51507 0.0492422 0.0494076
4.51579 0.0492147 0.0493802
4.5165 0.0491872 0.0493527
4.51721 0.0491597 0.0493253
4.51793 0.0491322 0.0492979
4.51864 0.0491047 0.0492705
4.51935 0.0490773 0.0492431
4.52007 0.0490498 0.0492157
4.52078 0.0490223 0.0491884
4.5215 0.0489949 0.049161
4.52221 0.0489674 0.0491336
4.52293 0.04894 0.0491063
4.52364 0.0489125 0.0490789
4.52436 0.0488851 0.0490516
4.52507 0.0488577 0.0490243
4.52579 0.0488303 0.0489969
4.52651 0.0488029 0.0489696
4.52722 0.0487755 0.0489423
4.52794 0.0487481 0.048915
4.52865 0.0487207 0.0488877
4.52937 0.0486933 0.0488604
4.53009 0.048666 0.0488331
4.5308 0.0486386 0.0488059
4.53152 0.0486113 0.0487786
4.53224 0.0485839 0.0487514
4.53296 0.0485566 0.0487241
4.53367 0.0485293 0.0486969
4.53439 0.0485019 0.0486696
4.53511 0.0484746 0.0486424
4.53583 0.0484473 0.0486152
4.53654 0.04842 0.048588
4.53726 0.0483927 0.0485608
4.53798 0.0483654 0.0485336
4.5387 0.0483382 0.0485064
4.53942 0.0483109 0.0484792
4.54014 0.0482836 0.0484521
4.54086 0.0482564 0.0484249
4.54158 0.0482291 0.0483977
4.5423 0.0482019 0.0483706
4.54302 0.0481747 0.0483434
4.54374 0.0481474 0.0483163
4.54446 0.0481202 0.0482892
4.54518 0.048093 0.0482621
4.5459 0.0480658 0.048235
4.54662 0.0480386 0.0482078
4.54734 0.0480114 0.0481808
4.54806 0.0479843 0.0481537
4.54878 0.0479571 0.0481266
4.5495 0.0479299 0.0480995
4.55022 0.0479028 0.0480724
4.55094 0.0478756 0.0480454
4.55167 0.0478485 0.0480183
4.55239 0.0478213 0.0479913
4.55311 0.0477942 0.0479643
4.55383 0.0477671 0.0479372
4.55455 0.04774 0.0479102
4.55528 0.0477129 0.0478832
4.556 0.0476858 0.0478562
4.55672 0.0476587 0.0478292
4.55745 0.0476316 0.0478022
4.55817 0.0476045 0.0477752
4.55889 0.0475775 0.0477482
4.55962 0.0475504 0.0477213
4.56034 0.0475234 0.0476943
4.56106 0.0474963 0.0476674
4.56179 0.0474693 0.0476404
4.56251 0.0474423 0.0476135
4.56324 0.0474152 0.0475866
4.56396 0.0473882 0.0475596
4.56469 0.0473612 0.0475327
4.56541 0.0473342 0.0475058
4.56614 0.0473072 0.0474789
4.56686 0.0472802 0.047452
4.56759 0.0472533 0.0474251
4.56831 0.0472263 0.0473983
4.56904 0.0471993 0.0473714
4.56977 0.0471724 0.0473445
4.57049 0.0471454 0.0473177
4.57122 0.0471185 0.0472908
4.57195 0.0470916 0.047264
4.57267 0.0470646 0.0472372
4.5734 0.0470377 0.0472103
4.57413 0.0470108 0.0471835
4.57485 0.0469839 0.0471567
4.57558 0.046957 0.0471299
4.57631 0.0469301 0.0471031
4.57704 0.0469033 0.0470763
4.57777 0.0468764 0.0470495
4.57849 0.0468495 0.0470228
4.57922 0.0468227 0.046996
4.57995 0.0467958 0.0469692
4.58068 0.046769 0.0469425
4.58141 0.0467421 0.0469158
4.58214 0.0467153 0.046889
4.58287 0.0466885 0.0468623
4.5836 0.0466617 0.0468356
4.58433 0.0466349 0.0468089
4.58506 0.0466081 0.0467822
4.58579 0.0465813 0.0467555
4.58652 0.0465545 0.0467288
4.58725 0.0465277 0.0467021
4.58798 0.046501 0.0466754
4.58871 0.0464742 0.0466488
4.58944 0.0464474 0.0466221
4.59017 0.0464207 0.0465954
4.5909 0.046394 0.0465688
4.59163 0.0463672 0.0465422
4.59236 0.0463405 0.0465155
4.5931 0.0463138 0.0464889
4.59383 0.0462871 0.0464623
4.59456 0.0462604 0.0464357
4.59529 0.0462337 0.0464091
4.59602 0.046207 0.0463825
4.59676 0.0461803 0.0463559
4.59749 0.0461536 0.0463293
4.59822 0.046127 0.0463028
4.59896 0.0461003 0.0462762
4.59969 0.0460737 0.0462497
4.60042 0.046047 0.0462231
4.60116 0.0460204 0.0461966
4.60189 0.0459938 0.04617
4.60263 0.0459671 0.0461435
4.60336 0.0459405 0.046117
4.60409 0.0459139 0.0460905
4.60483 0.0458873 0.046064
4.60556 0.0458607 0.0460375
4.6063 0.0458342 0.046011
4.60704 0.0458076 0.0459845
4.60777 0.045781 0.045958
4.60851 0.0457544 0.0459316
4.60924 0.0457279 0.0459051
4.60998 0.0457013 0.0458787
4.61071 0.0456748 0.0458522
4.61145 0.0456483 0.0458258
4.61219 0.0456218 0.0457994
4.61292 0.0455952 0.0457729
4.61366 0.0455687 0.0457465
4.6144 0.0455422 0.0457201
4.61514 0.0455157 0.0456937
4.61587 0.0454892 0.0456673
4.61661 0.0454628 0.045641
4.61735 0.0454363 0.0456146
4.61809 0.0454098 0.0455882
4.61882 0.0453834 0.0455619
4.61956 0.0453569 0.0455355
4.6203 0.0453305 0.0455092
4.62104 0.045304 0.0454828
4.62178 0.0452776 0.0454565
4.62252 0.0452512 0.0454302
4.62326 0.0452248 0.0454038
4.624 0.0451984 0.0453775
4.62474 0.045172 0.0453512
4.62548 0.0451456 0.0453249
4.62622 0.0451192 0.0452987
4.62696 0.0450928 0.0452724
4.6277 0.0450664 0.0452461
4.62844 0.0450401 0.0452198
4.62918 0.0450137 0.0451936
4.62992 0.0449874 0.0451673
4.63066 0.044961 0.0451411
4.6314 0.0449347 0.0451149
4.63215 0.0449084 0.0450886
4.63289 0.0448821 0.0450624
4.63363 0.0448558 0.0450362
4.63437 0.0448294 0.04501
4.63511 0.0448032 0.0449838
4.63586 0.0447769 0.0449576
4.6366 0.0447506 0.0449314
4.63734 0.0447243 0.0449053
4.63808 0.044698 0.0448791
4.63883 0.0446718 0.0448529
4.63957 0.0446455 0.0448268
4.64032 0.0446193 0.0448006
4.64106 0.044593 0.0447745
4.6418 0.0445668 0.0447484
4.64255 0.0445406 0.0447222
4.64329 0.0445144 0.0446961
4.64404 0.0444882 0.04467
4.64478 0.044462 0.0446439
4.64553 0.0444358 0.0446178
4.64627 0.0444096 0.0445917
4.64702 0.0443834 0.0445657
4.64776 0.0443572 0.0445396
4.64851 0.0443311 0.0445135
4.64925 0.0443049 0.0444875
4.65 0.0442788 0.0444614
4.65075 0.0442526 0.0444354
4.65149 0.0442265 0.0444093
4.65224 0.0442004 0.0443833
4.65299 0.0441742 0.0443573
4.65373 0.0441481 0.0443313
4.65448 0.044122 0.0443053
4.65523 0.0440959 0.0442793
4.65598 0.0440698 0.0442533
4.65673 0.0440437 0.0442273
4.65747 0.0440177 0.0442013
4.65822 0.0439916 0.0441754
4.65897 0.0439655 0.0441494
4.65972 0.0439395 0.0441235
4.66047 0.0439134 0.0440975
4.66122 0.0438874 0.0440716
4.66197 0.0438614 0.0440456
4.66272 0.0438353 0.0440197
4.66347 0.0438093 0.0439938
4.66422 0.0437833 0.0439679
4.66497 0.0437573 0.043942
4.66572 0.0437313 0.0439161
4.66647 0.0437053 0.0438902
4.66722 0.0436793 0.0438643
4.66797 0.0436534 0.0438385
4.66872 0.0436274 0.0438126
4.66947 0.0436014 0.0437867
4.67022 0.0435755 0.0437609
4.67097 0.0435495 0.043735
4.67172 0.0435236 0.0437092
4.67248 0.0434977 0.0436834
4.67323 0.0434717 0.0436576
4.67398 0.0434458 0.0436318
4.67473 0.0434199 0.0436059
4.67549 0.043394 0.0435801
4.67624 0.0433681 0.0435544
4.67699 0.0433422 0.0435286
4.67775 0.0433164 0.0435028
4.6785 0.0432905 0.043477
4.67925 0.0432646 0.0434513
4.68001 0.0432388 0.0434255
4.68076 0.0432129 0.0433998
4.68152 0.0431871 0.043374
4.68227 0.0431612 0.0433483
4.68303 0.0431354 0.0433226
4.68378 0.0431096 0.0432969
4.68454 0.0430838 0.0432711
4.68529 0.0430579 0.0432454
4.68605 0.0430321 0.0432197
4.6868 0.0430064 0.0431941
4.68756 0.0429806 0.0431684
4.68832 0.0429548 0.0431427
4.68907 0.042929 0.043117
4.68983 0.0429033 0.0430914
4.69059 0.0428775 0.0430657
4.69134 0.0428517 0.0430401
4.6921 0.042826 0.0430144
4.69286 0.0428003 0.0429888
4.69361 0.0427745 0.0429632
4.69437 0.0427488 0.0429376
4.69513 0.0427231 0.042912
4.69589 0.0426974 0.0428864
4.69665 0.0426717 0.0428608
4.69741 0.042646 0.0428352
4.69816 0.0426203 0.0428096
4.69892 0.0425946 0.042784
4.69968 0.042569 0.0427585
4.70044 0.0425433 0.0427329
4.7012 0.0425177 0.0427074
4.70196 0.042492 0.0426818
4.70272 0.0424664 0.0426563
4.70348 0.0424407 0.0426308
4.70424 0.0424151 0.0426053
4.705 0.0423895 0.0425797
4.70576 0.0423639 0.0425542
4.70652 0.0423383 0.0425287
4.70729 0.0423127 0.0425033
4.70805 0.0422871 0.0424778
4.70881 0.0422615 0.0424523
4.70957 0.0422359 0.0424268
4.71033 0.0422104 0.0424014
4.7111 0.0421848 0.0423759
4.71186 0.0421592 0.0423505
4.71262 0.0421337 0.042325
4.71338 0.0421082 0.0422996
4.71415 0.0420826 0.0422742
4.71491 0.0420571 0.0422488
4.71567 0.0420316 0.0422233
4.71644 0.0420061 0.0421979
4.7172 0.0419806 0.0421725
4.71797 0.0419551 0.0421472
4.71873 0.0419296 0.0421218
4.71949 0.0419041 0.0420964
4.72026 0.0418786 0.042071
4.72102 0.0418531 0.0420457
4.72179 0.0418277 0.0420203
4.72256 0.0418022 0.041995
4.72332 0.0417768 0.0419696
4.72409 0.0417513 0.0419443
4.72485 0.0417259 0.041919
4.72562 0.0417005 0.0418937
4.72639 0.0416751 0.0418684
4.72715 0.0416497 0.0418431
4.72792 0.0416243 0.0418178
4.72869 0.0415989 0.0417925
4.72945 0.0415735 0.0417672
4.73022 0.0415481 0.0417419
4.73099 0.0415227 0.0417167
4.73176 0.0414973 0.0416914
4.73252 0.041472 0.0416662
4.73329 0.0414466 0.0416409
4.73406 0.0414213 0.0416157
4.73483 0.0413959 0.0415905
4.7356 0.0413706 0.0415652
4.73637 0.0413453 0.04154
4.73714 0.04132 0.0415148
4.73791 0.0412947 0.0414896
4.73868 0.0412694 0.0414644
4.73945 0.0412441 0.0414392
4.74022 0.0412188 0.0414141
4.74099 0.0411935 0.0413889
4.74176 0.0411682 0.0413637
4.74253 0.0411429 0.0413386
4.7433 0.0411177 0.0413134
4.74407 0.0410924 0.0412883
4.74484 0.0410672 0.0412632
4.74562 0.041042 0.041238
4.74639 0.0410167 0.0412129
4.74716 0.0409915 0.0411878
4.74793 0.0409663 0.0411627
4.7487 0.0409411 0.0411376
4.74948 0.0409159 0.0411125
4.75025 0.0408907 0.0410874
4.75102 0.0408655 0.0410624
4.7518 0.0408403 0.0410373
4.75257 0.0408151 0.0410122
4.75334 0.04079 0.0409872
4.75412 0.0407648 0.0409621
4.75489 0.0407396 0.0409371
4.75567 0.0407145 0.0409121
4.75644 0.0406894 0.040887
4.75722 0.0406642 0.040862
4.75799 0.0406391 0.040837
4.75877 0.040614 0.040812
4.75954 0.0405889 0.040787
4.76032 0.0405638 0.040762
4.7611 0.0405387 0.040737
4.76187 0.0405136 0.0407121
4.76265 0.0404885 0.0406871
4.76342 0.0404634 0.0406621
4.7642 0.0404384 0.0406372
4.76498 0.0404133 0.0406122
4.76576 0.0403883 0.0405873
4.76653 0.0403632 0.0405624
4.76731 0.0403382 0.0405374
4.76809 0.0403131 0.0405125
4.76887 0.0402881 0.0404876
4.76965 0.0402631 0.0404627
4.77042 0.0402381 0.0404378
4.7712 0.0402131 0.0404129
4.77198 0.0401881 0.0403881
4.77276 0.0401631 0.0403632
4.77354 0.0401381 0.0403383
4.77432 0.0401131 0.0403135
4.7751 0.0400882 0.0402886
4.77588 0.0400632 0.0402638
4.77666 0.0400383 0.0402389
4.77744 0.0400133 0.0402141
4.77822 0.0399884 0.0401893
4.779 0.0399634 0.0401645
4.77979 0.0399385 0.0401397
4.78057 0.0399136 0.0401149
4.78135 0.0398887 0.0400901
4.78213 0.0398638 0.0400653
4.78291 0.0398389 0.0400405
4.7837 0.039814 0.0400157
4.78448 0.0397891 0.039991
4.78526 0.0397642 0.0399662
4.78604 0.0397394 0.0399415
4.78683 0.0397145 0.0399167
4.78761 0.0396897 0.039892
4.7884 0.0396648 0.0398673
4.78918 0.03964 0.0398425
4.78996 0.0396151 0.0398178
4.79075 0.0395903 0.0397931
4.79153 0.0395655 0.0397684
4.79232 0.0395407 0.0397437
4.7931 0.0395159 0.039719
4.79389 0.0394911 0.0396944
4.79467 0.0394663 0.0396697
4.79546 0.0394415 0.039645
4.79625 0.0394167 0.0396204
4.79703 0.039392 0.0395957
4.79782 0.0393672 0.0395711
4.7986 0.0393425 0.0395464
4.79939 0.0393177 0.0395218
4.80018 0.039293 0.0394972
4.80097 0.0392682 0.0394726
4.80175 0.0392435 0.039448
4.80254 0.0392188 0.0394234
4.80333 0.0391941 0.0393988
4.80412 0.0391694 0.0393742
4.80491 0.0391447 0.0393496
4.8057 0.03912 0.039325
4.80648 0.0390953 0.0393005
4.80727 0.0390706 0.0392759
4.80806 0.039046 0.0392514
4.80885 0.0390213 0.0392268
4.80964 0.0389966 0.0392023
4.81043 0.038972 0.0391778
4.81122 0.0389474 0.0391533
4.81201 0.0389227 0.0391287
4.8128 0.0388981 0.0391042
4.8136 0.0388735 0.0390797
4.81439 0.0388489 0.0390553
4.81518 0.0388243 0.0390308
4.81597 0.0387997 0.0390063
4.81676 0.0387751 0.0389818
4.81755 0.0387505 0.0389574
4.81835 0.0387259 0.0389329
4.81914 0.0387013 0.0389085
4.81993 0.0386768 0.038884
4.82072 0.0386522 0.0388596
4.82152 0.0386277 0.0388352
4.82231 0.0386031 0.0388107
4.82311 0.0385786 0.0387863
4.8239 0.0385541 0.0387619
4.82469 0.0385295 0.0387375
4.82549 0.038505 0.0387131
4.82628 0.0384805 0.0386887
4.82708 0.038456 0.0386644
4.82787 0.0384315 0.03864
4.82867 0.038407 0.0386156
4.82946 0.0383826 0.0385913
4.83026 0.0383581 0.0385669
4.83106 0.0383336 0.0385426
4.83185 0.0383092 0.0385183
4.83265 0.0382847 0.0384939
4.83345 0.0382603 0.0384696
4.83424 0.0382358 0.0384453
4.83504 0.0382114 0.038421
4.83584 0.038187 0.0383967
4.83664 0.0381626 0.0383724
4.83743 0.0381381 0.0383481
4.83823 0.0381137 0.0383238
4.83903 0.0380894 0.0382996
4.83983 0.038065 0.0382753
4.84063 0.0380406 0.0382511
4.84143 0.0380162 0.0382268
4.84223 0.0379918 0.0382026
4.84303 0.0379675 0.0381783
4.84383 0.0379431 0.0381541
4.84463 0.0379188 0.0381299
4.84543 0.0378945 0.0381057
4.84623 0.0378701 0.0380815
4.84703 0.0378458 0.0380573
4.84783 0.0378215 0.0380331
4.84863 0.0377972 0.0380089
4.84943 0.0377729 0.0379847
4.85023 0.0377486 0.0379606
4.85104 0.0377243 0.0379364
4.85184 0.0377 0.0379122
4.85264 0.0376757 0.0378881
4.85344 0.0376515 0.037864
4.85425 0.0376272 0.0378398
4.85505 0.0376029 0.0378157
4.85585 0.0375787 0.0377916
4.85666 0.0375545 0.0377675
4.85746 0.0375302 0.0377434
4.85827 0.037506 0.0377193
4.85907 0.0374818 0.0376952
4.85988 0.0374576 0.0376711
4.86068 0.0374334 0.037647
4.86149 0.0374092 0.0376229
4.86229 0.037385 0.0375989
4.8631 0.0373608 0.0375748
4.8639 0.0373366 0.0375508
4.86471 0.0373124 0.0375267
4.86551 0.0372883 0.0375027
4.86632 0.0372641 0.0374787
4.86713 0.03724 0.0374547
4.86794 0.0372158 0.0374306
4.86874 0.0371917 0.0374066
4.86955 0.0371676 0.0373826
4.87036 0.0371434 0.0373586
4.87117 0.0371193 0.0373347
4.87197 0.0370952 0.0373107
4.87278 0.0370711 0.0372867
4.87359 0.037047 0.0372628
4.8744 0.0370229 0.0372388
4.87521 0.0369989 0.0372149
4.87602 0.0369748 0.0371909
4.87683 0.0369507 0.037167
4.87764 0.0369267 0.037143
4.87845 0.0369026 0.0371191
4.87926 0.0368786 0.0370952
4.88007 0.0368545 0.0370713
4.88088 0.0368305 0.0370474
4.88169 0.0368065 0.0370235
4.88251 0.0367825 0.0369996
4.88332 0.0367585 0.0369758
4.88413 0.0367345 0.0369519
4.88494 0.0367105 0.036928
4.88575 0.0366865 0.0369042
4.88657 0.0366625 0.0368803
4.88738 0.0366385 0.0368565
4.88819 0.0366145 0.0368326
4.88901 0.0365906 0.0368088
4.88982 0.0365666 0.036785
4.89063 0.0365427 0.0367612
4.89145 0.0365187 0.0367374
4.89226 0.0364948 0.0367136
4.89308 0.0364709 0.0366898
4.89389 0.036447 0.036666
4.89471 0.0364231 0.0366422
4.89552 0.0363991 0.0366185
4.89634 0.0363753 0.0365947
4.89716 0.0363514 0.0365709
4.89797 0.0363275 0.0365472
4.89879 0.0363036 0.0365234
4.89961 0.0362797 0.0364997
4.90042 0.0362559 0.036476
4.90124 0.036232 0.0364523
4.90206 0.0362082 0.0364285
4.90288 0.0361843 0.0364048
4.90369 0.0361605 0.0363811
4.90451 0.0361367 0.0363574
4.90533 0.0361128 0.0363338
4.90615 0.036089 0.0363101
4.90697 0.0360652 0.0362864
4.90779 0.0360414 0.0362627
4.90861 0.0360176 0.0362391
4.90943 0.0359938 0.0362154
4.91025 0.0359701 0.0361918
4.91107 0.0359463 0.0361682
4.91189 0.0359225 0.0361445
4.91271 0.0358988 0.0361209
4.91353 0.035875 0.0360973
4.91435 0.0358513 0.0360737
4.91517 0.0358275 0.0360501
4.916 0.0358038 0.0360265
4.91682 0.0357801 0.0360029
4.91764 0.0357563 0.0359793
4.91846 0.0357326 0.0359557
4.91929 0.0357089 0.0359322
4.92011 0.0356852 0.0359086
4.92093 0.0356615 0.0358851
4.92176 0.0356379 0.0358615
4.92258 0.0356142 0.035838
4.9234 0.0355905 0.0358145
4.92423 0.0355669 0.0357909
4.92505 0.0355432 0.0357674
4.92588 0.0355196 0.0357439
4.9267 0.0354959 0.0357204
4.92753 0.0354723 0.0356969
4.92835 0.0354487 0.0356734
4.92918 0.035425 0.0356499
4.93001 0.0354014 0.0356265
4.93083 0.0353778 0.035603
4.93166 0.0353542 0.0355795
4.93249 0.0353306 0.0355561
4.93331 0.035307 0.0355326
4.93414 0.0352835 0.0355092
4.93497 0.0352599 0.0354858
4.9358 0.0352363 0.0354623
4.93663 0.0352128 0.0354389
4.93746 0.0351892 0.0354155
4.93828 0.0351657 0.0353921
4.93911 0.0351421 0.0353687
4.93994 0.0351186 0.0353453
4.94077 0.0350951 0.035322
4.9416 0.0350716 0.0352986
4.94243 0.0350481 0.0352752
4.94326 0.0350245 0.0352518
4.94409 0.0350011 0.0352285
4.94492 0.0349776 0.0352051
4.94576 0.0349541 0.0351818
4.94659 0.0349306 0.0351585
4.94742 0.0349071 0.0351351
4.94825 0.0348837 0.0351118
4.94908 0.0348602 0.0350885
4.94992 0.0348368 0.0350652
4.95075 0.0348133 0.0350419
4.95158 0.0347899 0.0350186
4.95242 0.0347665 0.0349953
4.95325 0.0347431 0.0349721
4.95408 0.0347196 0.0349488
4.95492 0.0346962 0.0349255
4.95575 0.0346728 0.0349023
4.95659 0.0346494 0.034879
4.95742 0.0346261 0.0348558
4.95826 0.0346027 0.0348326
4.95909 0.0345793 0.0348093
4.95993 0.0345559 0.0347861
4.96076 0.0345326 0.0347629
4.9616 0.0345092 0.0347397
4.96244 0.0344859 0.0347165
4.96327 0.0344626 0.0346933
4.96411 0.0344392 0.0346701
4.96495 0.0344159 0.0346469
4.96579 0.0343926 0.0346238
4.96662 0.0343693 0.0346006
4.96746 0.034346 0.0345774
4.9683 0.0343227 0.0345543
4.96914 0.0342994 0.0345312
4.96998 0.0342761 0.034508
4.97082 0.0342528 0.0344849
4.97166 0.0342296 0.0344618
4.9725 0.0342063 0.0344386
4.97334 0.034183 0.0344155
4.97418 0.0341598 0.0343924
4.97502 0.0341366 0.0343693
4.97586 0.0341133 0.0343463
4.9767 0.0340901 0.0343232
4.97754 0.0340669 0.0343001
4.97838 0.0340437 0.034277
4.97923 0.0340205 0.034254
4.98007 0.0339973 0.0342309
4.98091 0.0339741 0.0342079
4.98175 0.0339509 0.0341849
4.9826 0.0339277 0.0341618
4.98344 0.0339045 0.0341388
4.98429 0.0338814 0.0341158
4.98513 0.0338582 0.0340928
4.98597 0.0338351 0.0340698
4.98682 0.0338119 0.0340468
4.98766 0.0337888 0.0340238
4.98851 0.0337656 0.0340008
4.98935 0.0337425 0.0339778
4.9902 0.0337194 0.0339549
4.99104 0.0336963 0.0339319
4.99189 0.0336732 0.0339089
4.99274 0.0336501 0.033886
4.99358 0.033627 0.0338631
4.99443 0.0336039 0.0338401
4.99528 0.0335808 0.0338172
4.99613 0.0335578 0.0337943
4.99697 0.0335347 0.0337714
4.99782 0.0335117 0.0337485
4.99867 0.0334886 0.0337256
4.99952 0.0334656 0.0337027
5.00037 0.0334425 0.0336798
5.00122 0.0334195 0.0336569
5.00207 0.0333965 0.0336341
5.00292 0.0333735 0.0336112
5.00377 0.0333505 0.0335883
5.00462 0.0333275 0.0335655
5.00547 0.0333045 0.0335426
5.00632 0.0332815 0.0335198
5.00717 0.0332585 0.033497
5.00802 0.0332355 0.0334742
5.00887 0.0332126 0.0334514
5.00973 0.0331896 0.0334285
5.01058 0.0331666 0.0334057
5.01143 0.0331437 0.033383
5.01228 0.0331208 0.0333602
5.01314 0.0330978 0.0333374
5.01399 0.0330749 0.0333146
5.01484 0.033052 0.0332919
5.0157 0.0330291 0.0332691
5.01655 0.0330062 0.0332463
5.01741 0.0329833 0.0332236
5.01826 0.0329604 0.0332009
5.01912 0.0329375 0.0331781
5.01997 0.0329146 0.0331554
5.02083 0.0328917 0.0331327
5.02169 0.0328689 0.03311
5.02254 0.032846 0.0330873
5.0234 0.0328232 0.0330646
5.02426 0.0328003 0.0330419
5.02511 0.0327775 0.0330192
5.02597 0.0327547 0.0329966
5.02683 0.0327318 0.0329739
5.02769 0.032709 0.0329512
5.02855 0.0326862 0.0329286
5.0294 0.0326634 0.0329059
5.03026 0.0326406 0.0328833
5.03112 0.0326178 0.0328607
5.03198 0.032595 0.032838
5.03284 0.0325723 0.0328154
5.0337 0.0325495 0.0327928
5.03456 0.0325267 0.0327702
5.03542 0.032504 0.0327476
5.03628 0.0324812 0.032725
5.03715 0.0324585 0.0327024
5.03801 0.0324358 0.0326799
5.03887 0.032413 0.0326573
5.03973 0.0323903 0.0326347
5.04059 0.0323676 0.0326122
5.04146 0.0323449 0.0325896
5.04232 0.0323222 0.0325671
5.04318 0.0322995 0.0325446
5.04405 0.0322768 0.032522
5.04491 0.0322541 0.0324995
5.04577 0.0322314 0.032477
5.04664 0.0322088 0.0324545
5.0475 0.0321861 0.032432
5.04837 0.0321635 0.0324095
5.04923 0.0321408 0.032387
5.0501 0.0321182 0.0323645
5.05097 0.0320956 0.0323421
5.05183 0.0320729 0.0323196
5.0527 0.0320503 0.0322971
5.05357 0.0320277 0.0322747
5.05443 0.0320051 0.0322522
5.0553 0.0319825 0.0322298
5.05617 0.0319599 0.0322074
5.05704 0.0319373 0.032185
5.05791 0.0319147 0.0321625
5.05877 0.0318922 0.0321401
5.05964 0.0318696 0.0321177
5.06051 0.031847 0.0320953
5.06138 0.0318245 0.0320729
5.06225 0.0318019 0.0320506
5.06312 0.0317794 0.0320282
5.06399 0.0317569 0.0320058
5.06486 0.0317344 0.0319835
5.06573 0.0317118 0.0319611
5.06661 0.0316893 0.0319388
5.06748 0.0316668 0.0319164
5.06835 0.0316443 0.0318941
5.06922 0.0316218 0.0318718
5.07009 0.0315994 0.0318495
5.07097 0.0315769 0.0318271
5.07184 0.0315544 0.0318048
5.07271 0.0315319 0.0317825
5.07359 0.0315095 0.0317602
5.07446 0.031487 0.031738
5.07534 0.0314646 0.0317157
5.07621 0.0314422 0.0316934
5.07709 0.0314197 0.0316712
5.07796 0.0313973 0.0316489
5.07884 0.0313749 0.0316267
5.07971 0.0313525 0.0316044
5.08059 0.0313301 0.0315822
5.08147 0.0313077 0.0315599
5.08234 0.0312853 0.0315377
5.08322 0.0312629 0.0315155
5.0841 0.0312405 0.0314933
5.08498 0.0312182 0.0314711
5.08585 0.0311958 0.0314489
5.08673 0.0311735 0.0314267
5.08761 0.0311511 0.0314046
5.08849 0.0311288 0.0313824
5.08937 0.0311064 0.0313602
5.09025 0.0310841 0.0313381
5.09113 0.0310618 0.0313159
5.09201 0.0310395 0.0312938
5.09289 0.0310172 0.0312716
5.09377 0.0309949 0.0312495
5.09465 0.0309726 0.0312274
5.09553 0.0309503 0.0312053
5.09642 0.030928 0.0311831
5.0973 0.0309057 0.031161
5.09818 0.0308835 0.0311389
5.09906 0.0308612 0.0311169
5.09995 0.030839 0.0310948
5.10083 0.0308167 0.0310727
5.10171 0.0307945 0.0310506
5.1026 0.0307722 0.0310286
5.10348 0.03075 0.0310065
5.10437 0.0307278 0.0309845
5.10525 0.0307056 0.0309624
5.10614 0.0306834 0.0309404
5.10702 0.0306612 0.0309184
5.10791 0.030639 0.0308963
5.10879 0.0306168 0.0308743
5.10968 0.0305946 0.0308523
5.11057 0.0305724 0.0308303
5.11145 0.0305503 0.0308083
5.11234 0.0305281 0.0307864
5.11323 0.030506 0.0307644
5.11412 0.0304838 0.0307424
5.11501 0.0304617 0.0307204
5.11589 0.0304396 0.0306985
5.11678 0.0304174 0.0306765
5.11767 0.0303953 0.0306546
5.11856 0.0303732 0.0306327
5.11945 0.0303511 0.0306107
5.12034 0.030329 0.0305888
5.12123 0.0303069 0.0305669
5.12212 0.0302848 0.030545
5.12302 0.0302627 0.0305231
5.12391 0.0302407 0.0305012
5.1248 0.0302186 0.0304793
5.12569 0.0301966 0.0304574
5.12658 0.0301745 0.0304355
5.12748 0.0301525 0.0304137
5.12837 0.0301304 0.0303918
5.12926 0.0301084 0.03037
5.13016 0.0300864 0.0303481
5.13105 0.0300644 0.0303263
5.13195 0.0300423 0.0303044
5.13284 0.0300203 0.0302826
5.13374 0.0299983 0.0302608
5.13463 0.0299764 0.030239
5.13553 0.0299544 0.0302172
5.13642 0.0299324 0.0301954
5.13732 0.0299104 0.0301736
5.13822 0.0298885 0.0301518
5.13911 0.0298665 0.03013
5.14001 0.0298446 0.0301083
5.14091 0.0298226 0.0300865
5.14181 0.0298007 0.0300647
5.14271 0.0297787 0.030043
5.1436 0.0297568 0.0300212
5.1445 0.0297349 0.0299995
5.1454 0.029713 0.0299778
5.1463 0.0296911 0.0299561
5.1472 0.0296692 0.0299343
5.1481 0.0296473 0.0299126
5.149 0.0296254 0.0298909
5.1499 0.0296035 0.0298692
5.15081 0.0295817 0.0298475
5.15171 0.0295598 0.0298259
5.15261 0.029538 0.0298042
5.15351 0.0295161 0.0297825
5.15441 0.0294943 0.0297609
5.15532 0.0294724 0.0297392
5.15622 0.0294506 0.0297176
5.15712 0.0294288 0.0296959
5.15803 0.029407 0.0296743
5.15893 0.0293852 0.0296527
5.15984 0.0293634 0.0296311
5.16074 0.0293416 0.0296094
5.16165 0.0293198 0.0295878
5.16255 0.029298 0.0295662
5.16346 0.0292762 0.0295447
5.16437 0.0292544 0.0295231
5.16527 0.0292327 0.0295015
5.16618 0.0292109 0.0294799
5.16709 0.0291892 0.0294584
5.16799 0.0291674 0.0294368
5.1689 0.0291457 0.0294153
5.16981 0.029124 0.0293937
5.17072 0.0291022 0.0293722
5.17163 0.0290805 0.0293506
5.17254 0.0290588 0.0293291
5.17345 0.0290371 0.0293076
5.17436 0.0290154 0.0292861
5.17527 0.0289937 0.0292646
5.17618 0.0289721 0.0292431
5.17709 0.0289504 0.0292216
5.178 0.0289287 0.0292001
5.17891 0.0289071 0.0291787
5.17982 0.0288854 0.0291572
5.18074 0.0288637 0.0291357
5.18165 0.0288421 0.0291143
5.18256 0.0288205 0.0290928
5.18348 0.0287988 0.0290714
5.18439 0.0287772 0.02905
5.1853 0.0287556 0.0290285
5.18622 0.028734 0.0290071
5.18713 0.0287124 0.0289857
5.18805 0.0286908 0.0289643
5.18896 0.0286692 0.0289429
5.18988 0.0286476 0.0289215
5.1908 0.0286261 0.0289001
5.19171 0.0286045 0.0288788
5.19263 0.0285829 0.0288574
5.19355 0.0285614 0.028836
5.19446 0.0285398 0.0288147
5.19538 0.0285183 0.0287933
5.1963 0.0284968 0.028772
5.19722 0.0284752 0.0287506
5.19814 0.0284537 0.0287293
5.19906 0.0284322 0.028708
5.19998 0.0284107 0.0286867
5.2009 0.0283892 0.0286654
5.20182 0.0283677 0.0286441
5.20274 0.0283462 0.0286228
5.20366 0.0283247 0.0286015
5.20458 0.0283032 0.0285802
5.2055 0.0282818 0.0285589
5.20642 0.0282603 0.0285377
5.20735 0.0282389 0.0285164
5.20827 0.0282174 0.0284952
5.20919 0.028196 0.0284739
5.21012 0.0281745 0.0284527
5.21104 0.0281531 0.0284314
5.21196 0.0281317 0.0284102
5.21289 0.0281103 0.028389
5.21381 0.0280889 0.0283678
5.21474 0.0280675 0.0283466
5.21566 0.0280461 0.0283254
5.21659 0.0280247 0.0283042
5.21752 0.0280033 0.028283
5.21844 0.0279819 0.0282618
5.21937 0.0279605 0.0282407
5.2203 0.0279392 0.0282195
5.22122 0.0279178 0.0281983
5.22215 0.0278965 0.0281772
5.22308 0.0278751 0.028156
5.22401 0.0278538 0.0281349
5.22494 0.0278325 0.0281138
5.22587 0.0278112 0.0280927
5.2268 0.0277898 0.0280715
5.22773 0.0277685 0.0280504
5.22866 0.0277472 0.0280293
5.22959 0.0277259 0.0280082
5.23052 0.0277047 0.0279872
5.23145 0.0276834 0.0279661
5.23238 0.0276621 0.027945
5.23332 0.0276408 0.0279239
5.23425 0.0276196 0.0279029
5.23518 0.0275983 0.0278818
5.23612 0.0275771 0.0278608
5.23705 0.0275558 0.0278397
5.23798 0.0275346 0.0278187
5.23892 0.0275134 0.0277977
5.23985 0.0274921 0.0277767
5.24079 0.0274709 0.0277556
5.24172 0.0274497 0.0277346
5.24266 0.0274285 0.0277136
5.2436 0.0274073 0.0276926
5.24453 0.0273861 0.0276717
5.24547 0.0273649 0.0276507
5.24641 0.0273438 0.0276297
5.24734 0.0273226 0.0276087
5.24828 0.0273014 0.0275878
5.24922 0.0272803 0.0275668
5.25016 0.0272591 0.0275459
5.2511 0.027238 0.027525
5.25204 0.0272169 0.027504
5.25298 0.0271957 0.0274831
5.25392 0.0271746 0.0274622
5.25486 0.0271535 0.0274413
5.2558 0.0271324 0.0274204
5.25674 0.0271113 0.0273995
5.25768 0.0270902 0.0273786
5.25863 0.0270691 0.0273577
5.25957 0.027048 0.0273368
5.26051 0.0270269 0.027316
5.26146 0.0270059 0.0272951
5.2624 0.0269848 0.0272743
5.26334 0.0269637 0.0272534
5.26429 0.0269427 0.0272326
5.26523 0.0269216 0.0272117
5.26618 0.0269006 0.0271909
5.26712 0.0268796 0.0271701
5.26807 0.0268586 0.0271493
5.26902 0.0268375 0.0271285
5.26996 0.0268165 0.0271077
5.27091 0.0267955 0.0270869
5.27186 0.0267745 0.0270661
5.2728 0.0267535 0.0270453
5.27375 0.0267326 0.0270245
5.2747 0.0267116 0.0270038
5.27565 0.0266906 0.026983
5.2766 0.0266697 0.0269623
5.27755 0.0266487 0.0269415
5.2785 0.0266277 0.0269208
5.27945 0.0266068 0.0269001
5.2804 0.0265859 0.0268793
5.28135 0.0265649 0.0268586
5.2823 0.026544 0.0268379
5.28325 0.0265231 0.0268172
5.28421 0.0265022 0.0267965
5.28516 0.0264813 0.0267758
5.28611 0.0264604 0.0267551
5.28707 0.0264395 0.0267345
5.28802 0.0264186 0.0267138
5.28897 0.0263977 0.0266931
5.28993 0.0263769 0.0266725
5.29088 0.026356 0.0266518
5.29184 0.0263351 0.0266312
5.29279 0.0263143 0.0266105
5.29375 0.0262934 0.0265899
5.29471 0.0262726 0.0265693
5.29566 0.0262518 0.0265487
5.29662 0.0262309 0.0265281
5.29758 0.0262101 0.0265075
5.29854 0.0261893 0.0264869
5.29949 0.0261685 0.0264663
5.30045 0.0261477 0.0264457
5.30141 0.0261269 0.0264251
5.30237 0.0261061 0.0264046
5.30333 0.0260854 0.026384
5.30429 0.0260646 0.0263635
5.30525 0.0260438 0.0263429
5.30621 0.0260231 0.0263224
5.30718 0.0260023 0.0263018
5.30814 0.0259816 0.0262813
5.3091 0.0259608 0.0262608
5.31006 0.0259401 0.0262403
5.31103 0.0259194 0.0262198
5.31199 0.0258986 0.0261993
5.31295 0.0258779 0.0261788
5.31392 0.0258572 0.0261583
5.31488 0.0258365 0.0261378
5.31585 0.0258158 0.0261174
5.31681 0.0257951 0.0260969
5.31778 0.0257745 0.0260765
5.31874 0.0257538 0.026056
5.31971 0.0257331 0.0260356
5.32068 0.0257125 0.0260151
5.32165 0.0256918 0.0259947
5.32261 0.0256712 0.0259743
5.32358 0.0256505 0.0259539
5.32455 0.0256299 0.0259334
5.32552 0.0256093 0.025913
5.32649 0.0255886 0.0258927
5.32746 0.025568 0.0258723
5.32843 0.0255474 0.0258519
5.3294 0.0255268 0.0258315
5.33037 0.0255062 0.0258111
5.33134 0.0254856 0.0257908
5.33231 0.0254651 0.0257704
5.33328 0.0254445 0.0257501
5.33426 0.0254239 0.0257297
5.33523 0.0254034 0.0257094
5.3362 0.0253828 0.0256891
5.33718 0.0253623 0.0256688
5.33815 0.0253417 0.0256484
5.33913 0.0253212 0.0256281
5.3401 0.0253006 0.0256078
5.34108 0.0252801 0.0255876
5.34205 0.0252596 0.0255673
5.34303 0.0252391 0.025547
5.344 0.0252186 0.0255267
5.34498 0.0251981 0.0255065
5.34596 0.0251776 0.0254862
5.34694 0.0251571 0.0254659
5.34792 0.0251367 0.0254457
5.34889 0.0251162 0.0254255
5.34987 0.0250957 0.0254052
5.35085 0.0250753 0.025385
5.35183 0.0250548 0.0253648
5.35281 0.0250344 0.0253446
5.35379 0.0250139 0.0253244
5.35477 0.0249935 0.0253042
5.35576 0.0249731 0.025284
5.35674 0.0249527 0.0252638
5.35772 0.0249323 0.0252436
5.3587 0.0249118 0.0252235
5.35969 0.0248915 0.0252033
5.36067 0.0248711 0.0251831
5.36165 0.0248507 0.025163
5.36264 0.0248303 0.0251429
5.36362 0.0248099 0.0251227
5.36461 0.0247896 0.0251026
5.36559 0.0247692 0.0250825
5.36658 0.0247489 0.0250624
5.36757 0.0247285 0.0250423
5.36855 0.0247082 0.0250222
5.36954 0.0246878 0.0250021
5.37053 0.0246675 0.024982
5.37151 0.0246472 0.0249619
5.3725 0.0246269 0.0249418
5.37349 0.0246066 0.0249218
5.37448 0.0245863 0.0249017
5.37547 0.024566 0.0248816
5.37646 0.0245457 0.0248616
5.37745 0.0245254 0.0248416
5.37844 0.0245051 0.0248215
5.37943 0.0244849 0.0248015
5.38043 0.0244646 0.0247815
5.38142 0.0244444 0.0247615
5.38241 0.0244241 0.0247415
5.3834 0.0244039 0.0247215
5.3844 0.0243836 0.0247015
5.38539 0.0243634 0.0246815
5.38639 0.0243432 0.0246615
5.38738 0.024323 0.0246415
5.38838 0.0243028 0.0246216
5.38937 0.0242826 0.0246016
5.39037 0.0242624 0.0245817
5.39136 0.0242422 0.0245617
5.39236 0.024222 0.0245418
5.39336 0.0242018 0.0245219
5.39436 0.0241817 0.0245019
5.39535 0.0241615 0.024482
5.39635 0.0241413 0.0244621
5.39735 0.0241212 0.0244422
5.39835 0.0241011 0.0244223
5.39935 0.0240809 0.0244024
5.40035 0.0240608 0.0243825
5.40135 0.0240407 0.0243627
5.40235 0.0240206 0.0243428
5.40336 0.0240004 0.0243229
5.40436 0.0239803 0.0243031
5.40536 0.0239602 0.0242832
5.40636 0.0239402 0.0242634
5.40737 0.0239201 0.0242436
5.40837 0.0239 0.0242237
5.40937 0.0238799 0.0242039
5.41038 0.0238599 0.0241841
5.41138 0.0238398 0.0241643
5.41239 0.0238197 0.0241445
5.4134 0.0237997 0.0241247
5.4144 0.0237797 0.0241049
5.41541 0.0237596 0.0240851
5.41642 0.0237396 0.0240654
5.41742 0.0237196 0.0240456
5.41843 0.0236996 0.0240258
5.41944 0.0236796 0.0240061
5.42045 0.0236596 0.0239863
5.42146 0.0236396 0.0239666
5.42247 0.0236196 0.0239469
5.42348 0.0235996 0.0239272
5.42449 0.0235796 0.0239074
5.4255 0.0235597 0.0238877
5.42651 0.0235397 0.023868
5.42752 0.0235198 0.0238483
5.42854 0.0234998 0.0238286
5.42955 0.0234799 0.023809
5.43056 0.0234599 0.0237893
5.43158 0.02344 0.0237696
5.43259 0.0234201 0.0237499
5.43361 0.0234002 0.0237303
5.43462 0.0233803 0.0237106
5.43564 0.0233604 0.023691
5.43665 0.0233405 0.0236714
5.43767 0.0233206 0.0236517
5.43869 0.0233007 0.0236321
5.4397 0.0232808 0.0236125
5.44072 0.023261 0.0235929
5.44174 0.0232411 0.0235733
5.44276 0.0232212 0.0235537
5.44378 0.0232014 0.0235341
5.4448 0.0231816 0.0235145
5.44582 0.0231617 0.0234949
5.44684 0.0231419 0.0234754
5.44786 0.0231221 0.0234558
5.44888 0.0231022 0.0234363
5.4499 0.0230824 0.0234167
5.45093 0.0230626 0.0233972
5.45195 0.0230428 0.0233776
5.45297 0.023023 0.0233581
5.454 0.0230033 0.0233386
5.45502 0.0229835 0.0233191
5.45604 0.0229637 0.0232996
5.45707 0.0229439 0.0232801
5.45809 0.0229242 0.0232606
5.45912 0.0229044 0.0232411
5.46015 0.0228847 0.0232216
5.46117 0.0228649 0.0232022
5.4622 0.0228452 0.0231827
5.46323 0.0228255 0.0231632
5.46426 0.0228058 0.0231438
5.46529 0.0227861 0.0231243
5.46632 0.0227664 0.0231049
5.46735 0.0227467 0.0230855
5.46838 0.022727 0.023066
5.46941 0.0227073 0.0230466
5.47044 0.0226876 0.0230272
5.47147 0.0226679 0.0230078
5.4725 0.0226482 0.0229884
5.47353 0.0226286 0.022969
5.47457 0.0226089 0.0229496
5.4756 0.0225893 0.0229303
5.47663 0.0225696 0.0229109
5.47767 0.02255 0.0228915
5.4787 0.0225304 0.0228722
5.47974 0.0225108 0.0228528
5.48077 0.0224911 0.0228335
5.48181 0.0224715 0.0228141
5.48285 0.0224519 0.0227948
5.48388 0.0224323 0.0227755
5.48492 0.0224127 0.0227562
5.48596 0.0223932 0.0227369
5.487 0.0223736 0.0227176
5.48804 0.022354 0.0226983
5.48908 0.0223344 0.022679
5.49012 0.0223149 0.0226597
5.49116 0.0222953 0.0226404
5.4922 0.0222758 0.0226212
5.49324 0.0222563 0.0226019
5.49428 0.0222367 0.0225827
5.49532 0.0222172 0.0225634
5.49637 0.0221977 0.0225442
5.49741 0.0221782 0.0225249
5.49845 0.0221587 0.0225057
5.4995 0.0221392 0.0224865
5.50054 0.0221197 0.0224673
5.50159 0.0221002 0.0224481
5.50263 0.0220807 0.0224289
5.50368 0.0220612 0.0224097
5.50473 0.0220418 0.0223905
5.50577 0.0220223 0.0223713
5.50682 0.0220028 0.0223522
5.50787 0.0219834 0.022333
5.50892 0.021964 0.0223138
5.50997 0.0219445 0.0222947
5.51102 0.0219251 0.0222755
5.51207 0.0219057 0.0222564
5.51312 0.0218862 0.0222373
5.51417 0.0218668 0.0222181
5.51522 0.0218474 0.022199
5.51627 0.021828 0.0221799
5.51732 0.0218087 0.0221608
5.51838 0.0217893 0.0221417
5.51943 0.0217699 0.0221226
5.52048 0.0217505 0.0221035
5.52154 0.0217312 0.0220845
5.52259 0.0217118 0.0220654
5.52365 0.0216924 0.0220463
5.5247 0.0216731 0.0220273
5.52576 0.0216538 0.0220082
5.52682 0.0216344 0.0219892
5.52787 0.0216151 0.0219702
5.52893 0.0215958 0.0219511
5.52999 0.0215765 0.0219321
5.53105 0.0215572 0.0219131
5.53211 0.0215379 0.0218941
5.53317 0.0215186 0.0218751
5.53423 0.0214993 0.0218561
5.53529 0.02148 0.0218371
5.53635 0.0214607 0.0218181
5.53741 0.0214415 0.0217992
5.53847 0.0214222 0.0217802
5.53954 0.021403 0.0217612
5.5406 0.0213837 0.0217423
5.54166 0.0213645 0.0217233
5.54273 0.0213452 0.0217044
5.54379 0.021326 0.0216855
5.54486 0.0213068 0.0216665
5.54592 0.0212876 0.0216476
5.54699 0.0212683 0.0216287
5.54806 0.0212491 0.0216098
5.54912 0.0212299 0.0215909
5.55019 0.0212108 0.021572
5.55126 0.0211916 0.0215531
5.55233 0.0211724 0.0215342
5.5534 0.0211532 0.0215154
5.55447 0.0211341 0.0214965
5.55554 0.0211149 0.0214777
5.55661 0.0210958 0.0214588
5.55768 0.0210766 0.02144
5.55875 0.0210575 0.0214211
5.55982 0.0210383 0.0214023
5.5609 0.0210192 0.0213835
5.56197 0.0210001 0.0213647
5.56304 0.020981 0.0213458
5.56412 0.0209619 0.021327
5.56519 0.0209428 0.0213082
5.56627 0.0209237 0.0212895
5.56734 0.0209046 0.0212707
5.56842 0.0208855 0.0212519
5.5695 0.0208664 0.0212331
5.57057 0.0208474 0.0212144
5.57165 0.0208283 0.0211956
5.57273 0.0208092 0.0211769
5.57381 0.0207902 0.0211581
5.57489 0.0207712 0.0211394
5.57597 0.0207521 0.0211207
5.57705 0.0207331 0.0211019
5.57813 0.0207141 0.0210832
5.57921 0.020695 0.0210645
5.58029 0.020676 0.0210458
5.58138 0.020657 0.0210271
5.58246 0.020638 0.0210084
5.58354 0.020619 0.0209898
5.58463 0.0206001 0.0209711
5.58571 0.0205811 0.0209524
5.5868 0.0205621 0.0209338
5.58788 0.0205431 0.0209151
5.58897 0.0205242 0.0208965
5.59006 0.0205052 0.0208778
5.59114 0.0204863 0.0208592
5.59223 0.0204673 0.0208406
5.59332 0.0204484 0.020822
5.59441 0.0204295 0.0208033
5.5955 0.0204106 0.0207847
5.59659 0.0203916 0.0207661
5.59768 0.0203727 0.0207476
5.59877 0.0203538 0.020729
5.59986 0.0203349 0.0207104
5.60095 0.020316 0.0206918
5.60205 0.0202972 0.0206733
5.60314 0.0202783 0.0206547
5.60423 0.0202594 0.0206362
5.60533 0.0202405 0.0206176
5.60642 0.0202217 0.0205991
5.60752 0.0202028 0.0205805
5.60861 0.020184 0.020562
5.60971 0.0201652 0.0205435
5.61081 0.0201463 0.020525
5.6119 0.0201275 0.0205065
5.613 0.0201087 0.020488
5.6141 0.0200899 0.0204695
5.6152 0.0200711 0.020451
5.6163 0.0200523 0.0204326
5.6174 0.0200335 0.0204141
5.6185 0.0200147 0.0203956
5.6196 0.0199959 0.0203772
5.6207 0.0199771 0.0203587
5.6218 0.0199584 0.0203403
5.62291 0.0199396 0.0203219
5.62401 0.0199208 0.0203034
5.62511 0.0199021 0.020285
5.62622 0.0198834 0.0202666
5.62732 0.0198646 0.0202482
5.62843 0.0198459 0.0202298
5.62954 0.0198272 0.0202114
5.63064 0.0198084 0.020193
5.63175 0.0197897 0.0201746
5.63286 0.019771 0.0201563
5.63397 0.0197523 0.0201379
5.63507 0.0197336 0.0201195
5.63618 0.019715 0.0201012
5.63729 0.0196963 0.0200828
5.6384 0.0196776 0.0200645
5.63952 0.0196589 0.0200462
5.64063 0.0196403 0.0200278
5.64174 0.0196216 0.0200095
5.64285 0.019603 0.0199912
5.64396 0.0195843 0.0199729
5.64508 0.0195657 0.0199546
5.64619 0.0195471 0.0199363
5.64731 0.0195285 0.019918
5.64842 0.0195098 0.0198998
5.64954 0.0194912 0.0198815
5.65066 0.0194726 0.0198632
5.65177 0.019454 0.019845
5.65289 0.0194354 0.0198267
5.65401 0.0194169 0.0198085
5.65513 0.0193983 0.0197903
5.65625 0.0193797 0.019772
5.65737 0.0193611 0.0197538
5.65849 0.0193426 0.0197356
5.65961 0.019324 0.0197174
5.66073 0.0193055 0.0196992
5.66185 0.019287 0.019681
5.66298 0.0192684 0.0196628
5.6641 0.0192499 0.0196446
5.66522 0.0192314 0.0196264
5.66635 0.0192129 0.0196083
5.66747 0.0191944 0.0195901
5.6686 0.0191758 0.019572
5.66973 0.0191574 0.0195538
5.67085 0.0191389 0.0195357
5.67198 0.0191204 0.0195176
5.67311 0.0191019 0.0194994
5.67424 0.0190834 0.0194813
5.67536 0.019065 0.0194632
5.67649 0.0190465 0.0194451
5.67762 0.0190281 0.019427
5.67876 0.0190096 0.0194089
5.67989 0.0189912 0.0193908
5.68102 0.0189728 0.0193727
5.68215 0.0189543 0.0193547
5.68328 0.0189359 0.0193366
5.68442 0.0189175 0.0193185
5.68555 0.0188991 0.0193005
5.68669 0.0188807 0.0192825
5.68782 0.0188623 0.0192644
5.68896 0.0188439 0.0192464
5.6901 0.0188255 0.0192284
5.69123 0.0188072 0.0192103
5.69237 0.0187888 0.0191923
5.69351 0.0187704 0.0191743
5.69465 0.0187521 0.0191563
5.69579 0.0187337 0.0191383
5.69693 0.0187154 0.0191204
5.69807 0.018697 0.0191024
5.69921 0.0186787 0.0190844
5.70035 0.0186604 0.0190665
5.70149 0.0186421 0.0190485
5.70264 0.0186238 0.0190306
5.70378 0.0186055 0.0190126
5.70493 0.0185872 0.0189947
5.70607 0.0185689 0.0189768
5.70722 0.0185506 0.0189588
5.70836 0.0185323 0.0189409
5.70951 0.018514 0.018923
5.71066 0.0184958 0.0189051
5.7118 0.0184775 0.0188872
5.71295 0.0184592 0.0188693
5.7141 0.018441 0.0188515
5.71525 0.0184228 0.0188336
5.7164 0.0184045 0.0188157
5.71755 0.0183863 0.0187979
5.7187 0.0183681 0.01878
5.71986 0.0183499 0.0187622
5.72101 0.0183316 0.0187443
5.72216 0.0183134 0.0187265
5.72332 0.0182952 0.0187087
5.72447 0.0182771 0.0186909
5.72563 0.0182589 0.018673
5.72678 0.0182407 0.0186552
5.72794 0.0182225 0.0186374
5.7291 0.0182044 0.0186197
5.73025 0.0181862 0.0186019
5.73141 0.018168 0.0185841
5.73257 0.0181499 0.0185663
5.73373 0.0181318 0.0185486
5.73489 0.0181136 0.0185308
5.73605 0.0180955 0.0185131
5.73721 0.0180774 0.0184953
5.73837 0.0180592 0.0184776
5.73954 0.0180411 0.0184599
5.7407 0.018023 0.0184421
5.74186 0.0180049 0.0184244
5.74303 0.0179868 0.0184067
5.74419 0.0179688 0.018389
5.74536 0.0179507 0.0183713
5.74652 0.0179326 0.0183536
5.74769 0.0179146 0.0183359
5.74886 0.0178965 0.0183183
5.75003 0.0178784 0.0183006
5.75119 0.0178604 0.0182829
5.75236 0.0178424 0.0182653
5.75353 0.0178243 0.0182476
5.7547 0.0178063 0.01823
5.75587 0.0177883 0.0182124
5.75705 0.0177703 0.0181948
5.75822 0.0177522 0.0181771
5.75939 0.0177342 0.0181595
5.76057 0.0177162 0.0181419
5.76174 0.0176983 0.0181243
5.76292 0.0176803 0.0181067
5.76409 0.0176623 0.0180891
5.76527 0.0176443 0.0180716
5.76644 0.0176264 0.018054
5.76762 0.0176084 0.0180364
5.7688 0.0175904 0.0180189
5.76998 0.0175725 0.0180013
5.77116 0.0175546 0.0179838
5.77234 0.0175366 0.0179662
5.77352 0.0175187 0.0179487
5.7747 0.0175008 0.0179312
5.77588 0.0174829 0.0179137
5.77706 0.017465 0.0178962
5.77825 0.0174471 0.0178787
5.77943 0.0174292 0.0178612
5.78062 0.0174113 0.0178437
5.7818 0.0173934 0.0178262
5.78299 0.0173755 0.0178087
5.78417 0.0173576 0.0177913
5.78536 0.0173398 0.0177738
5.78655 0.0173219 0.0177563
5.78774 0.0173041 0.0177389
5.78893 0.0172862 0.0177215
5.79012 0.0172684 0.017704
5.79131 0.0172505 0.0176866
5.7925 0.0172327 0.0176692
5.79369 0.0172149 0.0176518
5.79488 0.0171971 0.0176344
5.79607 0.0171793 0.017617
5.79727 0.0171615 0.0175996
5.79846 0.0171437 0.0175822
5.79966 0.0171259 0.0175648
5.80085 0.0171081 0.0175474
5.80205 0.0170903 0.0175301
5.80325 0.0170725 0.0175127
5.80444 0.0170548 0.0174954
5.80564 0.017037 0.017478
5.80684 0.0170193 0.0174607
5.80804 0.0170015 0.0174434
5.80924 0.0169838 0.017426
5.81044 0.016966 0.0174087
5.81164 0.0169483 0.0173914
5.81284 0.0169306 0.0173741
5.81405 0.0169129 0.0173568
5.81525 0.0168952 0.0173395
5.81645 0.0168775 0.0173222
5.81766 0.0168598 0.017305
5.81887 0.0168421 0.0172877
5.82007 0.0168244 0.0172704
5.82128 0.0168067 0.0172532
5.82249 0.016789 0.0172359
5.82369 0.0167714 0.0172187
5.8249 0.0167537 0.0172015
5.82611 0.0167361 0.0171842
5.82732 0.0167184 0.017167
5.82853 0.0167008 0.0171498
5.82975 0.0166831 0.0171326
5.83096 0.0166655 0.0171154
5.83217 0.0166479 0.0170982
5.83338 0.0166303 0.017081
5.8346 0.0166127 0.0170638
5.83581 0.0165951 0.0170467
5.83703 0.0165775 0.0170295
5.83825 0.0165599 0.0170123
5.83946 0.0165423 0.0169952
5.84068 0.0165247 0.0169781
5.8419 0.0165071 0.0169609
5.84312 0.0164896 0.0169438
5.84434 0.016472 0.0169267
5.84556 0.0164545 0.0169095
5.84678 0.0164369 0.0168924
5.848 0.0164194 0.0168753
5.84922 0.0164018 0.0168582
5.85045 0.0163843 0.0168411
5.85167 0.0163668 0.0168241
5.8529 0.0163493 0.016807
5.85412 0.0163318 0.0167899
5.85535 0.0163143 0.0167729
5.85658 0.0162968 0.0167558
5.8578 0.0162793 0.0167388
5.85903 0.0162618 0.0167217
5.86026 0.0162443 0.0167047
5.86149 0.0162268 0.0166877
5.86272 0.0162094 0.0166706
5.86395 0.0161919 0.0166536
5.86518 0.0161744 0.0166366
5.86641 0.016157 0.0166196
5.86765 0.0161396 0.0166026
5.86888 0.0161221 0.0165856
5.87012 0.0161047 0.0165687
5.87135 0.0160873 0.0165517
5.87259 0.0160699 0.0165347
5.87382 0.0160524 0.0165178
5.87506 0.016035 0.0165008
5.8763 0.0160176 0.0164839
5.87754 0.0160002 0.0164669
5.87878 0.0159829 0.01645
5.88002 0.0159655 0.0164331
5.88126 0.0159481 0.0164162
5.8825 0.0159307 0.0163993
5.88374 0.0159134 0.0163824
5.88499 0.015896 0.0163655
5.88623 0.0158787 0.0163486
5.88748 0.0158613 0.0163317
5.88872 0.015844 0.0163148
5.88997 0.0158267 0.0162979
5.89121 0.0158093 0.0162811
5.89246 0.015792 0.0162642
5.89371 0.0157747 0.0162474
5.89496 0.0157574 0.0162305
5.89621 0.0157401 0.0162137
5.89746 0.0157228 0.0161969
5.89871 0.0157055 0.0161801
5.89996 0.0156882 0.0161633
5.90121 0.0156709 0.0161464
5.90247 0.0156537 0.0161296
5.90372 0.0156364 0.0161129
5.90498 0.0156192 0.0160961
5.90623 0.0156019 0.0160793
5.90749 0.0155847 0.0160625
5.90874 0.0155674 0.0160458
5.91 0.0155502 0.016029
5.91126 0.015533 0.0160122
5.91252 0.0155157 0.0159955
5.91378 0.0154985 0.0159788
5.91504 0.0154813 0.015962
5.9163 0.0154641 0.0159453
5.91756 0.0154469 0.0159286
5.91883 0.0154297 0.0159119
5.92009 0.0154125 0.0158952
5.92136 0.0153954 0.0158785
5.92262 0.0153782 0.0158618
5.92389 0.015361 0.0158451
5.92515 0.0153439 0.0158284
5.92642 0.0153267 0.0158118
5.92769 0.0153096 0.0157951
5.92896 0.0152924 0.0157785
5.93023 0.0152753 0.0157618
5.9315 0.0152582 0.0157452
5.93277 0.015241 0.0157285
5.93404 0.0152239 0.0157119
5.93531 0.0152068 0.0156953
5.93659 0.0151897 0.0156787
5.93786 0.0151726 0.0156621
5.93914 0.0151555 0.0156455
5.94041 0.0151384 0.0156289
5.94169 0.0151214 0.0156123
5.94297 0.0151043 0.0155957
5.94424 0.0150872 0.0155792
5.94552 0.0150701 0.0155626
5.9468 0.0150531 0.015546
5.94808 0.015036 0.0155295
5.94936 0.015019 0.015513
5.95065 0.015002 0.0154964
5.95193 0.0149849 0.0154799
5.95321 0.0149679 0.0154634
5.9545 0.0149509 0.0154469
5.95578 0.0149339 0.0154303
5.95707 0.0149169 0.0154138
5.95835 0.0148999 0.0153973
5.95964 0.0148829 0.0153809
5.96093 0.0148659 0.0153644
5.96222 0.0148489 0.0153479
5.96351 0.0148319 0.0153314
5.9648 0.014815 0.015315
5.96609 0.014798 0.0152985
5.96738 0.014781 0.0152821
5.96868 0.0147641 0.0152656
5.96997 0.0147471 0.0152492
5.97126 0.0147302 0.0152328
5.97256 0.0147133 0.0152164
5.97386 0.0146963 0.0152
5.97515 0.0146794 0.0151836
5.97645 0.0146625 0.0151672
5.97775 0.0146456 0.0151508
5.97905 0.0146287 0.0151344
5.98035 0.0146118 0.015118
5.98165 0.0145949 0.0151016
5.98295 0.014578 0.0150853
5.98425 0.0145611 0.0150689
5.98556 0.0145443 0.0150526
5.98686 0.0145274 0.0150362
5.98816 0.0145105 0.0150199
5.98947 0.0144937 0.0150036
5.99078 0.0144768 0.0149872
5.99208 0.01446 0.0149709
5.99339 0.0144431 0.0149546
5.9947 0.0144263 0.0149383
5.99601 0.0144095 0.014922
5.99732 0.0143927 0.0149058
5.99863 0.0143758 0.0148895
5.99994 0.014359 0.0148732
6.00126 0.0143422 0.0148569
6.00257 0.0143254 0.0148407
6.00389 0.0143087 0.0148244
6.0052 0.0142919 0.0148082
6.00652 0.0142751 0.0147919
6.00783 0.0142583 0.0147757
6.00915 0.0142416 0.0147595
6.01047 0.0142248 0.0147433
6.01179 0.0142081 0.0147271
6.01311 0.0141913 0.0147109
6.01443 0.0141746 0.0146947
6.01575 0.0141578 0.0146785
6.01708 0.0141411 0.0146623
6.0184 0.0141244 0.0146461
6.01973 0.0141077 0.01463
6.02105 0.014091 0.0146138
6.02238 0.0140742 0.0145976
6.0237 0.0140575 0.0145815
6.02503 0.0140409 0.0145654
6.02636 0.0140242 0.0145492
6.02769 0.0140075 0.0145331
6.02902 0.0139908 0.014517
6.03035 0.0139741 0.0145009
6.03168 0.0139575 0.0144848
6.03302 0.0139408 0.0144687
6.03435 0.0139242 0.0144526
6.03569 0.0139075 0.0144365
6.03702 0.0138909 0.0144204
6.03836 0.0138743 0.0144043
6.03969 0.0138576 0.0143883
6.04103 0.013841 0.0143722
6.04237 0.0138244 0.0143562
6.04371 0.0138078 0.0143401
6.04505 0.0137912 0.0143241
6.04639 0.0137746 0.0143081
6.04774 0.013758 0.0142921
6.04908 0.0137414 0.014276
6.05042 0.0137248 0.01426
6.05177 0.0137083 0.014244
6.05311 0.0136917 0.014228
6.05446 0.0136751 0.0142121
6.05581 0.0136586 0.0141961
6.05716 0.013642 0.0141801
6.0585 0.0136255 0.0141641
6.05985 0.013609 0.0141482
6.06121 0.0135924 0.0141322
6.06256 0.0135759 0.0141163
6.06391 0.0135594 0.0141004
6.06526 0.0135429 0.0140844
6.06662 0.0135264 0.0140685
6.06797 0.0135099 0.0140526
6.06933 0.0134934 0.0140367
6.07069 0.0134769 0.0140208
6.07205 0.0134604 0.0140049
6.0734 0.0134439 0.013989
6.07476 0.0134274 0.0139731
6.07612 0.013411 0.0139572
6.07749 0.0133945 0.0139414
6.07885 0.0133781 0.0139255
6.08021 0.0133616 0.0139097
6.08158 0.0133452 0.0138938
6.08294 0.0133287 0.013878
6.08431 0.0133123 0.0138621
6.08567 0.0132959 0.0138463
6.08704 0.0132795 0.0138305
6.08841 0.013263 0.0138147
6.08978 0.0132466 0.0137989
6.09115 0.0132302 0.0137831
6.09252 0.0132138 0.0137673
6.09389 0.0131975 0.0137515
6.09527 0.0131811 0.0137357
6.09664 0.0131647 0.01372
6.09802 0.0131483 0.0137042
6.09939 0.013132 0.0136884
6.10077 0.0131156 0.0136727
6.10215 0.0130992 0.013657
6.10353 0.0130829 0.0136412
6.1049 0.0130666 0.0136255
6.10629 0.0130502 0.0136098
6.10767 0.0130339 0.0135941
6.10905 0.0130176 0.0135784
6.11043 0.0130013 0.0135627
6.11182 0.0129849 0.013547
6.1132 0.0129686 0.0135313
6.11459 0.0129523 0.0135156
6.11597 0.012936 0.0134999
6.11736 0.0129198 0.0134843
6.11875 0.0129035 0.0134686
6.12014 0.0128872 0.013453
6.12153 0.0128709 0.0134373
6.12292 0.0128547 0.0134217
6.12432 0.0128384 0.0134061
6.12571 0.0128221 0.0133904
6.1271 0.0128059 0.0133748
6.1285 0.0127897 0.0133592
6.12989 0.0127734 0.0133436
6.13129 0.0127572 0.013328
6.13269 0.012741 0.0133124
6.13409 0.0127247 0.0132969
6.13549 0.0127085 0.0132813
6.13689 0.0126923 0.0132657
6.13829 0.0126761 0.0132502
6.13969 0.0126599 0.0132346
6.1411 0.0126437 0.0132191
6.1425 0.0126276 0.0132035
6.14391 0.0126114 0.013188
6.14532 0.0125952 0.0131725
6.14672 0.012579 0.013157
6.14813 0.0125629 0.0131415
6.14954 0.0125467 0.013126
6.15095 0.0125306 0.0131105
6.15236 0.0125144 0.013095
6.15378 0.0124983 0.0130795
6.15519 0.0124822 0.013064
6.1566 0.0124661 0.0130485
6.15802 0.0124499 0.0130331
6.15944 0.0124338 0.0130176
6.16085 0.0124177 0.0130022
6.16227 0.0124016 0.0129868
6.16369 0.0123855 0.0129713
6.16511 0.0123694 0.0129559
6.16653 0.0123533 0.0129405
6.16795 0.0123373 0.0129251
6.16938 0.0123212 0.0129097
6.1708 0.0123051 0.0128943
6.17223 0.0122891 0.0128789
6.17365 0.012273 0.0128635
6.17508 0.012257 0.0128481
6.17651 0.0122409 0.0128328
6.17794 0.0122249 0.0128174
6.17937 0.0122088 0.012802
6.1808 0.0121928 0.0127867
6.18223 0.0121768 0.0127714
6.18366 0.0121608 0.012756
6.1851 0.0121448 0.0127407
6.18653 0.0121288 0.0127254
6.18797 0.0121128 0.0127101
6.1894 0.0120968 0.0126948
6.19084 0.0120808 0.0126795
6.19228 0.0120648 0.0126642
6.19372 0.0120488 0.0126489
6.19516 0.0120329 0.0126336
6.1966 0.0120169 0.0126184
6.19805 0.012001 0.0126031
6.19949 0.011985 0.0125878
6.20094 0.0119691 0.0125726
6.20238 0.0119531 0.0125573
6.20383 0.0119372 0.0125421
6.20528 0.0119213 0.0125269
6.20673 0.0119053 0.0125117
6.20818 0.0118894 0.0124965
6.20963 0.0118735 0.0124813
6.21108 0.0118576 0.0124661
6.21253 0.0118417 0.0124509
6.21399 0.0118258 0.0124357
6.21544 0.0118099 0.0124205
6.2169 0.011794 0.0124053
6.21836 0.0117782 0.0123902
6.21982 0.0117623 0.012375
6.22128 0.0117464 0.0123599
6.22274 0.0117306 0.0123447
6.2242 0.0117147 0.0123296
6.22566 0.0116989 0.0123145
6.22712 0.011683 0.0122993
6.22859 0.0116672 0.0122842
6.23005 0.0116513 0.0122691
6.23152 0.0116355 0.012254
6.23299 0.0116197 0.0122389
6.23446 0.0116039 0.0122239
6.23593 0.0115881 0.0122088
6.2374 0.0115723 0.0121937
6.23887 0.0115565 0.0121786
6.24034 0.0115407 0.0121636
6.24182 0.0115249 0.0121485
6.24329 0.0115091 0.0121335
6.24477 0.0114933 0.0121185
6.24625 0.0114776 0.0121034
6.24773 0.0114618 0.0120884
6.2492 0.011446 0.0120734
6.25069 0.0114303 0.0120584
6.25217 0.0114145 0.0120434
6.25365 0.0113988 0.0120284
6.25513 0.0113831 0.0120134
6.25662 0.0113673 0.0119984
6.2581 0.0113516 0.0119835
6.25959 0.0113359 0.0119685
6.26108 0.0113202 0.0119536
6.26257 0.0113045 0.0119386
6.26406 0.0112888 0.0119237
6.26555 0.0112731 0.0119087
6.26704 0.0112574 0.0118938
6.26854 0.0112417 0.0118789
6.27003 0.011226 0.011864
6.27153 0.0112104 0.0118491
6.27302 0.0111947 0.0118342
6.27452 0.011179 0.0118193
6.27602 0.0111634 0.0118044
6.27752 0.0111477 0.0117895
6.27902 0.0111321 0.0117746
6.28052 0.0111164 0.0117598
6.28203 0.0111008 0.0117449
6.28353 0.0110852 0.0117301
6.28504 0.0110695 0.0117152
6.28654 0.0110539 0.0117004
6.28805 0.0110383 0.0116856
6.28956 0.0110227 0.0116707
6.29107 0.0110071 0.0116559
6.29258 0.0109915 0.0116411
6.2941 0.0109759 0.0116263
6.29561 0.0109603 0.0116115
6.29712 0.0109448 0.0115967
6.29864 0.0109292 0.011582
6.30016 0.0109136 0.0115672
6.30167 0.010898 0.0115524
6.30319 0.0108825 0.0115377
6.30471 0.0108669 0.0115229
6.30624 0.0108514 0.0115082
6.30776 0.0108359 0.0114934
6.30928 0.0108203 0.0114787
6.31081 0.0108048 0.011464
6.31233 0.0107893 0.0114493
6.31386 0.0107737 0.0114346
6.31539 0.0107582 0.0114199
6.31692 0.0107427 0.0114052
6.31845 0.0107272 0.0113905
6.31998 0.0107117 0.0113758
6.32151 0.0106962 0.0113612
6.32305 0.0106808 0.0113465
6.32458 0.0106653 0.0113318
6.32612 0.0106498 0.0113172
6.32766 0.0106343 0.0113026
6.3292 0.0106189 0.0112879
6.33074 0.0106034 0.0112733
6.33228 0.010588 0.0112587
6.33382 0.0105725 0.0112441
6.33536 0.0105571 0.0112295
6.33691 0.0105416 0.0112149
6.33845 0.0105262 0.0112003
6.34 0.0105108 0.0111857
6.34155 0.0104954 0.0111711
6.3431 0.0104799 0.0111565
6.34465 0.0104645 0.011142
6.3462 0.0104491 0.0111274
6.34775 0.0104337 0.0111129
6.34931 0.0104183 0.0110983
6.35086 0.010403 0.0110838
6.35242 0.0103876 0.0110693
6.35398 0.0103722 0.0110547
6.35554 0.0103568 0.0110402
6.3571 0.0103415 0.0110257
6.35866 0.0103261 0.0110112
6.36022 0.0103107 0.0109967
6.36178 0.0102954 0.0109823
6.36335 0.0102801 0.0109678
6.36491 0.0102647 0.0109533
6.36648 0.0102494 0.0109389
6.36805 0.0102341 0.0109244
6.36962 0.0102187 0.0109099
6.37119 0.0102034 0.0108955
6.37276 0.0101881 0.0108811
6.37434 0.0101728 0.0108667
6.37591 0.0101575 0.0108522
6.37749 0.0101422 0.0108378
6.37906 0.0101269 0.0108234
6.38064 0.0101116 0.010809
6.38222 0.0100963 0.0107946
6.3838 0.0100811 0.0107803
6.38539 0.0100658 0.0107659
6.38697 0.0100505 0.0107515
6.38855 0.0100353 0.0107371
6.39014 0.01002 0.0107228
6.39173 0.0100048 0.0107084
6.39332 0.00998954 0.0106941
6.3949 0.0099743 0.0106798
6.3965 0.00995907 0.0106655
6.39809 0.00994384 0.0106511
6.39968 0.00992862 0.0106368
6.40128 0.00991341 0.0106225
6.40287 0.00989819 0.0106082
6.40447 0.00988299 0.0105939
6.40607 0.00986779 0.0105797
6.40767 0.00985259 0.0105654
6.40927 0.0098374 0.0105511
6.41087 0.00982222 0.0105369
6.41247 0.00980704 0.0105226
6.41408 0.00979187 0.0105084
6.41569 0.0097767 0.0104941
6.41729 0.00976154 0.0104799
6.4189 0.00974638 0.0104657
6.42051 0.00973123 0.0104515
6.42212 0.00971608 0.0104373
6.42374 0.00970094 0.0104231
6.42535 0.0096858 0.0104089
6.42696 0.00967067 0.0103947
6.42858 0.00965554 0.0103805
6.4302 0.00964042 0.0103663
6.43182 0.0096253 0.0103522
6.43344 0.00961019 0.010338
6.43506 0.00959509 0.0103239
6.43668 0.00957998 0.0103097
6.43831 0.00956489 0.0102956
6.43993 0.0095498 0.0102814
6.44156 0.00953471 0.0102673
6.44319 0.00951963 0.0102532
6.44482 0.00950456 0.0102391
6.44645 0.00948949 0.010225
6.44808 0.00947442 0.0102109
6.44971 0.00945936 0.0101968
6.45135 0.00944431 0.0101828
6.45299 0.00942926 0.0101687
6.45462 0.00941422 0.0101546
6.45626 0.00939918 0.0101406
6.4579 0.00938414 0.0101265
6.45954 0.00936912 0.0101125
6.46119 0.00935409 0.0100984
6.46283 0.00933907 0.0100844
6.46448 0.00932406 0.0100704
6.46612 0.00930905 0.0100564
6.46777 0.00929405 0.0100424
6.46942 0.00927905 0.0100284
6.47107 0.00926406 0.0100144
6.47273 0.00924907 0.0100004
6.47438 0.00923409 0.00998644
6.47603 0.00921911 0.00997247
6.47769 0.00920414 0.00995851
6.47935 0.00918917 0.00994456
6.48101 0.00917421 0.00993062
6.48267 0.00915925 0.00991668
6.48433 0.0091443 0.00990275
6.486 0.00912935 0.00988882
6.48766 0.00911441 0.00987491
6.48933 0.00909947 0.009861
6.49099 0.00908454 0.0098471
6.49266 0.00906961 0.0098332
6.49433 0.00905469 0.00981932
6.49601 0.00903977 0.00980544
6.49768 0.00902486 0.00979157
6.49935 0.00900995 0.0097777
6.50103 0.00899505 0.00976384
6.50271 0.00898015 0.00974999
6.50439 0.00896526 0.00973615
6.50607 0.00895037 0.00972232
6.50775 0.00893549 0.00970849
6.50943 0.00892061 0.00969467
6.51112 0.00890574 0.00968086
6.5128 0.00889087 0.00966705
6.51449 0.00887601 0.00965325
6.51618 0.00886115 0.00963946
6.51787 0.00884629 0.00962568
6.51956 0.00883145 0.0096119
6.52125 0.0088166 0.00959813
6.52295 0.00880177 0.00958437
6.52464 0.00878693 0.00957062
6.52634 0.0087721 0.00955687
6.52804 0.00875728 0.00954313
6.52974 0.00874246 0.0095294
6.53144 0.00872765 0.00951567
6.53315 0.00871284 0.00950196
6.53485 0.00869803 0.00948825
6.53656 0.00868324 0.00947454
6.53826 0.00866844 0.00946085
6.53997 0.00865365 0.00944716
6.54168 0.00863887 0.00943348
6.5434 0.00862409 0.00941981
6.54511 0.00860931 0.00940614
6.54683 0.00859454 0.00939249
6.54854 0.00857978 0.00937883
6.55026 0.00856502 0.00936519
6.55198 0.00855026 0.00935156
6.5537 0.00853551 0.00933793
6.55542 0.00852076 0.00932431
6.55715 0.00850602 0.00931069
6.55887 0.00849128 0.00929709
6.5606 0.00847655 0.00928349
6.56233 0.00846183 0.0092699
6.56406 0.0084471 0.00925631
6.56579 0.00843239 0.00924274
6.56752 0.00841767 0.00922917
6.56926 0.00840296 0.00921561
6.57099 0.00838826 0.00920205
6.57273 0.00837356 0.00918851
6.57447 0.00835887 0.00917497
6.57621 0.00834418 0.00916143
6.57795 0.00832949 0.00914791
6.5797 0.00831481 0.00913439
6.58144 0.00830014 0.00912088
6.58319 0.00828547 0.00910738
6.58494 0.0082708 0.00909389
6.58669 0.00825614 0.0090804
6.58844 0.00824148 0.00906692
6.59019 0.00822683 0.00905345
6.59195 0.00821219 0.00903998
6.5937 0.00819754 0.00902653
6.59546 0.00818291 0.00901308
6.59722 0.00816827 0.00899963
6.59898 0.00815364 0.0089862
6.60074 0.00813902 0.00897277
6.60251 0.0081244 0.00895935
6.60427 0.00810978 0.00894594
6.60604 0.00809517 0.00893253
6.60781 0.00808057 0.00891914
6.60958 0.00806597 0.00890575
6.61135 0.00805137 0.00889236
6.61312 0.00803678 0.00887899
6.6149 0.00802219 0.00886562
6.61668 0.00800761 0.00885226
6.61845 0.00799303 0.00883891
6.62023 0.00797846 0.00882556
6.62201 0.00796389 0.00881223
6.6238 0.00794932 0.0087989
6.62558 0.00793476 0.00878557
6.62737 0.0079202 0.00877226
6.62916 0.00790565 0.00875895
6.63095 0.00789111 0.00874565
6.63274 0.00787656 0.00873236
6.63453 0.00786203 0.00871908
6.63632 0.00784749 0.0087058
6.63812 0.00783296 0.00869253
6.63992 0.00781844 0.00867927
6.64172 0.00780392 0.00866601
6.64352 0.0077894 0.00865276
6.64532 0.00777489 0.00863952
6.64712 0.00776038 0.00862629
6.64893 0.00774588 0.00861307
6.65074 0.00773138 0.00859985
6.65255 0.00771689 0.00858664
6.65436 0.0077024 0.00857344
6.65617 0.00768792 0.00856024
6.65799 0.00767343 0.00854706
6.6598 0.00765896 0.00853388
6.66162 0.00764449 0.00852071
6.66344 0.00763002 0.00850754
6.66526 0.00761556 0.00849439
6.66708 0.0076011 0.00848124
6.66891 0.00758664 0.0084681
6.67073 0.00757219 0.00845496
6.67256 0.00755775 0.00844183
6.67439 0.0075433 0.00842872
6.67622 0.00752887 0.00841561
6.67805 0.00751443 0.0084025
6.67989 0.0075 0.00838941
6.68172 0.00748558 0.00837632
6.68356 0.00747116 0.00836324
6.6854 0.00745674 0.00835016
6.68724 0.00744233 0.0083371
6.68908 0.00742792 0.00832404
6.69093 0.00741352 0.00831099
6.69278 0.00739912 0.00829795
6.69462 0.00738472 0.00828491
6.69647 0.00737033 0.00827188
6.69833 0.00735595 0.00825886
6.70018 0.00734156 0.00824585
6.70203 0.00732718 0.00823285
6.70389 0.00731281 0.00821985
6.70575 0.00729844 0.00820686
6.70761 0.00728407 0.00819388
6.70947 0.00726971 0.0081809
6.71134 0.00725535 0.00816794
6.7132 0.007241 0.00815498
6.71507 0.00722665 0.00814203
6.71694 0.0072123 0.00812908
6.71881 0.00719796 0.00811615
6.72068 0.00718362 0.00810322
6.72256 0.00716929 0.0080903
6.72443 0.00715496 0.00807739
6.72631 0.00714064 0.00806448
6.72819 0.00712631 0.00805158
6.73007 0.007112 0.00803869
6.73196 0.00709768 0.00802581
6.73384 0.00708337 0.00801294
6.73573 0.00706907 0.00800007
6.73762 0.00705477 0.00798721
6.73951 0.00704047 0.00797436
6.7414 0.00702617 0.00796152
6.7433 0.00701189 0.00794868
6.74519 0.0069976 0.00793585
6.74709 0.00698332 0.00792303
6.74899 0.00696904 0.00791022
6.7509 0.00695477 0.00789741
6.7528 0.00694049 0.00788462
6.7547 0.00692623 0.00787183
6.75661 0.00691197 0.00785904
6.75852 0.00689771 0.00784627
6.76043 0.00688345 0.0078335
6.76235 0.0068692 0.00782074
6.76426 0.00685495 0.00780799
6.76618 0.00684071 0.00779525
6.7681 0.00682647 0.00778251
6.77002 0.00681224 0.00776978
6.77194 0.006798 0.00775706
6.77386 0.00678378 0.00774435
6.77579 0.00676955 0.00773165
6.77772 0.00675533 0.00771895
6.77965 0.00674111 0.00770626
6.78158 0.0067269 0.00769358
6.78351 0.00671269 0.00768091
6.78545 0.00669849 0.00766824
6.78739 0.00668428 0.00765558
6.78933 0.00667008 0.00764293
6.79127 0.00665589 0.00763029
6.79321 0.0066417 0.00761765
6.79516 0.00662751 0.00760503
6.7971 0.00661333 0.00759241
6.79905 0.00659915 0.0075798
6.801 0.00658497 0.00756719
6.80296 0.0065708 0.0075546
6.80491 0.00655663 0.00754201
6.80687 0.00654246 0.00752943
6.80883 0.0065283 0.00751686
6.81079 0.00651414 0.00750429
6.81275 0.00649999 0.00749174
6.81472 0.00648583 0.00747919
6.81668 0.00647169 0.00746665
6.81865 0.00645754 0.00745411
6.82062 0.0064434 0.00744159
6.82259 0.00642926 0.00742907
6.82457 0.00641513 0.00741656
6.82655 0.006401 0.00740406
6.82852 0.00638687 0.00739157
6.8305 0.00637275 0.00737908
6.83249 0.00635863 0.0073666
6.83447 0.00634451 0.00735413
6.83646 0.0063304 0.00734167
6.83845 0.00631629 0.00732922
6.84044 0.00630218 0.00731677
6.84243 0.00628808 0.00730433
6.84443 0.00627398 0.0072919
6.84642 0.00625988 0.00727948
6.84842 0.00624578 0.00726706
6.85042 0.00623169 0.00725466
6.85243 0.00621761 0.00724226
6.85443 0.00620352 0.00722987
6.85644 0.00618944 0.00721748
6.85845 0.00617537 0.00720511
6.86046 0.00616129 0.00719274
6.86247 0.00614722 0.00718038
6.86449 0.00613315 0.00716803
6.8665 0.00611909 0.00715569
6.86852 0.00610503 0.00714335
6.87054 0.00609097 0.00713102
6.87257 0.00607692 0.0071187
6.87459 0.00606287 0.00710639
6.87662 0.00604882 0.00709409
6.87865 0.00603477 0.00708179
6.88068 0.00602073 0.0070695
6.88272 0.00600669 0.00705722
6.88475 0.00599265 0.00704495
6.88679 0.00597862 0.00703269
6.88883 0.00596459 0.00702043
6.89087 0.00595057 0.00700819
6.89292 0.00593654 0.00699595
6.89497 0.00592252 0.00698371
6.89701 0.0059085 0.00697149
6.89907 0.00589449 0.00695928
6.90112 0.00588048 0.00694707
6.90317 0.00586647 0.00693487
6.90523 0.00585246 0.00692268
6.90729 0.00583846 0.00691049
6.90935 0.00582446 0.00689832
6.91142 0.00581046 0.00688615
6.91348 0.00579647 0.00687399
6.91555 0.00578248 0.00686184
6.91762 0.00576849 0.0068497
6.9197 0.0057545 0.00683756
6.92177 0.00574052 0.00682544
6.92385 0.00572654 0.00681332
6.92593 0.00571256 0.00680121
6.92801 0.00569859 0.0067891
6.93009 0.00568461 0.00677701
6.93218 0.00567065 0.00676492
6.93427 0.00565668 0.00675285
6.93636 0.00564272 0.00674078
6.93845 0.00562876 0.00672871
6.94054 0.0056148 0.00671666
6.94264 0.00560084 0.00670462
6.94474 0.00558689 0.00669258
6.94684 0.00557294 0.00668055
6.94895 0.00555899 0.00666853
6.95105 0.00554505 0.00665652
6.95316 0.0055311 0.00664451
6.95527 0.00551716 0.00663251
6.95738 0.00550323 0.00662053
6.9595 0.00548929 0.00660855
6.96162 0.00547536 0.00659657
6.96374 0.00546143 0.00658461
6.96586 0.0054475 0.00657265
6.96798 0.00543358 0.00656071
6.97011 0.00541966 0.00654877
6.97224 0.00540574 0.00653684
6.97437 0.00539182 0.00652492
6.9765 0.0053779 0.006513
6.97864 0.00536399 0.0065011
6.98078 0.00535008 0.0064892
6.98292 0.00533617 0.00647731
6.98506 0.00532227 0.00646543
6.9872 0.00530837 0.00645355
6.98935 0.00529447 0.00644169
6.9915 0.00528057 0.00642983
6.99365 0.00526667 0.00641799
6.99581 0.00525278 0.00640615
6.99797 0.00523889 0.00639432
7.00012 0.005225 0.00638249
7.00229 0.00521111 0.00637068
7.00445 0.00519722 0.00635887
7.00662 0.00518334 0.00634707
7.00878 0.00516946 0.00633529
7.01096 0.00515558 0.0063235
7.01313 0.00514171 0.00631173
7.01531 0.00512783 0.00629997
7.01748 0.00511396 0.00628821
7.01966 0.00510009 0.00627646
7.02185 0.00508622 0.00626472
7.02403 0.00507236 0.00625299
7.02622 0.00505849 0.00624127
7.02841 0.00504463 0.00622956
7.0306 0.00503077 0.00621785
7.0328 0.00501691 0.00620616
7.035 0.00500306 0.00619447
7.0372 0.0049892 0.00618279
7.0394 0.00497535 0.00617112
7.0416 0.0049615 0.00615945
7.04381 0.00494765 0.0061478
7.04602 0.00493381 0.00613615
7.04823 0.00491996 0.00612452
7.05045 0.00490612 0.00611289
7.05266 0.00489228 0.00610127
7.05488 0.00487844 0.00608965
7.05711 0.0048646 0.00607805
7.05933 0.00485077 0.00606646
7.06156 0.00483693 0.00605487
7.06379 0.0048231 0.00604329
7.06602 0.00480927 0.00603172
7.06825 0.00479544 0.00602016
7.07049 0.00478162 0.00600861
7.07273 0.00476779 0.00599707
7.07497 0.00475397 0.00598553
7.07722 0.00474014 0.00597401
7.07947 0.00472632 0.00596249
7.08172 0.0047125 0.00595098
7.08397 0.00469869 0.00593948
7.08622 0.00468487 0.00592799
7.08848 0.00467106 0.00591651
7.09074 0.00465724 0.00590503
7.093 0.00464343 0.00589357
7.09527 0.00462962 0.00588211
7.09754 0.00461581 0.00587066
7.09981 0.00460201 0.00585922
7.10208 0.0045882 0.00584779
7.10435 0.0045744 0.00583637
7.10663 0.00456059 0.00582496
7.10891 0.00454679 0.00581356
7.1112 0.00453299 0.00580216
7.11348 0.00451919 0.00579077
7.11577 0.00450539 0.0057794
7.11806 0.0044916 0.00576803
7.12035 0.0044778 0.00575667
7.12265 0.00446401 0.00574532
7.12495 0.00445021 0.00573397
7.12725 0.00443642 0.00572264
7.12955 0.00442263 0.00571132
7.13186 0.00440884 0.0057
7.13417 0.00439505 0.00568869
7.13648 0.00438127 0.00567739
7.1388 0.00436748 0.00566611
7.14111 0.00435369 0.00565483
7.14343 0.00433991 0.00564355
7.14576 0.00432613 0.00563229
7.14808 0.00431234 0.00562104
7.15041 0.00429856 0.00560979
7.15274 0.00428478 0.00559856
7.15508 0.004271 0.00558733
7.15741 0.00425722 0.00557612
7.15975 0.00424345 0.00556491
7.16209 0.00422967 0.00555371
7.16444 0.00421589 0.00554252
7.16678 0.00420212 0.00553134
7.16913 0.00418834 0.00552016
7.17148 0.00417457 0.005509
7.17384 0.0041608 0.00549785
7.1762 0.00414703 0.0054867
7.17856 0.00413325 0.00547557
7.18092 0.00411948 0.00546444
7.18329 0.00410571 0.00545332
7.18566 0.00409194 0.00544222
7.18803 0.00407817 0.00543112
7.1904 0.00406441 0.00542003
7.19278 0.00405064 0.00540895
7.19516 0.00403687 0.00539788
7.19754 0.0040231 0.00538681
7.19993 0.00400934 0.00537576
7.20231 0.00399557 0.00536472
7.2047 0.00398181 0.00535368
7.2071 0.00396804 0.00534266
7.20949 0.00395428 0.00533164
7.21189 0.00394051 0.00532064
7.2143 0.00392675 0.00530964
7.2167 0.00391299 0.00529865
7.21911 0.00389923 0.00528767
7.22152 0.00388546 0.0052767
7.22393 0.0038717 0.00526574
7.22635 0.00385794 0.00525479
7.22877 0.00384418 0.00524385
7.23119 0.00383042 0.00523292
7.23361 0.00381665 0.005222
7.23604 0.00380289 0.00521109
7.23847 0.00378913 0.00520019
7.2409 0.00377537 0.00518929
7.24334 0.00376161 0.00517841
7.24578 0.00374785 0.00516753
7.24822 0.00373409 0.00515667
7.25066 0.00372033 0.00514582
7.25311 0.00370657 0.00513497
7.25556 0.00369281 0.00512413
7.25802 0.00367905 0.00511331
7.26047 0.00366529 0.00510249
7.26293 0.00365153 0.00509169
7.26539 0.00363776 0.00508089
7.26786 0.003624 0.0050701
7.27032 0.00361024 0.00505932
7.27279 0.00359648 0.00504856
7.27527 0.00358272 0.0050378
7.27774 0.00356896 0.00502705
7.28022 0.0035552 0.00501631
7.2827 0.00354143 0.00500558
7.28519 0.00352767 0.00499486
7.28768 0.00351391 0.00498415
7.29017 0.00350015 0.00497345
7.29266 0.00348638 0.00496276
7.29516 0.00347262 0.00495209
7.29766 0.00345886 0.00494142
7.30016 0.00344509 0.00493076
7.30266 0.00343133 0.00492011
7.30517 0.00341756 0.00490947
7.30768 0.0034038 0.00489884
7.3102 0.00339003 0.00488822
7.31271 0.00337626 0.00487761
7.31523 0.00336249 0.00486701
7.31776 0.00334873 0.00485642
7.32028 0.00333496 0.00484584
7.32281 0.00332119 0.00483527
7.32534 0.00330742 0.00482471
7.32788 0.00329365 0.00481417
7.33042 0.00327988 0.00480363
7.33296 0.00326611 0.0047931
7.3355 0.00325233 0.00478258
7.33805 0.00323856 0.00477207
7.3406 0.00322479 0.00476158
7.34315 0.00321101 0.00475109
7.3457 0.00319724 0.00474061
7.34826 0.00318346 0.00473015
7.35082 0.00316968 0.00471969
7.35339 0.00315591 0.00470924
7.35596 0.00314213 0.00469881
7.35853 0.00312835 0.00468838
7.3611 0.00311457 0.00467797
7.36368 0.00310078 0.00466757
7.36626 0.003087 0.00465717
7.36884 0.00307322 0.00464679
7.37142 0.00305943 0.00463642
7.37401 0.00304565 0.00462606
7.3766 0.00303186 0.00461571
7.3792 0.00301807 0.00460537
7.3818 0.00300428 0.00459504
7.3844 0.00299049 0.00458472
7.387 0.0029767 0.00457441
7.38961 0.00296291 0.00456411
7.39221 0.00294912 0.00455383
7.39483 0.00293532 0.00454355
7.39744 0.00292152 0.00453329
7.40006 0.00290773 0.00452303
7.40268 0.00289393 0.00451279
7.40531 0.00288013 0.00450256
7.40793 0.00286633 0.00449234
7.41056 0.00285253 0.00448213
7.4132 0.00283872 0.00447193
7.41583 0.00282492 0.00446174
7.41847 0.00281111 0.00445156
7.42112 0.0027973 0.0044414
7.42376 0.00278349 0.00443124
7.42641 0.00276968 0.0044211
7.42906 0.00275587 0.00441097
7.43172 0.00274206 0.00440085
7.43437 0.00272824 0.00439074
7.43703 0.00271442 0.00438064
7.4397 0.00270061 0.00437055
7.44236 0.00268679 0.00436047
7.44503 0.00267296 0.00435041
7.4477 0.00265914 0.00434036
7.45038 0.00264532 0.00433031
7.45306 0.00263149 0.00432028
7.45574 0.00261766 0.00431027
7.45842 0.00260383 0.00430026
7.46111 0.00259 0.00429026
7.4638 0.00257617 0.00428028
7.4665 0.00256234 0.00427031
7.46919 0.0025485 0.00426034
7.47189 0.00253466 0.0042504
7.47459 0.00252082 0.00424046
7.4773 0.00250698 0.00423053
7.48001 0.00249314 0.00422062
7.48272 0.00247929 0.00421072
7.48543 0.00246545 0.00420083
7.48815 0.0024516 0.00419095
7.49087 0.00243775 0.00418108
7.49359 0.00242389 0.00417123
7.49632 0.00241004 0.00416138
7.49905 0.00239618 0.00415155
7.50178 0.00238233 0.00414174
7.50452 0.00236847 0.00413193
7.50725 0.0023546 0.00412214
7.50999 0.00234074 0.00411235
7.51274 0.00232688 0.00410258
7.51548 0.00231301 0.00409283
7.51823 0.00229914 0.00408308
7.52099 0.00228527 0.00407335
7.52374 0.00227139 0.00406363
7.5265 0.00225752 0.00405392
7.52926 0.00224364 0.00404423
7.53203 0.00222976 0.00403454
7.53479 0.00221588 0.00402487
7.53756 0.002202 0.00401521
7.54034 0.00218811 0.00400557
7.54311 0.00217422 0.00399594
7.54589 0.00216033 0.00398632
7.54867 0.00214644 0.00397671
7.55146 0.00213255 0.00396711
7.55424 0.00211865 0.00395753
7.55703 0.00210475 0.00394796
7.55983 0.00209085 0.00393841
7.56262 0.00207695 0.00392886
7.56542 0.00206305 0.00391933
7.56822 0.00204914 0.00390982
7.57103 0.00203523 0.00390031
7.57383 0.00202132 0.00389082
7.57664 0.00200741 0.00388134
7.57946 0.00199349 0.00387188
7.58227 0.00197958 0.00386243
7.58509 0.00196566 0.00385299
7.58791 0.00195174 0.00384356
7.59074 0.00193781 0.00383415
7.59356 0.00192389 0.00382475
7.59639 0.00190996 0.00381537
7.59922 0.00189603 0.003806
7.60206 0.0018821 0.00379664
7.60489 0.00186816 0.0037873
7.60774 0.00185423 0.00377797
7.61058 0.00184029 0.00376865
7.61342 0.00182635 0.00375935
7.61627 0.0018124 0.00375006
7.61912 0.00179846 0.00374078
7.62198 0.00178451 0.00373152
7.62483 0.00177056 0.00372227
7.62769 0.00175661 0.00371304
7.63055 0.00174266 0.00370382
7.63342 0.0017287 0.00369461
7.63628 0.00171474 0.00368542
7.63915 0.00170078 0.00367624
7.64202 0.00168682 0.00366708
7.6449 0.00167286 0.00365793
7.64777 0.00165889 0.00364879
7.65065 0.00164492 0.00363967
7.65353 0.00163095 0.00363057
7.65642 0.00161698 0.00362147
7.65931 0.00160301 0.0036124
7.66219 0.00158903 0.00360333
7.66509 0.00157505 0.00359428
7.66798 0.00156107 0.00358525
7.67088 0.00154709 0.00357623
7.67378 0.0015331 0.00356723
7.67668 0.00151911 0.00355824
7.67958 0.00150512 0.00354926
7.68249 0.00149113 0.0035403
7.6854 0.00147714 0.00353136
7.68831 0.00146314 0.00352243
7.69122 0.00144915 0.00351351
7.69413 0.00143515 0.00350461
7.69705 0.00142115 0.00349572
7.69997 0.00140714 0.00348685
7.70289 0.00139314 0.003478
7.70582 0.00137913 0.00346916
7.70875 0.00136513 0.00346034
7.71167 0.00135111 0.00345153
7.7146 0.0013371 0.00344273
7.71754 0.00132309 0.00343395
7.72047 0.00130907 0.00342519
7.72341 0.00129505 0.00341644
7.72635 0.00128104 0.00340771
7.72929 0.00126701 0.003399
7.73224 0.00125299 0.0033903
7.73518 0.00123897 0.00338161
7.73813 0.00122494 0.00337294
7.74108 0.00121091 0.00336429
7.74403 0.00119688 0.00335565
7.74698 0.00118285 0.00334703
7.74994 0.00116882 0.00333843
7.7529 0.00115479 0.00332984
7.75586 0.00114075 0.00332127
7.75882 0.00112671 0.00331271
7.76178 0.00111267 0.00330417
7.76475 0.00109863 0.00329565
7.76771 0.00108459 0.00328714
7.77068 0.00107055 0.00327865
7.77365 0.0010565 0.00327017
7.77663 0.00104246 0.00326171
7.7796 0.00102841 0.00325327
7.78258 0.00101436 0.00324484
7.78555 0.00100031 0.00323644
7.78853 0.000986261 0.00322804
7.79151 0.000972209 0.00321967
7.79449 0.000958156 0.00321131
7.79748 0.000944102 0.00320297
7.80046 0.000930046 0.00319464
7.80345 0.00091599 0.00318633
7.80644 0.000901932 0.00317804
7.80943 0.000887873 0.00316977
7.81242 0.000873814 0.00316151
7.81541 0.000859753 0.00315327
7.81841 0.000845692 0.00314505
7.8214 0.00083163 0.00313684
7.8244 0.000817567 0.00312865
7.8274 0.000803503 0.00312048
7.8304 0.000789438 0.00311233
7.8334 0.000775373 0.00310419
7.8364 0.000761307 0.00309607
7.8394 0.00074724 0.00308797
7.84241 0.000733173 0.00307989
7.84541 0.000719106 0.00307182
7.84842 0.000705037 0.00306377
7.85143 0.000690969 0.00305574
7.85444 0.0006769 0.00304772
7.85745 0.00066283 0.00303973
7.86046 0.00064876 0.00303175
7.86347 0.00063469 0.00302379
7.86649 0.00062062 0.00301585
7.8695 0.000606549 0.00300792
7.87251 0.000592478 0.00300002
7.87553 0.000578407 0.00299213
7.87855 0.000564336 0.00298426
7.88156 0.000550265 0.00297641
7.88458 0.000536194 0.00296857
7.8876 0.000522123 0.00296076
7.89062 0.000508052 0.00295296
7.89364 0.000493982 0.00294518
7.89666 0.000479911 0.00293742
7.89969 0.000465841 0.00292968
7.90271 0.000451771 0.00292195
7.90573 0.000437701 0.00291425
7.90876 0.000423631 0.00290656
7.91178 0.000409562 0.00289889
7.91481 0.000395494 0.00289124
7.91783 0.000381426 0.00288361
7.92086 0.000367358 0.00287599
7.92388 0.000353292 0.0028684
7.92691 0.000339225 0.00286082
7.92994 0.00032516 0.00285327
7.93296 0.000311095 0.00284573
7.93599 0.000297031 0.00283821
7.93902 0.000282968 0.00283071
7.94205 0.000268906 0.00282323
7.94507 0.000254845 0.00281576
7.9481 0.000240785 0.00280832
7.95113 0.000226725 0.00280089
7.95416 0.000212667 0.00279349
7.95719 0.00019861 0.0027861
7.96022 0.000184555 0.00277873
7.96324 0.0001705 0.00277138
7.96627 0.000156447 0.00276405
7.9693 0.000142395 0.00275674
7.97233 0.000128345 0.00274945
7.97536 0.000114296 0.00274218
7.97839 0.000100248 0.00273493
7.98141 8.62021e-05 0.00272769
7.98444 7.21577e-05 0.00272048
7.98747 5.81149e-05 0.00271328
7.9905 4.40738e-05 0.00270611
7.99352 3.00345e-05 0.00269895
7.99655 1.5997e-05 0.00269181
7.99958 1.96126e-06 0.00268469
8 3.70054e-10 0.0026837
