# parameter = 10
0.0001 9.999e-05 9.999e-05
0.0501 0.0475904 0.0476518
0.1001 0.0903289 0.0905652
0.1501 0.128747 0.129179
0.2001 0.16318 0.163812
0.2501 0.193933 0.194759
0.3001 0.221287 0.222297
0.3501 0.245503 0.246687
0.4001 0.266824 0.268168
0.4501 0.285476 0.286968
0.5001 0.301669 0.303296
0.5501 0.315599 0.317348
0.6001 0.32745 0.329309
0.6501 0.337391 0.339348
0.7001 0.345581 0.347625
0.7501 0.352168 0.354287
0.8001 0.357288 0.359472
0.8501 0.361069 0.363309
0.9001 0.36363 0.365917
0.9501 0.365082 0.367406
1.0001 0.365525 0.367879
1.0501 0.365056 0.367433
1.1001 0.363762 0.366155
1.1501 0.361725 0.364128
1.2001 0.359021 0.361427
1.2501 0.35572 0.358124
1.3001 0.351885 0.354283
1.3501 0.347579 0.349965
1.4001 0.342854 0.345226
1.4501 0.337763 0.340116
1.5001 0.332353 0.334684
1.5501 0.326667 0.328973
1.6001 0.320744 0.323022
1.6501 0.314622 0.31687
1.7001 0.308333 0.310549
1.7501 0.301909 0.304091
1.8001 0.295378 0.297525
1.8501 0.288766 0.290875
1.9001 0.282096 0.284167
1.9501 0.275389 0.277421
2.0001 0.268665 0.270657
2.0501 0.261941 0.263893
2.1001 0.255234 0.257145
2.1501 0.248558 0.250428
2.2001 0.241926 0.243754
2.2501 0.235349 0.237135
2.3001 0.228838 0.230582
2.3501 0.222401 0.224105
2.4001 0.216048 0.21771
2.4501 0.209786 0.211407
2.5001 0.20362 0.2052
2.5501 0.197556 0.199096
2.6001 0.191599 0.193099
2.6501 0.185753 0.187214
2.7001 0.180021 0.181443
2.7501 0.174406 0.17579
2.8001 0.16891 0.170257
2.8501 0.163535 0.164846
2.9001 0.158282 0.159557
2.9501 0.153152 0.154392
3.0001 0.148146 0.149351
3.0501 0.143263 0.144435
3.1001 0.138504 0.139643
3.1501 0.133868 0.134975
3.2001 0.129354 0.13043
3.2501 0.124962 0.126007
3.3001 0.12069 0.121706
3.3501 0.116537 0.117524
3.4001 0.112501 0.113461
3.4501 0.108581 0.109515
3.5001 0.104776 0.105683
3.5501 0.101083 0.101965
3.6001 0.0975 0.0983583
3.6501 0.0940258 0.0948607
3.7001 0.0906579 0.0914704
3.7501 0.0873943 0.0881851
3.8001 0.0842326 0.0850027
3.8501 0.0811709 0.0819209
3.9001 0.0782067 0.0789376
3.9501 0.0753378 0.0760504
4.0001 0.0725619 0.0732571
4.0501 0.0698769 0.0705553
4.1001 0.0672803 0.0679428
4.1501 0.0647699 0.0654174
4.2001 0.0623434 0.0629766
4.2501 0.0599987 0.0606184
4.3001 0.0577334 0.0583403
4.3501 0.0555453 0.0561403
4.4001 0.0534323 0.0540161
4.4501 0.0513922 0.0519656
4.5001 0.0494229 0.0499866
4.5501 0.0475223 0.048077
4.6001 0.0456882 0.0462348
4.6501 0.0439188 0.044458
4.7001 0.042212 0.0427444
4.7501 0.0405658 0.0410923
4.8001 0.0389783 0.0394997
4.8501 0.0374478 0.0379646
4.9001 0.0359722 0.0364854
4.9501 0.0345499 0.0350601
5.0001 0.0331791 0.033687
5.0501 0.0318581 0.0323645
5.1001 0.0305852 0.0310909
5.1501 0.0293588 0.0298645
5.2001 0.0281774 0.0286838
5.2501 0.0270392 0.0275472
5.3001 0.025943 0.0264533
5.3501 0.0248871 0.0254005
5.4001 0.0238702 0.0243875
5.4501 0.0228909 0.0234129
5.5001 0.0219479 0.0224754
5.5501 0.0210397 0.0215736
5.6001 0.0201652 0.0207063
5.6501 0.0193232 0.0198723
5.7001 0.0185123 0.0190704
5.7501 0.0177315 0.0182995
5.8001 0.0169796 0.0175584
5.8501 0.0162556 0.016846
5.9001 0.0155583 0.0161614
5.9501 0.0148867 0.0155035
6.0001 0.0142398 0.0148713
6.0501 0.0136166 0.0142639
6.1001 0.0130163 0.0136803
6.1501 0.0124378 0.0131198
6.2001 0.0118803 0.0125814
6.2501 0.011343 0.0120643
6.3001 0.0108249 0.0115677
6.3501 0.0103253 0.0110909
6.4001 0.00984338 0.0106331
6.4501 0.00937839 0.0101935
6.5001 0.00892958 0.00977153
6.5501 0.00849622 0.00936646
6.6001 0.00807763 0.00897767
6.6501 0.00767311 0.00860452
6.7001 0.00728201 0.00824641
6.7501 0.00690368 0.00790276
6.8001 0.00653749 0.00757303
6.8501 0.00618285 0.00725665
6.9001 0.00583915 0.00695312
6.9501 0.00550582 0.00666194
7.0001 0.0051823 0.00638263
7.0501 0.00486803 0.00611471
7.1001 0.00456248 0.00585774
7.1501 0.00426512 0.0056113
7.2001 0.00397544 0.00537495
7.2501 0.00369295 0.00514832
7.3001 0.00341714 0.00493101
7.3501 0.00314753 0.00472265
7.4001 0.00288365 0.00452288
7.4501 0.00262504 0.00433136
7.5001 0.00237122 0.00414777
7.5501 0.00212175 0.00397179
7.6001 0.00187619 0.0038031
7.6501 0.00163407 0.00364142
7.7001 0.00139498 0.00348647
7.7501 0.00115847 0.00333796
7.8001 0.000924105 0.00319565
7.8501 0.00069146 0.00305929
7.9001 0.000460104 0.00292862
7.9501 0.000229607 0.00280342
8 -1.44119e-09 0.0026837


# parameter = 1
0.0001 9.999e-05 9.999e-05
0.0501 0.0475904 0.0476518
0.1001 0.0903289 0.0905652
0.1501 0.128747 0.129179
0.2001 0.16318 0.163812
0.2501 0.193933 0.194759
0.3001 0.221287 0.222297
0.3501 0.245503 0.246687
0.4001 0.266824 0.268168
0.4501 0.285476 0.286968
0.5001 0.301669 0.303296
0.5501 0.315599 0.317348
0.6001 0.32745 0.329309
0.6501 0.337391 0.339348
0.7001 0.345581 0.347625
0.7501 0.352168 0.354287
0.8001 0.357288 0.359472
0.8501 0.361069 0.363309
0.9001 0.36363 0.365917
0.9501 0.365082 0.367406
1.0001 0.365525 0.367879
1.0501 0.365056 0.367433
1.1001 0.363762 0.366155
1.1501 0.361725 0.364128
1.2001 0.359021 0.361427
1.2501 0.35572 0.358124
1.3001 0.351885 0.354283
1.3501 0.347579 0.349965
1.4001 0.342854 0.345226
1.4501 0.337763 0.340116
1.5001 0.332353 0.334684
1.5501 0.326667 0.328973
1.6001 0.320744 0.323022
1.6501 0.314622 0.31687
1.7001 0.308333 0.310549
1.7501 0.301909 0.304091
1.8001 0.295378 0.297525
1.8501 0.288766 0.290875
1.9001 0.282096 0.284167
1.9501 0.275389 0.277421
2.0001 0.268665 0.270657
2.0501 0.261941 0.263893
2.1001 0.255234 0.257145
2.1501 0.248558 0.250428
2.2001 0.241926 0.243754
2.2501 0.235349 0.237135
2.3001 0.228838 0.230582
2.3501 0.222401 0.224105
2.4001 0.216048 0.21771
2.4501 0.209786 0.211407
2.5001 0.20362 0.2052
2.5501 0.197556 0.199096
2.6001 0.191599 0.193099
2.6501 0.185753 0.187214
2.7001 0.180021 0.181443
2.7501 0.174406 0.17579
2.8001 0.16891 0.170257
2.8501 0.163535 0.164846
2.9001 0.158282 0.159557
2.9501 0.153152 0.154392
3.0001 0.148146 0.149351
3.0501 0.143263 0.144435
3.1001 0.138504 0.139643
3.1501 0.133868 0.134975
3.2001 0.129354 0.13043
3.2501 0.124962 0.126007
3.3001 0.12069 0.121706
3.3501 0.116537 0.117524
3.4001 0.112501 0.113461
3.4501 0.108581 0.109515
3.5001 0.104776 0.105683
3.5501 0.101083 0.101965
3.6001 0.0975 0.0983583
3.6501 0.0940258 0.0948607
3.7001 0.0906579 0.0914704
3.7501 0.0873943 0.0881851
3.8001 0.0842326 0.0850027
3.8501 0.0811709 0.0819209
3.9001 0.0782067 0.0789376
3.9501 0.0753378 0.0760504
4.0001 0.0725619 0.0732571
4.0501 0.0698769 0.0705553
4.1001 0.0672803 0.0679428
4.1501 0.0647699 0.0654174
4.2001 0.0623434 0.0629766
4.2501 0.0599987 0.0606184
4.3001 0.0577334 0.0583403
4.3501 0.0555453 0.0561403
4.4001 0.0534323 0.0540161
4.4501 0.0513922 0.0519656
4.5001 0.0494229 0.0499866
4.5501 0.0475223 0.048077
4.6001 0.0456882 0.0462348
4.6501 0.0439188 0.044458
4.7001 0.042212 0.0427444
4.7501 0.0405658 0.0410923
4.8001 0.0389783 0.0394997
4.8501 0.0374478 0.0379646
4.9001 0.0359722 0.0364854
4.9501 0.0345499 0.0350601
5.0001 0.0331791 0.033687
5.0501 0.0318581 0.0323645
5.1001 0.0305852 0.0310909
5.1501 0.0293588 0.0298645
5.2001 0.0281774 0.0286838
5.2501 0.0270392 0.0275472
5.3001 0.025943 0.0264533
5.3501 0.0248871 0.0254005
5.4001 0.0238702 0.0243875
5.4501 0.0228909 0.0234129
5.5001 0.0219479 0.0224754
5.5501 0.0210397 0.0215736
5.6001 0.0201652 0.0207063
5.6501 0.0193232 0.0198723
5.7001 0.0185123 0.0190704
5.7501 0.0177315 0.0182995
5.8001 0.0169796 0.0175584
5.8501 0.0162556 0.016846
5.9001 0.0155583 0.0161614
5.9501 0.0148867 0.0155035
6.0001 0.0142398 0.0148713
6.0501 0.0136166 0.0142639
6.1001 0.0130163 0.0136803
6.1501 0.0124378 0.0131198
6.2001 0.0118803 0.0125814
6.2501 0.011343 0.0120643
6.3001 0.0108249 0.0115677
6.3501 0.0103253 0.0110909
6.4001 0.00984338 0.0106331
6.4501 0.00937839 0.0101935
6.5001 0.00892958 0.00977153
6.5501 0.00849622 0.00936646
6.6001 0.00807763 0.00897767
6.6501 0.00767311 0.00860452
6.7001 0.00728201 0.00824641
6.7501 0.00690368 0.00790276
6.8001 0.00653749 0.00757303
6.8501 0.00618285 0.00725665
6.9001 0.00583915 0.00695312
6.9501 0.00550582 0.00666194
7.0001 0.0051823 0.00638263
7.0501 0.00486803 0.00611471
7.1001 0.00456248 0.00585774
7.1501 0.00426512 0.0056113
7.2001 0.00397544 0.00537495
7.2501 0.00369295 0.00514832
7.3001 0.00341714 0.00493101
7.3501 0.00314753 0.00472265
7.4001 0.00288365 0.00452288
7.4501 0.00262504 0.00433136
7.5001 0.00237122 0.00414777
7.5501 0.00212175 0.00397179
7.6001 0.00187619 0.0038031
7.6501 0.00163407 0.00364142
7.7001 0.00139498 0.00348647
7.7501 0.00115847 0.00333796
7.8001 0.000924105 0.00319565
7.8501 0.00069146 0.00305929
7.9001 0.000460104 0.00292862
7.9501 0.000229607 0.00280342
8 -1.44119e-09 0.0026837


# parameter = 0.1
0.0001 9.999e-05 9.999e-05
0.0501 0.0475904 0.0476518
0.1001 0.0903289 0.0905652
0.1501 0.128747 0.129179
0.2001 0.16318 0.163812
0.2501 0.193933 0.194759
0.3001 0.221287 0.222297
0.3501 0.245503 0.246687
0.4001 0.266824 0.268168
0.4501 0.285476 0.286968
0.5001 0.301669 0.303296
0.5501 0.315599 0.317348
0.6001 0.32745 0.329309
0.6501 0.337391 0.339348
0.7001 0.345581 0.347625
0.7501 0.352168 0.354287
0.8001 0.357288 0.359472
0.8501 0.361069 0.363309
0.9001 0.36363 0.365917
0.9501 0.365082 0.367406
1.0001 0.365525 0.367879
1.0501 0.365056 0.367433
1.1001 0.363762 0.366155
1.1501 0.361725 0.364128
1.2001 0.359021 0.361427
1.2501 0.35572 0.358124
1.3001 0.351885 0.354283
1.3501 0.347579 0.349965
1.4001 0.342854 0.345226
1.4501 0.337763 0.340116
1.5001 0.332353 0.334684
1.5501 0.326667 0.328973
1.6001 0.320744 0.323022
1.6501 0.314622 0.31687
1.7001 0.308333 0.310549
1.7501 0.301909 0.304091
1.8001 0.295378 0.297525
1.8501 0.288766 0.290875
1.9001 0.282096 0.284167
1.9501 0.275389 0.277421
2.0001 0.268665 0.270657
2.0501 0.261941 0.263893
2.1001 0.255234 0.257145
2.1501 0.248558 0.250428
2.2001 0.241926 0.243754
2.2501 0.235349 0.237135
2.3001 0.228838 0.230582
2.3501 0.222401 0.224105
2.4001 0.216048 0.21771
2.4501 0.209786 0.211407
2.5001 0.20362 0.2052
2.5501 0.197556 0.199096
2.6001 0.191599 0.193099
2.6501 0.185753 0.187214
2.7001 0.180021 0.181443
2.7501 0.174406 0.17579
2.8001 0.16891 0.170257
2.8501 0.163535 0.164846
2.9001 0.158282 0.159557
2.9501 0.153152 0.154392
3.0001 0.148146 0.149351
3.0501 0.143263 0.144435
3.1001 0.138504 0.139643
3.1501 0.133868 0.134975
3.2001 0.129354 0.13043
3.2501 0.124962 0.126007
3.3001 0.12069 0.121706
3.3501 0.116537 0.117524
3.4001 0.112501 0.113461
3.4501 0.108581 0.109515
3.5001 0.104776 0.105683
3.5501 0.101083 0.101965
3.6001 0.0975 0.0983583
3.6501 0.0940258 0.0948607
3.7001 0.0906579 0.0914704
3.7501 0.0873943 0.0881851
3.8001 0.0842326 0.0850027
3.8501 0.0811709 0.0819209
3.9001 0.0782067 0.0789376
3.9501 0.0753378 0.0760504
4.0001 0.0725619 0.0732571
4.0501 0.0698769 0.0705553
4.1001 0.0672803 0.0679428
4.1501 0.0647699 0.0654174
4.2001 0.0623434 0.0629766
4.2501 0.0599987 0.0606184
4.3001 0.0577334 0.0583403
4.3501 0.0555453 0.0561403
4.4001 0.0534323 0.0540161
4.4501 0.0513922 0.0519656
4.5001 0.0494229 0.0499866
4.5501 0.0475223 0.048077
4.6001 0.0456882 0.0462348
4.6501 0.0439188 0.044458
4.7001 0.042212 0.0427444
4.7501 0.0405658 0.0410923
4.8001 0.0389783 0.0394997
4.8501 0.0374478 0.0379646
4.9001 0.0359722 0.0364854
4.9501 0.0345499 0.0350601
5.0001 0.0331791 0.033687
5.0501 0.0318581 0.0323645
5.1001 0.0305852 0.0310909
5.1501 0.0293588 0.0298645
5.2001 0.0281774 0.0286838
5.2501 0.0270392 0.0275472
5.3001 0.025943 0.0264533
5.3501 0.0248871 0.0254005
5.4001 0.0238702 0.0243875
5.4501 0.0228909 0.0234129
5.5001 0.0219479 0.0224754
5.5501 0.0210397 0.0215736
5.6001 0.0201652 0.0207063
5.6501 0.0193232 0.0198723
5.7001 0.0185123 0.0190704
5.7501 0.0177315 0.0182995
5.8001 0.0169796 0.0175584
5.8501 0.0162556 0.016846
5.9001 0.0155583 0.0161614
5.9501 0.0148867 0.0155035
6.0001 0.0142398 0.0148713
6.0501 0.0136166 0.0142639
6.1001 0.0130163 0.0136803
6.1501 0.0124378 0.0131198
6.2001 0.0118803 0.0125814
6.2501 0.011343 0.0120643
6.3001 0.0108249 0.0115677
6.3501 0.0103253 0.0110909
6.4001 0.00984338 0.0106331
6.4501 0.00937839 0.0101935
6.5001 0.00892958 0.00977153
6.5501 0.00849622 0.00936646
6.6001 0.00807763 0.00897767
6.6501 0.00767311 0.00860452
6.7001 0.00728201 0.00824641
6.7501 0.00690368 0.00790276
6.8001 0.00653749 0.00757303
6.8501 0.00618285 0.00725665
6.9001 0.00583915 0.00695312
6.9501 0.00550582 0.00666194
7.0001 0.0051823 0.00638263
7.0501 0.00486803 0.00611471
7.1001 0.00456248 0.00585774
7.1501 0.00426512 0.0056113
7.2001 0.00397544 0.00537495
7.2501 0.00369295 0.00514832
7.3001 0.00341714 0.00493101
7.3501 0.00314753 0.00472265
7.4001 0.00288365 0.00452288
7.4501 0.00262504 0.00433136
7.5001 0.00237122 0.00414777
7.5501 0.00212175 0.00397179
7.6001 0.00187619 0.0038031
7.6501 0.00163407 0.00364142
7.7001 0.00139498 0.00348647
7.7501 0.00115847 0.00333796
7.8001 0.000924105 0.00319565
7.8501 0.00069146 0.00305929
7.9001 0.000460104 0.00292862
7.9501 0.000229607 0.00280342
8 -1.44119e-09 0.0026837


# parameter = 1e-05
0.0001 9.999e-05 9.999e-05
0.000290141 0.000290057 0.000290057
0.00046268 0.000462466 0.000462466
0.000629057 0.000628661 0.000628661
0.000790204 0.00078958 0.00078958
0.000947446 0.000946549 0.000946549
0.00110188 0.00110067 0.00110067
0.00125432 0.00125275 0.00125275
0.00140535 0.00140337 0.00140337
0.00155536 0.00155295 0.00155295
0.00170465 0.00170175 0.00170175
0.00185341 0.00184998 0.00184998
0.00200177 0.00199777 0.00199777
0.00214984 0.00214522 0.00214522
0.00229768 0.00229241 0.00229241
0.00244535 0.00243937 0.00243937
0.00259287 0.00258616 0.00258616
0.00274028 0.00273278 0.00273278
0.0028876 0.00287928 0.00287928
0.00303485 0.00302565 0.00302565
0.00318203 0.00317192 0.00317192
0.00332916 0.00331809 0.00331809
0.00347624 0.00346418 0.00346418
0.00362328 0.00361018 0.00361018
0.0037703 0.00375611 0.00375611
0.00391728 0.00390196 0.00390196
0.00406424 0.00404775 0.00404775
0.00421118 0.00419348 0.00419348
0.0043581 0.00433914 0.00433914
0.004505 0.00448475 0.00448475
0.0046519 0.00463031 0.00463031
0.00479878 0.00477581 0.00477581
0.00494565 0.00492125 0.00492125
0.00509252 0.00506665 0.00506665
0.00523938 0.005212 0.005212
0.00538624 0.00535731 0.00535731
0.0055331 0.00550257 0.00550257
0.00567995 0.00564778 0.00564778
0.00582681 0.00579295 0.00579295
0.00597366 0.00593808 0.00593808
0.00612052 0.00608317 0.00608317
0.00626738 0.00622822 0.00622822
0.00641424 0.00637323 0.00637323
0.0065611 0.00651819 0.00651819
0.00670797 0.00666312 0.00666312
0.00685485 0.00680802 0.00680802
0.00700173 0.00695287 0.00695287
0.00714861 0.00709769 0.00709769
0.0072955 0.00724247 0.00724247
0.0074424 0.00738722 0.00738722
0.00758931 0.00753193 0.00753193
0.00773623 0.00767661 0.00767661
0.00788315 0.00782125 0.00782125
0.00803008 0.00796586 0.00796586
0.00817702 0.00811043 0.00811043
0.00832397 0.00825497 0.00825497
0.00847093 0.00839948 0.00839948
0.0086179 0.00854395 0.00854395
0.00876488 0.00868839 0.00868839
0.00891187 0.0088328 0.0088328
0.00905887 0.00897718 0.00897718
0.00920588 0.00912152 0.00912153
0.00935291 0.00926584 0.00926584
0.00949994 0.00941012 0.00941012
0.00964699 0.00955437 0.00955437
0.00979404 0.00969859 0.00969859
0.00994111 0.00984278 0.00984278
0.0100882 0.00998693 0.00998693
0.0102353 0.0101311 0.0101311
0.0103824 0.0102752 0.0102752
0.0105295 0.0104192 0.0104192
0.0106766 0.0105633 0.0105633
0.0108238 0.0107073 0.0107073
0.0109709 0.0108512 0.0108512
0.0111181 0.0109952 0.0109952
0.0112653 0.0111391 0.0111391
0.0114125 0.011283 0.011283
0.0115597 0.0114268 0.0114268
0.0117069 0.0115707 0.0115707
0.0118542 0.0117145 0.0117145
0.0120014 0.0118582 0.0118582
0.0121487 0.012002 0.012002
0.012296 0.0121457 0.0121457
0.0124432 0.0122894 0.0122894
0.0125906 0.012433 0.012433
0.0127379 0.0125766 0.0125766
0.0128852 0.0127202 0.0127202
0.0130326 0.0128638 0.0128638
0.0131799 0.0130073 0.0130073
0.0133273 0.0131509 0.0131509
0.0134747 0.0132943 0.0132943
0.0136221 0.0134378 0.0134378
0.0137695 0.0135812 0.0135812
0.013917 0.0137246 0.0137246
0.0140644 0.013868 0.013868
0.0142119 0.0140113 0.0140113
0.0143594 0.0141546 0.0141546
0.0145069 0.0142979 0.0142979
0.0146544 0.0144412 0.0144412
0.0148019 0.0145844 0.0145844
0.0149494 0.0147276 0.0147276
0.015097 0.0148708 0.0148708
0.0152446 0.0150139 0.0150139
0.0153921 0.015157 0.015157
0.0155398 0.0153001 0.0153001
0.0156874 0.0154432 0.0154432
0.015835 0.0155862 0.0155862
0.0159827 0.0157292 0.0157292
0.0161303 0.0158722 0.0158722
0.016278 0.0160152 0.0160152
0.0164257 0.0161581 0.0161581
0.0165734 0.016301 0.016301
0.0167211 0.0164439 0.0164439
0.0168689 0.0165867 0.0165867
0.0170166 0.0167295 0.0167295
0.0171644 0.0168723 0.0168723
0.0173122 0.0170151 0.0170151
0.01746 0.0171578 0.0171578
0.0176078 0.0173005 0.0173005
0.0177557 0.0174432 0.0174432
0.0179035 0.0175858 0.0175858
0.0180514 0.0177285 0.0177285
0.0181993 0.0178711 0.0178711
0.0183472 0.0180136 0.0180136
0.0184951 0.0181562 0.0181562
0.018643 0.0182987 0.0182987
0.018791 0.0184412 0.0184412
0.018939 0.0185837 0.0185837
0.0190869 0.0187261 0.0187261
0.0192349 0.0188685 0.0188685
0.019383 0.0190109 0.0190109
0.019531 0.0191532 0.0191532
0.019679 0.0192956 0.0192956
0.0198271 0.0194379 0.0194379
0.0199752 0.0195801 0.0195801
0.0201233 0.0197224 0.0197224
0.0202714 0.0198646 0.0198646
0.0204195 0.0200068 0.0200068
0.0205677 0.020149 0.020149
0.0207159 0.0202911 0.0202911
0.020864 0.0204332 0.0204332
0.0210122 0.0205753 0.0205753
0.0211604 0.0207174 0.0207174
0.0213087 0.0208594 0.0208594
0.0214569 0.0210014 0.0210014
0.0216052 0.0211434 0.0211434
0.0217535 0.0212854 0.0212854
0.0219018 0.0214273 0.0214273
0.0220501 0.0215692 0.0215692
0.0221984 0.0217111 0.0217111
0.0223468 0.0218529 0.0218529
0.0224951 0.0219947 0.0219947
0.0226435 0.0221365 0.0221365
0.0227919 0.0222783 0.0222783
0.0229403 0.02242 0.0224201
0.0230887 0.0225618 0.0225618
0.0232372 0.0227035 0.0227035
0.0233857 0.0228451 0.0228451
0.0235341 0.0229868 0.0229868
0.0236826 0.0231284 0.0231284
0.0238312 0.0232699 0.02327
0.0239797 0.0234115 0.0234115
0.0241282 0.023553 0.023553
0.0242768 0.0236945 0.0236945
0.0244254 0.023836 0.023836
0.024574 0.0239775 0.0239775
0.0247226 0.0241189 0.0241189
0.0248712 0.0242603 0.0242603
0.0250199 0.0244017 0.0244017
0.0251686 0.024543 0.024543
0.0253173 0.0246843 0.0246843
0.025466 0.0248256 0.0248256
0.0256147 0.0249669 0.0249669
0.0257634 0.0251081 0.0251081
0.0259122 0.0252494 0.0252494
0.0260609 0.0253905 0.0253905
0.0262097 0.0255317 0.0255317
0.0263585 0.0256728 0.0256728
0.0265074 0.025814 0.025814
0.0266562 0.025955 0.025955
0.0268051 0.0260961 0.0260961
0.0269539 0.0262371 0.0262371
0.0271028 0.0263781 0.0263781
0.0272517 0.0265191 0.0265191
0.0274007 0.0266601 0.0266601
0.0275496 0.026801 0.026801
0.0276986 0.0269419 0.0269419
0.0278476 0.0270828 0.0270828
0.0279965 0.0272236 0.0272236
0.0281456 0.0273644 0.0273644
0.0282946 0.0275052 0.0275052
0.0284436 0.027646 0.027646
0.0285927 0.0277867 0.0277867
0.0287418 0.0279275 0.0279275
0.0288909 0.0280681 0.0280681
0.02904 0.0282088 0.0282088
0.0291891 0.0283494 0.0283494
0.0293383 0.0284901 0.0284901
0.0294875 0.0286306 0.0286306
0.0296367 0.0287712 0.0287712
0.0297859 0.0289117 0.0289117
0.0299351 0.0290522 0.0290522
0.0300843 0.0291927 0.0291927
0.0302336 0.0293332 0.0293332
0.0303829 0.0294736 0.0294736
0.0305321 0.029614 0.029614
0.0306815 0.0297544 0.0297544
0.0308308 0.0298947 0.0298947
0.0309801 0.0300351 0.0300351
0.0311295 0.0301754 0.0301754
0.0312789 0.0303156 0.0303156
0.0314283 0.0304559 0.0304559
0.0315777 0.0305961 0.0305961
0.0317271 0.0307363 0.0307363
0.0318766 0.0308765 0.0308765
0.032026 0.0310166 0.0310166
0.0321755 0.0311567 0.0311567
0.032325 0.0312968 0.0312968
0.0324745 0.0314369 0.0314369
0.0326241 0.0315769 0.0315769
0.0327736 0.0317169 0.0317169
0.0329232 0.0318569 0.0318569
0.0330728 0.0319969 0.0319969
0.0332224 0.0321368 0.0321368
0.033372 0.0322767 0.0322767
0.0335217 0.0324166 0.0324166
0.0336713 0.0325565 0.0325565
0.033821 0.0326963 0.0326963
0.0339707 0.0328361 0.0328361
0.0341204 0.0329759 0.0329759
0.0342702 0.0331156 0.0331156
0.0344199 0.0332553 0.0332554
0.0345697 0.033395 0.0333951
0.0347195 0.0335347 0.0335347
0.0348693 0.0336744 0.0336744
0.0350191 0.033814 0.033814
0.0351689 0.0339536 0.0339536
0.0353188 0.0340932 0.0340932
0.0354687 0.0342327 0.0342327
0.0356186 0.0343722 0.0343722
0.0357685 0.0345117 0.0345117
0.0359184 0.0346512 0.0346512
0.0360684 0.0347906 0.0347906
0.0362183 0.03493 0.03493
0.0363683 0.0350694 0.0350694
0.0365183 0.0352088 0.0352088
0.0366683 0.0353481 0.0353481
0.0368184 0.0354874 0.0354874
0.0369684 0.0356267 0.0356267
0.0371185 0.035766 0.035766
0.0372686 0.0359052 0.0359052
0.0374187 0.0360444 0.0360444
0.0375688 0.0361836 0.0361836
0.037719 0.0363227 0.0363227
0.0378691 0.0364619 0.0364619
0.0380193 0.036601 0.036601
0.0381695 0.0367401 0.0367401
0.0383197 0.0368791 0.0368791
0.03847 0.0370181 0.0370181
0.0386202 0.0371571 0.0371571
0.0387705 0.0372961 0.0372961
0.0389208 0.037435 0.037435
0.0390711 0.037574 0.037574
0.0392214 0.0377129 0.0377129
0.0393717 0.0378517 0.0378517
0.0395221 0.0379906 0.0379906
0.0396725 0.0381294 0.0381294
0.0398229 0.0382682 0.0382682
0.0399733 0.0384069 0.038407
0.0401237 0.0385457 0.0385457
0.0402742 0.0386844 0.0386844
0.0404247 0.0388231 0.0388231
0.0405751 0.0389617 0.0389618
0.0407256 0.0391004 0.0391004
0.0408762 0.039239 0.039239
0.0410267 0.0393776 0.0393776
0.0411773 0.0395161 0.0395161
0.0413279 0.0396547 0.0396547
0.0414784 0.0397932 0.0397932
0.0416291 0.0399317 0.0399317
0.0417797 0.0400701 0.0400701
0.0419303 0.0402085 0.0402085
0.042081 0.0403469 0.0403469
0.0422317 0.0404853 0.0404853
0.0423824 0.0406237 0.0406237
0.0425331 0.040762 0.040762
0.0426839 0.0409003 0.0409003
0.0428346 0.0410386 0.0410386
0.0429854 0.0411768 0.0411768
0.0431362 0.041315 0.041315
0.043287 0.0414532 0.0414532
0.0434379 0.0415914 0.0415914
0.0435887 0.0417295 0.0417295
0.0437396 0.0418677 0.0418677
0.0438905 0.0420058 0.0420058
0.0440414 0.0421438 0.0421438
0.0441923 0.0422819 0.0422819
0.0443432 0.0424199 0.0424199
0.0444942 0.0425579 0.0425579
0.0446452 0.0426958 0.0426958
0.0447962 0.0428338 0.0428338
0.0449472 0.0429717 0.0429717
0.0450982 0.0431096 0.0431096
0.0452493 0.0432474 0.0432474
0.0454004 0.0433852 0.0433853
0.0455514 0.0435231 0.0435231
0.0457026 0.0436608 0.0436608
0.0458537 0.0437986 0.0437986
0.0460048 0.0439363 0.0439363
0.046156 0.044074 0.044074
0.0463072 0.0442117 0.0442117
0.0464584 0.0443494 0.0443494
0.0466096 0.044487 0.044487
0.0467608 0.0446246 0.0446246
0.0469121 0.0447622 0.0447622
0.0470634 0.0448997 0.0448997
0.0472146 0.0450372 0.0450372
0.047366 0.0451747 0.0451747
0.0475173 0.0453122 0.0453122
0.0476686 0.0454496 0.0454496
0.04782 0.0455871 0.0455871
0.0479714 0.0457244 0.0457245
0.0481228 0.0458618 0.0458618
0.0482742 0.0459992 0.0459992
0.0484256 0.0461365 0.0461365
0.0485771 0.0462738 0.0462738
0.0487286 0.046411 0.046411
0.0488801 0.0465483 0.0465483
0.0490316 0.0466855 0.0466855
0.0491831 0.0468227 0.0468227
0.0493347 0.0469598 0.0469598
0.0494862 0.047097 0.047097
0.0496378 0.0472341 0.0472341
0.0497894 0.0473711 0.0473712
0.0499411 0.0475082 0.0475082
0.0500927 0.0476452 0.0476452
0.0502444 0.0477822 0.0477822
0.0503961 0.0479192 0.0479192
0.0505478 0.0480562 0.0480562
0.0506995 0.0481931 0.0481931
0.0508512 0.04833 0.04833
0.051003 0.0484669 0.0484669
0.0511547 0.0486037 0.0486037
0.0513065 0.0487406 0.0487406
0.0514583 0.0488774 0.0488774
0.0516102 0.0490141 0.0490141
0.051762 0.0491509 0.0491509
0.0519139 0.0492876 0.0492876
0.0520658 0.0494243 0.0494243
0.0522177 0.049561 0.049561
0.0523696 0.0496976 0.0496976
0.0525215 0.0498342 0.0498342
0.0526735 0.0499708 0.0499708
0.0528255 0.0501074 0.0501074
0.0529775 0.0502439 0.0502439
0.0531295 0.0503804 0.0503804
0.0532815 0.0505169 0.0505169
0.0534336 0.0506534 0.0506534
0.0535857 0.0507898 0.0507898
0.0537378 0.0509262 0.0509262
0.0538899 0.0510626 0.0510626
0.054042 0.051199 0.051199
0.0541941 0.0513353 0.0513353
0.0543463 0.0514716 0.0514716
0.0544985 0.0516079 0.0516079
0.0546507 0.0517441 0.0517441
0.0548029 0.0518804 0.0518804
0.0549552 0.0520166 0.0520166
0.0551074 0.0521528 0.0521528
0.0552597 0.0522889 0.0522889
0.055412 0.052425 0.052425
0.0555643 0.0525611 0.0525611
0.0557167 0.0526972 0.0526972
0.055869 0.0528333 0.0528333
0.0560214 0.0529693 0.0529693
0.0561738 0.0531053 0.0531053
0.0563262 0.0532412 0.0532412
0.0564786 0.0533772 0.0533772
0.0566311 0.0535131 0.0535131
0.0567835 0.053649 0.053649
0.056936 0.0537849 0.0537849
0.0570885 0.0539207 0.0539207
0.0572411 0.0540565 0.0540565
0.0573936 0.0541923 0.0541923
0.0575462 0.0543281 0.0543281
0.0576987 0.0544638 0.0544638
0.0578513 0.0545995 0.0545995
0.058004 0.0547352 0.0547352
0.0581566 0.0548709 0.0548709
0.0583093 0.0550065 0.0550065
0.0584619 0.0551421 0.0551421
0.0586146 0.0552777 0.0552777
0.0587673 0.0554133 0.0554133
0.0589201 0.0555488 0.0555488
0.0590728 0.0556843 0.0556843
0.0592256 0.0558198 0.0558198
0.0593784 0.0559552 0.0559552
0.0595312 0.0560907 0.0560907
0.059684 0.0562261 0.0562261
0.0598369 0.0563614 0.0563614
0.0599897 0.0564968 0.0564968
0.0601426 0.0566321 0.0566321
0.0602955 0.0567674 0.0567674
0.0604485 0.0569027 0.0569027
0.0606014 0.0570379 0.0570379
0.0607544 0.0571731 0.0571732
0.0609073 0.0573083 0.0573083
0.0610603 0.0574435 0.0574435
0.0612134 0.0575787 0.0575787
0.0613664 0.0577138 0.0577138
0.0615194 0.0578489 0.0578489
0.0616725 0.0579839 0.0579839
0.0618256 0.058119 0.058119
0.0619787 0.058254 0.058254
0.0621319 0.058389 0.058389
0.062285 0.0585239 0.0585239
0.0624382 0.0586589 0.0586589
0.0625914 0.0587938 0.0587938
0.0627446 0.0589287 0.0589287
0.0628978 0.0590635 0.0590635
0.0630511 0.0591984 0.0591984
0.0632043 0.0593332 0.0593332
0.0633576 0.0594679 0.0594679
0.0635109 0.0596027 0.0596027
0.0636642 0.0597374 0.0597374
0.0638176 0.0598721 0.0598721
0.063971 0.0600068 0.0600068
0.0641243 0.0601415 0.0601415
0.0642777 0.0602761 0.0602761
0.0644312 0.0604107 0.0604107
0.0645846 0.0605453 0.0605453
0.0647381 0.0606798 0.0606798
0.0648915 0.0608143 0.0608143
0.065045 0.0609488 0.0609488
0.0651985 0.0610833 0.0610833
0.0653521 0.0612177 0.0612178
0.0655056 0.0613522 0.0613522
0.0656592 0.0614866 0.0614866
0.0658128 0.0616209 0.0616209
0.0659664 0.0617553 0.0617553
0.06612 0.0618896 0.0618896
0.0662737 0.0620239 0.0620239
0.0664274 0.0621581 0.0621581
0.0665811 0.0622924 0.0622924
0.0667348 0.0624266 0.0624266
0.0668885 0.0625608 0.0625608
0.0670422 0.0626949 0.0626949
0.067196 0.0628291 0.0628291
0.0673498 0.0629632 0.0629632
0.0675036 0.0630973 0.0630973
0.0676574 0.0632313 0.0632313
0.0678113 0.0633653 0.0633654
0.0679651 0.0634993 0.0634994
0.068119 0.0636333 0.0636333
0.0682729 0.0637673 0.0637673
0.0684268 0.0639012 0.0639012
0.0685808 0.0640351 0.0640351
0.0687347 0.064169 0.064169
0.0688887 0.0643028 0.0643028
0.0690427 0.0644367 0.0644367
0.0691967 0.0645705 0.0645705
0.0693508 0.0647042 0.0647042
0.0695048 0.064838 0.064838
0.0696589 0.0649717 0.0649717
0.069813 0.0651054 0.0651054
0.0699671 0.0652391 0.0652391
0.0701213 0.0653727 0.0653727
0.0702754 0.0655063 0.0655063
0.0704296 0.0656399 0.0656399
0.0705838 0.0657735 0.0657735
0.070738 0.065907 0.065907
0.0708922 0.0660405 0.0660405
0.0710465 0.066174 0.066174
0.0712008 0.0663075 0.0663075
0.0713551 0.0664409 0.0664409
0.0715094 0.0665743 0.0665743
0.0716637 0.0667077 0.0667077
0.071818 0.0668411 0.0668411
0.0719724 0.0669744 0.0669744
0.0721268 0.0671077 0.0671077
0.0722812 0.067241 0.067241
0.0724356 0.0673742 0.0673742
0.0725901 0.0675075 0.0675075
0.0727446 0.0676407 0.0676407
0.072899 0.0677738 0.0677739
0.0730535 0.067907 0.067907
0.0732081 0.0680401 0.0680401
0.0733626 0.0681732 0.0681732
0.0735172 0.0683063 0.0683063
0.0736718 0.0684393 0.0684393
0.0738264 0.0685724 0.0685724
0.073981 0.0687054 0.0687054
0.0741356 0.0688383 0.0688383
0.0742903 0.0689713 0.0689713
0.074445 0.0691042 0.0691042
0.0745997 0.0692371 0.0692371
0.0747544 0.0693699 0.06937
0.0749092 0.0695028 0.0695028
0.0750639 0.0696356 0.0696356
0.0752187 0.0697684 0.0697684
0.0753735 0.0699011 0.0699012
0.0755283 0.0700339 0.0700339
0.0756832 0.0701666 0.0701666
0.075838 0.0702993 0.0702993
0.0759929 0.0704319 0.0704319
0.0761478 0.0705646 0.0705646
0.0763027 0.0706972 0.0706972
0.0764577 0.0708298 0.0708298
0.0766126 0.0709623 0.0709623
0.0767676 0.0710948 0.0710949
0.0769226 0.0712273 0.0712274
0.0770776 0.0713598 0.0713598
0.0772326 0.0714923 0.0714923
0.0773877 0.0716247 0.0716247
0.0775428 0.0717571 0.0717571
0.0776979 0.0718895 0.0718895
0.077853 0.0720218 0.0720218
0.0780081 0.0721541 0.0721542
0.0781633 0.0722864 0.0722865
0.0783185 0.0724187 0.0724187
0.0784737 0.072551 0.072551
0.0786289 0.0726832 0.0726832
0.0787841 0.0728154 0.0728154
0.0789394 0.0729475 0.0729475
0.0790946 0.0730797 0.0730797
0.0792499 0.0732118 0.0732118
0.0794052 0.0733439 0.0733439
0.0795606 0.0734759 0.0734759
0.0797159 0.073608 0.073608
0.0798713 0.07374 0.07374
0.0800267 0.073872 0.073872
0.0801821 0.0740039 0.0740039
0.0803375 0.0741359 0.0741359
0.080493 0.0742678 0.0742678
0.0806485 0.0743996 0.0743997
0.080804 0.0745315 0.0745315
0.0809595 0.0746633 0.0746633
0.081115 0.0747951 0.0747951
0.0812706 0.0749269 0.0749269
0.0814261 0.0750587 0.0750587
0.0815817 0.0751904 0.0751904
0.0817373 0.0753221 0.0753221
0.081893 0.0754538 0.0754538
0.0820486 0.0755854 0.0755854
0.0822043 0.075717 0.075717
0.08236 0.0758486 0.0758486
0.0825157 0.0759802 0.0759802
0.0826714 0.0761117 0.0761118
0.0828272 0.0762433 0.0762433
0.082983 0.0763748 0.0763748
0.0831388 0.0765062 0.0765062
0.0832946 0.0766377 0.0766377
0.0834504 0.0767691 0.0767691
0.0836063 0.0769005 0.0769005
0.0837621 0.0770318 0.0770318
0.083918 0.0771632 0.0771632
0.0840739 0.0772945 0.0772945
0.0842299 0.0774258 0.0774258
0.0843858 0.077557 0.077557
0.0845418 0.0776883 0.0776883
0.0846978 0.0778195 0.0778195
0.0848538 0.0779506 0.0779507
0.0850098 0.0780818 0.0780818
0.0851659 0.0782129 0.0782129
0.085322 0.078344 0.078344
0.0854781 0.0784751 0.0784751
0.0856342 0.0786062 0.0786062
0.0857903 0.0787372 0.0787372
0.0859465 0.0788682 0.0788682
0.0861026 0.0789992 0.0789992
0.0862588 0.0791301 0.0791301
0.086415 0.079261 0.079261
0.0865713 0.0793919 0.0793919
0.0867275 0.0795228 0.0795228
0.0868838 0.0796536 0.0796536
0.0870401 0.0797844 0.0797845
0.0871964 0.0799152 0.0799153
0.0873527 0.080046 0.080046
0.0875091 0.0801767 0.0801768
0.0876655 0.0803075 0.0803075
0.0878219 0.0804381 0.0804382
0.0879783 0.0805688 0.0805688
0.0881347 0.0806994 0.0806995
0.0882912 0.0808301 0.0808301
0.0884477 0.0809606 0.0809607
0.0886042 0.0810912 0.0810912
0.0887607 0.0812217 0.0812217
0.0889172 0.0813522 0.0813522
0.0890738 0.0814827 0.0814827
0.0892303 0.0816132 0.0816132
0.0893869 0.0817436 0.0817436
0.0895436 0.081874 0.081874
0.0897002 0.0820044 0.0820044
0.0898569 0.0821347 0.0821347
0.0900135 0.082265 0.0822651
0.0901702 0.0823953 0.0823954
0.090327 0.0825256 0.0825256
0.0904837 0.0826559 0.0826559
0.0906405 0.0827861 0.0827861
0.0907972 0.0829163 0.0829163
0.090954 0.0830464 0.0830465
0.0911109 0.0831766 0.0831766
0.0912677 0.0833067 0.0833067
0.0914246 0.0834368 0.0834368
0.0915814 0.0835669 0.0835669
0.0917383 0.0836969 0.0836969
0.0918953 0.0838269 0.0838269
0.0920522 0.0839569 0.0839569
0.0922092 0.0840869 0.0840869
0.0923662 0.0842168 0.0842168
0.0925232 0.0843467 0.0843467
0.0926802 0.0844766 0.0844766
0.0928372 0.0846064 0.0846065
0.0929943 0.0847363 0.0847363
0.0931514 0.0848661 0.0848661
0.0933085 0.0849959 0.0849959
0.0934656 0.0851256 0.0851256
0.0936228 0.0852553 0.0852553
0.0937799 0.085385 0.085385
0.0939371 0.0855147 0.0855147
0.0940943 0.0856444 0.0856444
0.0942516 0.085774 0.085774
0.0944088 0.0859036 0.0859036
0.0945661 0.0860331 0.0860332
0.0947234 0.0861627 0.0861627
0.0948807 0.0862922 0.0862922
0.095038 0.0864217 0.0864217
0.0951954 0.0865512 0.0865512
0.0953527 0.0866806 0.0866806
0.0955101 0.08681 0.08681
0.0956676 0.0869394 0.0869394
0.095825 0.0870688 0.0870688
0.0959824 0.0871981 0.0871981
0.0961399 0.0873274 0.0873274
0.0962974 0.0874567 0.0874567
0.0964549 0.087586 0.087586
0.0966125 0.0877152 0.0877152
0.09677 0.0878444 0.0878444
0.0969276 0.0879736 0.0879736
0.0970852 0.0881027 0.0881028
0.0972428 0.0882319 0.0882319
0.0974005 0.088361 0.088361
0.0975581 0.08849 0.0884901
0.0977158 0.0886191 0.0886191
0.0978735 0.0887481 0.0887481
0.0980312 0.0888771 0.0888771
0.098189 0.0890061 0.0890061
0.0983467 0.089135 0.0891351
0.0985045 0.089264 0.089264
0.0986623 0.0893929 0.0893929
0.0988202 0.0895217 0.0895217
0.098978 0.0896506 0.0896506
0.0991359 0.0897794 0.0897794
0.0992938 0.0899082 0.0899082
0.0994517 0.0900369 0.0900369
0.0996096 0.0901657 0.0901657
0.0997676 0.0902944 0.0902944
0.0999255 0.0904231 0.0904231
0.100084 0.0905517 0.0905517
0.100242 0.0906804 0.0906804
0.1004 0.090809 0.090809
0.100558 0.0909376 0.0909376
0.100716 0.0910661 0.0910661
0.100874 0.0911946 0.0911947
0.101032 0.0913231 0.0913232
0.10119 0.0914516 0.0914516
0.101348 0.0915801 0.0915801
0.101506 0.0917085 0.0917085
0.101665 0.0918369 0.0918369
0.101823 0.0919653 0.0919653
0.101981 0.0920936 0.0920936
0.102139 0.0922219 0.092222
0.102298 0.0923502 0.0923503
0.102456 0.0924785 0.0924785
0.102614 0.0926067 0.0926068
0.102773 0.092735 0.092735
0.102931 0.0928632 0.0928632
0.103089 0.0929913 0.0929913
0.103248 0.0931195 0.0931195
0.103406 0.0932476 0.0932476
0.103565 0.0933757 0.0933757
0.103723 0.0935037 0.0935037
0.103882 0.0936318 0.0936318
0.10404 0.0937598 0.0937598
0.104199 0.0938877 0.0938878
0.104357 0.0940157 0.0940157
0.104516 0.0941436 0.0941437
0.104674 0.0942715 0.0942716
0.104833 0.0943994 0.0943994
0.104992 0.0945273 0.0945273
0.10515 0.0946551 0.0946551
0.105309 0.0947829 0.0947829
0.105468 0.0949107 0.0949107
0.105626 0.0950384 0.0950384
0.105785 0.0951661 0.0951662
0.105944 0.0952938 0.0952939
0.106103 0.0954215 0.0954215
0.106261 0.0955492 0.0955492
0.10642 0.0956768 0.0956768
0.106579 0.0958044 0.0958044
0.106738 0.0959319 0.0959319
0.106897 0.0960595 0.0960595
0.107056 0.096187 0.096187
0.107215 0.0963145 0.0963145
0.107374 0.0964419 0.0964419
0.107533 0.0965694 0.0965694
0.107692 0.0966968 0.0966968
0.107851 0.0968242 0.0968242
0.10801 0.0969515 0.0969515
0.108169 0.0970788 0.0970789
0.108328 0.0972062 0.0972062
0.108487 0.0973334 0.0973334
0.108646 0.0974607 0.0974607
0.108805 0.0975879 0.0975879
0.108964 0.0977151 0.0977151
0.109124 0.0978423 0.0978423
0.109283 0.0979694 0.0979695
0.109442 0.0980966 0.0980966
0.109601 0.0982237 0.0982237
0.10976 0.0983507 0.0983507
0.10992 0.0984778 0.0984778
0.110079 0.0986048 0.0986048
0.110238 0.0987318 0.0987318
0.110398 0.0988587 0.0988588
0.110557 0.0989857 0.0989857
0.110717 0.0991126 0.0991126
0.110876 0.0992395 0.0992395
0.111035 0.0993663 0.0993664
0.111195 0.0994932 0.0994932
0.111354 0.09962 0.09962
0.111514 0.0997468 0.0997468
0.111673 0.0998735 0.0998735
0.111833 0.1 0.1
0.111992 0.100127 0.100127
0.112152 0.100254 0.100254
0.112312 0.10038 0.10038
0.112471 0.100507 0.100507
0.112631 0.100634 0.100634
0.112791 0.10076 0.10076
0.11295 0.100887 0.100887
0.11311 0.101013 0.101013
0.11327 0.10114 0.10114
0.11343 0.101266 0.101266
0.113589 0.101393 0.101393
0.113749 0.101519 0.101519
0.113909 0.101645 0.101645
0.114069 0.101772 0.101772
0.114229 0.101898 0.101898
0.114389 0.102024 0.102024
0.114548 0.102151 0.102151
0.114708 0.102277 0.102277
0.114868 0.102403 0.102403
0.115028 0.102529 0.102529
0.115188 0.102656 0.102656
0.115348 0.102782 0.102782
0.115508 0.102908 0.102908
0.115668 0.103034 0.103034
0.115828 0.10316 0.10316
0.115989 0.103286 0.103286
0.116149 0.103412 0.103412
0.116309 0.103538 0.103538
0.116469 0.103664 0.103664
0.116629 0.10379 0.10379
0.116789 0.103916 0.103916
0.11695 0.104042 0.104042
0.11711 0.104168 0.104168
0.11727 0.104294 0.104294
0.11743 0.104419 0.104419
0.117591 0.104545 0.104545
0.117751 0.104671 0.104671
0.117911 0.104797 0.104797
0.118072 0.104922 0.104922
0.118232 0.105048 0.105048
0.118393 0.105174 0.105174
0.118553 0.105299 0.105299
0.118714 0.105425 0.105425
0.118874 0.105551 0.105551
0.119035 0.105676 0.105676
0.119195 0.105802 0.105802
0.119356 0.105927 0.105927
0.119516 0.106053 0.106053
0.119677 0.106178 0.106178
0.119837 0.106303 0.106304
0.119998 0.106429 0.106429
0.120159 0.106554 0.106554
0.120319 0.10668 0.10668
0.12048 0.106805 0.106805
0.120641 0.10693 0.10693
0.120802 0.107055 0.107056
0.120962 0.107181 0.107181
0.121123 0.107306 0.107306
0.121284 0.107431 0.107431
0.121445 0.107556 0.107556
0.121606 0.107681 0.107681
0.121766 0.107807 0.107807
0.121927 0.107932 0.107932
0.122088 0.108057 0.108057
0.122249 0.108182 0.108182
0.12241 0.108307 0.108307
0.122571 0.108432 0.108432
0.122732 0.108557 0.108557
0.122893 0.108682 0.108682
0.123054 0.108806 0.108806
0.123215 0.108931 0.108931
0.123376 0.109056 0.109056
0.123538 0.109181 0.109181
0.123699 0.109306 0.109306
0.12386 0.109431 0.109431
0.124021 0.109555 0.109555
0.124182 0.10968 0.10968
0.124343 0.109805 0.109805
0.124505 0.109929 0.109929
0.124666 0.110054 0.110054
0.124827 0.110179 0.110179
0.124989 0.110303 0.110303
0.12515 0.110428 0.110428
0.125311 0.110552 0.110552
0.125473 0.110677 0.110677
0.125634 0.110801 0.110801
0.125795 0.110926 0.110926
0.125957 0.11105 0.11105
0.126118 0.111175 0.111175
0.12628 0.111299 0.111299
0.126441 0.111423 0.111423
0.126603 0.111548 0.111548
0.126764 0.111672 0.111672
0.126926 0.111796 0.111796
0.127088 0.11192 0.11192
0.127249 0.112045 0.112045
0.127411 0.112169 0.112169
0.127572 0.112293 0.112293
0.127734 0.112417 0.112417
0.127896 0.112541 0.112541
0.128058 0.112665 0.112665
0.128219 0.112789 0.112789
0.128381 0.112913 0.112914
0.128543 0.113037 0.113038
0.128705 0.113161 0.113161
0.128867 0.113285 0.113285
0.129028 0.113409 0.113409
0.12919 0.113533 0.113533
0.129352 0.113657 0.113657
0.129514 0.113781 0.113781
0.129676 0.113905 0.113905
0.129838 0.114029 0.114029
0.13 0.114152 0.114152
0.130162 0.114276 0.114276
0.130324 0.1144 0.1144
0.130486 0.114524 0.114524
0.130648 0.114647 0.114647
0.13081 0.114771 0.114771
0.130972 0.114894 0.114895
0.131135 0.115018 0.115018
0.131297 0.115142 0.115142
0.131459 0.115265 0.115265
0.131621 0.115389 0.115389
0.131783 0.115512 0.115512
0.131946 0.115636 0.115636
0.132108 0.115759 0.115759
0.13227 0.115882 0.115882
0.132433 0.116006 0.116006
0.132595 0.116129 0.116129
0.132757 0.116253 0.116253
0.13292 0.116376 0.116376
0.133082 0.116499 0.116499
0.133244 0.116622 0.116622
0.133407 0.116746 0.116746
0.133569 0.116869 0.116869
0.133732 0.116992 0.116992
0.133894 0.117115 0.117115
0.134057 0.117238 0.117238
0.13422 0.117361 0.117361
0.134382 0.117484 0.117484
0.134545 0.117607 0.117607
0.134707 0.11773 0.11773
0.13487 0.117853 0.117853
0.135033 0.117976 0.117976
0.135195 0.118099 0.118099
0.135358 0.118222 0.118222
0.135521 0.118345 0.118345
0.135684 0.118468 0.118468
0.135846 0.118591 0.118591
0.136009 0.118714 0.118714
0.136172 0.118836 0.118836
0.136335 0.118959 0.118959
0.136498 0.119082 0.119082
0.136661 0.119204 0.119205
0.136824 0.119327 0.119327
0.136987 0.11945 0.11945
0.13715 0.119572 0.119572
0.137313 0.119695 0.119695
0.137476 0.119818 0.119818
0.137639 0.11994 0.11994
0.137802 0.120063 0.120063
0.137965 0.120185 0.120185
0.138128 0.120308 0.120308
0.138291 0.12043 0.12043
0.138454 0.120552 0.120552
0.138617 0.120675 0.120675
0.13878 0.120797 0.120797
0.138944 0.120919 0.12092
0.139107 0.121042 0.121042
0.13927 0.121164 0.121164
0.139433 0.121286 0.121286
0.139597 0.121409 0.121409
0.13976 0.121531 0.121531
0.139923 0.121653 0.121653
0.140087 0.121775 0.121775
0.14025 0.121897 0.121897
0.140414 0.122019 0.122019
0.140577 0.122141 0.122141
0.140741 0.122263 0.122263
0.140904 0.122385 0.122385
0.141068 0.122507 0.122507
0.141231 0.122629 0.122629
0.141395 0.122751 0.122751
0.141558 0.122873 0.122873
0.141722 0.122995 0.122995
0.141885 0.123117 0.123117
0.142049 0.123239 0.123239
0.142213 0.123361 0.123361
0.142376 0.123482 0.123482
0.14254 0.123604 0.123604
0.142704 0.123726 0.123726
0.142868 0.123847 0.123847
0.143031 0.123969 0.123969
0.143195 0.124091 0.124091
0.143359 0.124212 0.124212
0.143523 0.124334 0.124334
0.143687 0.124456 0.124456
0.143851 0.124577 0.124577
0.144015 0.124699 0.124699
0.144178 0.12482 0.12482
0.144342 0.124942 0.124942
0.144506 0.125063 0.125063
0.14467 0.125184 0.125184
0.144834 0.125306 0.125306
0.144999 0.125427 0.125427
0.145163 0.125548 0.125548
0.145327 0.12567 0.12567
0.145491 0.125791 0.125791
0.145655 0.125912 0.125912
0.145819 0.126033 0.126034
0.145983 0.126155 0.126155
0.146148 0.126276 0.126276
0.146312 0.126397 0.126397
0.146476 0.126518 0.126518
0.14664 0.126639 0.126639
0.146805 0.12676 0.12676
0.146969 0.126881 0.126881
0.147133 0.127002 0.127002
0.147298 0.127123 0.127123
0.147462 0.127244 0.127244
0.147626 0.127365 0.127365
0.147791 0.127486 0.127486
0.147955 0.127607 0.127607
0.14812 0.127728 0.127728
0.148284 0.127849 0.127849
0.148449 0.127969 0.127969
0.148613 0.12809 0.12809
0.148778 0.128211 0.128211
0.148943 0.128332 0.128332
0.149107 0.128452 0.128452
0.149272 0.128573 0.128573
0.149437 0.128694 0.128694
0.149601 0.128814 0.128814
0.149766 0.128935 0.128935
0.149931 0.129055 0.129055
0.150095 0.129176 0.129176
0.15026 0.129296 0.129297
0.150425 0.129417 0.129417
0.15059 0.129537 0.129537
0.150755 0.129658 0.129658
0.15092 0.129778 0.129778
0.151085 0.129899 0.129899
0.151249 0.130019 0.130019
0.151414 0.130139 0.130139
0.151579 0.13026 0.13026
0.151744 0.13038 0.13038
0.151909 0.1305 0.1305
0.152074 0.13062 0.13062
0.152239 0.130741 0.130741
0.152405 0.130861 0.130861
0.15257 0.130981 0.130981
0.152735 0.131101 0.131101
0.1529 0.131221 0.131221
0.153065 0.131341 0.131341
0.15323 0.131461 0.131461
0.153396 0.131581 0.131581
0.153561 0.131701 0.131701
0.153726 0.131821 0.131821
0.153891 0.131941 0.131941
0.154057 0.132061 0.132061
0.154222 0.132181 0.132181
0.154387 0.132301 0.132301
0.154553 0.13242 0.132421
0.154718 0.13254 0.13254
0.154884 0.13266 0.13266
0.155049 0.13278 0.13278
0.155215 0.1329 0.1329
0.15538 0.133019 0.133019
0.155546 0.133139 0.133139
0.155711 0.133258 0.133259
0.155877 0.133378 0.133378
0.156042 0.133498 0.133498
0.156208 0.133617 0.133617
0.156373 0.133737 0.133737
0.156539 0.133856 0.133856
0.156705 0.133976 0.133976
0.156871 0.134095 0.134095
0.157036 0.134215 0.134215
0.157202 0.134334 0.134334
0.157368 0.134453 0.134453
0.157534 0.134573 0.134573
0.157699 0.134692 0.134692
0.157865 0.134811 0.134811
0.158031 0.134931 0.134931
0.158197 0.13505 0.13505
0.158363 0.135169 0.135169
0.158529 0.135288 0.135288
0.158695 0.135407 0.135407
0.158861 0.135527 0.135527
0.159027 0.135646 0.135646
0.159193 0.135765 0.135765
0.159359 0.135884 0.135884
0.159525 0.136003 0.136003
0.159691 0.136122 0.136122
0.159857 0.136241 0.136241
0.160024 0.13636 0.13636
0.16019 0.136479 0.136479
0.160356 0.136598 0.136598
0.160522 0.136716 0.136717
0.160688 0.136835 0.136835
0.160855 0.136954 0.136954
0.161021 0.137073 0.137073
0.161187 0.137192 0.137192
0.161354 0.13731 0.13731
0.16152 0.137429 0.137429
0.161686 0.137548 0.137548
0.161853 0.137666 0.137667
0.162019 0.137785 0.137785
0.162186 0.137904 0.137904
0.162352 0.138022 0.138022
0.162519 0.138141 0.138141
0.162685 0.138259 0.138259
0.162852 0.138378 0.138378
0.163018 0.138496 0.138496
0.163185 0.138615 0.138615
0.163352 0.138733 0.138733
0.163518 0.138852 0.138852
0.163685 0.13897 0.13897
0.163852 0.139088 0.139088
0.164018 0.139207 0.139207
0.164185 0.139325 0.139325
0.164352 0.139443 0.139443
0.164519 0.139561 0.139561
0.164685 0.13968 0.13968
0.164852 0.139798 0.139798
0.165019 0.139916 0.139916
0.165186 0.140034 0.140034
0.165353 0.140152 0.140152
0.16552 0.14027 0.14027
0.165687 0.140388 0.140388
0.165854 0.140506 0.140506
0.166021 0.140624 0.140624
0.166188 0.140742 0.140742
0.166355 0.14086 0.14086
0.166522 0.140978 0.140978
0.166689 0.141096 0.141096
0.166856 0.141214 0.141214
0.167023 0.141332 0.141332
0.16719 0.14145 0.14145
0.167358 0.141567 0.141567
0.167525 0.141685 0.141685
0.167692 0.141803 0.141803
0.167859 0.141921 0.141921
0.168027 0.142038 0.142038
0.168194 0.142156 0.142156
0.168361 0.142273 0.142274
0.168529 0.142391 0.142391
0.168696 0.142509 0.142509
0.168864 0.142626 0.142626
0.169031 0.142744 0.142744
0.169198 0.142861 0.142861
0.169366 0.142979 0.142979
0.169533 0.143096 0.143096
0.169701 0.143213 0.143214
0.169869 0.143331 0.143331
0.170036 0.143448 0.143448
0.170204 0.143566 0.143566
0.170371 0.143683 0.143683
0.170539 0.1438 0.1438
0.170707 0.143917 0.143917
0.170874 0.144035 0.144035
0.171042 0.144152 0.144152
0.17121 0.144269 0.144269
0.171378 0.144386 0.144386
0.171545 0.144503 0.144503
0.171713 0.14462 0.14462
0.171881 0.144737 0.144737
0.172049 0.144854 0.144855
0.172217 0.144971 0.144972
0.172385 0.145088 0.145089
0.172553 0.145205 0.145205
0.172721 0.145322 0.145322
0.172889 0.145439 0.145439
0.173057 0.145556 0.145556
0.173225 0.145673 0.145673
0.173393 0.14579 0.14579
0.173561 0.145907 0.145907
0.173729 0.146023 0.146023
0.173897 0.14614 0.14614
0.174065 0.146257 0.146257
0.174233 0.146374 0.146374
0.174402 0.14649 0.14649
0.17457 0.146607 0.146607
0.174738 0.146723 0.146724
0.174906 0.14684 0.14684
0.175075 0.146957 0.146957
0.175243 0.147073 0.147073
0.175411 0.14719 0.14719
0.17558 0.147306 0.147306
0.175748 0.147423 0.147423
0.175916 0.147539 0.147539
0.176085 0.147655 0.147655
0.176253 0.147772 0.147772
0.176422 0.147888 0.147888
0.17659 0.148004 0.148004
0.176759 0.148121 0.148121
0.176928 0.148237 0.148237
0.177096 0.148353 0.148353
0.177265 0.148469 0.14847
0.177433 0.148586 0.148586
0.177602 0.148702 0.148702
0.177771 0.148818 0.148818
0.177939 0.148934 0.148934
0.178108 0.14905 0.14905
0.178277 0.149166 0.149166
0.178446 0.149282 0.149282
0.178615 0.149398 0.149398
0.178783 0.149514 0.149514
0.178952 0.14963 0.14963
0.179121 0.149746 0.149746
0.17929 0.149862 0.149862
0.179459 0.149978 0.149978
0.179628 0.150094 0.150094
0.179797 0.150209 0.15021
0.179966 0.150325 0.150325
0.180135 0.150441 0.150441
0.180304 0.150557 0.150557
0.180473 0.150672 0.150673
0.180642 0.150788 0.150788
0.180811 0.150904 0.150904
0.18098 0.151019 0.151019
0.18115 0.151135 0.151135
0.181319 0.151251 0.151251
0.181488 0.151366 0.151366
0.181657 0.151482 0.151482
0.181827 0.151597 0.151597
0.181996 0.151713 0.151713
0.182165 0.151828 0.151828
0.182335 0.151943 0.151944
0.182504 0.152059 0.152059
0.182673 0.152174 0.152174
0.182843 0.15229 0.15229
0.183012 0.152405 0.152405
0.183182 0.15252 0.15252
0.183351 0.152635 0.152635
0.183521 0.152751 0.152751
0.18369 0.152866 0.152866
0.18386 0.152981 0.152981
0.184029 0.153096 0.153096
0.184199 0.153211 0.153211
0.184369 0.153326 0.153326
0.184538 0.153441 0.153441
0.184708 0.153556 0.153557
0.184878 0.153671 0.153672
0.185048 0.153786 0.153787
0.185217 0.153901 0.153901
0.185387 0.154016 0.154016
0.185557 0.154131 0.154131
0.185727 0.154246 0.154246
0.185897 0.154361 0.154361
0.186067 0.154476 0.154476
0.186236 0.154591 0.154591
0.186406 0.154705 0.154705
0.186576 0.15482 0.15482
0.186746 0.154935 0.154935
0.186916 0.15505 0.15505
0.187086 0.155164 0.155164
0.187257 0.155279 0.155279
0.187427 0.155393 0.155394
0.187597 0.155508 0.155508
0.187767 0.155623 0.155623
0.187937 0.155737 0.155737
0.188107 0.155852 0.155852
0.188277 0.155966 0.155966
0.188448 0.156081 0.156081
0.188618 0.156195 0.156195
0.188788 0.156309 0.156309
0.188959 0.156424 0.156424
0.189129 0.156538 0.156538
0.189299 0.156652 0.156652
0.18947 0.156767 0.156767
0.18964 0.156881 0.156881
0.189811 0.156995 0.156995
0.189981 0.157109 0.157109
0.190151 0.157224 0.157224
0.190322 0.157338 0.157338
0.190493 0.157452 0.157452
0.190663 0.157566 0.157566
0.190834 0.15768 0.15768
0.191004 0.157794 0.157794
0.191175 0.157908 0.157908
0.191346 0.158022 0.158022
0.191516 0.158136 0.158136
0.191687 0.15825 0.15825
0.191858 0.158364 0.158364
0.192029 0.158478 0.158478
0.192199 0.158592 0.158592
0.19237 0.158706 0.158706
0.192541 0.158819 0.158819
0.192712 0.158933 0.158933
0.192883 0.159047 0.159047
0.193054 0.159161 0.159161
0.193225 0.159274 0.159274
0.193396 0.159388 0.159388
0.193567 0.159502 0.159502
0.193738 0.159615 0.159615
0.193909 0.159729 0.159729
0.19408 0.159842 0.159843
0.194251 0.159956 0.159956
0.194422 0.16007 0.16007
0.194593 0.160183 0.160183
0.194764 0.160296 0.160297
0.194935 0.16041 0.16041
0.195107 0.160523 0.160523
0.195278 0.160637 0.160637
0.195449 0.16075 0.16075
0.19562 0.160863 0.160863
0.195792 0.160977 0.160977
0.195963 0.16109 0.16109
0.196134 0.161203 0.161203
0.196306 0.161316 0.161316
0.196477 0.16143 0.16143
0.196649 0.161543 0.161543
0.19682 0.161656 0.161656
0.196992 0.161769 0.161769
0.197163 0.161882 0.161882
0.197335 0.161995 0.161995
0.197506 0.162108 0.162108
0.197678 0.162221 0.162221
0.19785 0.162334 0.162334
0.198021 0.162447 0.162447
0.198193 0.16256 0.16256
0.198365 0.162673 0.162673
0.198536 0.162786 0.162786
0.198708 0.162899 0.162899
0.19888 0.163011 0.163012
0.199052 0.163124 0.163124
0.199223 0.163237 0.163237
0.199395 0.16335 0.16335
0.199567 0.163462 0.163463
0.199739 0.163575 0.163575
0.199911 0.163688 0.163688
0.200083 0.1638 0.163801
0.200255 0.163913 0.163913
0.200427 0.164026 0.164026
0.200599 0.164138 0.164138
0.200771 0.164251 0.164251
0.200943 0.164363 0.164363
0.201115 0.164476 0.164476
0.201287 0.164588 0.164588
0.20146 0.164701 0.164701
0.201632 0.164813 0.164813
0.201804 0.164925 0.164925
0.201976 0.165038 0.165038
0.202148 0.16515 0.16515
0.202321 0.165262 0.165262
0.202493 0.165374 0.165375
0.202665 0.165487 0.165487
0.202838 0.165599 0.165599
0.20301 0.165711 0.165711
0.203183 0.165823 0.165823
0.203355 0.165935 0.165935
0.203528 0.166047 0.166047
0.2037 0.166159 0.16616
0.203873 0.166271 0.166272
0.204045 0.166383 0.166384
0.204218 0.166495 0.166496
0.20439 0.166607 0.166608
0.204563 0.166719 0.166719
0.204736 0.166831 0.166831
0.204908 0.166943 0.166943
0.205081 0.167055 0.167055
0.205254 0.167167 0.167167
0.205426 0.167279 0.167279
0.205599 0.16739 0.16739
0.205772 0.167502 0.167502
0.205945 0.167614 0.167614
0.206118 0.167726 0.167726
0.20629 0.167837 0.167837
0.206463 0.167949 0.167949
0.206636 0.16806 0.168061
0.206809 0.168172 0.168172
0.206982 0.168284 0.168284
0.207155 0.168395 0.168395
0.207328 0.168507 0.168507
0.207501 0.168618 0.168618
0.207674 0.16873 0.16873
0.207848 0.168841 0.168841
0.208021 0.168952 0.168952
0.208194 0.169064 0.169064
0.208367 0.169175 0.169175
0.20854 0.169286 0.169286
0.208714 0.169398 0.169398
0.208887 0.169509 0.169509
0.20906 0.16962 0.16962
0.209233 0.169731 0.169731
0.209407 0.169842 0.169843
0.20958 0.169954 0.169954
0.209754 0.170065 0.170065
0.209927 0.170176 0.170176
0.2101 0.170287 0.170287
0.210274 0.170398 0.170398
0.210447 0.170509 0.170509
0.210621 0.17062 0.17062
0.210794 0.170731 0.170731
0.210968 0.170842 0.170842
0.211142 0.170953 0.170953
0.211315 0.171064 0.171064
0.211489 0.171174 0.171175
0.211663 0.171285 0.171285
0.211836 0.171396 0.171396
0.21201 0.171507 0.171507
0.212184 0.171618 0.171618
0.212358 0.171728 0.171728
0.212531 0.171839 0.171839
0.212705 0.17195 0.17195
0.212879 0.17206 0.17206
0.213053 0.172171 0.172171
0.213227 0.172282 0.172282
0.213401 0.172392 0.172392
0.213575 0.172503 0.172503
0.213749 0.172613 0.172613
0.213923 0.172724 0.172724
0.214097 0.172834 0.172834
0.214271 0.172944 0.172945
0.214445 0.173055 0.173055
0.214619 0.173165 0.173165
0.214793 0.173276 0.173276
0.214968 0.173386 0.173386
0.215142 0.173496 0.173496
0.215316 0.173606 0.173606
0.21549 0.173717 0.173717
0.215665 0.173827 0.173827
0.215839 0.173937 0.173937
0.216013 0.174047 0.174047
0.216188 0.174157 0.174157
0.216362 0.174267 0.174267
0.216537 0.174377 0.174378
0.216711 0.174487 0.174488
0.216885 0.174598 0.174598
0.21706 0.174707 0.174708
0.217234 0.174817 0.174818
0.217409 0.174927 0.174927
0.217584 0.175037 0.175037
0.217758 0.175147 0.175147
0.217933 0.175257 0.175257
0.218108 0.175367 0.175367
0.218282 0.175477 0.175477
0.218457 0.175586 0.175587
0.218632 0.175696 0.175696
0.218806 0.175806 0.175806
0.218981 0.175916 0.175916
0.219156 0.176025 0.176025
0.219331 0.176135 0.176135
0.219506 0.176244 0.176245
0.219681 0.176354 0.176354
0.219856 0.176464 0.176464
0.220031 0.176573 0.176573
0.220206 0.176683 0.176683
0.220381 0.176792 0.176792
0.220556 0.176902 0.176902
0.220731 0.177011 0.177011
0.220906 0.17712 0.17712
0.221081 0.17723 0.17723
0.221256 0.177339 0.177339
0.221431 0.177448 0.177448
0.221606 0.177558 0.177558
0.221782 0.177667 0.177667
0.221957 0.177776 0.177776
0.222132 0.177885 0.177885
0.222307 0.177995 0.177995
0.222483 0.178104 0.178104
0.222658 0.178213 0.178213
0.222833 0.178322 0.178322
0.223009 0.178431 0.178431
0.223184 0.17854 0.17854
0.22336 0.178649 0.178649
0.223535 0.178758 0.178758
0.223711 0.178867 0.178867
0.223886 0.178976 0.178976
0.224062 0.179085 0.179085
0.224237 0.179194 0.179194
0.224413 0.179303 0.179303
0.224589 0.179411 0.179411
0.224764 0.17952 0.17952
0.22494 0.179629 0.179629
0.225116 0.179738 0.179738
0.225292 0.179846 0.179846
0.225467 0.179955 0.179955
0.225643 0.180064 0.180064
0.225819 0.180172 0.180172
0.225995 0.180281 0.180281
0.226171 0.18039 0.18039
0.226347 0.180498 0.180498
0.226523 0.180607 0.180607
0.226699 0.180715 0.180715
0.226875 0.180824 0.180824
0.227051 0.180932 0.180932
0.227227 0.18104 0.181041
0.227403 0.181149 0.181149
0.227579 0.181257 0.181257
0.227755 0.181366 0.181366
0.227931 0.181474 0.181474
0.228107 0.181582 0.181582
0.228283 0.18169 0.18169
0.22846 0.181799 0.181799
0.228636 0.181907 0.181907
0.228812 0.182015 0.182015
0.228989 0.182123 0.182123
0.229165 0.182231 0.182231
0.229341 0.182339 0.182339
0.229518 0.182447 0.182448
0.229694 0.182555 0.182556
0.229871 0.182663 0.182664
0.230047 0.182771 0.182772
0.230224 0.182879 0.182879
0.2304 0.182987 0.182987
0.230577 0.183095 0.183095
0.230753 0.183203 0.183203
0.23093 0.183311 0.183311
0.231107 0.183419 0.183419
0.231283 0.183527 0.183527
0.23146 0.183634 0.183634
0.231637 0.183742 0.183742
0.231813 0.18385 0.18385
0.23199 0.183957 0.183958
0.232167 0.184065 0.184065
0.232344 0.184173 0.184173
0.232521 0.18428 0.18428
0.232698 0.184388 0.184388
0.232875 0.184495 0.184496
0.233052 0.184603 0.184603
0.233228 0.18471 0.184711
0.233405 0.184818 0.184818
0.233583 0.184925 0.184925
0.23376 0.185033 0.185033
0.233937 0.18514 0.18514
0.234114 0.185248 0.185248
0.234291 0.185355 0.185355
0.234468 0.185462 0.185462
0.234645 0.185569 0.18557
0.234822 0.185677 0.185677
0.235 0.185784 0.185784
0.235177 0.185891 0.185891
0.235354 0.185998 0.185998
0.235532 0.186105 0.186105
0.235709 0.186212 0.186213
0.235886 0.18632 0.18632
0.236064 0.186427 0.186427
0.236241 0.186534 0.186534
0.236419 0.186641 0.186641
0.236596 0.186748 0.186748
0.236774 0.186855 0.186855
0.236951 0.186961 0.186962
0.237129 0.187068 0.187069
0.237306 0.187175 0.187175
0.237484 0.187282 0.187282
0.237662 0.187389 0.187389
0.237839 0.187496 0.187496
0.238017 0.187602 0.187603
0.238195 0.187709 0.187709
0.238373 0.187816 0.187816
0.238551 0.187923 0.187923
0.238728 0.188029 0.188029
0.238906 0.188136 0.188136
0.239084 0.188242 0.188243
0.239262 0.188349 0.188349
0.23944 0.188456 0.188456
0.239618 0.188562 0.188562
0.239796 0.188669 0.188669
0.239974 0.188775 0.188775
0.240152 0.188881 0.188882
0.24033 0.188988 0.188988
0.240508 0.189094 0.189094
0.240686 0.189201 0.189201
0.240864 0.189307 0.189307
0.241043 0.189413 0.189413
0.241221 0.189519 0.18952
0.241399 0.189626 0.189626
0.241577 0.189732 0.189732
0.241756 0.189838 0.189838
0.241934 0.189944 0.189944
0.242112 0.19005 0.19005
0.242291 0.190156 0.190157
0.242469 0.190262 0.190263
0.242648 0.190369 0.190369
0.242826 0.190475 0.190475
0.243005 0.190581 0.190581
0.243183 0.190687 0.190687
0.243362 0.190792 0.190793
0.24354 0.190898 0.190898
0.243719 0.191004 0.191004
0.243897 0.19111 0.19111
0.244076 0.191216 0.191216
0.244255 0.191322 0.191322
0.244434 0.191428 0.191428
0.244612 0.191533 0.191533
0.244791 0.191639 0.191639
0.24497 0.191745 0.191745
0.245149 0.19185 0.19185
0.245328 0.191956 0.191956
0.245506 0.192062 0.192062
0.245685 0.192167 0.192167
0.245864 0.192273 0.192273
0.246043 0.192378 0.192378
0.246222 0.192484 0.192484
0.246401 0.192589 0.192589
0.24658 0.192695 0.192695
0.246759 0.1928 0.1928
0.246939 0.192905 0.192906
0.247118 0.193011 0.193011
0.247297 0.193116 0.193116
0.247476 0.193221 0.193222
0.247655 0.193327 0.193327
0.247835 0.193432 0.193432
0.248014 0.193537 0.193537
0.248193 0.193642 0.193643
0.248372 0.193748 0.193748
0.248552 0.193853 0.193853
0.248731 0.193958 0.193958
0.248911 0.194063 0.194063
0.24909 0.194168 0.194168
0.24927 0.194273 0.194273
0.249449 0.194378 0.194378
0.249629 0.194483 0.194483
0.249808 0.194588 0.194588
0.249988 0.194693 0.194693
0.250167 0.194798 0.194798
0.250347 0.194903 0.194903
0.250527 0.195008 0.195008
0.250706 0.195112 0.195112
0.250886 0.195217 0.195217
0.251066 0.195322 0.195322
0.251246 0.195427 0.195427
0.251425 0.195531 0.195531
0.251605 0.195636 0.195636
0.251785 0.195741 0.195741
0.251965 0.195845 0.195845
0.252145 0.19595 0.19595
0.252325 0.196054 0.196055
0.252505 0.196159 0.196159
0.252685 0.196263 0.196264
0.252865 0.196368 0.196368
0.253045 0.196472 0.196473
0.253225 0.196577 0.196577
0.253405 0.196681 0.196681
0.253586 0.196786 0.196786
0.253766 0.19689 0.19689
0.253946 0.196994 0.196994
0.254126 0.197099 0.197099
0.254306 0.197203 0.197203
0.254487 0.197307 0.197307
0.254667 0.197411 0.197411
0.254847 0.197515 0.197516
0.255028 0.19762 0.19762
0.255208 0.197724 0.197724
0.255389 0.197828 0.197828
0.255569 0.197932 0.197932
0.25575 0.198036 0.198036
0.25593 0.19814 0.19814
0.256111 0.198244 0.198244
0.256291 0.198348 0.198348
0.256472 0.198452 0.198452
0.256653 0.198556 0.198556
0.256833 0.19866 0.19866
0.257014 0.198764 0.198764
0.257195 0.198867 0.198868
0.257376 0.198971 0.198971
0.257556 0.199075 0.199075
0.257737 0.199179 0.199179
0.257918 0.199282 0.199283
0.258099 0.199386 0.199386
0.25828 0.19949 0.19949
0.258461 0.199593 0.199594
0.258642 0.199697 0.199697
0.258823 0.199801 0.199801
0.259004 0.199904 0.199904
0.259185 0.200008 0.200008
0.259366 0.200111 0.200111
0.259547 0.200215 0.200215
0.259728 0.200318 0.200318
0.259909 0.200421 0.200422
0.26009 0.200525 0.200525
0.260272 0.200628 0.200628
0.260453 0.200732 0.200732
0.260634 0.200835 0.200835
0.260816 0.200938 0.200938
0.260997 0.201041 0.201042
0.261178 0.201145 0.201145
0.26136 0.201248 0.201248
0.261541 0.201351 0.201351
0.261723 0.201454 0.201454
0.261904 0.201557 0.201557
0.262086 0.20166 0.20166
0.262267 0.201763 0.201764
0.262449 0.201866 0.201867
0.26263 0.201969 0.20197
0.262812 0.202072 0.202073
0.262994 0.202175 0.202175
0.263175 0.202278 0.202278
0.263357 0.202381 0.202381
0.263539 0.202484 0.202484
0.26372 0.202587 0.202587
0.263902 0.20269 0.20269
0.264084 0.202792 0.202793
0.264266 0.202895 0.202895
0.264448 0.202998 0.202998
0.26463 0.203101 0.203101
0.264812 0.203203 0.203203
0.264994 0.203306 0.203306
0.265176 0.203408 0.203409
0.265358 0.203511 0.203511
0.26554 0.203614 0.203614
0.265722 0.203716 0.203716
0.265904 0.203819 0.203819
0.266086 0.203921 0.203921
0.266268 0.204024 0.204024
0.266451 0.204126 0.204126
0.266633 0.204228 0.204229
0.266815 0.204331 0.204331
0.266997 0.204433 0.204433
0.26718 0.204535 0.204536
0.267362 0.204638 0.204638
0.267545 0.20474 0.20474
0.267727 0.204842 0.204842
0.267909 0.204944 0.204945
0.268092 0.205047 0.205047
0.268274 0.205149 0.205149
0.268457 0.205251 0.205251
0.268639 0.205353 0.205353
0.268822 0.205455 0.205455
0.269005 0.205557 0.205557
0.269187 0.205659 0.205659
0.26937 0.205761 0.205761
0.269553 0.205863 0.205863
0.269736 0.205965 0.205965
0.269918 0.206067 0.206067
0.270101 0.206169 0.206169
0.270284 0.20627 0.206271
0.270467 0.206372 0.206372
0.27065 0.206474 0.206474
0.270833 0.206576 0.206576
0.271016 0.206678 0.206678
0.271199 0.206779 0.206779
0.271382 0.206881 0.206881
0.271565 0.206983 0.206983
0.271748 0.207084 0.207084
0.271931 0.207186 0.207186
0.272114 0.207287 0.207288
0.272297 0.207389 0.207389
0.27248 0.20749 0.207491
0.272663 0.207592 0.207592
0.272847 0.207693 0.207694
0.27303 0.207795 0.207795
0.273213 0.207896 0.207896
0.273397 0.207998 0.207998
0.27358 0.208099 0.208099
0.273763 0.2082 0.2082
0.273947 0.208301 0.208302
0.27413 0.208403 0.208403
0.274314 0.208504 0.208504
0.274497 0.208605 0.208605
0.274681 0.208706 0.208707
0.274864 0.208808 0.208808
0.275048 0.208909 0.208909
0.275232 0.20901 0.20901
0.275415 0.209111 0.209111
0.275599 0.209212 0.209212
0.275783 0.209313 0.209313
0.275967 0.209414 0.209414
0.27615 0.209515 0.209515
0.276334 0.209616 0.209616
0.276518 0.209717 0.209717
0.276702 0.209817 0.209818
0.276886 0.209918 0.209918
0.27707 0.210019 0.210019
0.277254 0.21012 0.21012
0.277438 0.210221 0.210221
0.277622 0.210321 0.210322
0.277806 0.210422 0.210422
0.27799 0.210523 0.210523
0.278174 0.210623 0.210624
0.278358 0.210724 0.210724
0.278542 0.210825 0.210825
0.278726 0.210925 0.210925
0.278911 0.211026 0.211026
0.279095 0.211126 0.211126
0.279279 0.211227 0.211227
0.279464 0.211327 0.211327
0.279648 0.211428 0.211428
0.279832 0.211528 0.211528
0.280017 0.211628 0.211629
0.280201 0.211729 0.211729
0.280386 0.211829 0.211829
0.28057 0.211929 0.21193
0.280755 0.21203 0.21203
0.280939 0.21213 0.21213
0.281124 0.21223 0.21223
0.281309 0.21233 0.21233
0.281493 0.21243 0.212431
0.281678 0.21253 0.212531
0.281863 0.212631 0.212631
0.282047 0.212731 0.212731
0.282232 0.212831 0.212831
0.282417 0.212931 0.212931
0.282602 0.213031 0.213031
0.282787 0.213131 0.213131
0.282972 0.213231 0.213231
0.283156 0.21333 0.213331
0.283341 0.21343 0.213431
0.283526 0.21353 0.21353
0.283711 0.21363 0.21363
0.283897 0.21373 0.21373
0.284082 0.21383 0.21383
0.284267 0.213929 0.213929
0.284452 0.214029 0.214029
0.284637 0.214129 0.214129
0.284822 0.214228 0.214228
0.285008 0.214328 0.214328
0.285193 0.214428 0.214428
0.285378 0.214527 0.214527
0.285563 0.214627 0.214627
0.285749 0.214726 0.214726
0.285934 0.214826 0.214826
0.28612 0.214925 0.214925
0.286305 0.215024 0.215025
0.28649 0.215124 0.215124
0.286676 0.215223 0.215223
0.286862 0.215323 0.215323
0.287047 0.215422 0.215422
0.287233 0.215521 0.215521
0.287418 0.21562 0.215621
0.287604 0.21572 0.21572
0.28779 0.215819 0.215819
0.287975 0.215918 0.215918
0.288161 0.216017 0.216017
0.288347 0.216116 0.216117
0.288533 0.216215 0.216216
0.288719 0.216314 0.216315
0.288905 0.216413 0.216414
0.28909 0.216513 0.216513
0.289276 0.216611 0.216612
0.289462 0.21671 0.216711
0.289648 0.216809 0.21681
0.289834 0.216908 0.216908
0.29002 0.217007 0.217007
0.290207 0.217106 0.217106
0.290393 0.217205 0.217205
0.290579 0.217304 0.217304
0.290765 0.217402 0.217403
0.290951 0.217501 0.217501
0.291138 0.2176 0.2176
0.291324 0.217698 0.217699
0.29151 0.217797 0.217797
0.291696 0.217896 0.217896
0.291883 0.217994 0.217994
0.292069 0.218093 0.218093
0.292256 0.218191 0.218192
0.292442 0.21829 0.21829
0.292629 0.218388 0.218389
0.292815 0.218487 0.218487
0.293002 0.218585 0.218585
0.293188 0.218684 0.218684
0.293375 0.218782 0.218782
0.293562 0.21888 0.21888
0.293748 0.218979 0.218979
0.293935 0.219077 0.219077
0.294122 0.219175 0.219175
0.294309 0.219273 0.219274
0.294495 0.219372 0.219372
0.294682 0.21947 0.21947
0.294869 0.219568 0.219568
0.295056 0.219666 0.219666
0.295243 0.219764 0.219764
0.29543 0.219862 0.219862
0.295617 0.21996 0.21996
0.295804 0.220058 0.220058
0.295991 0.220156 0.220156
0.296178 0.220254 0.220254
0.296365 0.220352 0.220352
0.296552 0.22045 0.22045
0.296739 0.220548 0.220548
0.296927 0.220646 0.220646
0.297114 0.220743 0.220744
0.297301 0.220841 0.220841
0.297489 0.220939 0.220939
0.297676 0.221037 0.221037
0.297863 0.221134 0.221135
0.298051 0.221232 0.221232
0.298238 0.22133 0.22133
0.298426 0.221427 0.221427
0.298613 0.221525 0.221525
0.298801 0.221622 0.221623
0.298988 0.22172 0.22172
0.299176 0.221817 0.221818
0.299363 0.221915 0.221915
0.299551 0.222012 0.222012
0.299739 0.22211 0.22211
0.299926 0.222207 0.222207
0.300114 0.222304 0.222305
0.300302 0.222402 0.222402
0.30049 0.222499 0.222499
0.300678 0.222596 0.222597
0.300865 0.222694 0.222694
0.301053 0.222791 0.222791
0.301241 0.222888 0.222888
0.301429 0.222985 0.222985
0.301617 0.223082 0.223082
0.301805 0.223179 0.22318
0.301993 0.223276 0.223277
0.302181 0.223374 0.223374
0.30237 0.223471 0.223471
0.302558 0.223568 0.223568
0.302746 0.223664 0.223665
0.302934 0.223761 0.223762
0.303122 0.223858 0.223859
0.303311 0.223955 0.223955
0.303499 0.224052 0.224052
0.303687 0.224149 0.224149
0.303876 0.224246 0.224246
0.304064 0.224342 0.224343
0.304253 0.224439 0.224439
0.304441 0.224536 0.224536
0.30463 0.224633 0.224633
0.304818 0.224729 0.224729
0.305007 0.224826 0.224826
0.305195 0.224922 0.224923
0.305384 0.225019 0.225019
0.305573 0.225116 0.225116
0.305761 0.225212 0.225212
0.30595 0.225309 0.225309
0.306139 0.225405 0.225405
0.306328 0.225501 0.225502
0.306516 0.225598 0.225598
0.306705 0.225694 0.225694
0.306894 0.225791 0.225791
0.307083 0.225887 0.225887
0.307272 0.225983 0.225983
0.307461 0.226079 0.22608
0.30765 0.226176 0.226176
0.307839 0.226272 0.226272
0.308028 0.226368 0.226368
0.308217 0.226464 0.226464
0.308406 0.22656 0.226561
0.308596 0.226656 0.226657
0.308785 0.226752 0.226753
0.308974 0.226848 0.226849
0.309163 0.226944 0.226945
0.309353 0.22704 0.227041
0.309542 0.227136 0.227137
0.309731 0.227232 0.227233
0.309921 0.227328 0.227328
0.31011 0.227424 0.227424
0.3103 0.22752 0.22752
0.310489 0.227616 0.227616
0.310679 0.227712 0.227712
0.310868 0.227807 0.227808
0.311058 0.227903 0.227903
0.311248 0.227999 0.227999
0.311437 0.228094 0.228095
0.311627 0.22819 0.22819
0.311817 0.228286 0.228286
0.312006 0.228381 0.228381
0.312196 0.228477 0.228477
0.312386 0.228572 0.228573
0.312576 0.228668 0.228668
0.312766 0.228763 0.228763
0.312956 0.228859 0.228859
0.313146 0.228954 0.228954
0.313336 0.22905 0.22905
0.313526 0.229145 0.229145
0.313716 0.22924 0.22924
0.313906 0.229335 0.229336
0.314096 0.229431 0.229431
0.314286 0.229526 0.229526
0.314476 0.229621 0.229621
0.314666 0.229716 0.229717
0.314857 0.229812 0.229812
0.315047 0.229907 0.229907
0.315237 0.230002 0.230002
0.315428 0.230097 0.230097
0.315618 0.230192 0.230192
0.315808 0.230287 0.230287
0.315999 0.230382 0.230382
0.316189 0.230477 0.230477
0.31638 0.230572 0.230572
0.31657 0.230667 0.230667
0.316761 0.230762 0.230762
0.316951 0.230856 0.230857
0.317142 0.230951 0.230952
0.317333 0.231046 0.231046
0.317523 0.231141 0.231141
0.317714 0.231236 0.231236
0.317905 0.23133 0.231331
0.318096 0.231425 0.231425
0.318287 0.23152 0.23152
0.318477 0.231614 0.231614
0.318668 0.231709 0.231709
0.318859 0.231803 0.231804
0.31905 0.231898 0.231898
0.319241 0.231992 0.231993
0.319432 0.232087 0.232087
0.319623 0.232181 0.232182
0.319814 0.232276 0.232276
0.320006 0.23237 0.23237
0.320197 0.232465 0.232465
0.320388 0.232559 0.232559
0.320579 0.232653 0.232653
0.32077 0.232748 0.232748
0.320962 0.232842 0.232842
0.321153 0.232936 0.232936
0.321344 0.23303 0.23303
0.321536 0.233124 0.233125
0.321727 0.233218 0.233219
0.321919 0.233313 0.233313
0.32211 0.233407 0.233407
0.322302 0.233501 0.233501
0.322493 0.233595 0.233595
0.322685 0.233689 0.233689
0.322876 0.233783 0.233783
0.323068 0.233877 0.233877
0.32326 0.233971 0.233971
0.323452 0.234064 0.234065
0.323643 0.234158 0.234159
0.323835 0.234252 0.234252
0.324027 0.234346 0.234346
0.324219 0.23444 0.23444
0.324411 0.234533 0.234534
0.324603 0.234627 0.234627
0.324794 0.234721 0.234721
0.324986 0.234815 0.234815
0.325179 0.234908 0.234908
0.325371 0.235002 0.235002
0.325563 0.235095 0.235096
0.325755 0.235189 0.235189
0.325947 0.235282 0.235283
0.326139 0.235376 0.235376
0.326331 0.235469 0.23547
0.326524 0.235563 0.235563
0.326716 0.235656 0.235656
0.326908 0.23575 0.23575
0.327101 0.235843 0.235843
0.327293 0.235936 0.235936
0.327485 0.23603 0.23603
0.327678 0.236123 0.236123
0.32787 0.236216 0.236216
0.328063 0.236309 0.236309
0.328255 0.236402 0.236403
0.328448 0.236496 0.236496
0.328641 0.236589 0.236589
0.328833 0.236682 0.236682
0.329026 0.236775 0.236775
0.329219 0.236868 0.236868
0.329411 0.236961 0.236961
0.329604 0.237054 0.237054
0.329797 0.237147 0.237147
0.32999 0.23724 0.23724
0.330183 0.237333 0.237333
0.330376 0.237425 0.237426
0.330569 0.237518 0.237519
0.330762 0.237611 0.237611
0.330955 0.237704 0.237704
0.331148 0.237797 0.237797
0.331341 0.237889 0.23789
0.331534 0.237982 0.237982
0.331727 0.238075 0.238075
0.33192 0.238167 0.238168
0.332113 0.23826 0.23826
0.332307 0.238352 0.238353
0.3325 0.238445 0.238445
0.332693 0.238538 0.238538
0.332887 0.23863 0.23863
0.33308 0.238722 0.238723
0.333274 0.238815 0.238815
0.333467 0.238907 0.238908
0.33366 0.239 0.239
0.333854 0.239092 0.239092
0.334048 0.239184 0.239185
0.334241 0.239277 0.239277
0.334435 0.239369 0.239369
0.334628 0.239461 0.239461
0.334822 0.239553 0.239554
0.335016 0.239646 0.239646
0.33521 0.239738 0.239738
0.335403 0.23983 0.23983
0.335597 0.239922 0.239922
0.335791 0.240014 0.240014
0.335985 0.240106 0.240106
0.336179 0.240198 0.240198
0.336373 0.24029 0.24029
0.336567 0.240382 0.240382
0.336761 0.240474 0.240474
0.336955 0.240566 0.240566
0.337149 0.240658 0.240658
0.337343 0.240749 0.24075
0.337538 0.240841 0.240842
0.337732 0.240933 0.240933
0.337926 0.241025 0.241025
0.33812 0.241116 0.241117
0.338315 0.241208 0.241208
0.338509 0.2413 0.2413
0.338703 0.241391 0.241392
0.338898 0.241483 0.241483
0.339092 0.241575 0.241575
0.339287 0.241666 0.241667
0.339481 0.241758 0.241758
0.339676 0.241849 0.24185
0.33987 0.241941 0.241941
0.340065 0.242032 0.242032
0.34026 0.242124 0.242124
0.340454 0.242215 0.242215
0.340649 0.242306 0.242307
0.340844 0.242398 0.242398
0.341039 0.242489 0.242489
0.341233 0.24258 0.24258
0.341428 0.242671 0.242672
0.341623 0.242763 0.242763
0.341818 0.242854 0.242854
0.342013 0.242945 0.242945
0.342208 0.243036 0.243036
0.342403 0.243127 0.243127
0.342598 0.243218 0.243218
0.342793 0.243309 0.243309
0.342988 0.2434 0.2434
0.343184 0.243491 0.243491
0.343379 0.243582 0.243582
0.343574 0.243673 0.243673
0.343769 0.243764 0.243764
0.343965 0.243855 0.243855
0.34416 0.243946 0.243946
0.344355 0.244036 0.244037
0.344551 0.244127 0.244127
0.344746 0.244218 0.244218
0.344942 0.244309 0.244309
0.345137 0.244399 0.2444
0.345333 0.24449 0.24449
0.345528 0.244581 0.244581
0.345724 0.244671 0.244672
0.34592 0.244762 0.244762
0.346115 0.244852 0.244853
0.346311 0.244943 0.244943
0.346507 0.245033 0.245034
0.346703 0.245124 0.245124
0.346898 0.245214 0.245215
0.347094 0.245305 0.245305
0.34729 0.245395 0.245395
0.347486 0.245485 0.245486
0.347682 0.245576 0.245576
0.347878 0.245666 0.245666
0.348074 0.245756 0.245757
0.34827 0.245846 0.245847
0.348466 0.245937 0.245937
0.348662 0.246027 0.246027
0.348859 0.246117 0.246117
0.349055 0.246207 0.246207
0.349251 0.246297 0.246297
0.349447 0.246387 0.246388
0.349644 0.246477 0.246478
0.34984 0.246567 0.246568
0.350036 0.246657 0.246657
0.350233 0.246747 0.246747
0.350429 0.246837 0.246837
0.350626 0.246927 0.246927
0.350822 0.247017 0.247017
0.351019 0.247107 0.247107
0.351215 0.247196 0.247197
0.351412 0.247286 0.247286
0.351609 0.247376 0.247376
0.351805 0.247466 0.247466
0.352002 0.247555 0.247556
0.352199 0.247645 0.247645
0.352396 0.247735 0.247735
0.352593 0.247824 0.247824
0.35279 0.247914 0.247914
0.352986 0.248003 0.248004
0.353183 0.248093 0.248093
0.35338 0.248182 0.248183
0.353577 0.248272 0.248272
0.353774 0.248361 0.248361
0.353972 0.248451 0.248451
0.354169 0.24854 0.24854
0.354366 0.248629 0.24863
0.354563 0.248719 0.248719
0.35476 0.248808 0.248808
0.354958 0.248897 0.248897
0.355155 0.248986 0.248987
0.355352 0.249075 0.249076
0.35555 0.249165 0.249165
0.355747 0.249254 0.249254
0.355944 0.249343 0.249343
0.356142 0.249432 0.249432
0.356339 0.249521 0.249521
0.356537 0.24961 0.24961
0.356735 0.249699 0.249699
0.356932 0.249788 0.249788
0.35713 0.249877 0.249877
0.357328 0.249966 0.249966
0.357525 0.250055 0.250055
0.357723 0.250143 0.250144
0.357921 0.250232 0.250233
0.358119 0.250321 0.250321
0.358317 0.25041 0.25041
0.358514 0.250499 0.250499
0.358712 0.250587 0.250588
0.35891 0.250676 0.250676
0.359108 0.250765 0.250765
0.359306 0.250853 0.250854
0.359505 0.250942 0.250942
0.359703 0.25103 0.251031
0.359901 0.251119 0.251119
0.360099 0.251207 0.251208
0.360297 0.251296 0.251296
0.360496 0.251384 0.251385
0.360694 0.251473 0.251473
0.360892 0.251561 0.251561
0.361091 0.251649 0.25165
0.361289 0.251738 0.251738
0.361487 0.251826 0.251826
0.361686 0.251914 0.251915
0.361884 0.252003 0.252003
0.362083 0.252091 0.252091
0.362282 0.252179 0.252179
0.36248 0.252267 0.252267
0.362679 0.252355 0.252356
0.362878 0.252443 0.252444
0.363076 0.252531 0.252532
0.363275 0.252619 0.25262
0.363474 0.252707 0.252708
0.363673 0.252795 0.252796
0.363872 0.252883 0.252884
0.364071 0.252971 0.252972
0.364269 0.253059 0.253059
0.364468 0.253147 0.253147
0.364667 0.253235 0.253235
0.364867 0.253323 0.253323
0.365066 0.25341 0.253411
0.365265 0.253498 0.253498
0.365464 0.253586 0.253586
0.365663 0.253674 0.253674
0.365862 0.253761 0.253762
0.366062 0.253849 0.253849
0.366261 0.253936 0.253937
0.36646 0.254024 0.254024
0.36666 0.254111 0.254112
0.366859 0.254199 0.254199
0.367059 0.254286 0.254287
0.367258 0.254374 0.254374
0.367458 0.254461 0.254462
0.367657 0.254549 0.254549
0.367857 0.254636 0.254636
0.368056 0.254723 0.254724
0.368256 0.254811 0.254811
0.368456 0.254898 0.254898
0.368656 0.254985 0.254986
0.368855 0.255073 0.255073
0.369055 0.25516 0.25516
0.369255 0.255247 0.255247
0.369455 0.255334 0.255334
0.369655 0.255421 0.255421
0.369855 0.255508 0.255509
0.370055 0.255595 0.255596
0.370255 0.255682 0.255683
0.370455 0.255769 0.25577
0.370655 0.255856 0.255857
0.370855 0.255943 0.255943
0.371055 0.25603 0.25603
0.371256 0.256117 0.256117
0.371456 0.256204 0.256204
0.371656 0.256291 0.256291
0.371857 0.256377 0.256378
0.372057 0.256464 0.256464
0.372257 0.256551 0.256551
0.372458 0.256637 0.256638
0.372658 0.256724 0.256725
0.372859 0.256811 0.256811
0.373059 0.256897 0.256898
0.37326 0.256984 0.256984
0.373461 0.257071 0.257071
0.373661 0.257157 0.257157
0.373862 0.257244 0.257244
0.374063 0.25733 0.25733
0.374263 0.257416 0.257417
0.374464 0.257503 0.257503
0.374665 0.257589 0.25759
0.374866 0.257676 0.257676
0.375067 0.257762 0.257762
0.375268 0.257848 0.257849
0.375469 0.257934 0.257935
0.37567 0.258021 0.258021
0.375871 0.258107 0.258107
0.376072 0.258193 0.258193
0.376273 0.258279 0.25828
0.376474 0.258365 0.258366
0.376676 0.258451 0.258452
0.376877 0.258537 0.258538
0.377078 0.258623 0.258624
0.37728 0.258709 0.25871
0.377481 0.258795 0.258796
0.377682 0.258881 0.258882
0.377884 0.258967 0.258968
0.378085 0.259053 0.259053
0.378287 0.259139 0.259139
0.378488 0.259225 0.259225
0.37869 0.259311 0.259311
0.378892 0.259396 0.259397
0.379093 0.259482 0.259482
0.379295 0.259568 0.259568
0.379497 0.259653 0.259654
0.379699 0.259739 0.259739
0.3799 0.259825 0.259825
0.380102 0.25991 0.259911
0.380304 0.259996 0.259996
0.380506 0.260081 0.260082
0.380708 0.260167 0.260167
0.38091 0.260252 0.260253
0.381112 0.260338 0.260338
0.381314 0.260423 0.260424
0.381516 0.260509 0.260509
0.381718 0.260594 0.260594
0.381921 0.260679 0.26068
0.382123 0.260765 0.260765
0.382325 0.26085 0.26085
0.382527 0.260935 0.260935
0.38273 0.26102 0.261021
0.382932 0.261105 0.261106
0.383135 0.261191 0.261191
0.383337 0.261276 0.261276
0.383539 0.261361 0.261361
0.383742 0.261446 0.261446
0.383945 0.261531 0.261531
0.384147 0.261616 0.261616
0.38435 0.261701 0.261701
0.384553 0.261786 0.261786
0.384755 0.261871 0.261871
0.384958 0.261956 0.261956
0.385161 0.26204 0.262041
0.385364 0.262125 0.262126
0.385567 0.26221 0.26221
0.385769 0.262295 0.262295
0.385972 0.262379 0.26238
0.386175 0.262464 0.262465
0.386378 0.262549 0.262549
0.386581 0.262634 0.262634
0.386785 0.262718 0.262719
0.386988 0.262803 0.262803
0.387191 0.262887 0.262888
0.387394 0.262972 0.262972
0.387597 0.263056 0.263057
0.387801 0.263141 0.263141
0.388004 0.263225 0.263226
0.388207 0.26331 0.26331
0.388411 0.263394 0.263394
0.388614 0.263478 0.263479
0.388818 0.263563 0.263563
0.389021 0.263647 0.263647
0.389225 0.263731 0.263732
0.389428 0.263815 0.263816
0.389632 0.2639 0.2639
0.389836 0.263984 0.263984
0.390039 0.264068 0.264068
0.390243 0.264152 0.264153
0.390447 0.264236 0.264237
0.390651 0.26432 0.264321
0.390855 0.264404 0.264405
0.391058 0.264488 0.264489
0.391262 0.264572 0.264573
0.391466 0.264656 0.264657
0.39167 0.26474 0.264741
0.391874 0.264824 0.264824
0.392078 0.264908 0.264908
0.392283 0.264992 0.264992
0.392487 0.265075 0.265076
0.392691 0.265159 0.26516
0.392895 0.265243 0.265243
0.3931 0.265327 0.265327
0.393304 0.26541 0.265411
0.393508 0.265494 0.265494
0.393713 0.265578 0.265578
0.393917 0.265661 0.265662
0.394122 0.265745 0.265745
0.394326 0.265828 0.265829
0.394531 0.265912 0.265912
0.394735 0.265995 0.265996
0.39494 0.266079 0.266079
0.395144 0.266162 0.266162
0.395349 0.266245 0.266246
0.395554 0.266329 0.266329
0.395759 0.266412 0.266413
0.395964 0.266495 0.266496
0.396168 0.266579 0.266579
0.396373 0.266662 0.266662
0.396578 0.266745 0.266746
0.396783 0.266828 0.266829
0.396988 0.266911 0.266912
0.397193 0.266995 0.266995
0.397398 0.267078 0.267078
0.397604 0.267161 0.267161
0.397809 0.267244 0.267244
0.398014 0.267327 0.267327
0.398219 0.26741 0.26741
0.398424 0.267493 0.267493
0.39863 0.267575 0.267576
0.398835 0.267658 0.267659
0.399041 0.267741 0.267742
0.399246 0.267824 0.267824
0.399451 0.267907 0.267907
0.399657 0.26799 0.26799
0.399863 0.268072 0.268073
0.400068 0.268155 0.268155
0.400274 0.268238 0.268238
0.400479 0.26832 0.268321
0.400685 0.268403 0.268403
0.400891 0.268485 0.268486
0.401097 0.268568 0.268568
0.401303 0.268651 0.268651
0.401508 0.268733 0.268733
0.401714 0.268816 0.268816
0.40192 0.268898 0.268898
0.402126 0.26898 0.268981
0.402332 0.269063 0.269063
0.402538 0.269145 0.269146
0.402745 0.269227 0.269228
0.402951 0.26931 0.26931
0.403157 0.269392 0.269392
0.403363 0.269474 0.269475
0.403569 0.269556 0.269557
0.403776 0.269638 0.269639
0.403982 0.269721 0.269721
0.404188 0.269803 0.269803
0.404395 0.269885 0.269885
0.404601 0.269967 0.269967
0.404808 0.270049 0.270049
0.405014 0.270131 0.270131
0.405221 0.270213 0.270213
0.405428 0.270295 0.270295
0.405634 0.270377 0.270377
0.405841 0.270458 0.270459
0.406048 0.27054 0.270541
0.406254 0.270622 0.270623
0.406461 0.270704 0.270704
0.406668 0.270786 0.270786
0.406875 0.270867 0.270868
0.407082 0.270949 0.27095
0.407289 0.271031 0.271031
0.407496 0.271112 0.271113
0.407703 0.271194 0.271194
0.40791 0.271276 0.271276
0.408117 0.271357 0.271358
0.408324 0.271439 0.271439
0.408532 0.27152 0.271521
0.408739 0.271602 0.271602
0.408946 0.271683 0.271683
0.409154 0.271764 0.271765
0.409361 0.271846 0.271846
0.409568 0.271927 0.271927
0.409776 0.272008 0.272009
0.409983 0.27209 0.27209
0.410191 0.272171 0.272171
0.410398 0.272252 0.272253
0.410606 0.272333 0.272334
0.410814 0.272414 0.272415
0.411021 0.272495 0.272496
0.411229 0.272577 0.272577
0.411437 0.272658 0.272658
0.411645 0.272739 0.272739
0.411853 0.27282 0.27282
0.41206 0.272901 0.272901
0.412268 0.272982 0.272982
0.412476 0.273063 0.273063
0.412684 0.273143 0.273144
0.412892 0.273224 0.273225
0.4131 0.273305 0.273306
0.413309 0.273386 0.273386
0.413517 0.273467 0.273467
0.413725 0.273547 0.273548
0.413933 0.273628 0.273629
0.414142 0.273709 0.273709
0.41435 0.273789 0.27379
0.414558 0.27387 0.27387
0.414767 0.273951 0.273951
0.414975 0.274031 0.274032
0.415184 0.274112 0.274112
0.415392 0.274192 0.274193
0.415601 0.274273 0.274273
0.415809 0.274353 0.274354
0.416018 0.274433 0.274434
0.416227 0.274514 0.274514
0.416436 0.274594 0.274595
0.416644 0.274674 0.274675
0.416853 0.274755 0.274755
0.417062 0.274835 0.274836
0.417271 0.274915 0.274916
0.41748 0.274995 0.274996
0.417689 0.275076 0.275076
0.417898 0.275156 0.275156
0.418107 0.275236 0.275236
0.418316 0.275316 0.275316
0.418525 0.275396 0.275396
0.418734 0.275476 0.275476
0.418944 0.275556 0.275556
0.419153 0.275636 0.275636
0.419362 0.275716 0.275716
0.419571 0.275796 0.275796
0.419781 0.275876 0.275876
0.41999 0.275955 0.275956
0.4202 0.276035 0.276036
0.420409 0.276115 0.276116
0.420619 0.276195 0.276195
0.420828 0.276275 0.276275
0.421038 0.276354 0.276355
0.421248 0.276434 0.276434
0.421457 0.276513 0.276514
0.421667 0.276593 0.276594
0.421877 0.276673 0.276673
0.422087 0.276752 0.276753
0.422297 0.276832 0.276832
0.422507 0.276911 0.276912
0.422717 0.276991 0.276991
0.422927 0.27707 0.277071
0.423137 0.277149 0.27715
0.423347 0.277229 0.277229
0.423557 0.277308 0.277309
0.423767 0.277387 0.277388
0.423977 0.277467 0.277467
0.424188 0.277546 0.277546
0.424398 0.277625 0.277626
0.424608 0.277704 0.277705
0.424819 0.277783 0.277784
0.425029 0.277863 0.277863
0.425239 0.277942 0.277942
0.42545 0.278021 0.278021
0.42566 0.2781 0.2781
0.425871 0.278179 0.278179
0.426082 0.278258 0.278258
0.426292 0.278337 0.278337
0.426503 0.278415 0.278416
0.426714 0.278494 0.278495
0.426925 0.278573 0.278574
0.427135 0.278652 0.278653
0.427346 0.278731 0.278731
0.427557 0.27881 0.27881
0.427768 0.278888 0.278889
0.427979 0.278967 0.278967
0.42819 0.279046 0.279046
0.428401 0.279124 0.279125
0.428612 0.279203 0.279203
0.428823 0.279281 0.279282
0.429035 0.27936 0.279361
0.429246 0.279438 0.279439
0.429457 0.279517 0.279517
0.429669 0.279595 0.279596
0.42988 0.279674 0.279674
0.430091 0.279752 0.279753
0.430303 0.279831 0.279831
0.430514 0.279909 0.279909
0.430726 0.279987 0.279988
0.430937 0.280065 0.280066
0.431149 0.280144 0.280144
0.431361 0.280222 0.280222
0.431572 0.2803 0.280301
0.431784 0.280378 0.280379
0.431996 0.280456 0.280457
0.432208 0.280534 0.280535
0.43242 0.280613 0.280613
0.432631 0.280691 0.280691
0.432843 0.280769 0.280769
0.433055 0.280847 0.280847
0.433267 0.280924 0.280925
0.43348 0.281002 0.281003
0.433692 0.28108 0.281081
0.433904 0.281158 0.281159
0.434116 0.281236 0.281236
0.434328 0.281314 0.281314
0.434541 0.281391 0.281392
0.434753 0.281469 0.28147
0.434965 0.281547 0.281547
0.435178 0.281625 0.281625
0.43539 0.281702 0.281703
0.435603 0.28178 0.28178
0.435815 0.281857 0.281858
0.436028 0.281935 0.281935
0.43624 0.282012 0.282013
0.436453 0.28209 0.28209
0.436666 0.282167 0.282168
0.436879 0.282245 0.282245
0.437091 0.282322 0.282323
0.437304 0.2824 0.2824
0.437517 0.282477 0.282477
0.43773 0.282554 0.282555
0.437943 0.282631 0.282632
0.438156 0.282709 0.282709
0.438369 0.282786 0.282786
0.438582 0.282863 0.282864
0.438795 0.28294 0.282941
0.439008 0.283017 0.283018
0.439222 0.283094 0.283095
0.439435 0.283171 0.283172
0.439648 0.283249 0.283249
0.439862 0.283326 0.283326
0.440075 0.283402 0.283403
0.440288 0.283479 0.28348
0.440502 0.283556 0.283557
0.440715 0.283633 0.283634
0.440929 0.28371 0.283711
0.441143 0.283787 0.283787
0.441356 0.283864 0.283864
0.44157 0.28394 0.283941
0.441784 0.284017 0.284018
0.441997 0.284094 0.284094
0.442211 0.28417 0.284171
0.442425 0.284247 0.284248
0.442639 0.284324 0.284324
0.442853 0.2844 0.284401
0.443067 0.284477 0.284477
0.443281 0.284553 0.284554
0.443495 0.28463 0.28463
0.443709 0.284706 0.284707
0.443923 0.284783 0.284783
0.444137 0.284859 0.28486
0.444352 0.284935 0.284936
0.444566 0.285012 0.285012
0.44478 0.285088 0.285089
0.444995 0.285164 0.285165
0.445209 0.285241 0.285241
0.445424 0.285317 0.285317
0.445638 0.285393 0.285394
0.445853 0.285469 0.28547
0.446067 0.285545 0.285546
0.446282 0.285621 0.285622
0.446497 0.285697 0.285698
0.446711 0.285773 0.285774
0.446926 0.285849 0.28585
0.447141 0.285925 0.285926
0.447356 0.286001 0.286002
0.447571 0.286077 0.286078
0.447785 0.286153 0.286154
0.448 0.286229 0.286229
0.448215 0.286305 0.286305
0.448431 0.28638 0.286381
0.448646 0.286456 0.286457
0.448861 0.286532 0.286533
0.449076 0.286608 0.286608
0.449291 0.286683 0.286684
0.449507 0.286759 0.286759
0.449722 0.286834 0.286835
0.449937 0.28691 0.286911
0.450153 0.286986 0.286986
0.450368 0.287061 0.287062
0.450584 0.287137 0.287137
0.450799 0.287212 0.287213
0.451015 0.287287 0.287288
0.45123 0.287363 0.287363
0.451446 0.287438 0.287439
0.451662 0.287513 0.287514
0.451878 0.287589 0.287589
0.452093 0.287664 0.287665
0.452309 0.287739 0.28774
0.452525 0.287814 0.287815
0.452741 0.28789 0.28789
0.452957 0.287965 0.287965
0.453173 0.28804 0.28804
0.453389 0.288115 0.288116
0.453605 0.28819 0.288191
0.453821 0.288265 0.288266
0.454038 0.28834 0.288341
0.454254 0.288415 0.288416
0.45447 0.28849 0.28849
0.454686 0.288565 0.288565
0.454903 0.28864 0.28864
0.455119 0.288714 0.288715
0.455336 0.288789 0.28879
0.455552 0.288864 0.288865
0.455769 0.288939 0.288939
0.455985 0.289013 0.289014
0.456202 0.289088 0.289089
0.456419 0.289163 0.289163
0.456635 0.289237 0.289238
0.456852 0.289312 0.289313
0.457069 0.289386 0.289387
0.457286 0.289461 0.289462
0.457503 0.289536 0.289536
0.45772 0.28961 0.289611
0.457937 0.289684 0.289685
0.458154 0.289759 0.289759
0.458371 0.289833 0.289834
0.458588 0.289908 0.289908
0.458805 0.289982 0.289982
0.459022 0.290056 0.290057
0.45924 0.29013 0.290131
0.459457 0.290205 0.290205
0.459674 0.290279 0.290279
0.459892 0.290353 0.290354
0.460109 0.290427 0.290428
0.460327 0.290501 0.290502
0.460544 0.290575 0.290576
0.460762 0.290649 0.29065
0.460979 0.290723 0.290724
0.461197 0.290797 0.290798
0.461415 0.290871 0.290872
0.461632 0.290945 0.290946
0.46185 0.291019 0.29102
0.462068 0.291093 0.291093
0.462286 0.291167 0.291167
0.462504 0.29124 0.291241
0.462722 0.291314 0.291315
0.46294 0.291388 0.291388
0.463158 0.291461 0.291462
0.463376 0.291535 0.291536
0.463594 0.291609 0.291609
0.463812 0.291682 0.291683
0.464031 0.291756 0.291757
0.464249 0.291829 0.29183
0.464467 0.291903 0.291904
0.464686 0.291976 0.291977
0.464904 0.29205 0.292051
0.465122 0.292123 0.292124
0.465341 0.292197 0.292197
0.46556 0.29227 0.292271
0.465778 0.292343 0.292344
0.465997 0.292417 0.292417
0.466215 0.29249 0.292491
0.466434 0.292563 0.292564
0.466653 0.292636 0.292637
0.466872 0.29271 0.29271
0.467091 0.292783 0.292783
0.46731 0.292856 0.292856
0.467529 0.292929 0.292929
0.467748 0.293002 0.293003
0.467967 0.293075 0.293076
0.468186 0.293148 0.293149
0.468405 0.293221 0.293221
0.468624 0.293294 0.293294
0.468843 0.293367 0.293367
0.469063 0.293439 0.29344
0.469282 0.293512 0.293513
0.469501 0.293585 0.293586
0.469721 0.293658 0.293659
0.46994 0.293731 0.293731
0.47016 0.293803 0.293804
0.470379 0.293876 0.293877
0.470599 0.293949 0.293949
0.470818 0.294021 0.294022
0.471038 0.294094 0.294094
0.471258 0.294166 0.294167
0.471478 0.294239 0.294239
0.471697 0.294311 0.294312
0.471917 0.294384 0.294384
0.472137 0.294456 0.294457
0.472357 0.294529 0.294529
0.472577 0.294601 0.294602
0.472797 0.294673 0.294674
0.473017 0.294746 0.294746
0.473238 0.294818 0.294819
0.473458 0.29489 0.294891
0.473678 0.294962 0.294963
0.473898 0.295034 0.295035
0.474119 0.295107 0.295107
0.474339 0.295179 0.295179
0.474559 0.295251 0.295251
0.47478 0.295323 0.295323
0.475 0.295395 0.295396
0.475221 0.295467 0.295468
0.475442 0.295539 0.295539
0.475662 0.295611 0.295611
0.475883 0.295683 0.295683
0.476104 0.295754 0.295755
0.476324 0.295826 0.295827
0.476545 0.295898 0.295899
0.476766 0.29597 0.295971
0.476987 0.296042 0.296042
0.477208 0.296113 0.296114
0.477429 0.296185 0.296186
0.47765 0.296257 0.296257
0.477871 0.296328 0.296329
0.478092 0.2964 0.2964
0.478314 0.296471 0.296472
0.478535 0.296543 0.296544
0.478756 0.296614 0.296615
0.478977 0.296686 0.296687
0.479199 0.296757 0.296758
0.47942 0.296829 0.296829
0.479642 0.2969 0.296901
0.479863 0.296971 0.296972
0.480085 0.297043 0.297043
0.480306 0.297114 0.297115
0.480528 0.297185 0.297186
0.48075 0.297256 0.297257
0.480972 0.297328 0.297328
0.481193 0.297399 0.297399
0.481415 0.29747 0.29747
0.481637 0.297541 0.297542
0.481859 0.297612 0.297613
0.482081 0.297683 0.297684
0.482303 0.297754 0.297755
0.482525 0.297825 0.297826
0.482747 0.297896 0.297897
0.48297 0.297967 0.297967
0.483192 0.298038 0.298038
0.483414 0.298108 0.298109
0.483636 0.298179 0.29818
0.483859 0.29825 0.298251
0.484081 0.298321 0.298321
0.484304 0.298391 0.298392
0.484526 0.298462 0.298463
0.484749 0.298533 0.298533
0.484971 0.298603 0.298604
0.485194 0.298674 0.298675
0.485417 0.298744 0.298745
0.485639 0.298815 0.298816
0.485862 0.298885 0.298886
0.486085 0.298956 0.298957
0.486308 0.299026 0.299027
0.486531 0.299097 0.299097
0.486754 0.299167 0.299168
0.486977 0.299237 0.299238
0.4872 0.299308 0.299308
0.487423 0.299378 0.299379
0.487646 0.299448 0.299449
0.487869 0.299518 0.299519
0.488093 0.299589 0.299589
0.488316 0.299659 0.299659
0.488539 0.299729 0.29973
0.488763 0.299799 0.2998
0.488986 0.299869 0.29987
0.48921 0.299939 0.29994
0.489433 0.300009 0.30001
0.489657 0.300079 0.30008
0.489881 0.300149 0.30015
0.490104 0.300219 0.300219
0.490328 0.300289 0.300289
0.490552 0.300358 0.300359
0.490776 0.300428 0.300429
0.490999 0.300498 0.300499
0.491223 0.300568 0.300568
0.491447 0.300637 0.300638
0.491671 0.300707 0.300708
0.491895 0.300777 0.300777
0.49212 0.300846 0.300847
0.492344 0.300916 0.300917
0.492568 0.300985 0.300986
0.492792 0.301055 0.301056
0.493017 0.301124 0.301125
0.493241 0.301194 0.301195
0.493465 0.301263 0.301264
0.49369 0.301333 0.301333
0.493914 0.301402 0.301403
0.494139 0.301471 0.301472
0.494363 0.301541 0.301541
0.494588 0.30161 0.301611
0.494813 0.301679 0.30168
0.495037 0.301748 0.301749
0.495262 0.301818 0.301818
0.495487 0.301887 0.301887
0.495712 0.301956 0.301957
0.495937 0.302025 0.302026
0.496162 0.302094 0.302095
0.496387 0.302163 0.302164
0.496612 0.302232 0.302233
0.496837 0.302301 0.302302
0.497062 0.30237 0.30237
0.497288 0.302439 0.302439
0.497513 0.302507 0.302508
0.497738 0.302576 0.302577
0.497963 0.302645 0.302646
0.498189 0.302714 0.302715
0.498414 0.302783 0.302783
0.49864 0.302851 0.302852
0.498865 0.30292 0.302921
0.499091 0.302989 0.302989
0.499317 0.303057 0.303058
0.499542 0.303126 0.303126
0.499768 0.303194 0.303195
0.499994 0.303263 0.303263
0.50022 0.303331 0.303332
0.500446 0.3034 0.3034
0.500672 0.303468 0.303469
0.500898 0.303536 0.303537
0.501124 0.303605 0.303606
0.50135 0.303673 0.303674
0.501576 0.303741 0.303742
0.501802 0.30381 0.30381
0.502028 0.303878 0.303879
0.502255 0.303946 0.303947
0.502481 0.304014 0.304015
0.502707 0.304082 0.304083
0.502934 0.30415 0.304151
0.50316 0.304218 0.304219
0.503387 0.304286 0.304287
0.503613 0.304354 0.304355
0.50384 0.304422 0.304423
0.504067 0.30449 0.304491
0.504293 0.304558 0.304559
0.50452 0.304626 0.304627
0.504747 0.304694 0.304695
0.504974 0.304762 0.304763
0.505201 0.304829 0.30483
0.505428 0.304897 0.304898
0.505655 0.304965 0.304966
0.505882 0.305033 0.305033
0.506109 0.3051 0.305101
0.506336 0.305168 0.305169
0.506563 0.305235 0.305236
0.506791 0.305303 0.305304
0.507018 0.305371 0.305371
0.507245 0.305438 0.305439
0.507473 0.305505 0.305506
0.5077 0.305573 0.305574
0.507928 0.30564 0.305641
0.508155 0.305708 0.305708
0.508383 0.305775 0.305776
0.508611 0.305842 0.305843
0.508838 0.30591 0.30591
0.509066 0.305977 0.305978
0.509294 0.306044 0.306045
0.509522 0.306111 0.306112
0.50975 0.306178 0.306179
0.509978 0.306245 0.306246
0.510206 0.306312 0.306313
0.510434 0.306379 0.30638
0.510662 0.306446 0.306447
0.51089 0.306513 0.306514
0.511118 0.30658 0.306581
0.511347 0.306647 0.306648
0.511575 0.306714 0.306715
0.511803 0.306781 0.306782
0.512032 0.306848 0.306849
0.51226 0.306915 0.306915
0.512489 0.306981 0.306982
0.512717 0.307048 0.307049
0.512946 0.307115 0.307116
0.513174 0.307181 0.307182
0.513403 0.307248 0.307249
0.513632 0.307315 0.307316
0.513861 0.307381 0.307382
0.51409 0.307448 0.307449
0.514318 0.307514 0.307515
0.514547 0.307581 0.307582
0.514776 0.307647 0.307648
0.515005 0.307714 0.307714
0.515235 0.30778 0.307781
0.515464 0.307846 0.307847
0.515693 0.307913 0.307913
0.515922 0.307979 0.30798
0.516152 0.308045 0.308046
0.516381 0.308111 0.308112
0.51661 0.308177 0.308178
0.51684 0.308244 0.308244
0.517069 0.30831 0.308311
0.517299 0.308376 0.308377
0.517528 0.308442 0.308443
0.517758 0.308508 0.308509
0.517988 0.308574 0.308575
0.518218 0.30864 0.308641
0.518447 0.308706 0.308707
0.518677 0.308772 0.308772
0.518907 0.308837 0.308838
0.519137 0.308903 0.308904
0.519367 0.308969 0.30897
0.519597 0.309035 0.309036
0.519827 0.309101 0.309101
0.520058 0.309166 0.309167
0.520288 0.309232 0.309233
0.520518 0.309298 0.309298
0.520748 0.309363 0.309364
0.520979 0.309429 0.30943
0.521209 0.309494 0.309495
0.52144 0.30956 0.309561
0.52167 0.309625 0.309626
0.521901 0.309691 0.309692
0.522131 0.309756 0.309757
0.522362 0.309821 0.309822
0.522593 0.309887 0.309888
0.522824 0.309952 0.309953
0.523054 0.310017 0.310018
0.523285 0.310083 0.310083
0.523516 0.310148 0.310149
0.523747 0.310213 0.310214
0.523978 0.310278 0.310279
0.524209 0.310343 0.310344
0.52444 0.310408 0.310409
0.524672 0.310473 0.310474
0.524903 0.310538 0.310539
0.525134 0.310603 0.310604
0.525365 0.310668 0.310669
0.525597 0.310733 0.310734
0.525828 0.310798 0.310799
0.52606 0.310863 0.310864
0.526291 0.310928 0.310929
0.526523 0.310993 0.310993
0.526755 0.311057 0.311058
0.526986 0.311122 0.311123
0.527218 0.311187 0.311188
0.52745 0.311251 0.311252
0.527682 0.311316 0.311317
0.527914 0.311381 0.311382
0.528146 0.311445 0.311446
0.528378 0.31151 0.311511
0.52861 0.311574 0.311575
0.528842 0.311639 0.31164
0.529074 0.311703 0.311704
0.529306 0.311768 0.311768
0.529538 0.311832 0.311833
0.529771 0.311896 0.311897
0.530003 0.311961 0.311962
0.530236 0.312025 0.312026
0.530468 0.312089 0.31209
0.530701 0.312153 0.312154
0.530933 0.312217 0.312218
0.531166 0.312282 0.312283
0.531399 0.312346 0.312347
0.531631 0.31241 0.312411
0.531864 0.312474 0.312475
0.532097 0.312538 0.312539
0.53233 0.312602 0.312603
0.532563 0.312666 0.312667
0.532796 0.31273 0.312731
0.533029 0.312794 0.312795
0.533262 0.312857 0.312858
0.533495 0.312921 0.312922
0.533728 0.312985 0.312986
0.533961 0.313049 0.31305
0.534195 0.313113 0.313114
0.534428 0.313176 0.313177
0.534662 0.31324 0.313241
0.534895 0.313304 0.313304
0.535129 0.313367 0.313368
0.535362 0.313431 0.313432
0.535596 0.313494 0.313495
0.535829 0.313558 0.313559
0.536063 0.313621 0.313622
0.536297 0.313685 0.313686
0.536531 0.313748 0.313749
0.536765 0.313811 0.313812
0.536999 0.313875 0.313876
0.537233 0.313938 0.313939
0.537467 0.314001 0.314002
0.537701 0.314065 0.314065
0.537935 0.314128 0.314129
0.538169 0.314191 0.314192
0.538403 0.314254 0.314255
0.538638 0.314317 0.314318
0.538872 0.31438 0.314381
0.539106 0.314443 0.314444
0.539341 0.314506 0.314507
0.539575 0.314569 0.31457
0.53981 0.314632 0.314633
0.540045 0.314695 0.314696
0.540279 0.314758 0.314759
0.540514 0.314821 0.314822
0.540749 0.314884 0.314885
0.540984 0.314946 0.314947
0.541219 0.315009 0.31501
0.541454 0.315072 0.315073
0.541689 0.315135 0.315135
0.541924 0.315197 0.315198
0.542159 0.31526 0.315261
0.542394 0.315322 0.315323
0.542629 0.315385 0.315386
0.542864 0.315447 0.315448
0.5431 0.31551 0.315511
0.543335 0.315572 0.315573
0.543571 0.315635 0.315636
0.543806 0.315697 0.315698
0.544042 0.31576 0.315761
0.544277 0.315822 0.315823
0.544513 0.315884 0.315885
0.544748 0.315946 0.315947
0.544984 0.316009 0.31601
0.54522 0.316071 0.316072
0.545456 0.316133 0.316134
0.545692 0.316195 0.316196
0.545928 0.316257 0.316258
0.546164 0.316319 0.31632
0.5464 0.316381 0.316382
0.546636 0.316443 0.316444
0.546872 0.316505 0.316506
0.547108 0.316567 0.316568
0.547345 0.316629 0.31663
0.547581 0.316691 0.316692
0.547817 0.316753 0.316754
0.548054 0.316815 0.316816
0.54829 0.316876 0.316877
0.548527 0.316938 0.316939
0.548763 0.317 0.317001
0.549 0.317061 0.317062
0.549237 0.317123 0.317124
0.549474 0.317185 0.317186
0.54971 0.317246 0.317247
0.549947 0.317308 0.317309
0.550184 0.317369 0.31737
0.550421 0.317431 0.317432
0.550658 0.317492 0.317493
0.550895 0.317554 0.317555
0.551133 0.317615 0.317616
0.55137 0.317676 0.317677
0.551607 0.317738 0.317739
0.551844 0.317799 0.3178
0.552082 0.31786 0.317861
0.552319 0.317921 0.317922
0.552557 0.317982 0.317983
0.552794 0.318044 0.318045
0.553032 0.318105 0.318106
0.553269 0.318166 0.318167
0.553507 0.318227 0.318228
0.553745 0.318288 0.318289
0.553983 0.318349 0.31835
0.55422 0.31841 0.318411
0.554458 0.318471 0.318472
0.554696 0.318531 0.318532
0.554934 0.318592 0.318593
0.555172 0.318653 0.318654
0.555411 0.318714 0.318715
0.555649 0.318775 0.318776
0.555887 0.318835 0.318836
0.556125 0.318896 0.318897
0.556364 0.318957 0.318958
0.556602 0.319017 0.319018
0.556841 0.319078 0.319079
0.557079 0.319138 0.319139
0.557318 0.319199 0.3192
0.557556 0.319259 0.31926
0.557795 0.31932 0.319321
0.558034 0.31938 0.319381
0.558272 0.319441 0.319442
0.558511 0.319501 0.319502
0.55875 0.319561 0.319562
0.558989 0.319622 0.319623
0.559228 0.319682 0.319683
0.559467 0.319742 0.319743
0.559706 0.319802 0.319803
0.559946 0.319862 0.319863
0.560185 0.319922 0.319924
0.560424 0.319983 0.319984
0.560663 0.320043 0.320044
0.560903 0.320103 0.320104
0.561142 0.320163 0.320164
0.561382 0.320223 0.320224
0.561621 0.320282 0.320283
0.561861 0.320342 0.320343
0.562101 0.320402 0.320403
0.56234 0.320462 0.320463
0.56258 0.320522 0.320523
0.56282 0.320582 0.320583
0.56306 0.320641 0.320642
0.5633 0.320701 0.320702
0.56354 0.320761 0.320762
0.56378 0.32082 0.320821
0.56402 0.32088 0.320881
0.56426 0.320939 0.32094
0.564501 0.320999 0.321
0.564741 0.321058 0.321059
0.564981 0.321118 0.321119
0.565222 0.321177 0.321178
0.565462 0.321237 0.321238
0.565703 0.321296 0.321297
0.565943 0.321355 0.321356
0.566184 0.321414 0.321416
0.566424 0.321474 0.321475
0.566665 0.321533 0.321534
0.566906 0.321592 0.321593
0.567147 0.321651 0.321652
0.567388 0.32171 0.321712
0.567629 0.321769 0.321771
0.56787 0.321829 0.32183
0.568111 0.321888 0.321889
0.568352 0.321947 0.321948
0.568593 0.322005 0.322007
0.568834 0.322064 0.322066
0.569076 0.322123 0.322124
0.569317 0.322182 0.322183
0.569559 0.322241 0.322242
0.5698 0.3223 0.322301
0.570042 0.322358 0.32236
0.570283 0.322417 0.322418
0.570525 0.322476 0.322477
0.570766 0.322535 0.322536
0.571008 0.322593 0.322594
0.57125 0.322652 0.322653
0.571492 0.32271 0.322711
0.571734 0.322769 0.32277
0.571976 0.322827 0.322828
0.572218 0.322886 0.322887
0.57246 0.322944 0.322945
0.572702 0.323003 0.323004
0.572944 0.323061 0.323062
0.573187 0.323119 0.32312
0.573429 0.323177 0.323179
0.573671 0.323236 0.323237
0.573914 0.323294 0.323295
0.574156 0.323352 0.323353
0.574399 0.32341 0.323411
0.574641 0.323468 0.323469
0.574884 0.323526 0.323528
0.575127 0.323584 0.323586
0.57537 0.323642 0.323644
0.575612 0.3237 0.323702
0.575855 0.323758 0.32376
0.576098 0.323816 0.323817
0.576341 0.323874 0.323875
0.576584 0.323932 0.323933
0.576828 0.32399 0.323991
0.577071 0.324048 0.324049
0.577314 0.324105 0.324107
0.577557 0.324163 0.324164
0.577801 0.324221 0.324222
0.578044 0.324278 0.32428
0.578288 0.324336 0.324337
0.578531 0.324394 0.324395
0.578775 0.324451 0.324452
0.579018 0.324509 0.32451
0.579262 0.324566 0.324567
0.579506 0.324624 0.324625
0.57975 0.324681 0.324682
0.579993 0.324738 0.32474
0.580237 0.324796 0.324797
0.580481 0.324853 0.324854
0.580725 0.32491 0.324911
0.58097 0.324968 0.324969
0.581214 0.325025 0.325026
0.581458 0.325082 0.325083
0.581702 0.325139 0.32514
0.581947 0.325196 0.325197
0.582191 0.325253 0.325254
0.582435 0.32531 0.325311
0.58268 0.325367 0.325368
0.582925 0.325424 0.325425
0.583169 0.325481 0.325482
0.583414 0.325538 0.325539
0.583659 0.325595 0.325596
0.583903 0.325652 0.325653
0.584148 0.325709 0.32571
0.584393 0.325765 0.325766
0.584638 0.325822 0.325823
0.584883 0.325879 0.32588
0.585128 0.325935 0.325937
0.585373 0.325992 0.325993
0.585619 0.326049 0.32605
0.585864 0.326105 0.326106
0.586109 0.326162 0.326163
0.586355 0.326218 0.326219
0.5866 0.326275 0.326276
0.586846 0.326331 0.326332
0.587091 0.326388 0.326389
0.587337 0.326444 0.326445
0.587583 0.3265 0.326501
0.587828 0.326556 0.326558
0.588074 0.326613 0.326614
0.58832 0.326669 0.32667
0.588566 0.326725 0.326726
0.588812 0.326781 0.326783
0.589058 0.326837 0.326839
0.589304 0.326894 0.326895
0.58955 0.32695 0.326951
0.589796 0.327006 0.327007
0.590043 0.327062 0.327063
0.590289 0.327118 0.327119
0.590535 0.327173 0.327175
0.590782 0.327229 0.327231
0.591028 0.327285 0.327286
0.591275 0.327341 0.327342
0.591522 0.327397 0.327398
0.591768 0.327453 0.327454
0.592015 0.327508 0.327509
0.592262 0.327564 0.327565
0.592509 0.32762 0.327621
0.592756 0.327675 0.327676
0.593003 0.327731 0.327732
0.59325 0.327786 0.327788
0.593497 0.327842 0.327843
0.593744 0.327897 0.327899
0.593991 0.327953 0.327954
0.594239 0.328008 0.328009
0.594486 0.328064 0.328065
0.594733 0.328119 0.32812
0.594981 0.328174 0.328175
0.595228 0.328229 0.328231
0.595476 0.328285 0.328286
0.595724 0.32834 0.328341
0.595971 0.328395 0.328396
0.596219 0.32845 0.328451
0.596467 0.328505 0.328507
0.596715 0.32856 0.328562
0.596963 0.328615 0.328617
0.597211 0.32867 0.328672
0.597459 0.328725 0.328727
0.597707 0.32878 0.328782
0.597955 0.328835 0.328836
0.598203 0.32889 0.328891
0.598452 0.328945 0.328946
0.5987 0.329 0.329001
0.598948 0.329054 0.329056
0.599197 0.329109 0.32911
0.599445 0.329164 0.329165
0.599694 0.329219 0.32922
0.599943 0.329273 0.329274
0.600191 0.329328 0.329329
0.60044 0.329382 0.329384
0.600689 0.329437 0.329438
0.600938 0.329491 0.329493
0.601187 0.329546 0.329547
0.601436 0.3296 0.329601
0.601685 0.329655 0.329656
0.601934 0.329709 0.32971
0.602184 0.329763 0.329764
0.602433 0.329817 0.329819
0.602682 0.329872 0.329873
0.602932 0.329926 0.329927
0.603181 0.32998 0.329981
0.603431 0.330034 0.330036
0.60368 0.330088 0.33009
0.60393 0.330142 0.330144
0.604179 0.330196 0.330198
0.604429 0.330251 0.330252
0.604679 0.330304 0.330306
0.604929 0.330358 0.33036
0.605179 0.330412 0.330414
0.605429 0.330466 0.330467
0.605679 0.33052 0.330521
0.605929 0.330574 0.330575
0.606179 0.330628 0.330629
0.60643 0.330681 0.330683
0.60668 0.330735 0.330736
0.60693 0.330789 0.33079
0.607181 0.330842 0.330844
0.607431 0.330896 0.330897
0.607682 0.330949 0.330951
0.607932 0.331003 0.331004
0.608183 0.331056 0.331058
0.608434 0.33111 0.331111
0.608685 0.331163 0.331165
0.608936 0.331217 0.331218
0.609186 0.33127 0.331271
0.609437 0.331323 0.331325
0.609689 0.331377 0.331378
0.60994 0.33143 0.331431
0.610191 0.331483 0.331484
0.610442 0.331536 0.331538
0.610693 0.331589 0.331591
0.610945 0.331643 0.331644
0.611196 0.331696 0.331697
0.611448 0.331749 0.33175
0.611699 0.331802 0.331803
0.611951 0.331855 0.331856
0.612202 0.331908 0.331909
0.612454 0.33196 0.331962
0.612706 0.332013 0.332015
0.612958 0.332066 0.332068
0.61321 0.332119 0.33212
0.613462 0.332172 0.332173
0.613714 0.332224 0.332226
0.613966 0.332277 0.332279
0.614218 0.33233 0.332331
0.61447 0.332382 0.332384
0.614723 0.332435 0.332436
0.614975 0.332488 0.332489
0.615227 0.33254 0.332541
0.61548 0.332593 0.332594
0.615732 0.332645 0.332646
0.615985 0.332697 0.332699
0.616238 0.33275 0.332751
0.616491 0.332802 0.332804
0.616743 0.332855 0.332856
0.616996 0.332907 0.332908
0.617249 0.332959 0.33296
0.617502 0.333011 0.333013
0.617755 0.333063 0.333065
0.618008 0.333116 0.333117
0.618261 0.333168 0.333169
0.618515 0.33322 0.333221
0.618768 0.333272 0.333273
0.619021 0.333324 0.333325
0.619275 0.333376 0.333377
0.619528 0.333428 0.333429
0.619782 0.33348 0.333481
0.620035 0.333531 0.333533
0.620289 0.333583 0.333585
0.620543 0.333635 0.333636
0.620797 0.333687 0.333688
0.621051 0.333739 0.33374
0.621305 0.33379 0.333792
0.621559 0.333842 0.333843
0.621813 0.333893 0.333895
0.622067 0.333945 0.333946
0.622321 0.333997 0.333998
0.622575 0.334048 0.33405
0.622829 0.3341 0.334101
0.623084 0.334151 0.334152
0.623338 0.334202 0.334204
0.623593 0.334254 0.334255
0.623847 0.334305 0.334307
0.624102 0.334356 0.334358
0.624357 0.334408 0.334409
0.624611 0.334459 0.33446
0.624866 0.33451 0.334512
0.625121 0.334561 0.334563
0.625376 0.334612 0.334614
0.625631 0.334664 0.334665
0.625886 0.334715 0.334716
0.626141 0.334766 0.334767
0.626397 0.334817 0.334818
0.626652 0.334868 0.334869
0.626907 0.334918 0.33492
0.627163 0.334969 0.334971
0.627418 0.33502 0.335022
0.627674 0.335071 0.335072
0.627929 0.335122 0.335123
0.628185 0.335173 0.335174
0.628441 0.335223 0.335225
0.628696 0.335274 0.335275
0.628952 0.335325 0.335326
0.629208 0.335375 0.335377
0.629464 0.335426 0.335427
0.62972 0.335476 0.335478
0.629976 0.335527 0.335528
0.630233 0.335577 0.335579
0.630489 0.335628 0.335629
0.630745 0.335678 0.335679
0.631001 0.335728 0.33573
0.631258 0.335779 0.33578
0.631514 0.335829 0.33583
0.631771 0.335879 0.335881
0.632028 0.335929 0.335931
0.632284 0.33598 0.335981
0.632541 0.33603 0.336031
0.632798 0.33608 0.336081
0.633055 0.33613 0.336131
0.633312 0.33618 0.336181
0.633569 0.33623 0.336231
0.633826 0.33628 0.336281
0.634083 0.33633 0.336331
0.63434 0.33638 0.336381
0.634597 0.33643 0.336431
0.634855 0.336479 0.336481
0.635112 0.336529 0.336531
0.63537 0.336579 0.336581
0.635627 0.336629 0.33663
0.635885 0.336678 0.33668
0.636143 0.336728 0.33673
0.6364 0.336778 0.336779
0.636658 0.336827 0.336829
0.636916 0.336877 0.336878
0.637174 0.336926 0.336928
0.637432 0.336976 0.336977
0.63769 0.337025 0.337027
0.637948 0.337075 0.337076
0.638206 0.337124 0.337126
0.638465 0.337173 0.337175
0.638723 0.337223 0.337224
0.638981 0.337272 0.337273
0.63924 0.337321 0.337323
0.639498 0.33737 0.337372
0.639757 0.337419 0.337421
0.640016 0.337469 0.33747
0.640274 0.337518 0.337519
0.640533 0.337567 0.337568
0.640792 0.337616 0.337617
0.641051 0.337665 0.337666
0.64131 0.337714 0.337715
0.641569 0.337763 0.337764
0.641828 0.337811 0.337813
0.642087 0.33786 0.337862
0.642347 0.337909 0.337911
0.642606 0.337958 0.337959
0.642865 0.338007 0.338008
0.643125 0.338055 0.338057
0.643384 0.338104 0.338105
0.643644 0.338153 0.338154
0.643904 0.338201 0.338203
0.644163 0.33825 0.338251
0.644423 0.338298 0.3383
0.644683 0.338347 0.338348
0.644943 0.338395 0.338397
0.645203 0.338444 0.338445
0.645463 0.338492 0.338493
0.645723 0.33854 0.338542
0.645983 0.338589 0.33859
0.646243 0.338637 0.338638
0.646504 0.338685 0.338687
0.646764 0.338733 0.338735
0.647025 0.338781 0.338783
0.647285 0.33883 0.338831
0.647546 0.338878 0.338879
0.647806 0.338926 0.338927
0.648067 0.338974 0.338975
0.648328 0.339022 0.339023
0.648589 0.33907 0.339071
0.64885 0.339118 0.339119
0.649111 0.339165 0.339167
0.649372 0.339213 0.339215
0.649633 0.339261 0.339263
0.649894 0.339309 0.33931
0.650155 0.339357 0.339358
0.650417 0.339404 0.339406
0.650678 0.339452 0.339454
0.65094 0.3395 0.339501
0.651201 0.339547 0.339549
0.651463 0.339595 0.339596
0.651724 0.339642 0.339644
0.651986 0.33969 0.339691
0.652248 0.339737 0.339739
0.65251 0.339785 0.339786
0.652772 0.339832 0.339834
0.653034 0.339879 0.339881
0.653296 0.339927 0.339928
0.653558 0.339974 0.339975
0.65382 0.340021 0.340023
0.654083 0.340068 0.34007
0.654345 0.340115 0.340117
0.654607 0.340163 0.340164
0.65487 0.34021 0.340211
0.655132 0.340257 0.340258
0.655395 0.340304 0.340305
0.655658 0.340351 0.340352
0.655921 0.340398 0.340399
0.656183 0.340445 0.340446
0.656446 0.340491 0.340493
0.656709 0.340538 0.34054
0.656972 0.340585 0.340587
0.657235 0.340632 0.340633
0.657499 0.340679 0.34068
0.657762 0.340725 0.340727
0.658025 0.340772 0.340773
0.658289 0.340819 0.34082
0.658552 0.340865 0.340867
0.658816 0.340912 0.340913
0.659079 0.340958 0.34096
0.659343 0.341005 0.341006
0.659606 0.341051 0.341053
0.65987 0.341097 0.341099
0.660134 0.341144 0.341145
0.660398 0.34119 0.341192
0.660662 0.341236 0.341238
0.660926 0.341283 0.341284
0.66119 0.341329 0.341331
0.661455 0.341375 0.341377
0.661719 0.341421 0.341423
0.661983 0.341467 0.341469
0.662248 0.341513 0.341515
0.662512 0.34156 0.341561
0.662777 0.341606 0.341607
0.663041 0.341651 0.341653
0.663306 0.341697 0.341699
0.663571 0.341743 0.341745
0.663836 0.341789 0.341791
0.664101 0.341835 0.341837
0.664365 0.341881 0.341882
0.664631 0.341927 0.341928
0.664896 0.341972 0.341974
0.665161 0.342018 0.34202
0.665426 0.342064 0.342065
0.665691 0.342109 0.342111
0.665957 0.342155 0.342156
0.666222 0.3422 0.342202
0.666488 0.342246 0.342247
0.666753 0.342291 0.342293
0.667019 0.342337 0.342338
0.667285 0.342382 0.342384
0.667551 0.342427 0.342429
0.667817 0.342473 0.342474
0.668083 0.342518 0.34252
0.668349 0.342563 0.342565
0.668615 0.342608 0.34261
0.668881 0.342654 0.342655
0.669147 0.342699 0.3427
0.669413 0.342744 0.342746
0.66968 0.342789 0.342791
0.669946 0.342834 0.342836
0.670213 0.342879 0.342881
0.670479 0.342924 0.342926
0.670746 0.342969 0.342971
0.671013 0.343014 0.343015
0.67128 0.343059 0.34306
0.671546 0.343103 0.343105
0.671813 0.343148 0.34315
0.67208 0.343193 0.343195
0.672348 0.343238 0.343239
0.672615 0.343282 0.343284
0.672882 0.343327 0.343329
0.673149 0.343371 0.343373
0.673417 0.343416 0.343418
0.673684 0.343461 0.343462
0.673952 0.343505 0.343507
0.674219 0.343549 0.343551
0.674487 0.343594 0.343596
0.674755 0.343638 0.34364
0.675022 0.343683 0.343684
0.67529 0.343727 0.343729
0.675558 0.343771 0.343773
0.675826 0.343815 0.343817
0.676094 0.34386 0.343861
0.676362 0.343904 0.343905
0.676631 0.343948 0.34395
0.676899 0.343992 0.343994
0.677167 0.344036 0.344038
0.677436 0.34408 0.344082
0.677704 0.344124 0.344126
0.677973 0.344168 0.34417
0.678242 0.344212 0.344213
0.67851 0.344256 0.344257
0.678779 0.344299 0.344301
0.679048 0.344343 0.344345
0.679317 0.344387 0.344389
0.679586 0.344431 0.344432
0.679855 0.344474 0.344476
0.680124 0.344518 0.34452
0.680393 0.344562 0.344563
0.680663 0.344605 0.344607
0.680932 0.344649 0.34465
0.681202 0.344692 0.344694
0.681471 0.344736 0.344737
0.681741 0.344779 0.344781
0.68201 0.344822 0.344824
0.68228 0.344866 0.344867
0.68255 0.344909 0.344911
0.68282 0.344952 0.344954
0.68309 0.344996 0.344997
0.68336 0.345039 0.34504
0.68363 0.345082 0.345084
0.6839 0.345125 0.345127
0.68417 0.345168 0.34517
0.684441 0.345211 0.345213
0.684711 0.345254 0.345256
0.684982 0.345297 0.345299
0.685252 0.34534 0.345342
0.685523 0.345383 0.345385
0.685794 0.345426 0.345428
0.686064 0.345469 0.34547
0.686335 0.345511 0.345513
0.686606 0.345554 0.345556
0.686877 0.345597 0.345599
0.687148 0.34564 0.345641
0.687419 0.345682 0.345684
0.68769 0.345725 0.345727
0.687962 0.345767 0.345769
0.688233 0.34581 0.345812
0.688505 0.345852 0.345854
0.688776 0.345895 0.345897
0.689048 0.345937 0.345939
0.689319 0.34598 0.345981
0.689591 0.346022 0.346024
0.689863 0.346064 0.346066
0.690135 0.346107 0.346108
0.690407 0.346149 0.346151
0.690679 0.346191 0.346193
0.690951 0.346233 0.346235
0.691223 0.346275 0.346277
0.691495 0.346317 0.346319
0.691767 0.346359 0.346361
0.69204 0.346401 0.346403
0.692312 0.346443 0.346445
0.692585 0.346485 0.346487
0.692857 0.346527 0.346529
0.69313 0.346569 0.346571
0.693403 0.346611 0.346613
0.693676 0.346653 0.346655
0.693949 0.346695 0.346696
0.694222 0.346736 0.346738
0.694495 0.346778 0.34678
0.694768 0.34682 0.346821
0.695041 0.346861 0.346863
0.695314 0.346903 0.346905
0.695588 0.346944 0.346946
0.695861 0.346986 0.346988
0.696135 0.347027 0.347029
0.696408 0.347069 0.34707
0.696682 0.34711 0.347112
0.696956 0.347151 0.347153
0.697229 0.347193 0.347194
0.697503 0.347234 0.347236
0.697777 0.347275 0.347277
0.698051 0.347316 0.347318
0.698325 0.347357 0.347359
0.6986 0.347399 0.3474
0.698874 0.34744 0.347442
0.699148 0.347481 0.347483
0.699423 0.347522 0.347524
0.699697 0.347563 0.347565
0.699972 0.347604 0.347605
0.700246 0.347645 0.347646
0.700521 0.347685 0.347687
0.700796 0.347726 0.347728
0.701071 0.347767 0.347769
0.701346 0.347808 0.34781
0.701621 0.347848 0.34785
0.701896 0.347889 0.347891
0.702171 0.34793 0.347932
0.702446 0.34797 0.347972
0.702721 0.348011 0.348013
0.702997 0.348051 0.348053
0.703272 0.348092 0.348094
0.703548 0.348132 0.348134
0.703823 0.348173 0.348175
0.704099 0.348213 0.348215
0.704375 0.348253 0.348255
0.704651 0.348294 0.348296
0.704927 0.348334 0.348336
0.705203 0.348374 0.348376
0.705479 0.348414 0.348416
0.705755 0.348454 0.348456
0.706031 0.348495 0.348497
0.706307 0.348535 0.348537
0.706584 0.348575 0.348577
0.70686 0.348615 0.348617
0.707137 0.348655 0.348657
0.707413 0.348695 0.348696
0.70769 0.348734 0.348736
0.707967 0.348774 0.348776
0.708244 0.348814 0.348816
0.708521 0.348854 0.348856
0.708798 0.348894 0.348896
0.709075 0.348933 0.348935
0.709352 0.348973 0.348975
0.709629 0.349013 0.349014
0.709906 0.349052 0.349054
0.710184 0.349092 0.349094
0.710461 0.349131 0.349133
0.710739 0.349171 0.349173
0.711017 0.34921 0.349212
0.711294 0.349249 0.349251
0.711572 0.349289 0.349291
0.71185 0.349328 0.34933
0.712128 0.349367 0.349369
0.712406 0.349407 0.349409
0.712684 0.349446 0.349448
0.712962 0.349485 0.349487
0.71324 0.349524 0.349526
0.713519 0.349563 0.349565
0.713797 0.349602 0.349604
0.714075 0.349641 0.349643
0.714354 0.34968 0.349682
0.714633 0.349719 0.349721
0.714911 0.349758 0.34976
0.71519 0.349797 0.349799
0.715469 0.349836 0.349838
0.715748 0.349874 0.349876
0.716027 0.349913 0.349915
0.716306 0.349952 0.349954
0.716585 0.349991 0.349993
0.716864 0.350029 0.350031
0.717144 0.350068 0.35007
0.717423 0.350106 0.350108
0.717703 0.350145 0.350147
0.717982 0.350183 0.350185
0.718262 0.350222 0.350224
0.718542 0.35026 0.350262
0.718821 0.350299 0.350301
0.719101 0.350337 0.350339
0.719381 0.350375 0.350377
0.719661 0.350413 0.350415
0.719941 0.350452 0.350454
0.720222 0.35049 0.350492
0.720502 0.350528 0.35053
0.720782 0.350566 0.350568
0.721063 0.350604 0.350606
0.721343 0.350642 0.350644
0.721624 0.35068 0.350682
0.721905 0.350718 0.35072
0.722185 0.350756 0.350758
0.722466 0.350794 0.350796
0.722747 0.350832 0.350834
0.723028 0.350869 0.350871
0.723309 0.350907 0.350909
0.72359 0.350945 0.350947
0.723872 0.350983 0.350985
0.724153 0.35102 0.351022
0.724434 0.351058 0.35106
0.724716 0.351095 0.351097
0.724997 0.351133 0.351135
0.725279 0.35117 0.351172
0.725561 0.351208 0.35121
0.725842 0.351245 0.351247
0.726124 0.351283 0.351285
0.726406 0.35132 0.351322
0.726688 0.351357 0.351359
0.72697 0.351394 0.351397
0.727253 0.351432 0.351434
0.727535 0.351469 0.351471
0.727817 0.351506 0.351508
0.7281 0.351543 0.351545
0.728382 0.35158 0.351582
0.728665 0.351617 0.351619
0.728947 0.351654 0.351656
0.72923 0.351691 0.351693
0.729513 0.351728 0.35173
0.729796 0.351765 0.351767
0.730079 0.351802 0.351804
0.730362 0.351839 0.351841
0.730645 0.351875 0.351877
0.730928 0.351912 0.351914
0.731212 0.351949 0.351951
0.731495 0.351985 0.351987
0.731779 0.352022 0.352024
0.732062 0.352058 0.352061
0.732346 0.352095 0.352097
0.732629 0.352131 0.352134
0.732913 0.352168 0.35217
0.733197 0.352204 0.352206
0.733481 0.352241 0.352243
0.733765 0.352277 0.352279
0.734049 0.352313 0.352315
0.734334 0.35235 0.352352
0.734618 0.352386 0.352388
0.734902 0.352422 0.352424
0.735187 0.352458 0.35246
0.735471 0.352494 0.352496
0.735756 0.35253 0.352532
0.736041 0.352566 0.352568
0.736325 0.352602 0.352604
0.73661 0.352638 0.35264
0.736895 0.352674 0.352676
0.73718 0.35271 0.352712
0.737465 0.352746 0.352748
0.737751 0.352782 0.352784
0.738036 0.352817 0.352819
0.738321 0.352853 0.352855
0.738607 0.352889 0.352891
0.738892 0.352924 0.352926
0.739178 0.35296 0.352962
0.739463 0.352995 0.352998
0.739749 0.353031 0.353033
0.740035 0.353066 0.353069
0.740321 0.353102 0.353104
0.740607 0.353137 0.353139
0.740893 0.353173 0.353175
0.741179 0.353208 0.35321
0.741466 0.353243 0.353245
0.741752 0.353279 0.353281
0.742038 0.353314 0.353316
0.742325 0.353349 0.353351
0.742611 0.353384 0.353386
0.742898 0.353419 0.353421
0.743185 0.353454 0.353456
0.743472 0.353489 0.353491
0.743759 0.353524 0.353526
0.744046 0.353559 0.353561
0.744333 0.353594 0.353596
0.74462 0.353629 0.353631
0.744907 0.353664 0.353666
0.745195 0.353698 0.353701
0.745482 0.353733 0.353735
0.74577 0.353768 0.35377
0.746057 0.353802 0.353805
0.746345 0.353837 0.353839
0.746633 0.353872 0.353874
0.74692 0.353906 0.353908
0.747208 0.353941 0.353943
0.747496 0.353975 0.353977
0.747785 0.35401 0.354012
0.748073 0.354044 0.354046
0.748361 0.354078 0.354081
0.748649 0.354113 0.354115
0.748938 0.354147 0.354149
0.749226 0.354181 0.354183
0.749515 0.354215 0.354218
0.749804 0.354249 0.354252
0.750092 0.354284 0.354286
0.750381 0.354318 0.35432
0.75067 0.354352 0.354354
0.750959 0.354386 0.354388
0.751248 0.35442 0.354422
0.751538 0.354454 0.354456
0.751827 0.354487 0.35449
0.752116 0.354521 0.354524
0.752406 0.354555 0.354557
0.752695 0.354589 0.354591
0.752985 0.354623 0.354625
0.753275 0.354656 0.354658
0.753564 0.35469 0.354692
0.753854 0.354723 0.354726
0.754144 0.354757 0.354759
0.754434 0.354791 0.354793
0.754724 0.354824 0.354826
0.755015 0.354857 0.35486
0.755305 0.354891 0.354893
0.755595 0.354924 0.354926
0.755886 0.354958 0.35496
0.756176 0.354991 0.354993
0.756467 0.355024 0.355026
0.756758 0.355057 0.35506
0.757049 0.35509 0.355093
0.757339 0.355124 0.355126
0.75763 0.355157 0.355159
0.757922 0.35519 0.355192
0.758213 0.355223 0.355225
0.758504 0.355256 0.355258
0.758795 0.355289 0.355291
0.759087 0.355321 0.355324
0.759378 0.355354 0.355357
0.75967 0.355387 0.355389
0.759962 0.35542 0.355422
0.760253 0.355453 0.355455
0.760545 0.355485 0.355488
0.760837 0.355518 0.35552
0.761129 0.355551 0.355553
0.761421 0.355583 0.355585
0.761713 0.355616 0.355618
0.762006 0.355648 0.35565
0.762298 0.355681 0.355683
0.762591 0.355713 0.355715
0.762883 0.355745 0.355748
0.763176 0.355778 0.35578
0.763468 0.35581 0.355812
0.763761 0.355842 0.355845
0.764054 0.355874 0.355877
0.764347 0.355907 0.355909
0.76464 0.355939 0.355941
0.764933 0.355971 0.355973
0.765227 0.356003 0.356005
0.76552 0.356035 0.356037
0.765813 0.356067 0.356069
0.766107 0.356099 0.356101
0.766401 0.356131 0.356133
0.766694 0.356163 0.356165
0.766988 0.356194 0.356197
0.767282 0.356226 0.356228
0.767576 0.356258 0.35626
0.76787 0.35629 0.356292
0.768164 0.356321 0.356324
0.768458 0.356353 0.356355
0.768752 0.356384 0.356387
0.769047 0.356416 0.356418
0.769341 0.356447 0.35645
0.769636 0.356479 0.356481
0.769931 0.35651 0.356513
0.770225 0.356542 0.356544
0.77052 0.356573 0.356575
0.770815 0.356604 0.356607
0.77111 0.356636 0.356638
0.771405 0.356667 0.356669
0.7717 0.356698 0.3567
0.771996 0.356729 0.356731
0.772291 0.35676 0.356763
0.772586 0.356791 0.356794
0.772882 0.356822 0.356825
0.773178 0.356853 0.356856
0.773473 0.356884 0.356887
0.773769 0.356915 0.356917
0.774065 0.356946 0.356948
0.774361 0.356977 0.356979
0.774657 0.357007 0.35701
0.774953 0.357038 0.357041
0.775249 0.357069 0.357071
0.775546 0.357099 0.357102
0.775842 0.35713 0.357133
0.776139 0.357161 0.357163
0.776435 0.357191 0.357194
0.776732 0.357222 0.357224
0.777029 0.357252 0.357255
0.777326 0.357283 0.357285
0.777623 0.357313 0.357315
0.77792 0.357343 0.357346
0.778217 0.357374 0.357376
0.778514 0.357404 0.357406
0.778811 0.357434 0.357436
0.779109 0.357464 0.357467
0.779406 0.357494 0.357497
0.779704 0.357524 0.357527
0.780002 0.357554 0.357557
0.780299 0.357584 0.357587
0.780597 0.357614 0.357617
0.780895 0.357644 0.357647
0.781193 0.357674 0.357677
0.781491 0.357704 0.357706
0.78179 0.357734 0.357736
0.782088 0.357764 0.357766
0.782386 0.357793 0.357796
0.782685 0.357823 0.357825
0.782984 0.357853 0.357855
0.783282 0.357882 0.357885
0.783581 0.357912 0.357914
0.78388 0.357941 0.357944
0.784179 0.357971 0.357973
0.784478 0.358 0.358003
0.784777 0.35803 0.358032
0.785076 0.358059 0.358061
0.785376 0.358088 0.358091
0.785675 0.358118 0.35812
0.785975 0.358147 0.358149
0.786274 0.358176 0.358178
0.786574 0.358205 0.358208
0.786874 0.358234 0.358237
0.787173 0.358263 0.358266
0.787473 0.358292 0.358295
0.787773 0.358321 0.358324
0.788074 0.35835 0.358353
0.788374 0.358379 0.358382
0.788674 0.358408 0.358411
0.788975 0.358437 0.358439
0.789275 0.358466 0.358468
0.789576 0.358494 0.358497
0.789876 0.358523 0.358526
0.790177 0.358552 0.358554
0.790478 0.35858 0.358583
0.790779 0.358609 0.358611
0.79108 0.358637 0.35864
0.791381 0.358666 0.358669
0.791683 0.358694 0.358697
0.791984 0.358723 0.358725
0.792285 0.358751 0.358754
0.792587 0.35878 0.358782
0.792889 0.358808 0.35881
0.79319 0.358836 0.358839
0.793492 0.358864 0.358867
0.793794 0.358892 0.358895
0.794096 0.358921 0.358923
0.794398 0.358949 0.358951
0.7947 0.358977 0.358979
0.795003 0.359005 0.359007
0.795305 0.359033 0.359035
0.795607 0.359061 0.359063
0.79591 0.359089 0.359091
0.796213 0.359116 0.359119
0.796515 0.359144 0.359147
0.796818 0.359172 0.359175
0.797121 0.3592 0.359202
0.797424 0.359227 0.35923
0.797727 0.359255 0.359258
0.798031 0.359283 0.359285
0.798334 0.35931 0.359313
0.798637 0.359338 0.35934
0.798941 0.359365 0.359368
0.799244 0.359393 0.359395
0.799548 0.35942 0.359423
0.799852 0.359447 0.35945
0.800156 0.359475 0.359477
0.80046 0.359502 0.359504
0.800764 0.359529 0.359532
0.801068 0.359556 0.359559
0.801372 0.359583 0.359586
0.801677 0.35961 0.359613
0.801981 0.359638 0.35964
0.802286 0.359665 0.359667
0.80259 0.359691 0.359694
0.802895 0.359718 0.359721
0.8032 0.359745 0.359748
0.803505 0.359772 0.359775
0.80381 0.359799 0.359802
0.804115 0.359826 0.359828
0.80442 0.359852 0.359855
0.804725 0.359879 0.359882
0.805031 0.359906 0.359908
0.805336 0.359932 0.359935
0.805642 0.359959 0.359962
0.805948 0.359985 0.359988
0.806253 0.360012 0.360015
0.806559 0.360038 0.360041
0.806865 0.360065 0.360067
0.807171 0.360091 0.360094
0.807477 0.360117 0.36012
0.807784 0.360144 0.360146
0.80809 0.36017 0.360173
0.808397 0.360196 0.360199
0.808703 0.360222 0.360225
0.80901 0.360248 0.360251
0.809316 0.360274 0.360277
0.809623 0.3603 0.360303
0.80993 0.360326 0.360329
0.810237 0.360352 0.360355
0.810544 0.360378 0.360381
0.810852 0.360404 0.360407
0.811159 0.36043 0.360433
0.811466 0.360456 0.360458
0.811774 0.360481 0.360484
0.812082 0.360507 0.36051
0.812389 0.360533 0.360535
0.812697 0.360558 0.360561
0.813005 0.360584 0.360587
0.813313 0.360609 0.360612
0.813621 0.360635 0.360638
0.813929 0.36066 0.360663
0.814238 0.360686 0.360688
0.814546 0.360711 0.360714
0.814854 0.360736 0.360739
0.815163 0.360762 0.360764
0.815472 0.360787 0.36079
0.815781 0.360812 0.360815
0.816089 0.360837 0.36084
0.816398 0.360862 0.360865
0.816707 0.360887 0.36089
0.817017 0.360912 0.360915
0.817326 0.360937 0.36094
0.817635 0.360962 0.360965
0.817945 0.360987 0.36099
0.818254 0.361012 0.361015
0.818564 0.361037 0.36104
0.818874 0.361062 0.361064
0.819184 0.361086 0.361089
0.819494 0.361111 0.361114
0.819804 0.361136 0.361138
0.820114 0.36116 0.361163
0.820424 0.361185 0.361188
0.820734 0.361209 0.361212
0.821045 0.361234 0.361237
0.821355 0.361258 0.361261
0.821666 0.361283 0.361285
0.821977 0.361307 0.36131
0.822288 0.361331 0.361334
0.822599 0.361355 0.361358
0.82291 0.36138 0.361382
0.823221 0.361404 0.361407
0.823532 0.361428 0.361431
0.823844 0.361452 0.361455
0.824155 0.361476 0.361479
0.824467 0.3615 0.361503
0.824778 0.361524 0.361527
0.82509 0.361548 0.361551
0.825402 0.361572 0.361575
0.825714 0.361596 0.361598
0.826026 0.361619 0.361622
0.826338 0.361643 0.361646
0.82665 0.361667 0.36167
0.826963 0.361691 0.361693
0.827275 0.361714 0.361717
0.827588 0.361738 0.361741
0.8279 0.361761 0.361764
0.828213 0.361785 0.361788
0.828526 0.361808 0.361811
0.828839 0.361832 0.361834
0.829152 0.361855 0.361858
0.829465 0.361878 0.361881
0.829778 0.361902 0.361904
0.830092 0.361925 0.361928
0.830405 0.361948 0.361951
0.830719 0.361971 0.361974
0.831032 0.361994 0.361997
0.831346 0.362017 0.36202
0.83166 0.36204 0.362043
0.831974 0.362063 0.362066
0.832288 0.362086 0.362089
0.832602 0.362109 0.362112
0.832917 0.362132 0.362135
0.833231 0.362155 0.362158
0.833545 0.362178 0.362181
0.83386 0.3622 0.362203
0.834175 0.362223 0.362226
0.834489 0.362246 0.362249
0.834804 0.362268 0.362271
0.835119 0.362291 0.362294
0.835434 0.362313 0.362316
0.83575 0.362336 0.362339
0.836065 0.362358 0.362361
0.83638 0.362381 0.362384
0.836696 0.362403 0.362406
0.837011 0.362425 0.362428
0.837327 0.362447 0.36245
0.837643 0.36247 0.362473
0.837959 0.362492 0.362495
0.838275 0.362514 0.362517
0.838591 0.362536 0.362539
0.838907 0.362558 0.362561
0.839224 0.36258 0.362583
0.83954 0.362602 0.362605
0.839857 0.362624 0.362627
0.840173 0.362646 0.362649
0.84049 0.362668 0.362671
0.840807 0.362689 0.362692
0.841124 0.362711 0.362714
0.841441 0.362733 0.362736
0.841758 0.362755 0.362757
0.842075 0.362776 0.362779
0.842393 0.362798 0.362801
0.84271 0.362819 0.362822
0.843028 0.362841 0.362844
0.843345 0.362862 0.362865
0.843663 0.362884 0.362887
0.843981 0.362905 0.362908
0.844299 0.362926 0.362929
0.844617 0.362947 0.36295
0.844935 0.362969 0.362972
0.845253 0.36299 0.362993
0.845572 0.363011 0.363014
0.84589 0.363032 0.363035
0.846209 0.363053 0.363056
0.846528 0.363074 0.363077
0.846847 0.363095 0.363098
0.847166 0.363116 0.363119
0.847485 0.363137 0.36314
0.847804 0.363158 0.363161
0.848123 0.363178 0.363181
0.848442 0.363199 0.363202
0.848762 0.36322 0.363223
0.849081 0.363241 0.363244
0.849401 0.363261 0.363264
0.849721 0.363282 0.363285
0.850041 0.363302 0.363305
0.850361 0.363323 0.363326
0.850681 0.363343 0.363346
0.851001 0.363364 0.363367
0.851321 0.363384 0.363387
0.851642 0.363404 0.363407
0.851962 0.363424 0.363428
0.852283 0.363445 0.363448
0.852604 0.363465 0.363468
0.852924 0.363485 0.363488
0.853245 0.363505 0.363508
0.853566 0.363525 0.363528
0.853887 0.363545 0.363548
0.854209 0.363565 0.363568
0.85453 0.363585 0.363588
0.854852 0.363605 0.363608
0.855173 0.363625 0.363628
0.855495 0.363644 0.363648
0.855817 0.363664 0.363667
0.856139 0.363684 0.363687
0.856461 0.363704 0.363707
0.856783 0.363723 0.363726
0.857105 0.363743 0.363746
0.857427 0.363762 0.363765
0.85775 0.363782 0.363785
0.858072 0.363801 0.363804
0.858395 0.363821 0.363824
0.858718 0.36384 0.363843
0.859041 0.363859 0.363862
0.859364 0.363878 0.363882
0.859687 0.363898 0.363901
0.86001 0.363917 0.36392
0.860333 0.363936 0.363939
0.860657 0.363955 0.363958
0.86098 0.363974 0.363977
0.861304 0.363993 0.363996
0.861627 0.364012 0.364015
0.861951 0.364031 0.364034
0.862275 0.36405 0.364053
0.862599 0.364069 0.364072
0.862923 0.364087 0.364091
0.863248 0.364106 0.364109
0.863572 0.364125 0.364128
0.863897 0.364143 0.364147
0.864221 0.364162 0.364165
0.864546 0.364181 0.364184
0.864871 0.364199 0.364202
0.865196 0.364218 0.364221
0.865521 0.364236 0.364239
0.865846 0.364254 0.364258
0.866171 0.364273 0.364276
0.866497 0.364291 0.364294
0.866822 0.364309 0.364312
0.867148 0.364327 0.364331
0.867473 0.364346 0.364349
0.867799 0.364364 0.364367
0.868125 0.364382 0.364385
0.868451 0.3644 0.364403
0.868777 0.364418 0.364421
0.869104 0.364436 0.364439
0.86943 0.364454 0.364457
0.869756 0.364471 0.364475
0.870083 0.364489 0.364492
0.87041 0.364507 0.36451
0.870737 0.364525 0.364528
0.871064 0.364542 0.364546
0.871391 0.36456 0.364563
0.871718 0.364577 0.364581
0.872045 0.364595 0.364598
0.872372 0.364612 0.364616
0.8727 0.36463 0.364633
0.873027 0.364647 0.364651
0.873355 0.364665 0.364668
0.873683 0.364682 0.364685
0.874011 0.364699 0.364702
0.874339 0.364716 0.36472
0.874667 0.364734 0.364737
0.874995 0.364751 0.364754
0.875324 0.364768 0.364771
0.875652 0.364785 0.364788
0.875981 0.364802 0.364805
0.876309 0.364819 0.364822
0.876638 0.364836 0.364839
0.876967 0.364853 0.364856
0.877296 0.364869 0.364873
0.877625 0.364886 0.364889
0.877955 0.364903 0.364906
0.878284 0.36492 0.364923
0.878614 0.364936 0.36494
0.878943 0.364953 0.364956
0.879273 0.364969 0.364973
0.879603 0.364986 0.364989
0.879933 0.365002 0.365006
0.880263 0.365019 0.365022
0.880593 0.365035 0.365038
0.880923 0.365051 0.365055
0.881254 0.365068 0.365071
0.881584 0.365084 0.365087
0.881915 0.3651 0.365103
0.882246 0.365116 0.36512
0.882576 0.365132 0.365136
0.882907 0.365148 0.365152
0.883238 0.365164 0.365168
0.88357 0.36518 0.365184
0.883901 0.365196 0.3652
0.884232 0.365212 0.365215
0.884564 0.365228 0.365231
0.884896 0.365244 0.365247
0.885227 0.365259 0.365263
0.885559 0.365275 0.365279
0.885891 0.365291 0.365294
0.886223 0.365306 0.36531
0.886556 0.365322 0.365325
0.886888 0.365337 0.365341
0.88722 0.365353 0.365356
0.887553 0.365368 0.365372
0.887886 0.365384 0.365387
0.888219 0.365399 0.365402
0.888551 0.365414 0.365418
0.888884 0.36543 0.365433
0.889218 0.365445 0.365448
0.889551 0.36546 0.365463
0.889884 0.365475 0.365478
0.890218 0.36549 0.365493
0.890551 0.365505 0.365508
0.890885 0.36552 0.365523
0.891219 0.365535 0.365538
0.891553 0.36555 0.365553
0.891887 0.365565 0.365568
0.892221 0.365579 0.365583
0.892556 0.365594 0.365598
0.89289 0.365609 0.365612
0.893225 0.365623 0.365627
0.893559 0.365638 0.365642
0.893894 0.365653 0.365656
0.894229 0.365667 0.365671
0.894564 0.365682 0.365685
0.894899 0.365696 0.365699
0.895234 0.36571 0.365714
0.89557 0.365725 0.365728
0.895905 0.365739 0.365742
0.896241 0.365753 0.365757
0.896577 0.365767 0.365771
0.896912 0.365782 0.365785
0.897248 0.365796 0.365799
0.897584 0.36581 0.365813
0.897921 0.365824 0.365827
0.898257 0.365838 0.365841
0.898593 0.365852 0.365855
0.89893 0.365865 0.365869
0.899267 0.365879 0.365883
0.899603 0.365893 0.365897
0.89994 0.365907 0.36591
0.900277 0.36592 0.365924
0.900614 0.365934 0.365938
0.900952 0.365948 0.365951
0.901289 0.365961 0.365965
0.901627 0.365975 0.365978
0.901964 0.365988 0.365992
0.902302 0.366002 0.366005
0.90264 0.366015 0.366018
0.902978 0.366028 0.366032
0.903316 0.366042 0.366045
0.903654 0.366055 0.366058
0.903992 0.366068 0.366071
0.904331 0.366081 0.366085
0.904669 0.366094 0.366098
0.905008 0.366107 0.366111
0.905347 0.36612 0.366124
0.905686 0.366133 0.366137
0.906025 0.366146 0.36615
0.906364 0.366159 0.366162
0.906703 0.366172 0.366175
0.907043 0.366184 0.366188
0.907382 0.366197 0.366201
0.907722 0.36621 0.366213
0.908062 0.366222 0.366226
0.908402 0.366235 0.366239
0.908742 0.366248 0.366251
0.909082 0.36626 0.366264
0.909422 0.366272 0.366276
0.909762 0.366285 0.366288
0.910103 0.366297 0.366301
0.910443 0.366309 0.366313
0.910784 0.366322 0.366325
0.911125 0.366334 0.366338
0.911466 0.366346 0.36635
0.911807 0.366358 0.366362
0.912148 0.36637 0.366374
0.91249 0.366382 0.366386
0.912831 0.366394 0.366398
0.913173 0.366406 0.36641
0.913515 0.366418 0.366422
0.913856 0.36643 0.366433
0.914198 0.366442 0.366445
0.91454 0.366453 0.366457
0.914883 0.366465 0.366469
0.915225 0.366477 0.36648
0.915567 0.366488 0.366492
0.91591 0.3665 0.366504
0.916253 0.366511 0.366515
0.916596 0.366523 0.366526
0.916938 0.366534 0.366538
0.917282 0.366546 0.366549
0.917625 0.366557 0.366561
0.917968 0.366568 0.366572
0.918311 0.366579 0.366583
0.918655 0.366591 0.366594
0.918999 0.366602 0.366605
0.919343 0.366613 0.366616
0.919686 0.366624 0.366628
0.920031 0.366635 0.366638
0.920375 0.366646 0.366649
0.920719 0.366657 0.36666
0.921063 0.366667 0.366671
0.921408 0.366678 0.366682
0.921753 0.366689 0.366693
0.922097 0.3667 0.366703
0.922442 0.36671 0.366714
0.922787 0.366721 0.366725
0.923133 0.366732 0.366735
0.923478 0.366742 0.366746
0.923823 0.366753 0.366756
0.924169 0.366763 0.366767
0.924515 0.366773 0.366777
0.92486 0.366784 0.366787
0.925206 0.366794 0.366798
0.925552 0.366804 0.366808
0.925899 0.366814 0.366818
0.926245 0.366824 0.366828
0.926591 0.366835 0.366838
0.926938 0.366845 0.366848
0.927285 0.366855 0.366858
0.927631 0.366865 0.366868
0.927978 0.366874 0.366878
0.928325 0.366884 0.366888
0.928673 0.366894 0.366898
0.92902 0.366904 0.366908
0.929367 0.366914 0.366917
0.929715 0.366923 0.366927
0.930063 0.366933 0.366937
0.93041 0.366942 0.366946
0.930758 0.366952 0.366956
0.931107 0.366961 0.366965
0.931455 0.366971 0.366975
0.931803 0.36698 0.366984
0.932152 0.36699 0.366993
0.9325 0.366999 0.367003
0.932849 0.367008 0.367012
0.933198 0.367017 0.367021
0.933547 0.367026 0.36703
0.933896 0.367036 0.367039
0.934245 0.367045 0.367048
0.934594 0.367054 0.367057
0.934944 0.367062 0.367066
0.935293 0.367071 0.367075
0.935643 0.36708 0.367084
0.935993 0.367089 0.367093
0.936343 0.367098 0.367102
0.936693 0.367107 0.36711
0.937043 0.367115 0.367119
0.937394 0.367124 0.367128
0.937744 0.367132 0.367136
0.938095 0.367141 0.367145
0.938446 0.367149 0.367153
0.938797 0.367158 0.367162
0.939148 0.367166 0.36717
0.939499 0.367174 0.367178
0.93985 0.367183 0.367187
0.940202 0.367191 0.367195
0.940553 0.367199 0.367203
0.940905 0.367207 0.367211
0.941257 0.367215 0.367219
0.941609 0.367223 0.367227
0.941961 0.367231 0.367235
0.942313 0.367239 0.367243
0.942665 0.367247 0.367251
0.943018 0.367255 0.367259
0.94337 0.367263 0.367267
0.943723 0.367271 0.367275
0.944076 0.367278 0.367282
0.944429 0.367286 0.36729
0.944782 0.367294 0.367298
0.945135 0.367301 0.367305
0.945489 0.367309 0.367313
0.945842 0.367316 0.36732
0.946196 0.367323 0.367327
0.94655 0.367331 0.367335
0.946904 0.367338 0.367342
0.947258 0.367345 0.367349
0.947612 0.367353 0.367357
0.947966 0.36736 0.367364
0.948321 0.367367 0.367371
0.948675 0.367374 0.367378
0.94903 0.367381 0.367385
0.949385 0.367388 0.367392
0.94974 0.367395 0.367399
0.950095 0.367402 0.367406
0.95045 0.367409 0.367413
0.950805 0.367415 0.367419
0.951161 0.367422 0.367426
0.951516 0.367429 0.367433
0.951872 0.367435 0.367439
0.952228 0.367442 0.367446
0.952584 0.367449 0.367453
0.95294 0.367455 0.367459
0.953297 0.367461 0.367466
0.953653 0.367468 0.367472
0.95401 0.367474 0.367478
0.954366 0.36748 0.367485
0.954723 0.367487 0.367491
0.95508 0.367493 0.367497
0.955437 0.367499 0.367503
0.955795 0.367505 0.367509
0.956152 0.367511 0.367515
0.95651 0.367517 0.367521
0.956867 0.367523 0.367527
0.957225 0.367529 0.367533
0.957583 0.367535 0.367539
0.957941 0.367541 0.367545
0.958299 0.367546 0.367551
0.958657 0.367552 0.367556
0.959016 0.367558 0.367562
0.959375 0.367563 0.367568
0.959733 0.367569 0.367573
0.960092 0.367574 0.367579
0.960451 0.36758 0.367584
0.96081 0.367585 0.367589
0.96117 0.367591 0.367595
0.961529 0.367596 0.3676
0.961889 0.367601 0.367605
0.962248 0.367606 0.367611
0.962608 0.367612 0.367616
0.962968 0.367617 0.367621
0.963328 0.367622 0.367626
0.963688 0.367627 0.367631
0.964049 0.367632 0.367636
0.964409 0.367637 0.367641
0.96477 0.367642 0.367646
0.965131 0.367646 0.367651
0.965492 0.367651 0.367655
0.965853 0.367656 0.36766
0.966214 0.367661 0.367665
0.966575 0.367665 0.367669
0.966937 0.36767 0.367674
0.967298 0.367674 0.367678
0.96766 0.367679 0.367683
0.968022 0.367683 0.367687
0.968384 0.367687 0.367692
0.968746 0.367692 0.367696
0.969109 0.367696 0.3677
0.969471 0.3677 0.367704
0.969834 0.367704 0.367709
0.970196 0.367709 0.367713
0.970559 0.367713 0.367717
0.970922 0.367717 0.367721
0.971285 0.367721 0.367725
0.971649 0.367725 0.367729
0.972012 0.367728 0.367733
0.972376 0.367732 0.367736
0.972739 0.367736 0.36774
0.973103 0.36774 0.367744
0.973467 0.367743 0.367748
0.973831 0.367747 0.367751
0.974196 0.367751 0.367755
0.97456 0.367754 0.367758
0.974925 0.367758 0.367762
0.975289 0.367761 0.367765
0.975654 0.367764 0.367769
0.976019 0.367768 0.367772
0.976384 0.367771 0.367775
0.976749 0.367774 0.367778
0.977115 0.367777 0.367782
0.97748 0.36778 0.367785
0.977846 0.367784 0.367788
0.978212 0.367787 0.367791
0.978578 0.36779 0.367794
0.978944 0.367792 0.367797
0.97931 0.367795 0.3678
0.979677 0.367798 0.367802
0.980043 0.367801 0.367805
0.98041 0.367804 0.367808
0.980777 0.367806 0.367811
0.981144 0.367809 0.367813
0.981511 0.367811 0.367816
0.981878 0.367814 0.367818
0.982245 0.367816 0.367821
0.982613 0.367819 0.367823
0.982981 0.367821 0.367826
0.983348 0.367824 0.367828
0.983716 0.367826 0.36783
0.984084 0.367828 0.367832
0.984453 0.36783 0.367835
0.984821 0.367832 0.367837
0.98519 0.367834 0.367839
0.985558 0.367836 0.367841
0.985927 0.367838 0.367843
0.986296 0.36784 0.367845
0.986665 0.367842 0.367846
0.987034 0.367844 0.367848
0.987404 0.367846 0.36785
0.987773 0.367847 0.367852
0.988143 0.367849 0.367853
0.988513 0.367851 0.367855
0.988883 0.367852 0.367857
0.989253 0.367854 0.367858
0.989623 0.367855 0.367859
0.989994 0.367856 0.367861
0.990364 0.367858 0.367862
0.990735 0.367859 0.367864
0.991106 0.36786 0.367865
0.991477 0.367862 0.367866
0.991848 0.367863 0.367867
0.992219 0.367864 0.367868
0.992591 0.367865 0.367869
0.992963 0.367866 0.36787
0.993334 0.367867 0.367871
0.993706 0.367868 0.367872
0.994078 0.367868 0.367873
0.99445 0.367869 0.367874
0.994823 0.36787 0.367874
0.995195 0.367871 0.367875
0.995568 0.367871 0.367876
0.995941 0.367872 0.367876
0.996314 0.367872 0.367877
0.996687 0.367873 0.367877
0.99706 0.367873 0.367878
0.997433 0.367874 0.367878
0.997807 0.367874 0.367879
0.99818 0.367874 0.367879
0.998554 0.367875 0.367879
0.998928 0.367875 0.367879
0.999302 0.367875 0.367879
0.999677 0.367875 0.367879
1.00005 0.367875 0.367879
1.00043 0.367875 0.367879
1.0008 0.367875 0.367879
1.00118 0.367875 0.367879
1.00155 0.367874 0.367879
1.00193 0.367874 0.367879
1.0023 0.367874 0.367878
1.00268 0.367874 0.367878
1.00305 0.367873 0.367878
1.00343 0.367873 0.367877
1.0038 0.367872 0.367877
1.00418 0.367872 0.367876
1.00456 0.367871 0.367876
1.00493 0.36787 0.367875
1.00531 0.36787 0.367874
1.00569 0.367869 0.367874
1.00606 0.367868 0.367873
1.00644 0.367867 0.367872
1.00682 0.367866 0.367871
1.00719 0.367865 0.36787
1.00757 0.367864 0.367869
1.00795 0.367863 0.367868
1.00833 0.367862 0.367867
1.0087 0.367861 0.367866
1.00908 0.36786 0.367864
1.00946 0.367858 0.367863
1.00984 0.367857 0.367862
1.01022 0.367856 0.36786
1.0106 0.367854 0.367859
1.01097 0.367853 0.367857
1.01135 0.367851 0.367856
1.01173 0.36785 0.367854
1.01211 0.367848 0.367853
1.01249 0.367846 0.367851
1.01287 0.367845 0.367849
1.01325 0.367843 0.367847
1.01363 0.367841 0.367846
1.01401 0.367839 0.367844
1.01439 0.367837 0.367842
1.01477 0.367835 0.36784
1.01515 0.367833 0.367838
1.01553 0.367831 0.367836
1.01591 0.367829 0.367833
1.01629 0.367826 0.367831
1.01667 0.367824 0.367829
1.01706 0.367822 0.367827
1.01744 0.367819 0.367824
1.01782 0.367817 0.367822
1.0182 0.367815 0.367819
1.01858 0.367812 0.367817
1.01896 0.367809 0.367814
1.01935 0.367807 0.367811
1.01973 0.367804 0.367809
1.02011 0.367801 0.367806
1.02049 0.367798 0.367803
1.02088 0.367796 0.3678
1.02126 0.367793 0.367797
1.02164 0.36779 0.367795
1.02203 0.367787 0.367791
1.02241 0.367784 0.367788
1.02279 0.367781 0.367785
1.02318 0.367777 0.367782
1.02356 0.367774 0.367779
1.02395 0.367771 0.367776
1.02433 0.367768 0.367772
1.02471 0.367764 0.367769
1.0251 0.367761 0.367765
1.02548 0.367757 0.367762
1.02587 0.367754 0.367758
1.02625 0.36775 0.367755
1.02664 0.367746 0.367751
1.02702 0.367743 0.367748
1.02741 0.367739 0.367744
1.0278 0.367735 0.36774
1.02818 0.367731 0.367736
1.02857 0.367727 0.367732
1.02895 0.367723 0.367728
1.02934 0.367719 0.367724
1.02973 0.367715 0.36772
1.03011 0.367711 0.367716
1.0305 0.367707 0.367712
1.03089 0.367703 0.367708
1.03127 0.367698 0.367703
1.03166 0.367694 0.367699
1.03205 0.36769 0.367695
1.03244 0.367685 0.36769
1.03282 0.367681 0.367686
1.03321 0.367676 0.367681
1.0336 0.367671 0.367676
1.03399 0.367667 0.367672
1.03438 0.367662 0.367667
1.03476 0.367657 0.367662
1.03515 0.367652 0.367657
1.03554 0.367648 0.367653
1.03593 0.367643 0.367648
1.03632 0.367638 0.367643
1.03671 0.367633 0.367638
1.0371 0.367627 0.367632
1.03749 0.367622 0.367627
1.03788 0.367617 0.367622
1.03827 0.367612 0.367617
1.03866 0.367607 0.367612
1.03905 0.367601 0.367606
1.03944 0.367596 0.367601
1.03983 0.36759 0.367595
1.04022 0.367585 0.36759
1.04061 0.367579 0.367584
1.041 0.367574 0.367579
1.0414 0.367568 0.367573
1.04179 0.367562 0.367567
1.04218 0.367556 0.367561
1.04257 0.36755 0.367555
1.04296 0.367544 0.36755
1.04335 0.367539 0.367544
1.04375 0.367532 0.367538
1.04414 0.367526 0.367531
1.04453 0.36752 0.367525
1.04492 0.367514 0.367519
1.04532 0.367508 0.367513
1.04571 0.367502 0.367507
1.0461 0.367495 0.3675
1.0465 0.367489 0.367494
1.04689 0.367482 0.367487
1.04728 0.367476 0.367481
1.04768 0.367469 0.367474
1.04807 0.367463 0.367468
1.04847 0.367456 0.367461
1.04886 0.367449 0.367454
1.04926 0.367442 0.367448
1.04965 0.367436 0.367441
1.05005 0.367429 0.367434
1.05044 0.367422 0.367427
1.05084 0.367415 0.36742
1.05123 0.367408 0.367413
1.05163 0.367401 0.367406
1.05202 0.367393 0.367399
1.05242 0.367386 0.367391
1.05282 0.367379 0.367384
1.05321 0.367372 0.367377
1.05361 0.367364 0.367369
1.05401 0.367357 0.367362
1.0544 0.367349 0.367354
1.0548 0.367342 0.367347
1.0552 0.367334 0.367339
1.05559 0.367326 0.367332
1.05599 0.367319 0.367324
1.05639 0.367311 0.367316
1.05679 0.367303 0.367308
1.05719 0.367295 0.3673
1.05758 0.367287 0.367292
1.05798 0.367279 0.367284
1.05838 0.367271 0.367276
1.05878 0.367263 0.367268
1.05918 0.367255 0.36726
1.05958 0.367247 0.367252
1.05998 0.367238 0.367244
1.06038 0.36723 0.367235
1.06078 0.367222 0.367227
1.06117 0.367213 0.367219
1.06157 0.367205 0.36721
1.06197 0.367196 0.367201
1.06238 0.367188 0.367193
1.06278 0.367179 0.367184
1.06318 0.36717 0.367175
1.06358 0.367161 0.367167
1.06398 0.367153 0.367158
1.06438 0.367144 0.367149
1.06478 0.367135 0.36714
1.06518 0.367126 0.367131
1.06558 0.367117 0.367122
1.06599 0.367108 0.367113
1.06639 0.367098 0.367104
1.06679 0.367089 0.367095
1.06719 0.36708 0.367085
1.06759 0.367071 0.367076
1.068 0.367061 0.367067
1.0684 0.367052 0.367057
1.0688 0.367042 0.367048
1.06921 0.367033 0.367038
1.06961 0.367023 0.367028
1.07001 0.367013 0.367019
1.07042 0.367004 0.367009
1.07082 0.366994 0.366999
1.07123 0.366984 0.366989
1.07163 0.366974 0.36698
1.07203 0.366964 0.36697
1.07244 0.366954 0.36696
1.07284 0.366944 0.36695
1.07325 0.366934 0.366939
1.07365 0.366924 0.366929
1.07406 0.366914 0.366919
1.07446 0.366903 0.366909
1.07487 0.366893 0.366898
1.07528 0.366883 0.366888
1.07568 0.366872 0.366878
1.07609 0.366862 0.366867
1.07649 0.366851 0.366856
1.0769 0.36684 0.366846
1.07731 0.36683 0.366835
1.07771 0.366819 0.366824
1.07812 0.366808 0.366814
1.07853 0.366797 0.366803
1.07894 0.366786 0.366792
1.07934 0.366775 0.366781
1.07975 0.366764 0.36677
1.08016 0.366753 0.366759
1.08057 0.366742 0.366748
1.08098 0.366731 0.366736
1.08139 0.36672 0.366725
1.08179 0.366708 0.366714
1.0822 0.366697 0.366703
1.08261 0.366686 0.366691
1.08302 0.366674 0.36668
1.08343 0.366663 0.366668
1.08384 0.366651 0.366657
1.08425 0.366639 0.366645
1.08466 0.366628 0.366633
1.08507 0.366616 0.366621
1.08548 0.366604 0.36661
1.08589 0.366592 0.366598
1.0863 0.36658 0.366586
1.08671 0.366568 0.366574
1.08712 0.366556 0.366562
1.08754 0.366544 0.36655
1.08795 0.366532 0.366537
1.08836 0.36652 0.366525
1.08877 0.366507 0.366513
1.08918 0.366495 0.366501
1.0896 0.366483 0.366488
1.09001 0.36647 0.366476
1.09042 0.366458 0.366463
1.09083 0.366445 0.366451
1.09125 0.366432 0.366438
1.09166 0.36642 0.366425
1.09207 0.366407 0.366413
1.09249 0.366394 0.3664
1.0929 0.366381 0.366387
1.09331 0.366368 0.366374
1.09373 0.366355 0.366361
1.09414 0.366342 0.366348
1.09456 0.366329 0.366335
1.09497 0.366316 0.366322
1.09539 0.366303 0.366309
1.0958 0.36629 0.366295
1.09622 0.366276 0.366282
1.09663 0.366263 0.366269
1.09705 0.36625 0.366255
1.09746 0.366236 0.366242
1.09788 0.366222 0.366228
1.09829 0.366209 0.366215
1.09871 0.366195 0.366201
1.09913 0.366181 0.366187
1.09954 0.366168 0.366173
1.09996 0.366154 0.366159
1.10038 0.36614 0.366146
1.1008 0.366126 0.366132
1.10121 0.366112 0.366118
1.10163 0.366098 0.366104
1.10205 0.366084 0.366089
1.10247 0.366069 0.366075
1.10288 0.366055 0.366061
1.1033 0.366041 0.366047
1.10372 0.366026 0.366032
1.10414 0.366012 0.366018
1.10456 0.365998 0.366003
1.10498 0.365983 0.365989
1.1054 0.365968 0.365974
1.10582 0.365954 0.365959
1.10624 0.365939 0.365945
1.10666 0.365924 0.36593
1.10708 0.365909 0.365915
1.1075 0.365894 0.3659
1.10792 0.365879 0.365885
1.10834 0.365864 0.36587
1.10876 0.365849 0.365855
1.10918 0.365834 0.36584
1.1096 0.365819 0.365825
1.11002 0.365804 0.36581
1.11045 0.365788 0.365794
1.11087 0.365773 0.365779
1.11129 0.365758 0.365763
1.11171 0.365742 0.365748
1.11213 0.365727 0.365732
1.11256 0.365711 0.365717
1.11298 0.365695 0.365701
1.1134 0.36568 0.365685
1.11383 0.365664 0.36567
1.11425 0.365648 0.365654
1.11467 0.365632 0.365638
1.1151 0.365616 0.365622
1.11552 0.3656 0.365606
1.11594 0.365584 0.36559
1.11637 0.365568 0.365574
1.11679 0.365552 0.365557
1.11722 0.365535 0.365541
1.11764 0.365519 0.365525
1.11807 0.365503 0.365508
1.11849 0.365486 0.365492
1.11892 0.36547 0.365475
1.11935 0.365453 0.365459
1.11977 0.365436 0.365442
1.1202 0.36542 0.365426
1.12062 0.365403 0.365409
1.12105 0.365386 0.365392
1.12148 0.365369 0.365375
1.1219 0.365352 0.365358
1.12233 0.365335 0.365341
1.12276 0.365318 0.365324
1.12319 0.365301 0.365307
1.12361 0.365284 0.36529
1.12404 0.365267 0.365273
1.12447 0.365249 0.365255
1.1249 0.365232 0.365238
1.12533 0.365215 0.365221
1.12576 0.365197 0.365203
1.12619 0.36518 0.365186
1.12661 0.365162 0.365168
1.12704 0.365144 0.36515
1.12747 0.365127 0.365133
1.1279 0.365109 0.365115
1.12833 0.365091 0.365097
1.12876 0.365073 0.365079
1.12919 0.365055 0.365061
1.12962 0.365037 0.365043
1.13006 0.365019 0.365025
1.13049 0.365001 0.365007
1.13092 0.364983 0.364989
1.13135 0.364965 0.364971
1.13178 0.364946 0.364952
1.13221 0.364928 0.364934
1.13264 0.364909 0.364916
1.13308 0.364891 0.364897
1.13351 0.364872 0.364879
1.13394 0.364854 0.36486
1.13437 0.364835 0.364841
1.13481 0.364816 0.364822
1.13524 0.364798 0.364804
1.13567 0.364779 0.364785
1.13611 0.36476 0.364766
1.13654 0.364741 0.364747
1.13698 0.364722 0.364728
1.13741 0.364703 0.364709
1.13784 0.364683 0.36469
1.13828 0.364664 0.36467
1.13871 0.364645 0.364651
1.13915 0.364626 0.364632
1.13958 0.364606 0.364612
1.14002 0.364587 0.364593
1.14046 0.364567 0.364573
1.14089 0.364547 0.364554
1.14133 0.364528 0.364534
1.14176 0.364508 0.364514
1.1422 0.364488 0.364494
1.14264 0.364468 0.364475
1.14307 0.364449 0.364455
1.14351 0.364429 0.364435
1.14395 0.364408 0.364415
1.14439 0.364388 0.364395
1.14482 0.364368 0.364374
1.14526 0.364348 0.364354
1.1457 0.364328 0.364334
1.14614 0.364307 0.364314
1.14658 0.364287 0.364293
1.14702 0.364266 0.364273
1.14746 0.364246 0.364252
1.14789 0.364225 0.364232
1.14833 0.364205 0.364211
1.14877 0.364184 0.36419
1.14921 0.364163 0.36417
1.14965 0.364142 0.364149
1.15009 0.364121 0.364128
1.15053 0.3641 0.364107
1.15098 0.364079 0.364086
1.15142 0.364058 0.364065
1.15186 0.364037 0.364044
1.1523 0.364016 0.364022
1.15274 0.363995 0.364001
1.15318 0.363973 0.36398
1.15362 0.363952 0.363958
1.15407 0.363931 0.363937
1.15451 0.363909 0.363915
1.15495 0.363887 0.363894
1.1554 0.363866 0.363872
1.15584 0.363844 0.36385
1.15628 0.363822 0.363829
1.15673 0.3638 0.363807
1.15717 0.363778 0.363785
1.15761 0.363757 0.363763
1.15806 0.363734 0.363741
1.1585 0.363712 0.363719
1.15895 0.36369 0.363697
1.15939 0.363668 0.363674
1.15984 0.363646 0.363652
1.16028 0.363623 0.36363
1.16073 0.363601 0.363607
1.16117 0.363578 0.363585
1.16162 0.363556 0.363562
1.16207 0.363533 0.36354
1.16251 0.363511 0.363517
1.16296 0.363488 0.363494
1.16341 0.363465 0.363472
1.16385 0.363442 0.363449
1.1643 0.363419 0.363426
1.16475 0.363396 0.363403
1.16519 0.363373 0.36338
1.16564 0.36335 0.363357
1.16609 0.363327 0.363334
1.16654 0.363304 0.36331
1.16699 0.363281 0.363287
1.16744 0.363257 0.363264
1.16789 0.363234 0.36324
1.16833 0.36321 0.363217
1.16878 0.363187 0.363193
1.16923 0.363163 0.36317
1.16968 0.363139 0.363146
1.17013 0.363116 0.363122
1.17058 0.363092 0.363098
1.17104 0.363068 0.363075
1.17149 0.363044 0.363051
1.17194 0.36302 0.363027
1.17239 0.362996 0.363003
1.17284 0.362972 0.362978
1.17329 0.362948 0.362954
1.17374 0.362923 0.36293
1.1742 0.362899 0.362906
1.17465 0.362875 0.362881
1.1751 0.36285 0.362857
1.17555 0.362826 0.362832
1.17601 0.362801 0.362808
1.17646 0.362776 0.362783
1.17691 0.362752 0.362758
1.17737 0.362727 0.362734
1.17782 0.362702 0.362709
1.17828 0.362677 0.362684
1.17873 0.362652 0.362659
1.17918 0.362627 0.362634
1.17964 0.362602 0.362609
1.18009 0.362577 0.362584
1.18055 0.362552 0.362558
1.18101 0.362526 0.362533
1.18146 0.362501 0.362508
1.18192 0.362476 0.362482
1.18237 0.36245 0.362457
1.18283 0.362425 0.362431
1.18329 0.362399 0.362406
1.18374 0.362373 0.36238
1.1842 0.362348 0.362354
1.18466 0.362322 0.362328
1.18512 0.362296 0.362303
1.18557 0.36227 0.362277
1.18603 0.362244 0.362251
1.18649 0.362218 0.362225
1.18695 0.362192 0.362198
1.18741 0.362165 0.362172
1.18787 0.362139 0.362146
1.18833 0.362113 0.36212
1.18879 0.362086 0.362093
1.18925 0.36206 0.362067
1.18971 0.362033 0.36204
1.19017 0.362007 0.362014
1.19063 0.36198 0.361987
1.19109 0.361953 0.36196
1.19155 0.361927 0.361933
1.19201 0.3619 0.361907
1.19247 0.361873 0.36188
1.19293 0.361846 0.361853
1.19339 0.361819 0.361826
1.19386 0.361792 0.361799
1.19432 0.361764 0.361771
1.19478 0.361737 0.361744
1.19524 0.36171 0.361717
1.19571 0.361682 0.361689
1.19617 0.361655 0.361662
1.19663 0.361627 0.361634
1.1971 0.3616 0.361607
1.19756 0.361572 0.361579
1.19803 0.361544 0.361551
1.19849 0.361517 0.361524
1.19896 0.361489 0.361496
1.19942 0.361461 0.361468
1.19989 0.361433 0.36144
1.20035 0.361405 0.361412
1.20082 0.361377 0.361384
1.20128 0.361349 0.361356
1.20175 0.36132 0.361327
1.20222 0.361292 0.361299
1.20268 0.361264 0.361271
1.20315 0.361235 0.361242
1.20362 0.361207 0.361214
1.20408 0.361178 0.361185
1.20455 0.361149 0.361156
1.20502 0.361121 0.361128
1.20549 0.361092 0.361099
1.20596 0.361063 0.36107
1.20643 0.361034 0.361041
1.20689 0.361005 0.361012
1.20736 0.360976 0.360983
1.20783 0.360947 0.360954
1.2083 0.360918 0.360925
1.20877 0.360888 0.360895
1.20924 0.360859 0.360866
1.20971 0.36083 0.360837
1.21018 0.3608 0.360807
1.21065 0.360771 0.360778
1.21112 0.360741 0.360748
1.2116 0.360711 0.360718
1.21207 0.360682 0.360689
1.21254 0.360652 0.360659
1.21301 0.360622 0.360629
1.21348 0.360592 0.360599
1.21396 0.360562 0.360569
1.21443 0.360532 0.360539
1.2149 0.360502 0.360509
1.21538 0.360471 0.360479
1.21585 0.360441 0.360448
1.21632 0.360411 0.360418
1.2168 0.36038 0.360388
1.21727 0.36035 0.360357
1.21775 0.360319 0.360327
1.21822 0.360289 0.360296
1.2187 0.360258 0.360265
1.21917 0.360227 0.360235
1.21965 0.360196 0.360204
1.22012 0.360166 0.360173
1.2206 0.360135 0.360142
1.22107 0.360104 0.360111
1.22155 0.360072 0.36008
1.22203 0.360041 0.360049
1.22251 0.36001 0.360017
1.22298 0.359979 0.359986
1.22346 0.359947 0.359955
1.22394 0.359916 0.359923
1.22442 0.359884 0.359892
1.22489 0.359853 0.35986
1.22537 0.359821 0.359828
1.22585 0.359789 0.359797
1.22633 0.359758 0.359765
1.22681 0.359726 0.359733
1.22729 0.359694 0.359701
1.22777 0.359662 0.359669
1.22825 0.35963 0.359637
1.22873 0.359598 0.359605
1.22921 0.359565 0.359573
1.22969 0.359533 0.359541
1.23017 0.359501 0.359508
1.23065 0.359468 0.359476
1.23114 0.359436 0.359443
1.23162 0.359403 0.359411
1.2321 0.359371 0.359378
1.23258 0.359338 0.359345
1.23307 0.359305 0.359313
1.23355 0.359272 0.35928
1.23403 0.359239 0.359247
1.23452 0.359207 0.359214
1.235 0.359173 0.359181
1.23548 0.35914 0.359148
1.23597 0.359107 0.359115
1.23645 0.359074 0.359081
1.23694 0.359041 0.359048
1.23742 0.359007 0.359015
1.23791 0.358974 0.358981
1.23839 0.35894 0.358948
1.23888 0.358907 0.358914
1.23937 0.358873 0.35888
1.23985 0.358839 0.358847
1.24034 0.358805 0.358813
1.24083 0.358771 0.358779
1.24131 0.358737 0.358745
1.2418 0.358703 0.358711
1.24229 0.358669 0.358677
1.24278 0.358635 0.358643
1.24326 0.358601 0.358609
1.24375 0.358567 0.358574
1.24424 0.358532 0.35854
1.24473 0.358498 0.358505
1.24522 0.358463 0.358471
1.24571 0.358429 0.358436
1.2462 0.358394 0.358402
1.24669 0.358359 0.358367
1.24718 0.358324 0.358332
1.24767 0.35829 0.358297
1.24816 0.358255 0.358262
1.24865 0.35822 0.358227
1.24914 0.358184 0.358192
1.24964 0.358149 0.358157
1.25013 0.358114 0.358122
1.25062 0.358079 0.358086
1.25111 0.358043 0.358051
1.25161 0.358008 0.358016
1.2521 0.357972 0.35798
1.25259 0.357937 0.357945
1.25309 0.357901 0.357909
1.25358 0.357865 0.357873
1.25407 0.35783 0.357837
1.25457 0.357794 0.357801
1.25506 0.357758 0.357766
1.25556 0.357722 0.357729
1.25605 0.357686 0.357693
1.25655 0.357649 0.357657
1.25705 0.357613 0.357621
1.25754 0.357577 0.357585
1.25804 0.35754 0.357548
1.25854 0.357504 0.357512
1.25903 0.357467 0.357475
1.25953 0.357431 0.357439
1.26003 0.357394 0.357402
1.26053 0.357357 0.357365
1.26102 0.357321 0.357328
1.26152 0.357284 0.357292
1.26202 0.357247 0.357255
1.26252 0.35721 0.357218
1.26302 0.357173 0.357181
1.26352 0.357135 0.357143
1.26402 0.357098 0.357106
1.26452 0.357061 0.357069
1.26502 0.357023 0.357031
1.26552 0.356986 0.356994
1.26602 0.356948 0.356956
1.26652 0.356911 0.356919
1.26702 0.356873 0.356881
1.26752 0.356835 0.356843
1.26803 0.356797 0.356805
1.26853 0.35676 0.356767
1.26903 0.356722 0.35673
1.26953 0.356683 0.356691
1.27004 0.356645 0.356653
1.27054 0.356607 0.356615
1.27104 0.356569 0.356577
1.27155 0.35653 0.356538
1.27205 0.356492 0.3565
1.27256 0.356454 0.356462
1.27306 0.356415 0.356423
1.27357 0.356376 0.356384
1.27407 0.356338 0.356346
1.27458 0.356299 0.356307
1.27509 0.35626 0.356268
1.27559 0.356221 0.356229
1.2761 0.356182 0.35619
1.27661 0.356143 0.356151
1.27711 0.356104 0.356112
1.27762 0.356064 0.356072
1.27813 0.356025 0.356033
1.27864 0.355986 0.355994
1.27914 0.355946 0.355954
1.27965 0.355907 0.355915
1.28016 0.355867 0.355875
1.28067 0.355827 0.355835
1.28118 0.355788 0.355796
1.28169 0.355748 0.355756
1.2822 0.355708 0.355716
1.28271 0.355668 0.355676
1.28322 0.355628 0.355636
1.28373 0.355588 0.355596
1.28424 0.355547 0.355556
1.28476 0.355507 0.355515
1.28527 0.355467 0.355475
1.28578 0.355426 0.355434
1.28629 0.355386 0.355394
1.28681 0.355345 0.355353
1.28732 0.355304 0.355313
1.28783 0.355264 0.355272
1.28835 0.355223 0.355231
1.28886 0.355182 0.35519
1.28937 0.355141 0.355149
1.28989 0.3551 0.355108
1.2904 0.355059 0.355067
1.29092 0.355018 0.355026
1.29143 0.354976 0.354985
1.29195 0.354935 0.354943
1.29247 0.354894 0.354902
1.29298 0.354852 0.35486
1.2935 0.35481 0.354819
1.29402 0.354769 0.354777
1.29453 0.354727 0.354735
1.29505 0.354685 0.354694
1.29557 0.354643 0.354652
1.29609 0.354601 0.35461
1.29661 0.354559 0.354568
1.29712 0.354517 0.354526
1.29764 0.354475 0.354483
1.29816 0.354433 0.354441
1.29868 0.35439 0.354399
1.2992 0.354348 0.354356
1.29972 0.354305 0.354314
1.30024 0.354263 0.354271
1.30077 0.35422 0.354229
1.30129 0.354178 0.354186
1.30181 0.354135 0.354143
1.30233 0.354092 0.3541
1.30285 0.354049 0.354057
1.30338 0.354006 0.354014
1.3039 0.353963 0.353971
1.30442 0.35392 0.353928
1.30494 0.353876 0.353885
1.30547 0.353833 0.353841
1.30599 0.353789 0.353798
1.30652 0.353746 0.353754
1.30704 0.353702 0.353711
1.30757 0.353659 0.353667
1.30809 0.353615 0.353624
1.30862 0.353571 0.35358
1.30914 0.353527 0.353536
1.30967 0.353483 0.353492
1.3102 0.353439 0.353448
1.31072 0.353395 0.353404
1.31125 0.353351 0.35336
1.31178 0.353307 0.353315
1.31231 0.353262 0.353271
1.31283 0.353218 0.353226
1.31336 0.353173 0.353182
1.31389 0.353129 0.353137
1.31442 0.353084 0.353093
1.31495 0.353039 0.353048
1.31548 0.352994 0.353003
1.31601 0.35295 0.352958
1.31654 0.352905 0.352913
1.31707 0.352859 0.352868
1.3176 0.352814 0.352823
1.31813 0.352769 0.352778
1.31867 0.352724 0.352733
1.3192 0.352678 0.352687
1.31973 0.352633 0.352642
1.32026 0.352587 0.352596
1.3208 0.352542 0.352551
1.32133 0.352496 0.352505
1.32186 0.35245 0.352459
1.3224 0.352404 0.352413
1.32293 0.352359 0.352367
1.32347 0.352312 0.352321
1.324 0.352266 0.352275
1.32454 0.35222 0.352229
1.32507 0.352174 0.352183
1.32561 0.352128 0.352136
1.32614 0.352081 0.35209
1.32668 0.352035 0.352044
1.32722 0.351988 0.351997
1.32775 0.351941 0.35195
1.32829 0.351895 0.351904
1.32883 0.351848 0.351857
1.32937 0.351801 0.35181
1.32991 0.351754 0.351763
1.33045 0.351707 0.351716
1.33098 0.35166 0.351669
1.33152 0.351613 0.351622
1.33206 0.351565 0.351574
1.3326 0.351518 0.351527
1.33315 0.35147 0.351479
1.33369 0.351423 0.351432
1.33423 0.351375 0.351384
1.33477 0.351328 0.351337
1.33531 0.35128 0.351289
1.33585 0.351232 0.351241
1.3364 0.351184 0.351193
1.33694 0.351136 0.351145
1.33748 0.351088 0.351097
1.33803 0.35104 0.351049
1.33857 0.350991 0.351
1.33911 0.350943 0.350952
1.33966 0.350895 0.350904
1.3402 0.350846 0.350855
1.34075 0.350797 0.350807
1.34129 0.350749 0.350758
1.34184 0.3507 0.350709
1.34239 0.350651 0.35066
1.34293 0.350602 0.350611
1.34348 0.350553 0.350562
1.34403 0.350504 0.350513
1.34458 0.350455 0.350464
1.34512 0.350406 0.350415
1.34567 0.350356 0.350366
1.34622 0.350307 0.350316
1.34677 0.350257 0.350267
1.34732 0.350208 0.350217
1.34787 0.350158 0.350167
1.34842 0.350108 0.350118
1.34897 0.350059 0.350068
1.34952 0.350009 0.350018
1.35007 0.349959 0.349968
1.35062 0.349909 0.349918
1.35117 0.349858 0.349868
1.35173 0.349808 0.349817
1.35228 0.349758 0.349767
1.35283 0.349707 0.349717
1.35339 0.349657 0.349666
1.35394 0.349606 0.349616
1.35449 0.349556 0.349565
1.35505 0.349505 0.349514
1.3556 0.349454 0.349463
1.35616 0.349403 0.349413
1.35671 0.349352 0.349362
1.35727 0.349301 0.34931
1.35782 0.34925 0.349259
1.35838 0.349199 0.349208
1.35894 0.349147 0.349157
1.35949 0.349096 0.349105
1.36005 0.349044 0.349054
1.36061 0.348993 0.349002
1.36117 0.348941 0.348951
1.36173 0.348889 0.348899
1.36229 0.348838 0.348847
1.36285 0.348786 0.348795
1.3634 0.348734 0.348743
1.36396 0.348682 0.348691
1.36453 0.348629 0.348639
1.36509 0.348577 0.348587
1.36565 0.348525 0.348534
1.36621 0.348472 0.348482
1.36677 0.34842 0.348429
1.36733 0.348367 0.348377
1.3679 0.348315 0.348324
1.36846 0.348262 0.348271
1.36902 0.348209 0.348218
1.36959 0.348156 0.348166
1.37015 0.348103 0.348112
1.37071 0.34805 0.348059
1.37128 0.347997 0.348006
1.37184 0.347943 0.347953
1.37241 0.34789 0.3479
1.37298 0.347837 0.347846
1.37354 0.347783 0.347793
1.37411 0.347729 0.347739
1.37468 0.347676 0.347685
1.37524 0.347622 0.347631
1.37581 0.347568 0.347578
1.37638 0.347514 0.347524
1.37695 0.34746 0.34747
1.37752 0.347406 0.347415
1.37808 0.347352 0.347361
1.37865 0.347297 0.347307
1.37922 0.347243 0.347252
1.37979 0.347188 0.347198
1.38037 0.347134 0.347143
1.38094 0.347079 0.347089
1.38151 0.347024 0.347034
1.38208 0.34697 0.346979
1.38265 0.346915 0.346924
1.38322 0.34686 0.346869
1.3838 0.346804 0.346814
1.38437 0.346749 0.346759
1.38495 0.346694 0.346704
1.38552 0.346639 0.346648
1.38609 0.346583 0.346593
1.38667 0.346528 0.346537
1.38724 0.346472 0.346482
1.38782 0.346416 0.346426
1.3884 0.34636 0.34637
1.38897 0.346305 0.346314
1.38955 0.346249 0.346258
1.39013 0.346193 0.346202
1.3907 0.346136 0.346146
1.39128 0.34608 0.34609
1.39186 0.346024 0.346034
1.39244 0.345967 0.345977
1.39302 0.345911 0.345921
1.3936 0.345854 0.345864
1.39418 0.345798 0.345808
1.39476 0.345741 0.345751
1.39534 0.345684 0.345694
1.39592 0.345627 0.345637
1.3965 0.34557 0.34558
1.39708 0.345513 0.345523
1.39767 0.345456 0.345466
1.39825 0.345398 0.345408
1.39883 0.345341 0.345351
1.39942 0.345283 0.345293
1.4 0.345226 0.345236
1.40058 0.345168 0.345178
1.40117 0.34511 0.34512
1.40175 0.345053 0.345063
1.40234 0.344995 0.345005
1.40292 0.344937 0.344947
1.40351 0.344879 0.344889
1.4041 0.34482 0.34483
1.40468 0.344762 0.344772
1.40527 0.344704 0.344714
1.40586 0.344645 0.344655
1.40645 0.344587 0.344597
1.40704 0.344528 0.344538
1.40763 0.344469 0.344479
1.40822 0.34441 0.34442
1.40881 0.344351 0.344362
1.4094 0.344292 0.344303
1.40999 0.344233 0.344243
1.41058 0.344174 0.344184
1.41117 0.344115 0.344125
1.41176 0.344055 0.344066
1.41235 0.343996 0.344006
1.41295 0.343936 0.343947
1.41354 0.343877 0.343887
1.41413 0.343817 0.343827
1.41473 0.343757 0.343767
1.41532 0.343697 0.343707
1.41592 0.343637 0.343647
1.41651 0.343577 0.343587
1.41711 0.343517 0.343527
1.4177 0.343456 0.343467
1.4183 0.343396 0.343406
1.4189 0.343336 0.343346
1.41949 0.343275 0.343285
1.42009 0.343214 0.343225
1.42069 0.343154 0.343164
1.42129 0.343093 0.343103
1.42189 0.343032 0.343042
1.42249 0.342971 0.342981
1.42309 0.34291 0.34292
1.42369 0.342848 0.342859
1.42429 0.342787 0.342797
1.42489 0.342726 0.342736
1.42549 0.342664 0.342675
1.42609 0.342603 0.342613
1.42669 0.342541 0.342551
1.4273 0.342479 0.342489
1.4279 0.342417 0.342428
1.4285 0.342355 0.342366
1.42911 0.342293 0.342304
1.42971 0.342231 0.342241
1.43032 0.342169 0.342179
1.43092 0.342106 0.342117
1.43153 0.342044 0.342054
1.43213 0.341981 0.341992
1.43274 0.341919 0.341929
1.43335 0.341856 0.341867
1.43396 0.341793 0.341804
1.43456 0.34173 0.341741
1.43517 0.341667 0.341678
1.43578 0.341604 0.341615
1.43639 0.341541 0.341552
1.437 0.341478 0.341488
1.43761 0.341414 0.341425
1.43822 0.341351 0.341361
1.43883 0.341287 0.341298
1.43944 0.341223 0.341234
1.44005 0.34116 0.34117
1.44067 0.341096 0.341107
1.44128 0.341032 0.341043
1.44189 0.340968 0.340978
1.44251 0.340904 0.340914
1.44312 0.340839 0.34085
1.44373 0.340775 0.340786
1.44435 0.340711 0.340721
1.44496 0.340646 0.340657
1.44558 0.340581 0.340592
1.4462 0.340517 0.340527
1.44681 0.340452 0.340463
1.44743 0.340387 0.340398
1.44805 0.340322 0.340333
1.44867 0.340257 0.340268
1.44928 0.340192 0.340202
1.4499 0.340126 0.340137
1.45052 0.340061 0.340072
1.45114 0.339995 0.340006
1.45176 0.33993 0.339941
1.45238 0.339864 0.339875
1.45301 0.339798 0.339809
1.45363 0.339732 0.339743
1.45425 0.339666 0.339677
1.45487 0.3396 0.339611
1.45549 0.339534 0.339545
1.45612 0.339468 0.339479
1.45674 0.339401 0.339412
1.45737 0.339335 0.339346
1.45799 0.339268 0.339279
1.45862 0.339202 0.339213
1.45924 0.339135 0.339146
1.45987 0.339068 0.339079
1.4605 0.339001 0.339012
1.46112 0.338934 0.338945
1.46175 0.338867 0.338878
1.46238 0.338799 0.33881
1.46301 0.338732 0.338743
1.46364 0.338665 0.338676
1.46427 0.338597 0.338608
1.4649 0.338529 0.33854
1.46553 0.338462 0.338473
1.46616 0.338394 0.338405
1.46679 0.338326 0.338337
1.46742 0.338258 0.338269
1.46805 0.338189 0.338201
1.46869 0.338121 0.338132
1.46932 0.338053 0.338064
1.46995 0.337984 0.337996
1.47059 0.337916 0.337927
1.47122 0.337847 0.337858
1.47186 0.337778 0.33779
1.47249 0.337709 0.337721
1.47313 0.33764 0.337652
1.47377 0.337571 0.337583
1.4744 0.337502 0.337513
1.47504 0.337433 0.337444
1.47568 0.337364 0.337375
1.47632 0.337294 0.337305
1.47696 0.337225 0.337236
1.4776 0.337155 0.337166
1.47824 0.337085 0.337096
1.47888 0.337015 0.337026
1.47952 0.336945 0.336957
1.48016 0.336875 0.336886
1.4808 0.336805 0.336816
1.48144 0.336735 0.336746
1.48209 0.336664 0.336676
1.48273 0.336594 0.336605
1.48337 0.336523 0.336534
1.48402 0.336452 0.336464
1.48466 0.336382 0.336393
1.48531 0.336311 0.336322
1.48595 0.33624 0.336251
1.4866 0.336169 0.33618
1.48725 0.336097 0.336109
1.4879 0.336026 0.336037
1.48854 0.335955 0.335966
1.48919 0.335883 0.335895
1.48984 0.335811 0.335823
1.49049 0.33574 0.335751
1.49114 0.335668 0.335679
1.49179 0.335596 0.335607
1.49244 0.335524 0.335535
1.49309 0.335452 0.335463
1.49374 0.335379 0.335391
1.4944 0.335307 0.335319
1.49505 0.335235 0.335246
1.4957 0.335162 0.335174
1.49636 0.335089 0.335101
1.49701 0.335017 0.335028
1.49767 0.334944 0.334955
1.49832 0.334871 0.334882
1.49898 0.334798 0.334809
1.49963 0.334724 0.334736
1.50029 0.334651 0.334663
1.50095 0.334578 0.334589
1.50161 0.334504 0.334516
1.50227 0.33443 0.334442
1.50292 0.334357 0.334368
1.50358 0.334283 0.334295
1.50424 0.334209 0.334221
1.50491 0.334135 0.334147
1.50557 0.334061 0.334073
1.50623 0.333986 0.333998
1.50689 0.333912 0.333924
1.50755 0.333838 0.333849
1.50822 0.333763 0.333775
1.50888 0.333688 0.3337
1.50954 0.333614 0.333625
1.51021 0.333539 0.333551
1.51087 0.333464 0.333476
1.51154 0.333388 0.3334
1.51221 0.333313 0.333325
1.51287 0.333238 0.33325
1.51354 0.333162 0.333174
1.51421 0.333087 0.333099
1.51488 0.333011 0.333023
1.51555 0.332936 0.332947
1.51622 0.33286 0.332872
1.51689 0.332784 0.332796
1.51756 0.332708 0.33272
1.51823 0.332631 0.332643
1.5189 0.332555 0.332567
1.51957 0.332479 0.332491
1.52025 0.332402 0.332414
1.52092 0.332325 0.332337
1.52159 0.332249 0.332261
1.52227 0.332172 0.332184
1.52294 0.332095 0.332107
1.52362 0.332018 0.33203
1.52429 0.331941 0.331953
1.52497 0.331863 0.331875
1.52565 0.331786 0.331798
1.52633 0.331708 0.331721
1.527 0.331631 0.331643
1.52768 0.331553 0.331565
1.52836 0.331475 0.331487
1.52904 0.331397 0.331409
1.52972 0.331319 0.331331
1.5304 0.331241 0.331253
1.53109 0.331163 0.331175
1.53177 0.331084 0.331096
1.53245 0.331006 0.331018
1.53313 0.330927 0.330939
1.53382 0.330848 0.330861
1.5345 0.330769 0.330782
1.53519 0.33069 0.330703
1.53587 0.330611 0.330624
1.53656 0.330532 0.330545
1.53725 0.330453 0.330465
1.53793 0.330373 0.330386
1.53862 0.330294 0.330306
1.53931 0.330214 0.330227
1.54 0.330135 0.330147
1.54069 0.330055 0.330067
1.54138 0.329975 0.329987
1.54207 0.329895 0.329907
1.54276 0.329814 0.329827
1.54345 0.329734 0.329747
1.54415 0.329654 0.329666
1.54484 0.329573 0.329586
1.54553 0.329492 0.329505
1.54623 0.329412 0.329424
1.54692 0.329331 0.329343
1.54762 0.32925 0.329262
1.54831 0.329169 0.329181
1.54901 0.329087 0.3291
1.54971 0.329006 0.329019
1.5504 0.328925 0.328937
1.5511 0.328843 0.328856
1.5518 0.328761 0.328774
1.5525 0.32868 0.328692
1.5532 0.328598 0.32861
1.5539 0.328516 0.328528
1.5546 0.328433 0.328446
1.5553 0.328351 0.328364
1.55601 0.328269 0.328281
1.55671 0.328186 0.328199
1.55741 0.328104 0.328116
1.55812 0.328021 0.328034
1.55882 0.327938 0.327951
1.55953 0.327855 0.327868
1.56023 0.327772 0.327785
1.56094 0.327689 0.327701
1.56165 0.327605 0.327618
1.56236 0.327522 0.327535
1.56306 0.327438 0.327451
1.56377 0.327355 0.327368
1.56448 0.327271 0.327284
1.56519 0.327187 0.3272
1.5659 0.327103 0.327116
1.56662 0.327019 0.327032
1.56733 0.326935 0.326947
1.56804 0.32685 0.326863
1.56875 0.326766 0.326779
1.56947 0.326681 0.326694
1.57018 0.326596 0.326609
1.5709 0.326511 0.326524
1.57161 0.326426 0.326439
1.57233 0.326341 0.326354
1.57305 0.326256 0.326269
1.57377 0.326171 0.326184
1.57448 0.326085 0.326098
1.5752 0.326 0.326013
1.57592 0.325914 0.325927
1.57664 0.325828 0.325841
1.57736 0.325742 0.325755
1.57809 0.325656 0.325669
1.57881 0.32557 0.325583
1.57953 0.325484 0.325497
1.58025 0.325397 0.32541
1.58098 0.325311 0.325324
1.5817 0.325224 0.325237
1.58243 0.325137 0.32515
1.58315 0.32505 0.325063
1.58388 0.324963 0.324976
1.58461 0.324876 0.324889
1.58534 0.324789 0.324802
1.58606 0.324701 0.324715
1.58679 0.324614 0.324627
1.58752 0.324526 0.324539
1.58825 0.324438 0.324452
1.58898 0.324351 0.324364
1.58972 0.324263 0.324276
1.59045 0.324174 0.324188
1.59118 0.324086 0.324099
1.59192 0.323998 0.324011
1.59265 0.323909 0.323923
1.59339 0.323821 0.323834
1.59412 0.323732 0.323745
1.59486 0.323643 0.323656
1.59559 0.323554 0.323567
1.59633 0.323465 0.323478
1.59707 0.323375 0.323389
1.59781 0.323286 0.3233
1.59855 0.323197 0.32321
1.59929 0.323107 0.32312
1.60003 0.323017 0.323031
1.60077 0.322927 0.322941
1.60152 0.322837 0.322851
1.60226 0.322747 0.322761
1.603 0.322657 0.32267
1.60375 0.322566 0.32258
1.60449 0.322476 0.32249
1.60524 0.322385 0.322399
1.60598 0.322294 0.322308
1.60673 0.322204 0.322217
1.60748 0.322113 0.322126
1.60823 0.322021 0.322035
1.60898 0.32193 0.321944
1.60973 0.321839 0.321852
1.61048 0.321747 0.321761
1.61123 0.321655 0.321669
1.61198 0.321564 0.321577
1.61273 0.321472 0.321485
1.61349 0.32138 0.321393
1.61424 0.321287 0.321301
1.615 0.321195 0.321209
1.61575 0.321103 0.321117
1.61651 0.32101 0.321024
1.61726 0.320917 0.320931
1.61802 0.320825 0.320838
1.61878 0.320732 0.320746
1.61954 0.320639 0.320652
1.6203 0.320545 0.320559
1.62106 0.320452 0.320466
1.62182 0.320358 0.320372
1.62258 0.320265 0.320279
1.62334 0.320171 0.320185
1.62411 0.320077 0.320091
1.62487 0.319983 0.319997
1.62564 0.319889 0.319903
1.6264 0.319795 0.319809
1.62717 0.3197 0.319714
1.62794 0.319606 0.31962
1.6287 0.319511 0.319525
1.62947 0.319416 0.31943
1.63024 0.319321 0.319336
1.63101 0.319226 0.31924
1.63178 0.319131 0.319145
1.63255 0.319036 0.31905
1.63332 0.31894 0.318955
1.6341 0.318845 0.318859
1.63487 0.318749 0.318763
1.63564 0.318653 0.318667
1.63642 0.318557 0.318571
1.6372 0.318461 0.318475
1.63797 0.318365 0.318379
1.63875 0.318268 0.318283
1.63953 0.318172 0.318186
1.64031 0.318075 0.318089
1.64108 0.317978 0.317993
1.64186 0.317881 0.317896
1.64265 0.317784 0.317799
1.64343 0.317687 0.317701
1.64421 0.31759 0.317604
1.64499 0.317492 0.317507
1.64578 0.317394 0.317409
1.64656 0.317297 0.317311
1.64735 0.317199 0.317213
1.64813 0.317101 0.317115
1.64892 0.317003 0.317017
1.64971 0.316904 0.316919
1.6505 0.316806 0.31682
1.65129 0.316707 0.316722
1.65208 0.316608 0.316623
1.65287 0.31651 0.316524
1.65366 0.316411 0.316425
1.65445 0.316311 0.316326
1.65524 0.316212 0.316227
1.65604 0.316113 0.316127
1.65683 0.316013 0.316028
1.65763 0.315913 0.315928
1.65843 0.315814 0.315828
1.65922 0.315714 0.315728
1.66002 0.315613 0.315628
1.66082 0.315513 0.315528
1.66162 0.315413 0.315427
1.66242 0.315312 0.315327
1.66322 0.315212 0.315226
1.66402 0.315111 0.315125
1.66482 0.31501 0.315024
1.66563 0.314909 0.314923
1.66643 0.314807 0.314822
1.66724 0.314706 0.314721
1.66804 0.314604 0.314619
1.66885 0.314503 0.314518
1.66966 0.314401 0.314416
1.67047 0.314299 0.314314
1.67128 0.314197 0.314212
1.67209 0.314095 0.314109
1.6729 0.313992 0.314007
1.67371 0.31389 0.313905
1.67452 0.313787 0.313802
1.67533 0.313684 0.313699
1.67615 0.313581 0.313596
1.67696 0.313478 0.313493
1.67778 0.313375 0.31339
1.6786 0.313271 0.313286
1.67941 0.313168 0.313183
1.68023 0.313064 0.313079
1.68105 0.31296 0.312975
1.68187 0.312856 0.312871
1.68269 0.312752 0.312767
1.68351 0.312648 0.312663
1.68433 0.312543 0.312558
1.68516 0.312439 0.312454
1.68598 0.312334 0.312349
1.68681 0.312229 0.312244
1.68763 0.312124 0.312139
1.68846 0.312019 0.312034
1.68929 0.311913 0.311929
1.69012 0.311808 0.311823
1.69094 0.311702 0.311718
1.69178 0.311597 0.311612
1.69261 0.311491 0.311506
1.69344 0.311385 0.3114
1.69427 0.311278 0.311294
1.6951 0.311172 0.311187
1.69594 0.311065 0.311081
1.69677 0.310959 0.310974
1.69761 0.310852 0.310867
1.69845 0.310745 0.31076
1.69929 0.310638 0.310653
1.70012 0.310531 0.310546
1.70096 0.310423 0.310439
1.7018 0.310316 0.310331
1.70265 0.310208 0.310223
1.70349 0.3101 0.310116
1.70433 0.309992 0.310007
1.70518 0.309884 0.309899
1.70602 0.309775 0.309791
1.70687 0.309667 0.309682
1.70771 0.309558 0.309574
1.70856 0.309449 0.309465
1.70941 0.30934 0.309356
1.71026 0.309231 0.309247
1.71111 0.309122 0.309138
1.71196 0.309013 0.309028
1.71282 0.308903 0.308919
1.71367 0.308793 0.308809
1.71452 0.308683 0.308699
1.71538 0.308573 0.308589
1.71623 0.308463 0.308479
1.71709 0.308353 0.308369
1.71795 0.308242 0.308258
1.71881 0.308132 0.308148
1.71967 0.308021 0.308037
1.72053 0.30791 0.307926
1.72139 0.307799 0.307815
1.72225 0.307687 0.307703
1.72312 0.307576 0.307592
1.72398 0.307464 0.30748
1.72485 0.307353 0.307368
1.72571 0.307241 0.307257
1.72658 0.307128 0.307144
1.72745 0.307016 0.307032
1.72832 0.306904 0.30692
1.72919 0.306791 0.306807
1.73006 0.306679 0.306695
1.73093 0.306566 0.306582
1.7318 0.306453 0.306469
1.73268 0.306339 0.306355
1.73355 0.306226 0.306242
1.73443 0.306112 0.306129
1.7353 0.305999 0.306015
1.73618 0.305885 0.305901
1.73706 0.305771 0.305787
1.73794 0.305657 0.305673
1.73882 0.305542 0.305559
1.7397 0.305428 0.305444
1.74059 0.305313 0.305329
1.74147 0.305198 0.305215
1.74235 0.305083 0.3051
1.74324 0.304968 0.304984
1.74413 0.304853 0.304869
1.74502 0.304737 0.304754
1.7459 0.304621 0.304638
1.74679 0.304506 0.304522
1.74768 0.30439 0.304406
1.74858 0.304273 0.30429
1.74947 0.304157 0.304174
1.75036 0.304041 0.304057
1.75126 0.303924 0.30394
1.75215 0.303807 0.303824
1.75305 0.30369 0.303707
1.75395 0.303573 0.30359
1.75485 0.303456 0.303472
1.75575 0.303338 0.303355
1.75665 0.30322 0.303237
1.75755 0.303103 0.303119
1.75845 0.302985 0.303001
1.75936 0.302866 0.302883
1.76026 0.302748 0.302765
1.76117 0.302629 0.302646
1.76208 0.302511 0.302527
1.76298 0.302392 0.302409
1.76389 0.302273 0.30229
1.7648 0.302154 0.30217
1.76571 0.302034 0.302051
1.76663 0.301915 0.301932
1.76754 0.301795 0.301812
1.76846 0.301675 0.301692
1.76937 0.301555 0.301572
1.77029 0.301435 0.301452
1.77121 0.301314 0.301331
1.77212 0.301194 0.301211
1.77304 0.301073 0.30109
1.77397 0.300952 0.300969
1.77489 0.300831 0.300848
1.77581 0.30071 0.300727
1.77674 0.300588 0.300605
1.77766 0.300466 0.300484
1.77859 0.300345 0.300362
1.77951 0.300223 0.30024
1.78044 0.3001 0.300118
1.78137 0.299978 0.299995
1.7823 0.299856 0.299873
1.78324 0.299733 0.29975
1.78417 0.29961 0.299627
1.7851 0.299487 0.299504
1.78604 0.299364 0.299381
1.78698 0.29924 0.299257
1.78791 0.299117 0.299134
1.78885 0.298993 0.29901
1.78979 0.298869 0.298886
1.79073 0.298745 0.298762
1.79168 0.29862 0.298638
1.79262 0.298496 0.298513
1.79356 0.298371 0.298389
1.79451 0.298246 0.298264
1.79546 0.298121 0.298139
1.7964 0.297996 0.298013
1.79735 0.297871 0.297888
1.7983 0.297745 0.297762
1.79925 0.297619 0.297637
1.80021 0.297493 0.297511
1.80116 0.297367 0.297385
1.80211 0.297241 0.297258
1.80307 0.297114 0.297132
1.80403 0.296987 0.297005
1.80499 0.296861 0.296878
1.80595 0.296733 0.296751
1.80691 0.296606 0.296624
1.80787 0.296479 0.296496
1.80883 0.296351 0.296369
1.8098 0.296223 0.296241
1.81076 0.296095 0.296113
1.81173 0.295967 0.295985
1.8127 0.295839 0.295856
1.81367 0.29571 0.295728
1.81464 0.295581 0.295599
1.81561 0.295452 0.29547
1.81658 0.295323 0.295341
1.81755 0.295194 0.295212
1.81853 0.295064 0.295082
1.81951 0.294934 0.294952
1.82048 0.294805 0.294823
1.82146 0.294674 0.294692
1.82244 0.294544 0.294562
1.82342 0.294414 0.294432
1.82441 0.294283 0.294301
1.82539 0.294152 0.29417
1.82638 0.294021 0.294039
1.82736 0.29389 0.293908
1.82835 0.293758 0.293776
1.82934 0.293627 0.293645
1.83033 0.293495 0.293513
1.83132 0.293363 0.293381
1.83231 0.29323 0.293249
1.83331 0.293098 0.293116
1.8343 0.292965 0.292984
1.8353 0.292832 0.292851
1.8363 0.292699 0.292718
1.8373 0.292566 0.292585
1.8383 0.292433 0.292451
1.8393 0.292299 0.292317
1.8403 0.292165 0.292184
1.84131 0.292031 0.29205
1.84231 0.291897 0.291915
1.84332 0.291763 0.291781
1.84433 0.291628 0.291646
1.84534 0.291493 0.291512
1.84635 0.291358 0.291377
1.84736 0.291223 0.291241
1.84837 0.291087 0.291106
1.84939 0.290952 0.29097
1.85041 0.290816 0.290834
1.85142 0.29068 0.290698
1.85244 0.290544 0.290562
1.85346 0.290407 0.290426
1.85448 0.29027 0.290289
1.85551 0.290134 0.290152
1.85653 0.289996 0.290015
1.85756 0.289859 0.289878
1.85859 0.289722 0.28974
1.85961 0.289584 0.289603
1.86064 0.289446 0.289465
1.86167 0.289308 0.289327
1.86271 0.28917 0.289189
1.86374 0.289031 0.28905
1.86478 0.288892 0.288911
1.86581 0.288753 0.288772
1.86685 0.288614 0.288633
1.86789 0.288475 0.288494
1.86893 0.288335 0.288354
1.86998 0.288195 0.288215
1.87102 0.288055 0.288075
1.87206 0.287915 0.287934
1.87311 0.287775 0.287794
1.87416 0.287634 0.287653
1.87521 0.287493 0.287512
1.87626 0.287352 0.287371
1.87731 0.287211 0.28723
1.87837 0.287069 0.287089
1.87942 0.286928 0.286947
1.88048 0.286786 0.286805
1.88154 0.286644 0.286663
1.8826 0.286501 0.286521
1.88366 0.286359 0.286378
1.88472 0.286216 0.286235
1.88579 0.286073 0.286092
1.88685 0.28593 0.285949
1.88792 0.285786 0.285806
1.88899 0.285642 0.285662
1.89006 0.285499 0.285518
1.89113 0.285354 0.285374
1.8922 0.28521 0.28523
1.89328 0.285066 0.285085
1.89435 0.284921 0.28494
1.89543 0.284776 0.284795
1.89651 0.28463 0.28465
1.89759 0.284485 0.284505
1.89867 0.284339 0.284359
1.89976 0.284193 0.284213
1.90084 0.284047 0.284067
1.90193 0.283901 0.283921
1.90302 0.283754 0.283774
1.90411 0.283608 0.283627
1.9052 0.283461 0.28348
1.90629 0.283313 0.283333
1.90739 0.283166 0.283186
1.90848 0.283018 0.283038
1.90958 0.28287 0.28289
1.91068 0.282722 0.282742
1.91178 0.282574 0.282594
1.91288 0.282425 0.282445
1.91399 0.282276 0.282296
1.91509 0.282127 0.282147
1.9162 0.281978 0.281998
1.91731 0.281828 0.281848
1.91842 0.281678 0.281698
1.91953 0.281528 0.281548
1.92065 0.281378 0.281398
1.92176 0.281227 0.281248
1.92288 0.281077 0.281097
1.924 0.280926 0.280946
1.92512 0.280775 0.280795
1.92624 0.280623 0.280643
1.92736 0.280471 0.280492
1.92849 0.28032 0.28034
1.92962 0.280167 0.280188
1.93075 0.280015 0.280035
1.93188 0.279862 0.279883
1.93301 0.279709 0.27973
1.93414 0.279556 0.279577
1.93528 0.279403 0.279424
1.93641 0.279249 0.27927
1.93755 0.279096 0.279116
1.93869 0.278941 0.278962
1.93984 0.278787 0.278808
1.94098 0.278633 0.278653
1.94213 0.278478 0.278498
1.94327 0.278323 0.278343
1.94442 0.278167 0.278188
1.94557 0.278012 0.278033
1.94673 0.277856 0.277877
1.94788 0.2777 0.277721
1.94904 0.277544 0.277565
1.95019 0.277387 0.277408
1.95135 0.27723 0.277251
1.95252 0.277073 0.277094
1.95368 0.276916 0.276937
1.95484 0.276759 0.27678
1.95601 0.276601 0.276622
1.95718 0.276443 0.276464
1.95835 0.276284 0.276306
1.95952 0.276126 0.276147
1.9607 0.275967 0.275988
1.96187 0.275808 0.275829
1.96305 0.275649 0.27567
1.96423 0.275489 0.27551
1.96541 0.275329 0.275351
1.96659 0.275169 0.275191
1.96778 0.275009 0.27503
1.96897 0.274848 0.27487
1.97016 0.274688 0.274709
1.97135 0.274527 0.274548
1.97254 0.274365 0.274387
1.97373 0.274204 0.274225
1.97493 0.274042 0.274063
1.97613 0.27388 0.273901
1.97733 0.273717 0.273739
1.97853 0.273554 0.273576
1.97973 0.273392 0.273413
1.98094 0.273228 0.27325
1.98215 0.273065 0.273087
1.98336 0.272901 0.272923
1.98457 0.272737 0.272759
1.98578 0.272573 0.272595
1.987 0.272408 0.27243
1.98821 0.272244 0.272266
1.98943 0.272079 0.272101
1.99066 0.271913 0.271935
1.99188 0.271748 0.27177
1.9931 0.271582 0.271604
1.99433 0.271416 0.271438
1.99556 0.271249 0.271271
1.99679 0.271083 0.271105
1.99803 0.270916 0.270938
1.99926 0.270749 0.270771
2.0005 0.270581 0.270603
2.00174 0.270413 0.270435
2.00298 0.270245 0.270267
2.00422 0.270077 0.270099
2.00547 0.269908 0.269931
2.00671 0.26974 0.269762
2.00796 0.26957 0.269593
2.00922 0.269401 0.269423
2.01047 0.269231 0.269254
2.01173 0.269061 0.269084
2.01298 0.268891 0.268914
2.01424 0.268721 0.268743
2.01551 0.26855 0.268572
2.01677 0.268379 0.268401
2.01804 0.268207 0.26823
2.0193 0.268036 0.268058
2.02057 0.267864 0.267886
2.02185 0.267692 0.267714
2.02312 0.267519 0.267542
2.0244 0.267346 0.267369
2.02568 0.267173 0.267196
2.02696 0.267 0.267023
2.02824 0.266826 0.266849
2.02953 0.266652 0.266675
2.03082 0.266478 0.266501
2.03211 0.266303 0.266326
2.0334 0.266129 0.266151
2.03469 0.265954 0.265976
2.03599 0.265778 0.265801
2.03729 0.265602 0.265625
2.03859 0.265426 0.265449
2.03989 0.26525 0.265273
2.0412 0.265074 0.265097
2.0425 0.264897 0.26492
2.04381 0.26472 0.264743
2.04513 0.264542 0.264565
2.04644 0.264364 0.264388
2.04776 0.264186 0.26421
2.04908 0.264008 0.264031
2.0504 0.263829 0.263853
2.05172 0.26365 0.263674
2.05305 0.263471 0.263495
2.05438 0.263292 0.263315
2.05571 0.263112 0.263135
2.05704 0.262932 0.262955
2.05838 0.262751 0.262775
2.05971 0.26257 0.262594
2.06105 0.262389 0.262413
2.0624 0.262208 0.262232
2.06374 0.262026 0.26205
2.06509 0.261844 0.261868
2.06644 0.261662 0.261686
2.06779 0.261479 0.261503
2.06914 0.261296 0.26132
2.0705 0.261113 0.261137
2.07186 0.26093 0.260954
2.07322 0.260746 0.26077
2.07458 0.260562 0.260586
2.07595 0.260377 0.260401
2.07732 0.260192 0.260216
2.07869 0.260007 0.260031
2.08007 0.259822 0.259846
2.08144 0.259636 0.25966
2.08282 0.25945 0.259474
2.0842 0.259264 0.259288
2.08559 0.259077 0.259101
2.08697 0.25889 0.258914
2.08836 0.258703 0.258727
2.08975 0.258515 0.25854
2.09115 0.258327 0.258352
2.09254 0.258139 0.258163
2.09394 0.25795 0.257975
2.09534 0.257762 0.257786
2.09675 0.257572 0.257597
2.09815 0.257383 0.257407
2.09956 0.257193 0.257217
2.10097 0.257003 0.257027
2.10239 0.256812 0.256837
2.10381 0.256621 0.256646
2.10523 0.25643 0.256455
2.10665 0.256239 0.256263
2.10807 0.256047 0.256071
2.1095 0.255854 0.255879
2.11093 0.255662 0.255687
2.11236 0.255469 0.255494
2.1138 0.255276 0.255301
2.11524 0.255082 0.255107
2.11668 0.254889 0.254914
2.11812 0.254694 0.254719
2.11957 0.2545 0.254525
2.12102 0.254305 0.25433
2.12247 0.25411 0.254135
2.12392 0.253914 0.25394
2.12538 0.253719 0.253744
2.12684 0.253522 0.253548
2.1283 0.253326 0.253351
2.12977 0.253129 0.253154
2.13124 0.252932 0.252957
2.13271 0.252734 0.25276
2.13418 0.252536 0.252562
2.13566 0.252338 0.252364
2.13714 0.252139 0.252165
2.13862 0.251941 0.251966
2.14011 0.251741 0.251767
2.1416 0.251542 0.251567
2.14309 0.251342 0.251367
2.14458 0.251141 0.251167
2.14608 0.250941 0.250967
2.14758 0.25074 0.250766
2.14908 0.250538 0.250564
2.15058 0.250337 0.250363
2.15209 0.250135 0.250161
2.1536 0.249932 0.249958
2.15512 0.24973 0.249756
2.15664 0.249526 0.249552
2.15816 0.249323 0.249349
2.15968 0.249119 0.249145
2.1612 0.248915 0.248941
2.16273 0.248711 0.248737
2.16426 0.248506 0.248532
2.1658 0.2483 0.248327
2.16734 0.248095 0.248121
2.16888 0.247889 0.247915
2.17042 0.247683 0.247709
2.17197 0.247476 0.247502
2.17352 0.247269 0.247295
2.17507 0.247062 0.247088
2.17663 0.246854 0.24688
2.17819 0.246646 0.246672
2.17975 0.246437 0.246464
2.18131 0.246229 0.246255
2.18288 0.246019 0.246046
2.18445 0.24581 0.245837
2.18603 0.2456 0.245627
2.18761 0.24539 0.245417
2.18919 0.245179 0.245206
2.19077 0.244968 0.244995
2.19236 0.244757 0.244784
2.19395 0.244545 0.244572
2.19554 0.244333 0.24436
2.19714 0.24412 0.244148
2.19874 0.243908 0.243935
2.20034 0.243694 0.243722
2.20195 0.243481 0.243508
2.20356 0.243267 0.243294
2.20517 0.243053 0.24308
2.20679 0.242838 0.242865
2.2084 0.242623 0.24265
2.21003 0.242407 0.242435
2.21165 0.242192 0.242219
2.21328 0.241975 0.242003
2.21491 0.241759 0.241787
2.21655 0.241542 0.24157
2.21819 0.241325 0.241352
2.21983 0.241107 0.241135
2.22147 0.240889 0.240917
2.22312 0.240671 0.240698
2.22478 0.240452 0.24048
2.22643 0.240233 0.240261
2.22809 0.240013 0.240041
2.22975 0.239793 0.239821
2.23142 0.239573 0.239601
2.23309 0.239352 0.23938
2.23476 0.239131 0.239159
2.23643 0.23891 0.238938
2.23811 0.238688 0.238716
2.23979 0.238466 0.238494
2.24148 0.238243 0.238272
2.24317 0.23802 0.238049
2.24486 0.237797 0.237826
2.24656 0.237573 0.237602
2.24826 0.237349 0.237378
2.24996 0.237125 0.237153
2.25167 0.2369 0.236929
2.25338 0.236675 0.236704
2.25509 0.236449 0.236478
2.25681 0.236223 0.236252
2.25853 0.235997 0.236026
2.26025 0.23577 0.235799
2.26198 0.235543 0.235572
2.26371 0.235316 0.235345
2.26544 0.235088 0.235117
2.26718 0.23486 0.234889
2.26892 0.234631 0.23466
2.27067 0.234402 0.234431
2.27242 0.234173 0.234202
2.27417 0.233943 0.233972
2.27592 0.233713 0.233742
2.27768 0.233482 0.233511
2.27945 0.233251 0.233281
2.28121 0.23302 0.233049
2.28298 0.232788 0.232818
2.28476 0.232556 0.232586
2.28653 0.232324 0.232353
2.28831 0.232091 0.23212
2.2901 0.231858 0.231887
2.29189 0.231624 0.231654
2.29368 0.23139 0.23142
2.29547 0.231156 0.231186
2.29727 0.230921 0.230951
2.29908 0.230686 0.230716
2.30088 0.23045 0.23048
2.30269 0.230215 0.230245
2.30451 0.229978 0.230008
2.30632 0.229742 0.229772
2.30814 0.229505 0.229535
2.30997 0.229267 0.229298
2.3118 0.22903 0.22906
2.31363 0.228792 0.228822
2.31546 0.228553 0.228583
2.3173 0.228314 0.228345
2.31915 0.228075 0.228105
2.32099 0.227835 0.227866
2.32284 0.227595 0.227626
2.3247 0.227355 0.227386
2.32656 0.227114 0.227145
2.32842 0.226873 0.226904
2.33028 0.226632 0.226662
2.33215 0.22639 0.226421
2.33403 0.226147 0.226178
2.3359 0.225905 0.225936
2.33778 0.225662 0.225693
2.33967 0.225419 0.22545
2.34155 0.225175 0.225206
2.34345 0.224931 0.224962
2.34534 0.224686 0.224718
2.34724 0.224442 0.224473
2.34914 0.224196 0.224228
2.35105 0.223951 0.223982
2.35296 0.223705 0.223737
2.35487 0.223459 0.22349
2.35679 0.223212 0.223244
2.35871 0.222965 0.222997
2.36064 0.222718 0.22275
2.36257 0.22247 0.222502
2.3645 0.222222 0.222254
2.36644 0.221974 0.222006
2.36838 0.221725 0.221757
2.37032 0.221476 0.221508
2.37227 0.221227 0.221259
2.37422 0.220977 0.221009
2.37618 0.220727 0.220759
2.37814 0.220476 0.220508
2.3801 0.220225 0.220258
2.38207 0.219974 0.220007
2.38404 0.219723 0.219755
2.38601 0.219471 0.219503
2.38799 0.219219 0.219251
2.38997 0.218966 0.218999
2.39195 0.218714 0.218746
2.39394 0.21846 0.218493
2.39594 0.218207 0.21824
2.39793 0.217953 0.217986
2.39993 0.217699 0.217732
2.40194 0.217444 0.217477
2.40394 0.21719 0.217223
2.40595 0.216934 0.216967
2.40797 0.216679 0.216712
2.40999 0.216423 0.216456
2.41201 0.216167 0.2162
2.41404 0.215911 0.215944
2.41607 0.215654 0.215687
2.4181 0.215397 0.21543
2.42014 0.21514 0.215173
2.42218 0.214882 0.214916
2.42422 0.214624 0.214658
2.42627 0.214366 0.2144
2.42832 0.214107 0.214141
2.43037 0.213849 0.213882
2.43243 0.213589 0.213623
2.4345 0.21333 0.213364
2.43656 0.21307 0.213104
2.43863 0.21281 0.212844
2.4407 0.21255 0.212584
2.44278 0.21229 0.212324
2.44486 0.212029 0.212063
2.44694 0.211768 0.211802
2.44903 0.211506 0.211541
2.45112 0.211245 0.211279
2.45322 0.210983 0.211017
2.45531 0.21072 0.210755
2.45741 0.210458 0.210493
2.45952 0.210195 0.21023
2.46163 0.209932 0.209967
2.46374 0.209669 0.209704
2.46585 0.209406 0.209441
2.46797 0.209142 0.209177
2.47009 0.208878 0.208913
2.47222 0.208614 0.208649
2.47435 0.208349 0.208384
2.47648 0.208085 0.20812
2.47861 0.20782 0.207855
2.48075 0.207555 0.20759
2.48289 0.207289 0.207325
2.48504 0.207024 0.207059
2.48719 0.206758 0.206793
2.48934 0.206492 0.206527
2.49149 0.206226 0.206261
2.49365 0.205959 0.205995
2.49581 0.205692 0.205728
2.49798 0.205426 0.205461
2.50015 0.205159 0.205194
2.50232 0.204891 0.204927
2.50449 0.204624 0.20466
2.50667 0.204356 0.204392
2.50885 0.204088 0.204125
2.51103 0.20382 0.203857
2.51322 0.203552 0.203588
2.51541 0.203284 0.20332
2.5176 0.203015 0.203052
2.5198 0.202747 0.202783
2.522 0.202478 0.202514
2.5242 0.202209 0.202245
2.5264 0.201939 0.201976
2.52861 0.20167 0.201707
2.53082 0.201401 0.201437
2.53303 0.201131 0.201168
2.53525 0.200861 0.200898
2.53747 0.200591 0.200628
2.53969 0.200321 0.200358
2.54191 0.200051 0.200088
2.54414 0.199781 0.199818
2.54637 0.19951 0.199548
2.5486 0.19924 0.199277
2.55084 0.198969 0.199007
2.55308 0.198698 0.198736
2.55532 0.198427 0.198465
2.55756 0.198156 0.198194
2.55981 0.197885 0.197923
2.56206 0.197614 0.197652
2.56431 0.197343 0.197381
2.56656 0.197071 0.197109
2.56882 0.1968 0.196838
2.57108 0.196528 0.196567
2.57334 0.196257 0.196295
2.57561 0.195985 0.196023
2.57787 0.195713 0.195752
2.58014 0.195441 0.19548
2.58241 0.19517 0.195208
2.58469 0.194898 0.194936
2.58696 0.194626 0.194664
2.58924 0.194354 0.194392
2.59152 0.194082 0.19412
2.59381 0.193809 0.193848
2.59609 0.193537 0.193576
2.59838 0.193265 0.193304
2.60067 0.192993 0.193032
2.60296 0.192721 0.19276
2.60525 0.192448 0.192488
2.60755 0.192176 0.192215
2.60985 0.191904 0.191943
2.61215 0.191631 0.191671
2.61445 0.191359 0.191399
2.61676 0.191087 0.191126
2.61906 0.190814 0.190854
2.62137 0.190542 0.190582
2.62368 0.19027 0.19031
2.62599 0.189997 0.190037
2.62831 0.189725 0.189765
2.63062 0.189453 0.189493
2.63294 0.189181 0.189221
2.63526 0.188908 0.188949
2.63758 0.188636 0.188677
2.63991 0.188364 0.188405
2.64223 0.188092 0.188133
2.64456 0.18782 0.187861
2.64689 0.187548 0.187589
2.64922 0.187276 0.187317
2.65155 0.187004 0.187045
2.65388 0.186732 0.186773
2.65622 0.186461 0.186502
2.65856 0.186189 0.18623
2.66089 0.185917 0.185959
2.66323 0.185646 0.185687
2.66558 0.185374 0.185416
2.66792 0.185103 0.185144
2.67026 0.184831 0.184873
2.67261 0.18456 0.184602
2.67496 0.184289 0.184331
2.6773 0.184018 0.18406
2.67966 0.183747 0.183789
2.68201 0.183476 0.183518
2.68436 0.183205 0.183248
2.68671 0.182935 0.182977
2.68907 0.182664 0.182707
2.69143 0.182394 0.182436
2.69378 0.182124 0.182166
2.69614 0.181853 0.181896
2.6985 0.181583 0.181626
2.70087 0.181313 0.181356
2.70323 0.181044 0.181086
2.70559 0.180774 0.180817
2.70796 0.180504 0.180547
2.71032 0.180235 0.180278
2.71269 0.179966 0.180009
2.71506 0.179697 0.17974
2.71743 0.179428 0.179471
2.7198 0.179159 0.179202
2.72217 0.17889 0.178934
2.72454 0.178622 0.178665
2.72692 0.178353 0.178397
2.72929 0.178085 0.178129
2.73166 0.177817 0.177861
2.73404 0.177549 0.177593
2.73642 0.177282 0.177326
2.7388 0.177014 0.177058
2.74117 0.176747 0.176791
2.74355 0.17648 0.176524
2.74593 0.176213 0.176257
2.74832 0.175946 0.17599
2.7507 0.175679 0.175724
2.75308 0.175413 0.175457
2.75546 0.175147 0.175191
2.75785 0.174881 0.174925
2.76023 0.174615 0.174659
2.76262 0.174349 0.174394
2.765 0.174084 0.174129
2.76739 0.173818 0.173863
2.76978 0.173553 0.173598
2.77217 0.173288 0.173334
2.77455 0.173024 0.173069
2.77694 0.172759 0.172805
2.77933 0.172495 0.172541
2.78172 0.172231 0.172277
2.78411 0.171967 0.172013
2.78651 0.171704 0.17175
2.7889 0.171441 0.171486
2.79129 0.171177 0.171223
2.79368 0.170915 0.170961
2.79608 0.170652 0.170698
2.79847 0.170389 0.170436
2.80087 0.170127 0.170173
2.80326 0.169865 0.169912
2.80566 0.169604 0.16965
2.80805 0.169342 0.169389
2.81045 0.169081 0.169127
2.81284 0.16882 0.168866
2.81524 0.168559 0.168606
2.81764 0.168298 0.168345
2.82003 0.168038 0.168085
2.82243 0.167778 0.167825
2.82483 0.167518 0.167565
2.82723 0.167259 0.167306
2.82963 0.166999 0.167047
2.83203 0.16674 0.166788
2.83443 0.166481 0.166529
2.83683 0.166223 0.16627
2.83923 0.165964 0.166012
2.84163 0.165706 0.165754
2.84403 0.165449 0.165496
2.84643 0.165191 0.165239
2.84883 0.164934 0.164982
2.85123 0.164677 0.164725
2.85363 0.16442 0.164468
2.85603 0.164163 0.164212
2.85843 0.163907 0.163956
2.86084 0.163651 0.1637
2.86324 0.163395 0.163444
2.86564 0.16314 0.163189
2.86804 0.162885 0.162934
2.87044 0.16263 0.162679
2.87285 0.162375 0.162424
2.87525 0.162121 0.16217
2.87765 0.161867 0.161916
2.88006 0.161613 0.161662
2.88246 0.161359 0.161409
2.88486 0.161106 0.161156
2.88726 0.160853 0.160903
2.88967 0.1606 0.16065
2.89207 0.160348 0.160398
2.89448 0.160096 0.160146
2.89688 0.159844 0.159894
2.89928 0.159592 0.159642
2.90169 0.159341 0.159391
2.90409 0.15909 0.15914
2.90649 0.158839 0.158889
2.9089 0.158589 0.158639
2.9113 0.158338 0.158389
2.91371 0.158088 0.158139
2.91611 0.157839 0.15789
2.91851 0.157589 0.15764
2.92092 0.15734 0.157391
2.92332 0.157092 0.157143
2.92573 0.156843 0.156894
2.92813 0.156595 0.156646
2.93054 0.156347 0.156398
2.93294 0.156099 0.156151
2.93534 0.155852 0.155903
2.93775 0.155605 0.155656
2.94015 0.155358 0.15541
2.94256 0.155111 0.155163
2.94496 0.154865 0.154917
2.94736 0.154619 0.154671
2.94977 0.154374 0.154426
2.95217 0.154128 0.154181
2.95458 0.153883 0.153936
2.95698 0.153638 0.153691
2.95938 0.153394 0.153446
2.96179 0.15315 0.153202
2.96419 0.152906 0.152959
2.9666 0.152662 0.152715
2.969 0.152419 0.152472
2.9714 0.152176 0.152229
2.97381 0.151933 0.151986
2.97621 0.151691 0.151744
2.97862 0.151449 0.151502
2.98102 0.151207 0.15126
2.98342 0.150965 0.151019
2.98583 0.150724 0.150777
2.98823 0.150483 0.150537
2.99063 0.150242 0.150296
2.99304 0.150002 0.150056
2.99544 0.149762 0.149816
2.99785 0.149522 0.149576
3.00025 0.149282 0.149336
3.00265 0.149043 0.149097
3.00506 0.148804 0.148858
3.00746 0.148565 0.14862
3.00986 0.148327 0.148382
3.01226 0.148089 0.148144
3.01467 0.147851 0.147906
3.01707 0.147614 0.147669
3.01947 0.147377 0.147432
3.02188 0.14714 0.147195
3.02428 0.146903 0.146958
3.02668 0.146667 0.146722
3.02909 0.146431 0.146486
3.03149 0.146195 0.14625
3.03389 0.145959 0.146015
3.03629 0.145724 0.14578
3.0387 0.145489 0.145545
3.0411 0.145255 0.145311
3.0435 0.145021 0.145077
3.04591 0.144787 0.144843
3.04831 0.144553 0.144609
3.05071 0.144319 0.144376
3.05311 0.144086 0.144143
3.05552 0.143853 0.14391
3.05792 0.143621 0.143678
3.06032 0.143389 0.143445
3.06272 0.143157 0.143214
3.06513 0.142925 0.142982
3.06753 0.142694 0.142751
3.06993 0.142462 0.14252
3.07233 0.142232 0.142289
3.07473 0.142001 0.142059
3.07714 0.141771 0.141828
3.07954 0.141541 0.141599
3.08194 0.141311 0.141369
3.08434 0.141082 0.14114
3.08675 0.140853 0.140911
3.08915 0.140624 0.140682
3.09155 0.140395 0.140454
3.09395 0.140167 0.140225
3.09636 0.139939 0.139998
3.09876 0.139712 0.13977
3.10116 0.139484 0.139543
3.10356 0.139257 0.139316
3.10597 0.13903 0.139089
3.10837 0.138804 0.138863
3.11077 0.138578 0.138637
3.11317 0.138352 0.138411
3.11557 0.138126 0.138185
3.11798 0.137901 0.13796
3.12038 0.137675 0.137735
3.12278 0.137451 0.13751
3.12518 0.137226 0.137286
3.12759 0.137002 0.137062
3.12999 0.136778 0.136838
3.13239 0.136554 0.136614
3.1348 0.136331 0.136391
3.1372 0.136107 0.136168
3.1396 0.135885 0.135945
3.142 0.135662 0.135722
3.14441 0.13544 0.1355
3.14681 0.135218 0.135278
3.14921 0.134996 0.135057
3.15162 0.134774 0.134835
3.15402 0.134553 0.134614
3.15642 0.134332 0.134393
3.15883 0.134112 0.134173
3.16123 0.133891 0.133953
3.16363 0.133671 0.133733
3.16604 0.133451 0.133513
3.16844 0.133232 0.133293
3.17085 0.133013 0.133074
3.17325 0.132794 0.132855
3.17565 0.132575 0.132637
3.17806 0.132356 0.132418
3.18046 0.132138 0.1322
3.18287 0.13192 0.131983
3.18527 0.131703 0.131765
3.18768 0.131485 0.131548
3.19008 0.131268 0.131331
3.19249 0.131051 0.131114
3.19489 0.130835 0.130898
3.1973 0.130619 0.130682
3.1997 0.130403 0.130466
3.20211 0.130187 0.13025
3.20451 0.129971 0.130035
3.20692 0.129756 0.12982
3.20933 0.129541 0.129605
3.21173 0.129327 0.12939
3.21414 0.129112 0.129176
3.21655 0.128898 0.128962
3.21895 0.128684 0.128748
3.22136 0.12847 0.128535
3.22377 0.128257 0.128321
3.22618 0.128044 0.128108
3.22858 0.127831 0.127896
3.23099 0.127619 0.127683
3.2334 0.127406 0.127471
3.23581 0.127194 0.127259
3.23822 0.126983 0.127048
3.24062 0.126771 0.126836
3.24303 0.12656 0.126625
3.24544 0.126349 0.126414
3.24785 0.126138 0.126204
3.25026 0.125928 0.125993
3.25267 0.125718 0.125783
3.25508 0.125508 0.125573
3.25749 0.125298 0.125364
3.2599 0.125089 0.125155
3.26231 0.124879 0.124946
3.26473 0.12467 0.124737
3.26714 0.124462 0.124528
3.26955 0.124253 0.12432
3.27196 0.124045 0.124112
3.27437 0.123837 0.123904
3.27679 0.12363 0.123697
3.2792 0.123422 0.123489
3.28161 0.123215 0.123282
3.28403 0.123008 0.123076
3.28644 0.122802 0.122869
3.28885 0.122596 0.122663
3.29127 0.122389 0.122457
3.29368 0.122184 0.122251
3.2961 0.121978 0.122046
3.29851 0.121773 0.121841
3.30093 0.121568 0.121636
3.30335 0.121363 0.121431
3.30576 0.121158 0.121226
3.30818 0.120954 0.121022
3.3106 0.12075 0.120818
3.31301 0.120546 0.120615
3.31543 0.120342 0.120411
3.31785 0.120139 0.120208
3.32027 0.119936 0.120005
3.32269 0.119733 0.119802
3.32511 0.11953 0.1196
3.32753 0.119328 0.119397
3.32995 0.119126 0.119195
3.33237 0.118924 0.118994
3.33479 0.118722 0.118792
3.33721 0.118521 0.118591
3.33963 0.11832 0.11839
3.34205 0.118119 0.118189
3.34448 0.117918 0.117989
3.3469 0.117718 0.117788
3.34932 0.117518 0.117588
3.35175 0.117318 0.117389
3.35417 0.117118 0.117189
3.3566 0.116919 0.11699
3.35902 0.116719 0.116791
3.36145 0.116521 0.116592
3.36388 0.116322 0.116393
3.3663 0.116123 0.116195
3.36873 0.115925 0.115997
3.37116 0.115727 0.115799
3.37359 0.115529 0.115601
3.37601 0.115332 0.115404
3.37844 0.115134 0.115207
3.38087 0.114937 0.11501
3.3833 0.114741 0.114813
3.38573 0.114544 0.114617
3.38816 0.114348 0.11442
3.3906 0.114152 0.114224
3.39303 0.113956 0.114029
3.39546 0.11376 0.113833
3.3979 0.113565 0.113638
3.40033 0.113369 0.113443
3.40276 0.113175 0.113248
3.4052 0.11298 0.113053
3.40763 0.112785 0.112859
3.41007 0.112591 0.112665
3.41251 0.112397 0.112471
3.41494 0.112203 0.112277
3.41738 0.11201 0.112084
3.41982 0.111816 0.111891
3.42226 0.111623 0.111698
3.4247 0.11143 0.111505
3.42714 0.111238 0.111313
3.42958 0.111045 0.11112
3.43202 0.110853 0.110928
3.43446 0.110661 0.110736
3.43691 0.11047 0.110545
3.43935 0.110278 0.110353
3.44179 0.110087 0.110162
3.44424 0.109896 0.109971
3.44668 0.109705 0.109781
3.44913 0.109514 0.10959
3.45157 0.109324 0.1094
3.45402 0.109134 0.10921
3.45647 0.108944 0.10902
3.45892 0.108754 0.108831
3.46137 0.108565 0.108641
3.46382 0.108375 0.108452
3.46627 0.108186 0.108263
3.46872 0.107998 0.108075
3.47117 0.107809 0.107886
3.47362 0.107621 0.107698
3.47608 0.107432 0.10751
3.47853 0.107245 0.107322
3.48098 0.107057 0.107135
3.48344 0.106869 0.106947
3.4859 0.106682 0.10676
3.48835 0.106495 0.106573
3.49081 0.106308 0.106387
3.49327 0.106122 0.1062
3.49573 0.105935 0.106014
3.49819 0.105749 0.105828
3.50065 0.105563 0.105642
3.50311 0.105377 0.105456
3.50557 0.105192 0.105271
3.50803 0.105007 0.105086
3.5105 0.104821 0.104901
3.51296 0.104637 0.104716
3.51543 0.104452 0.104532
3.51789 0.104267 0.104347
3.52036 0.104083 0.104163
3.52283 0.103899 0.103979
3.52529 0.103715 0.103796
3.52776 0.103532 0.103612
3.53023 0.103348 0.103429
3.5327 0.103165 0.103246
3.53518 0.102982 0.103063
3.53765 0.1028 0.102881
3.54012 0.102617 0.102698
3.5426 0.102435 0.102516
3.54507 0.102253 0.102334
3.54755 0.102071 0.102152
3.55002 0.101889 0.101971
3.5525 0.101707 0.101789
3.55498 0.101526 0.101608
3.55746 0.101345 0.101427
3.55994 0.101164 0.101247
3.56242 0.100984 0.101066
3.5649 0.100803 0.100886
3.56738 0.100623 0.100706
3.56987 0.100443 0.100526
3.57235 0.100263 0.100346
3.57484 0.100084 0.100167
3.57732 0.0999041 0.0999876
3.57981 0.0997249 0.0998085
3.5823 0.0995459 0.0996297
3.58479 0.0993671 0.0994511
3.58728 0.0991885 0.0992726
3.58977 0.0990102 0.0990944
3.59226 0.098832 0.0989164
3.59476 0.098654 0.0987386
3.59725 0.0984762 0.0985609
3.59974 0.0982987 0.0983835
3.60224 0.0981213 0.0982063
3.60474 0.0979441 0.0980293
3.60724 0.0977672 0.0978525
3.60973 0.0975904 0.0976759
3.61223 0.0974139 0.0974995
3.61474 0.0972375 0.0973233
3.61724 0.0970614 0.0971473
3.61974 0.0968854 0.0969715
3.62224 0.0967097 0.0967959
3.62475 0.0965341 0.0966205
3.62726 0.0963587 0.0964453
3.62976 0.0961836 0.0962703
3.63227 0.0960086 0.0960955
3.63478 0.0958339 0.0959209
3.63729 0.0956593 0.0957465
3.6398 0.095485 0.0955723
3.64231 0.0953108 0.0953983
3.64483 0.0951368 0.0952245
3.64734 0.0949631 0.0950509
3.64986 0.0947895 0.0948775
3.65237 0.0946161 0.0947043
3.65489 0.0944429 0.0945313
3.65741 0.0942699 0.0943585
3.65993 0.0940972 0.0941858
3.66245 0.0939246 0.0940134
3.66497 0.0937522 0.0938412
3.6675 0.09358 0.0936691
3.67002 0.0934079 0.0934973
3.67255 0.0932361 0.0933256
3.67507 0.0930645 0.0931542
3.6776 0.0928931 0.0929829
3.68013 0.0927218 0.0928118
3.68266 0.0925508 0.092641
3.68519 0.0923799 0.0924703
3.68772 0.0922093 0.0922998
3.69026 0.0920388 0.0921295
3.69279 0.0918685 0.0919594
3.69533 0.0916985 0.0917895
3.69786 0.0915286 0.0916197
3.7004 0.0913589 0.0914502
3.70294 0.0911894 0.0912809
3.70548 0.09102 0.0911117
3.70802 0.0908509 0.0909427
3.71057 0.090682 0.090774
3.71311 0.0905132 0.0906054
3.71566 0.0903447 0.090437
3.7182 0.0901763 0.0902688
3.72075 0.0900081 0.0901008
3.7233 0.0898401 0.089933
3.72585 0.0896723 0.0897653
3.7284 0.0895047 0.0895979
3.73096 0.0893372 0.0894306
3.73351 0.08917 0.0892635
3.73607 0.0890029 0.0890967
3.73862 0.0888361 0.08893
3.74118 0.0886694 0.0887634
3.74374 0.0885029 0.0885971
3.7463 0.0883366 0.088431
3.74886 0.0881704 0.088265
3.75143 0.0880045 0.0880993
3.75399 0.0878387 0.0879337
3.75656 0.0876732 0.0877683
3.75913 0.0875078 0.0876031
3.76169 0.0873426 0.087438
3.76426 0.0871775 0.0872732
3.76684 0.0870127 0.0871085
3.76941 0.086848 0.0869441
3.77198 0.0866836 0.0867798
3.77456 0.0865193 0.0866157
3.77713 0.0863552 0.0864518
3.77971 0.0861913 0.086288
3.78229 0.0860275 0.0861245
3.78487 0.085864 0.0859611
3.78746 0.0857006 0.0857979
3.79004 0.0855374 0.0856349
3.79262 0.0853744 0.085472
3.79521 0.0852115 0.0853094
3.7978 0.0850489 0.0851469
3.80039 0.0848864 0.0849846
3.80298 0.0847241 0.0848225
3.80557 0.084562 0.0846606
3.80816 0.0844001 0.0844989
3.81076 0.0842383 0.0843373
3.81336 0.0840768 0.0841759
3.81595 0.0839154 0.0840147
3.81855 0.0837541 0.0838537
3.82115 0.0835931 0.0836928
3.82376 0.0834322 0.0835321
3.82636 0.0832716 0.0833717
3.82897 0.0831111 0.0832113
3.83157 0.0829507 0.0830512
3.83418 0.0827906 0.0828912
3.83679 0.0826306 0.0827315
3.8394 0.0824708 0.0825719
3.84202 0.0823112 0.0824124
3.84463 0.0821518 0.0822532
3.84725 0.0819925 0.0820941
3.84986 0.0818334 0.0819352
3.85248 0.0816745 0.0817765
3.8551 0.0815158 0.081618
3.85773 0.0813572 0.0814596
3.86035 0.0811988 0.0813014
3.86298 0.0810406 0.0811434
3.8656 0.0808826 0.0809855
3.86823 0.0807247 0.0808279
3.87086 0.080567 0.0806704
3.87349 0.0804095 0.0805131
3.87613 0.0802521 0.0803559
3.87876 0.080095 0.0801989
3.8814 0.079938 0.0800421
3.88404 0.0797812 0.0798855
3.88668 0.0796245 0.0797291
3.88932 0.079468 0.0795728
3.89196 0.0793117 0.0794167
3.8946 0.0791556 0.0792608
3.89725 0.0789996 0.079105
3.8999 0.0788438 0.0789494
3.90255 0.0786882 0.078794
3.9052 0.0785328 0.0786387
3.90785 0.0783775 0.0784837
3.91051 0.0782224 0.0783288
3.91316 0.0780675 0.078174
3.91582 0.0779127 0.0780195
3.91848 0.0777581 0.0778651
3.92114 0.0776037 0.0777109
3.92381 0.0774494 0.0775568
3.92647 0.0772953 0.077403
3.92914 0.0771414 0.0772493
3.93181 0.0769877 0.0770957
3.93448 0.0768341 0.0769424
3.93715 0.0766807 0.0767892
3.93982 0.0765274 0.0766361
3.9425 0.0763744 0.0764833
3.94518 0.0762215 0.0763306
3.94785 0.0760687 0.0761781
3.95053 0.0759162 0.0760257
3.95322 0.0757638 0.0758735
3.9559 0.0756115 0.0757215
3.95859 0.0754595 0.0755696
3.96128 0.0753076 0.075418
3.96397 0.0751558 0.0752664
3.96666 0.0750043 0.0751151
3.96935 0.0748529 0.0749639
3.97205 0.0747017 0.0748129
3.97474 0.0745506 0.0746621
3.97744 0.0743997 0.0745114
3.98014 0.074249 0.0743609
3.98285 0.0740984 0.0742105
3.98555 0.073948 0.0740603
3.98826 0.0737977 0.0739103
3.99097 0.0736477 0.0737605
3.99368 0.0734978 0.0736108
3.99639 0.073348 0.0734612
3.9991 0.0731984 0.0733119
4.00182 0.073049 0.0731627
4.00454 0.0728998 0.0730137
4.00726 0.0727507 0.0728648
4.00998 0.0726017 0.0727161
4.0127 0.072453 0.0725676
4.01543 0.0723044 0.0724192
4.01816 0.072156 0.072271
4.02089 0.0720077 0.0721229
4.02362 0.0718596 0.0719751
4.02635 0.0717116 0.0718273
4.02909 0.0715638 0.0716798
4.03182 0.0714162 0.0715324
4.03456 0.0712688 0.0713852
4.0373 0.0711215 0.0712381
4.04005 0.0709743 0.0710912
4.04279 0.0708273 0.0709445
4.04554 0.0706805 0.0707979
4.04829 0.0705339 0.0706515
4.05104 0.0703874 0.0705052
4.0538 0.0702411 0.0703591
4.05655 0.0700949 0.0702132
4.05931 0.0699489 0.0700674
4.06207 0.069803 0.0699218
4.06483 0.0696573 0.0697763
4.0676 0.0695118 0.069631
4.07036 0.0693664 0.0694859
4.07313 0.0692212 0.0693409
4.0759 0.0690762 0.0691961
4.07868 0.0689313 0.0690515
4.08145 0.0687865 0.068907
4.08423 0.068642 0.0687627
4.08701 0.0684976 0.0686185
4.08979 0.0683533 0.0684745
4.09257 0.0682092 0.0683306
4.09536 0.0680653 0.0681869
4.09814 0.0679215 0.0680434
4.10093 0.0677779 0.0679
4.10373 0.0676344 0.0677568
4.10652 0.0674911 0.0676137
4.10932 0.0673479 0.0674708
4.11212 0.0672049 0.0673281
4.11492 0.0670621 0.0671855
4.11772 0.0669194 0.0670431
4.12052 0.0667769 0.0669008
4.12333 0.0666345 0.0667587
4.12614 0.0664923 0.0666167
4.12895 0.0663503 0.0664749
4.13177 0.0662084 0.0663333
4.13459 0.0660666 0.0661918
4.1374 0.065925 0.0660505
4.14023 0.0657836 0.0659093
4.14305 0.0656423 0.0657683
4.14588 0.0655012 0.0656274
4.1487 0.0653603 0.0654867
4.15153 0.0652195 0.0653462
4.15437 0.0650788 0.0652058
4.1572 0.0649383 0.0650656
4.16004 0.064798 0.0649255
4.16288 0.0646578 0.0647856
4.16572 0.0645177 0.0646458
4.16857 0.0643779 0.0645062
4.17141 0.0642381 0.0643667
4.17426 0.0640986 0.0642274
4.17711 0.0639591 0.0640883
4.17997 0.0638199 0.0639493
4.18283 0.0636808 0.0638104
4.18568 0.0635418 0.0636718
4.18855 0.063403 0.0635332
4.19141 0.0632644 0.0633948
4.19428 0.0631259 0.0632566
4.19715 0.0629875 0.0631185
4.20002 0.0628493 0.0629806
4.20289 0.0627113 0.0628429
4.20577 0.0625734 0.0627053
4.20865 0.0624357 0.0625678
4.21153 0.0622981 0.0624305
4.21441 0.0621607 0.0622933
4.2173 0.0620234 0.0621563
4.22019 0.0618863 0.0620195
4.22308 0.0617493 0.0618828
4.22597 0.0616125 0.0617463
4.22887 0.0614758 0.0616099
4.23177 0.0613393 0.0614736
4.23467 0.0612029 0.0613376
4.23757 0.0610667 0.0612016
4.24048 0.0609306 0.0610658
4.24339 0.0607947 0.0609302
4.2463 0.0606589 0.0607947
4.24921 0.0605233 0.0606594
4.25213 0.0603879 0.0605242
4.25505 0.0602525 0.0603892
4.25797 0.0601174 0.0602543
4.2609 0.0599824 0.0601196
4.26383 0.0598475 0.059985
4.26676 0.0597128 0.0598506
4.26969 0.0595782 0.0597164
4.27263 0.0594438 0.0595822
4.27557 0.0593095 0.0594483
4.27851 0.0591754 0.0593145
4.28145 0.0590415 0.0591808
4.2844 0.0589076 0.0590473
4.28735 0.058774 0.0589139
4.2903 0.0586404 0.0587807
4.29325 0.0585071 0.0586476
4.29621 0.0583738 0.0585147
4.29917 0.0582408 0.0583819
4.30213 0.0581078 0.0582493
4.3051 0.0579751 0.0581168
4.30807 0.0578424 0.0579845
4.31104 0.0577099 0.0578523
4.31402 0.0575776 0.0577203
4.31699 0.0574454 0.0575884
4.31997 0.0573134 0.0574567
4.32296 0.0571815 0.0573251
4.32594 0.0570497 0.0571937
4.32893 0.0569181 0.0570624
4.33192 0.0567867 0.0569313
4.33492 0.0566554 0.0568003
4.33791 0.0565242 0.0566694
4.34091 0.0563932 0.0565387
4.34392 0.0562624 0.0564082
4.34692 0.0561316 0.0562778
4.34993 0.0560011 0.0561475
4.35294 0.0558706 0.0560174
4.35596 0.0557404 0.0558875
4.35898 0.0556102 0.0557577
4.362 0.0554802 0.055628
4.36502 0.0553504 0.0554985
4.36805 0.0552207 0.0553691
4.37108 0.0550912 0.0552399
4.37411 0.0549618 0.0551108
4.37715 0.0548325 0.0549819
4.38019 0.0547034 0.0548531
4.38323 0.0545744 0.0547245
4.38627 0.0544456 0.054596
4.38932 0.0543169 0.0544677
4.39237 0.0541884 0.0543395
4.39543 0.05406 0.0542114
4.39849 0.0539317 0.0540835
4.40155 0.0538036 0.0539558
4.40461 0.0536757 0.0538281
4.40768 0.0535479 0.0537007
4.41075 0.0534202 0.0535734
4.41382 0.0532927 0.0534462
4.4169 0.0531653 0.0533192
4.41998 0.0530381 0.0531923
4.42306 0.052911 0.0530655
4.42615 0.052784 0.0529389
4.42923 0.0526572 0.0528125
4.43233 0.0525306 0.0526862
4.43542 0.0524041 0.05256
4.43852 0.0522777 0.052434
4.44162 0.0521515 0.0523081
4.44473 0.0520254 0.0521824
4.44784 0.0518994 0.0520568
4.45095 0.0517736 0.0519314
4.45406 0.051648 0.0518061
4.45718 0.0515225 0.0516809
4.46031 0.0513971 0.0515559
4.46343 0.0512719 0.0514311
4.46656 0.0511468 0.0513063
4.46969 0.0510218 0.0511818
4.47283 0.050897 0.0510573
4.47597 0.0507724 0.050933
4.47911 0.0506479 0.0508089
4.48225 0.0505235 0.0506849
4.4854 0.0503993 0.050561
4.48855 0.0502752 0.0504373
4.49171 0.0501512 0.0503137
4.49487 0.0500274 0.0501903
4.49803 0.0499037 0.050067
4.5012 0.0497802 0.0499439
4.50437 0.0496568 0.0498209
4.50754 0.0495336 0.049698
4.51072 0.0494105 0.0495753
4.5139 0.0492875 0.0494527
4.51708 0.0491647 0.0493303
4.52027 0.049042 0.049208
4.52346 0.0489195 0.0490859
4.52666 0.0487971 0.0489639
4.52985 0.0486749 0.048842
4.53306 0.0485528 0.0487203
4.53626 0.0484308 0.0485987
4.53947 0.0483089 0.0484773
4.54268 0.0481873 0.048356
4.5459 0.0480657 0.0482348
4.54912 0.0479443 0.0481138
4.55234 0.047823 0.047993
4.55557 0.0477019 0.0478722
4.5588 0.0475809 0.0477517
4.56204 0.04746 0.0476312
4.56527 0.0473393 0.0475109
4.56852 0.0472188 0.0473907
4.57176 0.0470983 0.0472707
4.57501 0.046978 0.0471508
4.57827 0.0468579 0.0470311
4.58152 0.0467379 0.0469115
4.58479 0.046618 0.0467921
4.58805 0.0464983 0.0466727
4.59132 0.0463787 0.0465536
4.59459 0.0462592 0.0464345
4.59787 0.0461399 0.0463156
4.60115 0.0460207 0.0461969
4.60443 0.0459017 0.0460783
4.60772 0.0457828 0.0459598
4.61101 0.045664 0.0458415
4.61431 0.0455454 0.0457233
4.61761 0.0454269 0.0456052
4.62091 0.0453086 0.0454873
4.62422 0.0451903 0.0453696
4.62753 0.0450723 0.0452519
4.63085 0.0449543 0.0451344
4.63417 0.0448366 0.0450171
4.63749 0.0447189 0.0448999
4.64082 0.0446014 0.0447828
4.64415 0.044484 0.0446659
4.64749 0.0443668 0.0445491
4.65083 0.0442497 0.0444324
4.65418 0.0441327 0.0443159
4.65752 0.0440159 0.0441995
4.66088 0.0438992 0.0440833
4.66423 0.0437826 0.0439672
4.6676 0.0436662 0.0438513
4.67096 0.0435499 0.0437354
4.67433 0.0434338 0.0436198
4.6777 0.0433178 0.0435042
4.68108 0.0432019 0.0433888
4.68446 0.0430862 0.0432736
4.68785 0.0429706 0.0431585
4.69124 0.0428552 0.0430435
4.69464 0.0427398 0.0429286
4.69804 0.0426247 0.0428139
4.70144 0.0425096 0.0426994
4.70485 0.0423947 0.0425849
4.70826 0.0422799 0.0424707
4.71168 0.0421653 0.0423565
4.7151 0.0420508 0.0422425
4.71852 0.0419364 0.0421286
4.72195 0.0418222 0.0420149
4.72539 0.0417081 0.0419013
4.72883 0.0415942 0.0417878
4.73227 0.0414804 0.0416745
4.73572 0.0413667 0.0415613
4.73917 0.0412532 0.0414483
4.74263 0.0411397 0.0413354
4.74609 0.0410265 0.0412226
4.74955 0.0409133 0.04111
4.75303 0.0408003 0.0409975
4.7565 0.0406875 0.0408852
4.75998 0.0405748 0.0407729
4.76346 0.0404622 0.0406609
4.76695 0.0403497 0.0405489
4.77045 0.0402374 0.0404371
4.77395 0.0401252 0.0403255
4.77745 0.0400132 0.0402139
4.78096 0.0399012 0.0401026
4.78447 0.0397895 0.0399913
4.78799 0.0396778 0.0398802
4.79151 0.0395663 0.0397692
4.79503 0.0394549 0.0396584
4.79857 0.0393437 0.0395477
4.8021 0.0392326 0.0394371
4.80564 0.0391216 0.0393267
4.80919 0.0390108 0.0392164
4.81274 0.0389001 0.0391063
4.8163 0.0387896 0.0389962
4.81986 0.0386791 0.0388864
4.82342 0.0385688 0.0387766
4.82699 0.0384587 0.038667
4.83057 0.0383487 0.0385576
4.83415 0.0382388 0.0384482
4.83773 0.038129 0.038339
4.84132 0.0380194 0.03823
4.84492 0.0379099 0.0381211
4.84852 0.0378006 0.0380123
4.85213 0.0376913 0.0379036
4.85574 0.0375823 0.0377951
4.85935 0.0374733 0.0376868
4.86297 0.0373645 0.0375785
4.8666 0.0372558 0.0374704
4.87023 0.0371473 0.0373625
4.87387 0.0370389 0.0372546
4.87751 0.0369306 0.0371469
4.88116 0.0368224 0.0370394
4.88481 0.0367144 0.036932
4.88846 0.0366066 0.0368247
4.89213 0.0364988 0.0367176
4.8958 0.0363912 0.0366106
4.89947 0.0362837 0.0365037
4.90315 0.0361764 0.0363969
4.90683 0.0360692 0.0362904
4.91052 0.0359621 0.0361839
4.91422 0.0358552 0.0360776
4.91792 0.0357484 0.0359714
4.92162 0.0356417 0.0358653
4.92533 0.0355352 0.0357594
4.92905 0.0354287 0.0356536
4.93277 0.0353225 0.035548
4.9365 0.0352163 0.0354425
4.94023 0.0351103 0.0353371
4.94397 0.0350045 0.0352319
4.94772 0.0348987 0.0351268
4.95147 0.0347931 0.0350218
4.95522 0.0346876 0.034917
4.95899 0.0345823 0.0348123
4.96275 0.0344771 0.0347077
4.96653 0.034372 0.0346033
4.97031 0.0342671 0.034499
4.97409 0.0341623 0.0343949
4.97788 0.0340576 0.0342909
4.98168 0.033953 0.034187
4.98548 0.0338486 0.0340832
4.98929 0.0337443 0.0339796
4.9931 0.0336402 0.0338762
4.99692 0.0335362 0.0337728
5.00075 0.0334323 0.0336696
5.00458 0.0333285 0.0335666
5.00842 0.0332249 0.0334636
5.01226 0.0331214 0.0333609
5.01611 0.0330181 0.0332582
5.01996 0.0329149 0.0331557
5.02383 0.0328118 0.0330533
5.02769 0.0327088 0.032951
5.03157 0.032606 0.0328489
5.03545 0.0325033 0.032747
5.03933 0.0324008 0.0326451
5.04323 0.0322983 0.0325434
5.04713 0.032196 0.0324418
5.05103 0.0320939 0.0323404
5.05494 0.0319918 0.0322391
5.05886 0.0318899 0.0321379
5.06278 0.0317882 0.0320369
5.06671 0.0316865 0.031936
5.07065 0.031585 0.0318352
5.07459 0.0314837 0.0317346
5.07854 0.0313824 0.0316341
5.0825 0.0312813 0.0315338
5.08646 0.0311803 0.0314336
5.09043 0.0310795 0.0313335
5.09441 0.0309788 0.0312335
5.09839 0.0308782 0.0311337
5.10238 0.0307778 0.031034
5.10637 0.0306774 0.0309345
5.11037 0.0305773 0.0308351
5.11438 0.0304772 0.0307358
5.1184 0.0303773 0.0306367
5.12242 0.0302775 0.0305377
5.12645 0.0301778 0.0304388
5.13049 0.0300783 0.0303401
5.13453 0.0299789 0.0302415
5.13858 0.0298796 0.030143
5.14263 0.0297805 0.0300447
5.1467 0.0296815 0.0299465
5.15077 0.0295826 0.0298485
5.15484 0.0294839 0.0297505
5.15893 0.0293852 0.0296528
5.16302 0.0292868 0.0295551
5.16712 0.0291884 0.0294576
5.17122 0.0290902 0.0293602
5.17534 0.0289921 0.029263
5.17946 0.0288942 0.0291659
5.18358 0.0287963 0.0290689
5.18772 0.0286986 0.0289721
5.19186 0.0286011 0.0288754
5.19601 0.0285036 0.0287788
5.20016 0.0284063 0.0286824
5.20433 0.0283092 0.0285861
5.2085 0.0282121 0.0284899
5.21267 0.0281152 0.0283939
5.21686 0.0280184 0.028298
5.22105 0.0279218 0.0282022
5.22525 0.0278252 0.0281066
5.22946 0.0277289 0.0280111
5.23368 0.0276326 0.0279158
5.2379 0.0275365 0.0278206
5.24213 0.0274405 0.0277255
5.24637 0.0273446 0.0276305
5.25062 0.0272489 0.0275357
5.25487 0.0271533 0.0274411
5.25913 0.0270578 0.0273465
5.2634 0.0269624 0.0272521
5.26768 0.0268672 0.0271578
5.27196 0.0267721 0.0270637
5.27626 0.0266772 0.0269697
5.28056 0.0265824 0.0268759
5.28487 0.0264877 0.0267821
5.28919 0.0263931 0.0266885
5.29351 0.0262987 0.0265951
5.29784 0.0262043 0.0265018
5.30219 0.0261102 0.0264086
5.30654 0.0260161 0.0263155
5.31089 0.0259222 0.0262226
5.31526 0.0258284 0.0261298
5.31963 0.0257348 0.0260372
5.32402 0.0256412 0.0259447
5.32841 0.0255478 0.0258523
5.33281 0.0254546 0.0257601
5.33722 0.0253614 0.025668
5.34163 0.0252684 0.025576
5.34606 0.0251756 0.0254842
5.35049 0.0250828 0.0253925
5.35493 0.0249902 0.0253009
5.35938 0.0248977 0.0252095
5.36384 0.0248053 0.0251182
5.36831 0.0247131 0.025027
5.37279 0.024621 0.024936
5.37727 0.0245291 0.0248451
5.38177 0.0244372 0.0247544
5.38627 0.0243455 0.0246638
5.39079 0.0242539 0.0245733
5.39531 0.0241625 0.024483
5.39984 0.0240711 0.0243928
5.40438 0.0239799 0.0243027
5.40893 0.0238889 0.0242128
5.41348 0.0237979 0.024123
5.41805 0.0237071 0.0240333
5.42263 0.0236165 0.0239438
5.42721 0.0235259 0.0238544
5.43181 0.0234355 0.0237651
5.43641 0.0233452 0.023676
5.44103 0.0232551 0.023587
5.44565 0.023165 0.0234982
5.45028 0.0230751 0.0234095
5.45492 0.0229853 0.0233209
5.45957 0.0228957 0.0232325
5.46424 0.0228062 0.0231442
5.46891 0.0227168 0.023056
5.47359 0.0226275 0.022968
5.47828 0.0225384 0.0228801
5.48298 0.0224494 0.0227923
5.48769 0.0223605 0.0227047
5.49241 0.0222718 0.0226172
5.49714 0.0221832 0.0225299
5.50188 0.0220947 0.0224427
5.50663 0.0220063 0.0223556
5.51139 0.0219181 0.0222687
5.51616 0.02183 0.0221819
5.52094 0.0217421 0.0220952
5.52574 0.0216542 0.0220087
5.53054 0.0215665 0.0219223
5.53535 0.0214789 0.021836
5.54017 0.0213915 0.0217499
5.545 0.0213041 0.0216639
5.54985 0.0212169 0.0215781
5.5547 0.0211299 0.0214924
5.55957 0.0210429 0.0214068
5.56444 0.0209561 0.0213214
5.56933 0.0208694 0.0212361
5.57423 0.0207829 0.0211509
5.57913 0.0206964 0.0210659
5.58405 0.0206101 0.020981
5.58898 0.0205239 0.0208962
5.59392 0.0204379 0.0208116
5.59888 0.020352 0.0207272
5.60384 0.0202662 0.0206428
5.60881 0.0201805 0.0205586
5.6138 0.020095 0.0204745
5.6188 0.0200096 0.0203906
5.62381 0.0199243 0.0203068
5.62883 0.0198392 0.0202232
5.63386 0.0197541 0.0201397
5.6389 0.0196692 0.0200563
5.64396 0.0195845 0.019973
5.64902 0.0194998 0.0198899
5.6541 0.0194153 0.019807
5.65919 0.0193309 0.0197242
5.66429 0.0192467 0.0196415
5.66941 0.0191626 0.0195589
5.67454 0.0190785 0.0194765
5.67967 0.0189947 0.0193942
5.68482 0.0189109 0.0193121
5.68999 0.0188273 0.0192301
5.69516 0.0187438 0.0191482
5.70035 0.0186604 0.0190665
5.70555 0.0185772 0.0189849
5.71076 0.0184941 0.0189035
5.71599 0.0184111 0.0188222
5.72123 0.0183282 0.018741
5.72648 0.0182455 0.01866
5.73174 0.0181629 0.0185791
5.73702 0.0180804 0.0184983
5.7423 0.0179981 0.0184177
5.74761 0.0179159 0.0183372
5.75292 0.0178338 0.0182569
5.75825 0.0177518 0.0181767
5.76359 0.0176699 0.0180966
5.76895 0.0175882 0.0180167
5.77431 0.0175066 0.0179369
5.7797 0.0174252 0.0178573
5.78509 0.0173438 0.0177778
5.7905 0.0172626 0.0176984
5.79592 0.0171815 0.0176192
5.80136 0.0171006 0.0175401
5.80681 0.0170197 0.0174611
5.81227 0.016939 0.0173823
5.81775 0.0168584 0.0173036
5.82324 0.016778 0.0172251
5.82875 0.0166976 0.0171467
5.83427 0.0166174 0.0170685
5.83981 0.0165374 0.0169904
5.84536 0.0164574 0.0169124
5.85092 0.0163776 0.0168346
5.8565 0.0162979 0.0167569
5.86209 0.0162183 0.0166793
5.8677 0.0161388 0.0166019
5.87332 0.0160595 0.0165246
5.87896 0.0159803 0.0164475
5.88461 0.0159012 0.0163705
5.89028 0.0158223 0.0162937
5.89597 0.0157434 0.016217
5.90166 0.0156647 0.0161404
5.90738 0.0155862 0.016064
5.91311 0.0155077 0.0159877
5.91885 0.0154294 0.0159115
5.92461 0.0153512 0.0158355
5.93039 0.0152731 0.0157597
5.93618 0.0151951 0.0156839
5.94199 0.0151173 0.0156084
5.94782 0.0150396 0.0155329
5.95366 0.014962 0.0154576
5.95952 0.0148845 0.0153825
5.96539 0.0148072 0.0153074
5.97128 0.01473 0.0152326
5.97719 0.0146529 0.0151578
5.98311 0.0145759 0.0150832
5.98905 0.0144991 0.0150088
5.99501 0.0144224 0.0149345
6.00098 0.0143458 0.0148603
6.00698 0.0142693 0.0147863
6.01298 0.0141929 0.0147124
6.01901 0.0141167 0.0146387
6.02505 0.0140406 0.0145651
6.03112 0.0139646 0.0144916
6.03719 0.0138887 0.0144183
6.04329 0.013813 0.0143452
6.04941 0.0137374 0.0142721
6.05554 0.0136619 0.0141993
6.06169 0.0135865 0.0141265
6.06786 0.0135113 0.0140539
6.07405 0.0134361 0.0139815
6.08025 0.0133611 0.0139092
6.08648 0.0132862 0.013837
6.09272 0.0132115 0.013765
6.09899 0.0131368 0.0136931
6.10527 0.0130623 0.0136214
6.11157 0.0129879 0.0135498
6.11789 0.0129136 0.0134783
6.12423 0.0128394 0.013407
6.13059 0.0127654 0.0133359
6.13697 0.0126914 0.0132649
6.14337 0.0126176 0.013194
6.14979 0.0125439 0.0131233
6.15622 0.0124704 0.0130527
6.16268 0.0123969 0.0129823
6.16916 0.0123236 0.012912
6.17566 0.0122504 0.0128418
6.18219 0.0121773 0.0127718
6.18873 0.0121043 0.012702
6.19529 0.0120315 0.0126323
6.20187 0.0119587 0.0125627
6.20848 0.0118861 0.0124933
6.21511 0.0118136 0.012424
6.22176 0.0117412 0.0123549
6.22843 0.0116689 0.0122859
6.23512 0.0115968 0.0122171
6.24183 0.0115248 0.0121484
6.24857 0.0114528 0.0120799
6.25533 0.011381 0.0120115
6.26211 0.0113093 0.0119432
6.26891 0.0112378 0.0118751
6.27574 0.0111663 0.0118072
6.28259 0.011095 0.0117394
6.28946 0.0110237 0.0116717
6.29636 0.0109526 0.0116042
6.30328 0.0108816 0.0115368
6.31022 0.0108107 0.0114696
6.31719 0.01074 0.0114026
6.32418 0.0106693 0.0113356
6.3312 0.0105988 0.0112689
6.33824 0.0105283 0.0112023
6.34531 0.010458 0.0111358
6.3524 0.0103878 0.0110695
6.35951 0.0103177 0.0110033
6.36665 0.0102477 0.0109373
6.37382 0.0101778 0.0108714
6.38101 0.0101081 0.0108057
6.38823 0.0100384 0.0107401
6.39547 0.00996887 0.0106747
6.40274 0.00989943 0.0106094
6.41004 0.00983011 0.0105443
6.41736 0.00976089 0.0104793
6.42471 0.00969178 0.0104145
6.43209 0.00962277 0.0103498
6.43949 0.00955388 0.0102853
6.44693 0.00948509 0.0102209
6.45439 0.00941641 0.0101567
6.46187 0.00934783 0.0100926
6.46939 0.00927937 0.0100287
6.47693 0.009211 0.00996491
6.48451 0.00914274 0.00990129
6.49211 0.00907459 0.00983783
6.49974 0.00900653 0.00977452
6.5074 0.00893859 0.00971136
6.51509 0.00887074 0.00964836
6.52281 0.008803 0.0095855
6.53056 0.00873535 0.00952281
6.53834 0.00866781 0.00946026
6.54615 0.00860037 0.00939787
6.55399 0.00853303 0.00933563
6.56186 0.00846579 0.00927355
6.56977 0.00839865 0.00921162
6.5777 0.0083316 0.00914985
6.58567 0.00826466 0.00908823
6.59367 0.00819781 0.00902676
6.6017 0.00813105 0.00896545
6.60977 0.0080644 0.0089043
6.61787 0.00799783 0.0088433
6.626 0.00793137 0.00878246
6.63417 0.00786499 0.00872178
6.64236 0.00779871 0.00866125
6.6506 0.00773252 0.00860088
6.65887 0.00766642 0.00854066
6.66717 0.00760041 0.00848061
6.67551 0.00753449 0.00842071
6.68388 0.00746866 0.00836097
6.69229 0.00740292 0.00830139
6.70073 0.00733727 0.00824196
6.70922 0.0072717 0.0081827
6.71773 0.00720622 0.00812359
6.72629 0.00714083 0.00806465
6.73488 0.00707551 0.00800586
6.74351 0.00701028 0.00794724
6.75218 0.00694514 0.00788877
6.76089 0.00688007 0.00783047
6.76963 0.00681509 0.00777233
6.77842 0.00675018 0.00771435
6.78724 0.00668535 0.00765653
6.79611 0.0066206 0.00759887
6.80501 0.00655592 0.00754138
6.81395 0.00649132 0.00748405
6.82294 0.0064268 0.00742688
6.83197 0.00636234 0.00736988
6.84103 0.00629796 0.00731304
6.85015 0.00623365 0.00725637
6.8593 0.0061694 0.00719986
6.86849 0.00610523 0.00714352
6.87773 0.00604112 0.00708734
6.88702 0.00597708 0.00703134
6.89634 0.0059131 0.00697549
6.90571 0.00584918 0.00691982
6.91513 0.00578533 0.00686432
6.92459 0.00572154 0.00680898
6.9341 0.0056578 0.00675381
6.94365 0.00559412 0.00669882
6.95325 0.0055305 0.00664399
6.9629 0.00546693 0.00658933
6.97259 0.00540342 0.00653485
6.98234 0.00533996 0.00648054
6.99213 0.00527654 0.0064264
7.00196 0.00521318 0.00637243
7.01185 0.00514986 0.00631864
7.02179 0.00508659 0.00626503
7.03178 0.00502335 0.00621159
7.04182 0.00496017 0.00615832
7.05191 0.00489702 0.00610524
7.06205 0.0048339 0.00605233
7.07224 0.00477083 0.0059996
7.08248 0.00470779 0.00594705
7.09278 0.00464478 0.00589468
7.10313 0.0045818 0.00584249
7.11354 0.00451885 0.00579049
7.124 0.00445593 0.00573867
7.13451 0.00439303 0.00568703
7.14508 0.00433015 0.00563558
7.1557 0.0042673 0.00558431
7.16638 0.00420446 0.00553323
7.17712 0.00414164 0.00548234
7.18791 0.00407883 0.00543164
7.19877 0.00401604 0.00538113
7.20967 0.00395325 0.00533082
7.22064 0.00389047 0.00528069
7.23167 0.0038277 0.00523077
7.24275 0.00376493 0.00518104
7.2539 0.00370217 0.0051315
7.2651 0.0036394 0.00508217
7.27636 0.00357662 0.00503303
7.28769 0.00351385 0.0049841
7.29907 0.00345106 0.00493537
7.31052 0.00338826 0.00488685
7.32203 0.00332545 0.00483854
7.3336 0.00326262 0.00479043
7.34523 0.00319978 0.00474254
7.35693 0.00313691 0.00469486
7.36869 0.00307402 0.0046474
7.38051 0.00301111 0.00460015
7.39239 0.00294817 0.00455312
7.40434 0.0028852 0.00450632
7.41635 0.0028222 0.00445974
7.42843 0.00275917 0.00441338
7.44057 0.0026961 0.00436726
7.45277 0.00263299 0.00432137
7.46504 0.00256984 0.00427571
7.47736 0.00250664 0.00423029
7.48976 0.00244341 0.00418511
7.50222 0.00238012 0.00414018
7.51474 0.00231679 0.00409549
7.52732 0.00225341 0.00405105
7.53996 0.00218998 0.00400686
7.55267 0.00212649 0.00396293
7.56544 0.00206295 0.00391926
7.57827 0.00199935 0.00387586
7.59117 0.00193569 0.00383272
7.60412 0.00187198 0.00378985
7.61713 0.0018082 0.00374726
7.6302 0.00174437 0.00370495
7.64333 0.00168047 0.00366292
7.65651 0.00161652 0.00362117
7.66975 0.0015525 0.00357972
7.68305 0.00148842 0.00353857
7.6964 0.00142428 0.00349771
7.7098 0.00136008 0.00345716
7.72325 0.00129582 0.00341692
7.73675 0.0012315 0.00337699
7.7503 0.00116712 0.00333739
7.76389 0.00110268 0.0032981
7.77753 0.00103819 0.00325915
7.79121 0.000973647 0.00322052
7.80493 0.00090905 0.00318224
7.81868 0.000844404 0.00314429
7.83247 0.000779711 0.0031067
7.8463 0.000714973 0.00306945
7.86015 0.000650195 0.00303256
7.87404 0.000585379 0.00299603
7.88795 0.000520528 0.00295987
7.90188 0.000455647 0.00292408
7.91583 0.000390738 0.00288866
7.9298 0.000325807 0.00285361
7.94378 0.000260858 0.00281895
7.95777 0.000195894 0.00278467
7.97178 0.000130921 0.00275079
7.98578 6.59426e-05 0.00271729
7.99979 9.64125e-07 0.00268419
8 3.27767e-09 0.0026837


