# parameter = 10
0.0001 9.999e-05 9.999e-05
0.0501 0.0475904 0.0476518
0.1001 0.0903289 0.0905652
0.1501 0.128747 0.129179
0.2001 0.16318 0.163812
0.2501 0.193933 0.194759
0.3001 0.221287 0.222297
0.3501 0.245503 0.246687
0.4001 0.266824 0.268168
0.4501 0.285476 0.286968
0.5001 0.301669 0.303296
0.5501 0.315599 0.317348
0.6001 0.32745 0.329309
0.6501 0.337391 0.339348
0.7001 0.345581 0.347625
0.7501 0.352168 0.354287
0.8001 0.357288 0.359472
0.8501 0.361069 0.363309
0.9001 0.36363 0.365917
0.9501 0.365082 0.367406
1.0001 0.365525 0.367879
1.0501 0.365056 0.367433
1.1001 0.363762 0.366155
1.1501 0.361725 0.364128
1.2001 0.359021 0.361427
1.2501 0.35572 0.358124
1.3001 0.351885 0.354283
1.3501 0.347579 0.349965
1.4001 0.342854 0.345226
1.4501 0.337763 0.340116
1.5001 0.332353 0.334684
1.5501 0.326667 0.328973
1.6001 0.320744 0.323022
1.6501 0.314622 0.31687
1.7001 0.308333 0.310549
1.7501 0.301909 0.304091
1.8001 0.295378 0.297525
1.8501 0.288766 0.290875
1.9001 0.282096 0.284167
1.9501 0.275389 0.277421
2.0001 0.268665 0.270657
2.0501 0.261941 0.263893
2.1001 0.255234 0.257145
2.1501 0.248558 0.250428
2.2001 0.241926 0.243754
2.2501 0.235349 0.237135
2.3001 0.228838 0.230582
2.3501 0.222401 0.224105
2.4001 0.216048 0.21771
2.4501 0.209786 0.211407
2.5001 0.20362 0.2052
2.5501 0.197556 0.199096
2.6001 0.191599 0.193099
2.6501 0.185753 0.187214
2.7001 0.180021 0.181443
2.7501 0.174406 0.17579
2.8001 0.16891 0.170257
2.8501 0.163535 0.164846
2.9001 0.158282 0.159557
2.9501 0.153152 0.154392
3.0001 0.148146 0.149351
3.0501 0.143263 0.144435
3.1001 0.138504 0.139643
3.1501 0.133868 0.134975
3.2001 0.129354 0.13043
3.2501 0.124962 0.126007
3.3001 0.12069 0.121706
3.3501 0.116537 0.117524
3.4001 0.112501 0.113461
3.4501 0.108581 0.109515
3.5001 0.104776 0.105683
3.5501 0.101083 0.101965
3.6001 0.0975 0.0983583
3.6501 0.0940258 0.0948607
3.7001 0.0906579 0.0914704
3.7501 0.0873943 0.0881851
3.8001 0.0842326 0.0850027
3.8501 0.0811709 0.0819209
3.9001 0.0782067 0.0789376
3.9501 0.0753378 0.0760504
4.0001 0.0725619 0.0732571
4.0501 0.0698769 0.0705553
4.1001 0.0672803 0.0679428
4.1501 0.0647699 0.0654174
4.2001 0.0623434 0.0629766
4.2501 0.0599987 0.0606184
4.3001 0.0577334 0.0583403
4.3501 0.0555453 0.0561403
4.4001 0.0534323 0.0540161
4.4501 0.0513922 0.0519656
4.5001 0.0494229 0.0499866
4.5501 0.0475223 0.048077
4.6001 0.0456882 0.0462348
4.6501 0.0439188 0.044458
4.7001 0.042212 0.0427444
4.7501 0.0405658 0.0410923
4.8001 0.0389783 0.0394997
4.8501 0.0374478 0.0379646
4.9001 0.0359722 0.0364854
4.9501 0.0345499 0.0350601
5.0001 0.0331791 0.033687
5.0501 0.0318581 0.0323645
5.1001 0.0305852 0.0310909
5.1501 0.0293588 0.0298645
5.2001 0.0281774 0.0286838
5.2501 0.0270392 0.0275472
5.3001 0.025943 0.0264533
5.3501 0.0248871 0.0254005
5.4001 0.0238702 0.0243875
5.4501 0.0228909 0.0234129
5.5001 0.0219479 0.0224754
5.5501 0.0210397 0.0215736
5.6001 0.0201652 0.0207063
5.6501 0.0193232 0.0198723
5.7001 0.0185123 0.0190704
5.7501 0.0177315 0.0182995
5.8001 0.0169796 0.0175584
5.8501 0.0162556 0.016846
5.9001 0.0155583 0.0161614
5.9501 0.0148867 0.0155035
6.0001 0.0142398 0.0148713
6.0501 0.0136166 0.0142639
6.1001 0.0130163 0.0136803
6.1501 0.0124378 0.0131198
6.2001 0.0118803 0.0125814
6.2501 0.011343 0.0120643
6.3001 0.0108249 0.0115677
6.3501 0.0103253 0.0110909
6.4001 0.00984338 0.0106331
6.4501 0.00937839 0.0101935
6.5001 0.00892958 0.00977153
6.5501 0.00849622 0.00936646
6.6001 0.00807763 0.00897767
6.6501 0.00767311 0.00860452
6.7001 0.00728201 0.00824641
6.7501 0.00690368 0.00790276
6.8001 0.00653749 0.00757303
6.8501 0.00618285 0.00725665
6.9001 0.00583915 0.00695312
6.9501 0.00550582 0.00666194
7.0001 0.0051823 0.00638263
7.0501 0.00486803 0.00611471
7.1001 0.00456248 0.00585774
7.1501 0.00426512 0.0056113
7.2001 0.00397544 0.00537495
7.2501 0.00369295 0.00514832
7.3001 0.00341714 0.00493101
7.3501 0.00314753 0.00472265
7.4001 0.00288365 0.00452288
7.4501 0.00262504 0.00433136
7.5001 0.00237122 0.00414777
7.5501 0.00212175 0.00397179
7.6001 0.00187619 0.0038031
7.6501 0.00163407 0.00364142
7.7001 0.00139498 0.00348647
7.7501 0.00115847 0.00333796
7.8001 0.000924105 0.00319565
7.8501 0.00069146 0.00305929
7.9001 0.000460104 0.00292862
7.9501 0.000229607 0.00280342
8 -1.44119e-09 0.0026837


# parameter = 1
0.0001 9.999e-05 9.999e-05
0.0501 0.0475904 0.0476518
0.1001 0.0903289 0.0905652
0.1501 0.128747 0.129179
0.2001 0.16318 0.163812
0.2501 0.193933 0.194759
0.3001 0.221287 0.222297
0.3501 0.245503 0.246687
0.4001 0.266824 0.268168
0.4501 0.285476 0.286968
0.5001 0.301669 0.303296
0.5501 0.315599 0.317348
0.6001 0.32745 0.329309
0.6501 0.337391 0.339348
0.7001 0.345581 0.347625
0.7501 0.352168 0.354287
0.8001 0.357288 0.359472
0.8501 0.361069 0.363309
0.9001 0.36363 0.365917
0.9501 0.365082 0.367406
1.0001 0.365525 0.367879
1.0501 0.365056 0.367433
1.1001 0.363762 0.366155
1.1501 0.361725 0.364128
1.2001 0.359021 0.361427
1.2501 0.35572 0.358124
1.3001 0.351885 0.354283
1.3501 0.347579 0.349965
1.4001 0.342854 0.345226
1.4501 0.337763 0.340116
1.5001 0.332353 0.334684
1.5501 0.326667 0.328973
1.6001 0.320744 0.323022
1.6501 0.314622 0.31687
1.7001 0.308333 0.310549
1.7501 0.301909 0.304091
1.8001 0.295378 0.297525
1.8501 0.288766 0.290875
1.9001 0.282096 0.284167
1.9501 0.275389 0.277421
2.0001 0.268665 0.270657
2.0501 0.261941 0.263893
2.1001 0.255234 0.257145
2.1501 0.248558 0.250428
2.2001 0.241926 0.243754
2.2501 0.235349 0.237135
2.3001 0.228838 0.230582
2.3501 0.222401 0.224105
2.4001 0.216048 0.21771
2.4501 0.209786 0.211407
2.5001 0.20362 0.2052
2.5501 0.197556 0.199096
2.6001 0.191599 0.193099
2.6501 0.185753 0.187214
2.7001 0.180021 0.181443
2.7501 0.174406 0.17579
2.8001 0.16891 0.170257
2.8501 0.163535 0.164846
2.9001 0.158282 0.159557
2.9501 0.153152 0.154392
3.0001 0.148146 0.149351
3.0501 0.143263 0.144435
3.1001 0.138504 0.139643
3.1501 0.133868 0.134975
3.2001 0.129354 0.13043
3.2501 0.124962 0.126007
3.3001 0.12069 0.121706
3.3501 0.116537 0.117524
3.4001 0.112501 0.113461
3.4501 0.108581 0.109515
3.5001 0.104776 0.105683
3.5501 0.101083 0.101965
3.6001 0.0975 0.0983583
3.6501 0.0940258 0.0948607
3.7001 0.0906579 0.0914704
3.7501 0.0873943 0.0881851
3.8001 0.0842326 0.0850027
3.8501 0.0811709 0.0819209
3.9001 0.0782067 0.0789376
3.9501 0.0753378 0.0760504
4.0001 0.0725619 0.0732571
4.0501 0.0698769 0.0705553
4.1001 0.0672803 0.0679428
4.1501 0.0647699 0.0654174
4.2001 0.0623434 0.0629766
4.2501 0.0599987 0.0606184
4.3001 0.0577334 0.0583403
4.3501 0.0555453 0.0561403
4.4001 0.0534323 0.0540161
4.4501 0.0513922 0.0519656
4.5001 0.0494229 0.0499866
4.5501 0.0475223 0.048077
4.6001 0.0456882 0.0462348
4.6501 0.0439188 0.044458
4.7001 0.042212 0.0427444
4.7501 0.0405658 0.0410923
4.8001 0.0389783 0.0394997
4.8501 0.0374478 0.0379646
4.9001 0.0359722 0.0364854
4.9501 0.0345499 0.0350601
5.0001 0.0331791 0.033687
5.0501 0.0318581 0.0323645
5.1001 0.0305852 0.0310909
5.1501 0.0293588 0.0298645
5.2001 0.0281774 0.0286838
5.2501 0.0270392 0.0275472
5.3001 0.025943 0.0264533
5.3501 0.0248871 0.0254005
5.4001 0.0238702 0.0243875
5.4501 0.0228909 0.0234129
5.5001 0.0219479 0.0224754
5.5501 0.0210397 0.0215736
5.6001 0.0201652 0.0207063
5.6501 0.0193232 0.0198723
5.7001 0.0185123 0.0190704
5.7501 0.0177315 0.0182995
5.8001 0.0169796 0.0175584
5.8501 0.0162556 0.016846
5.9001 0.0155583 0.0161614
5.9501 0.0148867 0.0155035
6.0001 0.0142398 0.0148713
6.0501 0.0136166 0.0142639
6.1001 0.0130163 0.0136803
6.1501 0.0124378 0.0131198
6.2001 0.0118803 0.0125814
6.2501 0.011343 0.0120643
6.3001 0.0108249 0.0115677
6.3501 0.0103253 0.0110909
6.4001 0.00984338 0.0106331
6.4501 0.00937839 0.0101935
6.5001 0.00892958 0.00977153
6.5501 0.00849622 0.00936646
6.6001 0.00807763 0.00897767
6.6501 0.00767311 0.00860452
6.7001 0.00728201 0.00824641
6.7501 0.00690368 0.00790276
6.8001 0.00653749 0.00757303
6.8501 0.00618285 0.00725665
6.9001 0.00583915 0.00695312
6.9501 0.00550582 0.00666194
7.0001 0.0051823 0.00638263
7.0501 0.00486803 0.00611471
7.1001 0.00456248 0.00585774
7.1501 0.00426512 0.0056113
7.2001 0.00397544 0.00537495
7.2501 0.00369295 0.00514832
7.3001 0.00341714 0.00493101
7.3501 0.00314753 0.00472265
7.4001 0.00288365 0.00452288
7.4501 0.00262504 0.00433136
7.5001 0.00237122 0.00414777
7.5501 0.00212175 0.00397179
7.6001 0.00187619 0.0038031
7.6501 0.00163407 0.00364142
7.7001 0.00139498 0.00348647
7.7501 0.00115847 0.00333796
7.8001 0.000924105 0.00319565
7.8501 0.00069146 0.00305929
7.9001 0.000460104 0.00292862
7.9501 0.000229607 0.00280342
8 -1.44119e-09 0.0026837


# parameter = 0.1
0.0001 9.999e-05 9.999e-05
0.0501 0.0475904 0.0476518
0.1001 0.0903289 0.0905652
0.1501 0.128747 0.129179
0.2001 0.16318 0.163812
0.2501 0.193933 0.194759
0.3001 0.221287 0.222297
0.3501 0.245503 0.246687
0.4001 0.266824 0.268168
0.4501 0.285476 0.286968
0.5001 0.301669 0.303296
0.5501 0.315599 0.317348
0.6001 0.32745 0.329309
0.6501 0.337391 0.339348
0.7001 0.345581 0.347625
0.7501 0.352168 0.354287
0.8001 0.357288 0.359472
0.8501 0.361069 0.363309
0.9001 0.36363 0.365917
0.9501 0.365082 0.367406
1.0001 0.365525 0.367879
1.0501 0.365056 0.367433
1.1001 0.363762 0.366155
1.1501 0.361725 0.364128
1.2001 0.359021 0.361427
1.2501 0.35572 0.358124
1.3001 0.351885 0.354283
1.3501 0.347579 0.349965
1.4001 0.342854 0.345226
1.4501 0.337763 0.340116
1.5001 0.332353 0.334684
1.5501 0.326667 0.328973
1.6001 0.320744 0.323022
1.6501 0.314622 0.31687
1.7001 0.308333 0.310549
1.7501 0.301909 0.304091
1.8001 0.295378 0.297525
1.8501 0.288766 0.290875
1.9001 0.282096 0.284167
1.9501 0.275389 0.277421
2.0001 0.268665 0.270657
2.0501 0.261941 0.263893
2.1001 0.255234 0.257145
2.1501 0.248558 0.250428
2.2001 0.241926 0.243754
2.2501 0.235349 0.237135
2.3001 0.228838 0.230582
2.3501 0.222401 0.224105
2.4001 0.216048 0.21771
2.4501 0.209786 0.211407
2.5001 0.20362 0.2052
2.5501 0.197556 0.199096
2.6001 0.191599 0.193099
2.6501 0.185753 0.187214
2.7001 0.180021 0.181443
2.7501 0.174406 0.17579
2.8001 0.16891 0.170257
2.8501 0.163535 0.164846
2.9001 0.158282 0.159557
2.9501 0.153152 0.154392
3.0001 0.148146 0.149351
3.0501 0.143263 0.144435
3.1001 0.138504 0.139643
3.1501 0.133868 0.134975
3.2001 0.129354 0.13043
3.2501 0.124962 0.126007
3.3001 0.12069 0.121706
3.3501 0.116537 0.117524
3.4001 0.112501 0.113461
3.4501 0.108581 0.109515
3.5001 0.104776 0.105683
3.5501 0.101083 0.101965
3.6001 0.0975 0.0983583
3.6501 0.0940258 0.0948607
3.7001 0.0906579 0.0914704
3.7501 0.0873943 0.0881851
3.8001 0.0842326 0.0850027
3.8501 0.0811709 0.0819209
3.9001 0.0782067 0.0789376
3.9501 0.0753378 0.0760504
4.0001 0.0725619 0.0732571
4.0501 0.0698769 0.0705553
4.1001 0.0672803 0.0679428
4.1501 0.0647699 0.0654174
4.2001 0.0623434 0.0629766
4.2501 0.0599987 0.0606184
4.3001 0.0577334 0.0583403
4.3501 0.0555453 0.0561403
4.4001 0.0534323 0.0540161
4.4501 0.0513922 0.0519656
4.5001 0.0494229 0.0499866
4.5501 0.0475223 0.048077
4.6001 0.0456882 0.0462348
4.6501 0.0439188 0.044458
4.7001 0.042212 0.0427444
4.7501 0.0405658 0.0410923
4.8001 0.0389783 0.0394997
4.8501 0.0374478 0.0379646
4.9001 0.0359722 0.0364854
4.9501 0.0345499 0.0350601
5.0001 0.0331791 0.033687
5.0501 0.0318581 0.0323645
5.1001 0.0305852 0.0310909
5.1501 0.0293588 0.0298645
5.2001 0.0281774 0.0286838
5.2501 0.0270392 0.0275472
5.3001 0.025943 0.0264533
5.3501 0.0248871 0.0254005
5.4001 0.0238702 0.0243875
5.4501 0.0228909 0.0234129
5.5001 0.0219479 0.0224754
5.5501 0.0210397 0.0215736
5.6001 0.0201652 0.0207063
5.6501 0.0193232 0.0198723
5.7001 0.0185123 0.0190704
5.7501 0.0177315 0.0182995
5.8001 0.0169796 0.0175584
5.8501 0.0162556 0.016846
5.9001 0.0155583 0.0161614
5.9501 0.0148867 0.0155035
6.0001 0.0142398 0.0148713
6.0501 0.0136166 0.0142639
6.1001 0.0130163 0.0136803
6.1501 0.0124378 0.0131198
6.2001 0.0118803 0.0125814
6.2501 0.011343 0.0120643
6.3001 0.0108249 0.0115677
6.3501 0.0103253 0.0110909
6.4001 0.00984338 0.0106331
6.4501 0.00937839 0.0101935
6.5001 0.00892958 0.00977153
6.5501 0.00849622 0.00936646
6.6001 0.00807763 0.00897767
6.6501 0.00767311 0.00860452
6.7001 0.00728201 0.00824641
6.7501 0.00690368 0.00790276
6.8001 0.00653749 0.00757303
6.8501 0.00618285 0.00725665
6.9001 0.00583915 0.00695312
6.9501 0.00550582 0.00666194
7.0001 0.0051823 0.00638263
7.0501 0.00486803 0.00611471
7.1001 0.00456248 0.00585774
7.1501 0.00426512 0.0056113
7.2001 0.00397544 0.00537495
7.2501 0.00369295 0.00514832
7.3001 0.00341714 0.00493101
7.3501 0.00314753 0.00472265
7.4001 0.00288365 0.00452288
7.4501 0.00262504 0.00433136
7.5001 0.00237122 0.00414777
7.5501 0.00212175 0.00397179
7.6001 0.00187619 0.0038031
7.6501 0.00163407 0.00364142
7.7001 0.00139498 0.00348647
7.7501 0.00115847 0.00333796
7.8001 0.000924105 0.00319565
7.8501 0.00069146 0.00305929
7.9001 0.000460104 0.00292862
7.9501 0.000229607 0.00280342
8 -1.44119e-09 0.0026837


# parameter = 1e-05
0.0001 9.999e-05 9.999e-05
0.000289906 0.000289822 0.000289822
0.00046231 0.000462097 0.000462097
0.000628575 0.00062818 0.00062818
0.000789614 0.00078899 0.00078899
0.000946738 0.000945842 0.000945842
0.00110104 0.00109983 0.00109983
0.00125333 0.00125176 0.00125176
0.00140419 0.00140222 0.00140222
0.00155401 0.0015516 0.0015516
0.00170308 0.00170019 0.00170019
0.0018516 0.00184818 0.00184818
0.00199971 0.00199571 0.00199571
0.00214749 0.00214288 0.00214288
0.00229502 0.00228976 0.00228976
0.00244236 0.0024364 0.0024364
0.00258953 0.00258283 0.00258283
0.00273656 0.00272908 0.00272908
0.00288348 0.00287518 0.00287518
0.0030303 0.00302113 0.00302113
0.00317703 0.00316695 0.00316695
0.00332369 0.00331266 0.00331266
0.00347027 0.00345825 0.00345825
0.0036168 0.00360374 0.00360374
0.00376327 0.00374913 0.00374913
0.00390969 0.00389443 0.00389443
0.00405606 0.00403964 0.00403964
0.00420238 0.00418476 0.00418476
0.00434867 0.0043298 0.0043298
0.00449491 0.00447476 0.00447476
0.00464113 0.00461964 0.00461964
0.0047873 0.00476444 0.00476444
0.00493345 0.00490917 0.00490917
0.00507956 0.00505383 0.00505383
0.00522565 0.00519841 0.00519841
0.00537171 0.00534293 0.00534293
0.00551774 0.00548738 0.00548738
0.00566375 0.00563176 0.00563176
0.00580974 0.00577608 0.00577608
0.0059557 0.00592033 0.00592033
0.00610164 0.00606452 0.00606452
0.00624756 0.00620865 0.00620865
0.00639346 0.00635271 0.00635271
0.00653934 0.00649671 0.00649671
0.0066852 0.00664065 0.00664065
0.00683104 0.00678453 0.00678453
0.00697686 0.00692835 0.00692836
0.00712267 0.00707212 0.00707212
0.00726846 0.00721582 0.00721582
0.00741423 0.00735946 0.00735947
0.00755999 0.00750305 0.00750305
0.00770573 0.00764658 0.00764658
0.00785146 0.00779006 0.00779006
0.00799717 0.00793347 0.00793347
0.00814287 0.00807683 0.00807683
0.00828855 0.00822014 0.00822014
0.00843422 0.00836339 0.00836339
0.00857988 0.00850658 0.00850658
0.00872552 0.00864972 0.00864972
0.00887115 0.0087928 0.0087928
0.00901677 0.00893583 0.00893583
0.00916238 0.00907881 0.00907881
0.00930797 0.00922173 0.00922173
0.00945355 0.0093646 0.0093646
0.00959912 0.00950742 0.00950742
0.00974468 0.00965018 0.00965018
0.00989022 0.00979289 0.00979289
0.0100358 0.00993554 0.00993554
0.0101813 0.0100781 0.0100781
0.0103268 0.0102207 0.0102207
0.0104723 0.0103632 0.0103632
0.0106178 0.0105056 0.0105056
0.0107633 0.010648 0.010648
0.0109087 0.0107904 0.0107904
0.0110542 0.0109327 0.0109327
0.0111996 0.0110749 0.0110749
0.0113451 0.0112171 0.0112171
0.0114905 0.0113592 0.0113592
0.0116359 0.0115013 0.0115013
0.0117813 0.0116433 0.0116433
0.0119267 0.0117853 0.0117853
0.0120721 0.0119273 0.0119273
0.0122175 0.0120691 0.0120691
0.0123629 0.012211 0.012211
0.0125082 0.0123527 0.0123527
0.0126536 0.0124945 0.0124945
0.0127989 0.0126362 0.0126362
0.0129443 0.0127778 0.0127778
0.0130896 0.0129194 0.0129194
0.0132349 0.0130609 0.0130609
0.0133802 0.0132024 0.0132024
0.0135255 0.0133438 0.0133438
0.0136708 0.0134852 0.0134852
0.0138161 0.0136265 0.0136265
0.0139613 0.0137678 0.0137678
0.0141066 0.013909 0.013909
0.0142519 0.0140502 0.0140502
0.0143971 0.0141913 0.0141913
0.0145423 0.0143324 0.0143324
0.0146876 0.0144734 0.0144734
0.0148328 0.0146144 0.0146144
0.014978 0.0147553 0.0147553
0.0151232 0.0148962 0.0148962
0.0152684 0.015037 0.015037
0.0154136 0.0151778 0.0151778
0.0155588 0.0153186 0.0153186
0.0157039 0.0154593 0.0154593
0.0158491 0.0155999 0.0155999
0.0159943 0.0157405 0.0157405
0.0161394 0.015881 0.015881
0.0162846 0.0160215 0.0160215
0.0164297 0.016162 0.016162
0.0165748 0.0163023 0.0163023
0.0167199 0.0164427 0.0164427
0.016865 0.016583 0.016583
0.0170101 0.0167232 0.0167232
0.0171552 0.0168634 0.0168634
0.0173003 0.0170036 0.0170036
0.0174454 0.0171437 0.0171437
0.0175905 0.0172837 0.0172837
0.0177355 0.0174237 0.0174237
0.0178806 0.0175637 0.0175637
0.0180256 0.0177036 0.0177036
0.0181707 0.0178435 0.0178435
0.0183157 0.0179833 0.0179833
0.0184607 0.0181231 0.0181231
0.0186057 0.0182628 0.0182628
0.0187508 0.0184024 0.0184024
0.0188958 0.0185421 0.0185421
0.0190408 0.0186816 0.0186816
0.0191857 0.0188212 0.0188212
0.0193307 0.0189606 0.0189606
0.0194757 0.0191001 0.0191001
0.0196207 0.0192394 0.0192395
0.0197656 0.0193788 0.0193788
0.0199106 0.0195181 0.0195181
0.0200555 0.0196573 0.0196573
0.0202005 0.0197965 0.0197965
0.0203454 0.0199356 0.0199356
0.0204903 0.0200747 0.0200747
0.0206352 0.0202138 0.0202138
0.0207801 0.0203528 0.0203528
0.0209251 0.0204917 0.0204917
0.0210699 0.0206306 0.0206306
0.0212148 0.0207695 0.0207695
0.0213597 0.0209083 0.0209083
0.0215046 0.0210471 0.0210471
0.0216495 0.0211858 0.0211858
0.0217943 0.0213245 0.0213245
0.0219392 0.0214631 0.0214631
0.022084 0.0216017 0.0216017
0.0222289 0.0217402 0.0217402
0.0223737 0.0218787 0.0218787
0.0225185 0.0220171 0.0220171
0.0226633 0.0221555 0.0221555
0.0228082 0.0222938 0.0222938
0.022953 0.0224321 0.0224321
0.0230978 0.0225704 0.0225704
0.0232426 0.0227086 0.0227086
0.0233873 0.0228467 0.0228467
0.0235321 0.0229848 0.0229848
0.0236769 0.0231229 0.0231229
0.0238217 0.0232609 0.0232609
0.0239664 0.0233988 0.0233989
0.0241112 0.0235368 0.0235368
0.0242559 0.0236746 0.0236746
0.0244006 0.0238125 0.0238125
0.0245454 0.0239502 0.0239502
0.0246901 0.024088 0.024088
0.0248348 0.0242256 0.0242256
0.0249795 0.0243633 0.0243633
0.0251242 0.0245009 0.0245009
0.0252689 0.0246384 0.0246384
0.0254136 0.0247759 0.0247759
0.0255583 0.0249134 0.0249134
0.025703 0.0250508 0.0250508
0.0258477 0.0251881 0.0251881
0.0259923 0.0253254 0.0253254
0.026137 0.0254627 0.0254627
0.0262816 0.0255999 0.0255999
0.0264263 0.0257371 0.0257371
0.0265709 0.0258742 0.0258742
0.0267156 0.0260113 0.0260113
0.0268602 0.0261483 0.0261483
0.0270048 0.0262853 0.0262853
0.0271494 0.0264222 0.0264222
0.027294 0.0265591 0.0265591
0.0274386 0.026696 0.026696
0.0275832 0.0268328 0.0268328
0.0277278 0.0269695 0.0269695
0.0278724 0.0271062 0.0271062
0.028017 0.0272429 0.0272429
0.0281615 0.0273795 0.0273795
0.0283061 0.0275161 0.0275161
0.0284506 0.0276526 0.0276526
0.0285952 0.0277891 0.0277891
0.0287397 0.0279255 0.0279255
0.0288843 0.0280619 0.0280619
0.0290288 0.0281982 0.0281982
0.0291733 0.0283345 0.0283345
0.0293178 0.0284708 0.0284708
0.0294623 0.028607 0.028607
0.0296068 0.0287431 0.0287431
0.0297513 0.0288792 0.0288792
0.0298958 0.0290153 0.0290153
0.0300403 0.0291513 0.0291513
0.0301848 0.0292873 0.0292873
0.0303293 0.0294232 0.0294232
0.0304737 0.0295591 0.0295591
0.0306182 0.0296949 0.0296949
0.0307626 0.0298307 0.0298307
0.0309071 0.0299665 0.0299665
0.0310515 0.0301021 0.0301022
0.031196 0.0302378 0.0302378
0.0313404 0.0303734 0.0303734
0.0314848 0.030509 0.030509
0.0316292 0.0306445 0.0306445
0.0317736 0.0307799 0.0307799
0.031918 0.0309154 0.0309154
0.0320624 0.0310507 0.0310507
0.0322068 0.0311861 0.0311861
0.0323512 0.0313214 0.0313214
0.0324956 0.0314566 0.0314566
0.03264 0.0315918 0.0315918
0.0327843 0.0317269 0.0317269
0.0329287 0.031862 0.031862
0.033073 0.0319971 0.0319971
0.0332174 0.0321321 0.0321321
0.0333617 0.0322671 0.0322671
0.0335061 0.032402 0.032402
0.0336504 0.0325369 0.0325369
0.0337947 0.0326717 0.0326717
0.033939 0.0328065 0.0328065
0.0340833 0.0329412 0.0329412
0.0342276 0.0330759 0.0330759
0.0343719 0.0332106 0.0332106
0.0345162 0.0333452 0.0333452
0.0346605 0.0334797 0.0334797
0.0348048 0.0336142 0.0336142
0.0349491 0.0337487 0.0337487
0.0350933 0.0338831 0.0338831
0.0352376 0.0340175 0.0340175
0.0353818 0.0341518 0.0341518
0.0355261 0.0342861 0.0342861
0.0356703 0.0344204 0.0344204
0.0358146 0.0345546 0.0345546
0.0359588 0.0346887 0.0346887
0.036103 0.0348228 0.0348228
0.0362472 0.0349569 0.0349569
0.0363914 0.0350909 0.0350909
0.0365356 0.0352249 0.0352249
0.0366798 0.0353588 0.0353588
0.036824 0.0354927 0.0354927
0.0369682 0.0356265 0.0356265
0.0371124 0.0357603 0.0357603
0.0372566 0.0358941 0.0358941
0.0374007 0.0360278 0.0360278
0.0375449 0.0361614 0.0361614
0.0376891 0.036295 0.036295
0.0378332 0.0364286 0.0364286
0.0379774 0.0365621 0.0365621
0.0381215 0.0366956 0.0366956
0.0382656 0.036829 0.036829
0.0384098 0.0369624 0.0369624
0.0385539 0.0370958 0.0370958
0.038698 0.0372291 0.0372291
0.0388421 0.0373623 0.0373623
0.0389862 0.0374955 0.0374955
0.0391303 0.0376287 0.0376287
0.0392744 0.0377618 0.0377618
0.0394185 0.0378949 0.0378949
0.0395625 0.0380279 0.0380279
0.0397066 0.0381609 0.0381609
0.0398507 0.0382938 0.0382938
0.0399947 0.0384267 0.0384267
0.0401388 0.0385596 0.0385596
0.0402829 0.0386924 0.0386924
0.0404269 0.0388251 0.0388252
0.0405709 0.0389579 0.0389579
0.040715 0.0390905 0.0390905
0.040859 0.0392232 0.0392232
0.041003 0.0393558 0.0393558
0.041147 0.0394883 0.0394883
0.041291 0.0396208 0.0396208
0.041435 0.0397532 0.0397532
0.041579 0.0398856 0.0398856
0.041723 0.040018 0.040018
0.041867 0.0401503 0.0401503
0.042011 0.0402826 0.0402826
0.0421549 0.0404148 0.0404148
0.0422989 0.040547 0.040547
0.0424429 0.0406791 0.0406792
0.0425868 0.0408112 0.0408112
0.0427308 0.0409433 0.0409433
0.0428747 0.0410753 0.0410753
0.0430186 0.0412073 0.0412073
0.0431626 0.0413392 0.0413392
0.0433065 0.0414711 0.0414711
0.0434504 0.0416029 0.0416029
0.0435943 0.0417347 0.0417347
0.0437382 0.0418664 0.0418664
0.0438821 0.0419981 0.0419981
0.044026 0.0421298 0.0421298
0.0441699 0.0422614 0.0422614
0.0443138 0.0423929 0.0423929
0.0444577 0.0425245 0.0425245
0.0446015 0.0426559 0.0426559
0.0447454 0.0427874 0.0427874
0.0448893 0.0429188 0.0429188
0.0450331 0.0430501 0.0430501
0.045177 0.0431814 0.0431814
0.0453208 0.0433127 0.0433127
0.0454646 0.0434439 0.0434439
0.0456085 0.043575 0.043575
0.0457523 0.0437062 0.0437062
0.0458961 0.0438372 0.0438373
0.0460399 0.0439683 0.0439683
0.0461837 0.0440993 0.0440993
0.0463275 0.0442302 0.0442302
0.0464713 0.0443611 0.0443611
0.0466151 0.044492 0.044492
0.0467589 0.0446228 0.0446228
0.0469027 0.0447536 0.0447536
0.0470464 0.0448843 0.0448843
0.0471902 0.045015 0.045015
0.047334 0.0451456 0.0451456
0.0474777 0.0452762 0.0452762
0.0476215 0.0454068 0.0454068
0.0477652 0.0455373 0.0455373
0.0479089 0.0456678 0.0456678
0.0480527 0.0457982 0.0457982
0.0481964 0.0459286 0.0459286
0.0483401 0.0460589 0.0460589
0.0484838 0.0461892 0.0461892
0.0486275 0.0463195 0.0463195
0.0487712 0.0464497 0.0464497
0.0489149 0.0465798 0.0465798
0.0490586 0.0467099 0.0467099
0.0492023 0.04684 0.04684
0.049346 0.04697 0.0469701
0.0494896 0.0471 0.0471
0.0496333 0.04723 0.04723
0.049777 0.0473599 0.0473599
0.0499206 0.0474897 0.0474897
0.0500643 0.0476195 0.0476196
0.0502079 0.0477493 0.0477493
0.0503516 0.047879 0.0478791
0.0504952 0.0480087 0.0480087
0.0506388 0.0481384 0.0481384
0.0507824 0.048268 0.048268
0.0509261 0.0483975 0.0483975
0.0510697 0.048527 0.048527
0.0512133 0.0486565 0.0486565
0.0513569 0.0487859 0.0487859
0.0515005 0.0489153 0.0489153
0.051644 0.0490446 0.0490446
0.0517876 0.0491739 0.0491739
0.0519312 0.0493032 0.0493032
0.0520748 0.0494324 0.0494324
0.0522183 0.0495615 0.0495616
0.0523619 0.0496907 0.0496907
0.0525054 0.0498197 0.0498197
0.052649 0.0499488 0.0499488
0.0527925 0.0500778 0.0500778
0.0529361 0.0502067 0.0502067
0.0530796 0.0503356 0.0503356
0.0532231 0.0504645 0.0504645
0.0533666 0.0505933 0.0505933
0.0535102 0.0507221 0.0507221
0.0536537 0.0508508 0.0508508
0.0537972 0.0509795 0.0509795
0.0539407 0.0511081 0.0511081
0.0540841 0.0512367 0.0512367
0.0542276 0.0513653 0.0513653
0.0543711 0.0514938 0.0514938
0.0545146 0.0516223 0.0516223
0.054658 0.0517507 0.0517507
0.0548015 0.0518791 0.0518791
0.054945 0.0520074 0.0520075
0.0550884 0.0521357 0.0521358
0.0552319 0.052264 0.052264
0.0553753 0.0523922 0.0523922
0.0555187 0.0525204 0.0525204
0.0556622 0.0526485 0.0526485
0.0558056 0.0527766 0.0527766
0.055949 0.0529047 0.0529047
0.0560924 0.0530327 0.0530327
0.0562358 0.0531606 0.0531606
0.0563792 0.0532885 0.0532885
0.0565226 0.0534164 0.0534164
0.056666 0.0535442 0.0535442
0.0568094 0.053672 0.053672
0.0569527 0.0537998 0.0537998
0.0570961 0.0539275 0.0539275
0.0572395 0.0540551 0.0540551
0.0573828 0.0541827 0.0541827
0.0575262 0.0543103 0.0543103
0.0576695 0.0544378 0.0544379
0.0578129 0.0545653 0.0545653
0.0579562 0.0546928 0.0546928
0.0580996 0.0548202 0.0548202
0.0582429 0.0549475 0.0549475
0.0583862 0.0550749 0.0550749
0.0585295 0.0552021 0.0552021
0.0586728 0.0553294 0.0553294
0.0588161 0.0554566 0.0554566
0.0589594 0.0555837 0.0555837
0.0591027 0.0557108 0.0557108
0.059246 0.0558379 0.0558379
0.0593893 0.0559649 0.0559649
0.0595326 0.0560919 0.0560919
0.0596758 0.0562188 0.0562188
0.0598191 0.0563457 0.0563457
0.0599624 0.0564725 0.0564726
0.0601056 0.0565994 0.0565994
0.0602489 0.0567261 0.0567261
0.0603921 0.0568528 0.0568529
0.0605353 0.0569795 0.0569795
0.0606786 0.0571062 0.0571062
0.0608218 0.0572328 0.0572328
0.060965 0.0573593 0.0573593
0.0611082 0.0574858 0.0574858
0.0612515 0.0576123 0.0576123
0.0613947 0.0577387 0.0577387
0.0615379 0.0578651 0.0578651
0.061681 0.0579914 0.0579915
0.0618242 0.0581177 0.0581178
0.0619674 0.058244 0.058244
0.0621106 0.0583702 0.0583702
0.0622538 0.0584964 0.0584964
0.0623969 0.0586225 0.0586225
0.0625401 0.0587486 0.0587486
0.0626832 0.0588747 0.0588747
0.0628264 0.0590007 0.0590007
0.0629695 0.0591266 0.0591266
0.0631127 0.0592525 0.0592526
0.0632558 0.0593784 0.0593784
0.0633989 0.0595043 0.0595043
0.063542 0.0596301 0.0596301
0.0636852 0.0597558 0.0597558
0.0638283 0.0598815 0.0598815
0.0639714 0.0600072 0.0600072
0.0641145 0.0601328 0.0601328
0.0642576 0.0602584 0.0602584
0.0644007 0.0603839 0.0603839
0.0645437 0.0605094 0.0605094
0.0646868 0.0606349 0.0606349
0.0648299 0.0607603 0.0607603
0.064973 0.0608857 0.0608857
0.065116 0.061011 0.061011
0.0652591 0.0611363 0.0611363
0.0654021 0.0612616 0.0612616
0.0655452 0.0613868 0.0613868
0.0656882 0.0615119 0.0615119
0.0658312 0.061637 0.0616371
0.0659743 0.0617621 0.0617621
0.0661173 0.0618872 0.0618872
0.0662603 0.0620122 0.0620122
0.0664033 0.0621371 0.0621371
0.0665463 0.062262 0.062262
0.0666893 0.0623869 0.0623869
0.0668323 0.0625117 0.0625117
0.0669753 0.0626365 0.0626365
0.0671183 0.0627613 0.0627613
0.0672613 0.062886 0.062886
0.0674042 0.0630106 0.0630107
0.0675472 0.0631353 0.0631353
0.0676902 0.0632598 0.0632599
0.0678331 0.0633844 0.0633844
0.0679761 0.0635089 0.0635089
0.068119 0.0636333 0.0636333
0.068262 0.0637577 0.0637578
0.0684049 0.0638821 0.0638821
0.0685478 0.0640065 0.0640065
0.0686908 0.0641307 0.0641307
0.0688337 0.064255 0.064255
0.0689766 0.0643792 0.0643792
0.0691195 0.0645034 0.0645034
0.0692624 0.0646275 0.0646275
0.0694053 0.0647516 0.0647516
0.0695482 0.0648756 0.0648756
0.0696911 0.0649996 0.0649996
0.069834 0.0651236 0.0651236
0.0699768 0.0652475 0.0652475
0.0701197 0.0653714 0.0653714
0.0702626 0.0654952 0.0654952
0.0704054 0.065619 0.065619
0.0705483 0.0657427 0.0657427
0.0706911 0.0658664 0.0658664
0.070834 0.0659901 0.0659901
0.0709768 0.0661137 0.0661137
0.0711197 0.0662373 0.0662373
0.0712625 0.0663609 0.0663609
0.0714053 0.0664844 0.0664844
0.0715481 0.0666078 0.0666078
0.0716909 0.0667312 0.0667312
0.0718337 0.0668546 0.0668546
0.0719765 0.066978 0.066978
0.0721193 0.0671013 0.0671013
0.0722621 0.0672245 0.0672245
0.0724049 0.0673477 0.0673477
0.0725477 0.0674709 0.0674709
0.0726905 0.067594 0.067594
0.0728332 0.0677171 0.0677171
0.072976 0.0678402 0.0678402
0.0731188 0.0679632 0.0679632
0.0732615 0.0680861 0.0680861
0.0734043 0.0682091 0.0682091
0.073547 0.068332 0.068332
0.0736897 0.0684548 0.0684548
0.0738325 0.0685776 0.0685776
0.0739752 0.0687004 0.0687004
0.0741179 0.0688231 0.0688231
0.0742606 0.0689458 0.0689458
0.0744033 0.0690684 0.0690684
0.074546 0.069191 0.069191
0.0746887 0.0693136 0.0693136
0.0748314 0.0694361 0.0694361
0.0749741 0.0695585 0.0695586
0.0751168 0.069681 0.069681
0.0752595 0.0698034 0.0698034
0.0754022 0.0699257 0.0699257
0.0755448 0.070048 0.070048
0.0756875 0.0701703 0.0701703
0.0758301 0.0702925 0.0702925
0.0759728 0.0704147 0.0704147
0.0761154 0.0705369 0.0705369
0.0762581 0.070659 0.070659
0.0764007 0.070781 0.0707811
0.0765433 0.0709031 0.0709031
0.076686 0.0710251 0.0710251
0.0768286 0.071147 0.071147
0.0769712 0.0712689 0.0712689
0.0771138 0.0713908 0.0713908
0.0772564 0.0715126 0.0715126
0.077399 0.0716344 0.0716344
0.0775416 0.0717561 0.0717561
0.0776842 0.0718778 0.0718778
0.0778268 0.0719995 0.0719995
0.0779694 0.0721211 0.0721211
0.0781119 0.0722427 0.0722427
0.0782545 0.0723642 0.0723642
0.0783971 0.0724857 0.0724857
0.0785396 0.0726072 0.0726072
0.0786822 0.0727286 0.0727286
0.0788247 0.0728499 0.07285
0.0789673 0.0729713 0.0729713
0.0791098 0.0730926 0.0730926
0.0792523 0.0732138 0.0732138
0.0793949 0.073335 0.0733351
0.0795374 0.0734562 0.0734562
0.0796799 0.0735773 0.0735774
0.0798224 0.0736984 0.0736984
0.0799649 0.0738195 0.0738195
0.0801074 0.0739405 0.0739405
0.0802499 0.0740615 0.0740615
0.0803924 0.0741824 0.0741824
0.0805349 0.0743033 0.0743033
0.0806773 0.0744241 0.0744242
0.0808198 0.0745449 0.074545
0.0809623 0.0746657 0.0746657
0.0811048 0.0747864 0.0747865
0.0812472 0.0749071 0.0749071
0.0813897 0.0750278 0.0750278
0.0815321 0.0751484 0.0751484
0.0816746 0.075269 0.075269
0.081817 0.0753895 0.0753895
0.0819594 0.07551 0.07551
0.0821018 0.0756304 0.0756304
0.0822443 0.0757508 0.0757508
0.0823867 0.0758712 0.0758712
0.0825291 0.0759915 0.0759915
0.0826715 0.0761118 0.0761118
0.0828139 0.076232 0.0762321
0.0829563 0.0763522 0.0763523
0.0830987 0.0764724 0.0764724
0.0832411 0.0765925 0.0765925
0.0833834 0.0767126 0.0767126
0.0835258 0.0768327 0.0768327
0.0836682 0.0769527 0.0769527
0.0838106 0.0770726 0.0770726
0.0839529 0.0771926 0.0771926
0.0840953 0.0773124 0.0773125
0.0842376 0.0774323 0.0774323
0.08438 0.0775521 0.0775521
0.0845223 0.0776719 0.0776719
0.0846646 0.0777916 0.0777916
0.084807 0.0779113 0.0779113
0.0849493 0.0780309 0.0780309
0.0850916 0.0781505 0.0781505
0.0852339 0.0782701 0.0782701
0.0853762 0.0783896 0.0783896
0.0855185 0.0785091 0.0785091
0.0856608 0.0786285 0.0786285
0.0858031 0.0787479 0.0787479
0.0859454 0.0788673 0.0788673
0.0860877 0.0789866 0.0789866
0.08623 0.0791059 0.0791059
0.0863722 0.0792252 0.0792252
0.0865145 0.0793444 0.0793444
0.0866568 0.0794635 0.0794635
0.086799 0.0795827 0.0795827
0.0869413 0.0797017 0.0797018
0.0870835 0.0798208 0.0798208
0.0872258 0.0799398 0.0799398
0.087368 0.0800588 0.0800588
0.0875102 0.0801777 0.0801777
0.0876524 0.0802966 0.0802966
0.0877947 0.0804154 0.0804154
0.0879369 0.0805342 0.0805342
0.0880791 0.080653 0.080653
0.0882213 0.0807717 0.0807717
0.0883635 0.0808904 0.0808904
0.0885057 0.0810091 0.0810091
0.0886479 0.0811277 0.0811277
0.0887901 0.0812462 0.0812463
0.0889322 0.0813648 0.0813648
0.0890744 0.0814833 0.0814833
0.0892166 0.0816017 0.0816017
0.0893588 0.0817201 0.0817201
0.0895009 0.0818385 0.0818385
0.0896431 0.0819568 0.0819568
0.0897852 0.0820751 0.0820751
0.0899274 0.0821934 0.0821934
0.0900695 0.0823116 0.0823116
0.0902116 0.0824298 0.0824298
0.0903538 0.0825479 0.0825479
0.0904959 0.082666 0.082666
0.090638 0.0827841 0.0827841
0.0907801 0.0829021 0.0829021
0.0909222 0.0830201 0.0830201
0.0910643 0.083138 0.083138
0.0912064 0.0832559 0.0832559
0.0913485 0.0833738 0.0833738
0.0914906 0.0834916 0.0834916
0.0916327 0.0836094 0.0836094
0.0917748 0.0837271 0.0837271
0.0919169 0.0838448 0.0838448
0.0920589 0.0839625 0.0839625
0.092201 0.0840801 0.0840801
0.092343 0.0841977 0.0841977
0.0924851 0.0843152 0.0843152
0.0926272 0.0844327 0.0844327
0.0927692 0.0845502 0.0845502
0.0929112 0.0846676 0.0846676
0.0930533 0.084785 0.084785
0.0931953 0.0849024 0.0849024
0.0933373 0.0850197 0.0850197
0.0934793 0.0851369 0.0851369
0.0936214 0.0852542 0.0852542
0.0937634 0.0853714 0.0853714
0.0939054 0.0854885 0.0854885
0.0940474 0.0856056 0.0856056
0.0941894 0.0857227 0.0857227
0.0943313 0.0858397 0.0858398
0.0944733 0.0859567 0.0859567
0.0946153 0.0860737 0.0860737
0.0947573 0.0861906 0.0861906
0.0948992 0.0863075 0.0863075
0.0950412 0.0864243 0.0864243
0.0951832 0.0865411 0.0865411
0.0953251 0.0866579 0.0866579
0.0954671 0.0867746 0.0867746
0.095609 0.0868913 0.0868913
0.095751 0.0870079 0.087008
0.0958929 0.0871246 0.0871246
0.0960348 0.0872411 0.0872411
0.0961767 0.0873577 0.0873577
0.0963187 0.0874741 0.0874742
0.0964606 0.0875906 0.0875906
0.0966025 0.087707 0.087707
0.0967444 0.0878234 0.0878234
0.0968863 0.0879397 0.0879397
0.0970282 0.088056 0.088056
0.0971701 0.0881723 0.0881723
0.097312 0.0882885 0.0882885
0.0974538 0.0884047 0.0884047
0.0975957 0.0885208 0.0885208
0.0977376 0.0886369 0.0886369
0.0978794 0.088753 0.088753
0.0980213 0.088869 0.088869
0.0981632 0.088985 0.088985
0.098305 0.0891009 0.0891009
0.0984469 0.0892168 0.0892169
0.0985887 0.0893327 0.0893327
0.0987305 0.0894485 0.0894486
0.0988724 0.0895643 0.0895644
0.0990142 0.0896801 0.0896801
0.099156 0.0897958 0.0897958
0.0992978 0.0899115 0.0899115
0.0994396 0.0900271 0.0900271
0.0995814 0.0901427 0.0901427
0.0997232 0.0902583 0.0902583
0.099865 0.0903738 0.0903738
0.100007 0.0904893 0.0904893
0.100149 0.0906047 0.0906047
0.10029 0.0907201 0.0907202
0.100432 0.0908355 0.0908355
0.100574 0.0909508 0.0909508
0.100716 0.0910661 0.0910661
0.100857 0.0911814 0.0911814
0.100999 0.0912966 0.0912966
0.101141 0.0914118 0.0914118
0.101283 0.0915269 0.0915269
0.101424 0.091642 0.091642
0.101566 0.0917571 0.0917571
0.101708 0.0918721 0.0918721
0.10185 0.0919871 0.0919871
0.101991 0.092102 0.092102
0.102133 0.0922169 0.0922169
0.102275 0.0923318 0.0923318
0.102417 0.0924466 0.0924466
0.102558 0.0925614 0.0925614
0.1027 0.0926762 0.0926762
0.102842 0.0927909 0.0927909
0.102983 0.0929056 0.0929056
0.103125 0.0930202 0.0930202
0.103267 0.0931348 0.0931348
0.103408 0.0932494 0.0932494
0.10355 0.0933639 0.0933639
0.103692 0.0934784 0.0934784
0.103833 0.0935928 0.0935928
0.103975 0.0937072 0.0937072
0.104117 0.0938216 0.0938216
0.104258 0.0939359 0.0939359
0.1044 0.0940502 0.0940502
0.104542 0.0941645 0.0941645
0.104683 0.0942787 0.0942787
0.104825 0.0943929 0.0943929
0.104966 0.094507 0.094507
0.105108 0.0946211 0.0946211
0.10525 0.0947352 0.0947352
0.105391 0.0948492 0.0948492
0.105533 0.0949632 0.0949632
0.105674 0.0950772 0.0950772
0.105816 0.0951911 0.0951911
0.105958 0.0953049 0.095305
0.106099 0.0954188 0.0954188
0.106241 0.0955326 0.0955326
0.106382 0.0956463 0.0956464
0.106524 0.0957601 0.0957601
0.106666 0.0958738 0.0958738
0.106807 0.0959874 0.0959874
0.106949 0.096101 0.096101
0.10709 0.0962146 0.0962146
0.107232 0.0963281 0.0963281
0.107373 0.0964416 0.0964416
0.107515 0.0965551 0.0965551
0.107656 0.0966685 0.0966685
0.107798 0.0967819 0.0967819
0.107939 0.0968952 0.0968952
0.108081 0.0970085 0.0970085
0.108222 0.0971218 0.0971218
0.108364 0.097235 0.097235
0.108505 0.0973482 0.0973482
0.108647 0.0974614 0.0974614
0.108788 0.0975745 0.0975745
0.10893 0.0976876 0.0976876
0.109071 0.0978006 0.0978006
0.109213 0.0979136 0.0979136
0.109354 0.0980266 0.0980266
0.109496 0.0981395 0.0981395
0.109637 0.0982524 0.0982524
0.109779 0.0983653 0.0983653
0.10992 0.0984781 0.0984781
0.110062 0.0985909 0.0985909
0.110203 0.0987036 0.0987036
0.110345 0.0988163 0.0988163
0.110486 0.098929 0.098929
0.110627 0.0990416 0.0990416
0.110769 0.0991542 0.0991542
0.11091 0.0992667 0.0992668
0.111052 0.0993793 0.0993793
0.111193 0.0994917 0.0994918
0.111334 0.0996042 0.0996042
0.111476 0.0997166 0.0997166
0.111617 0.0998289 0.099829
0.111759 0.0999413 0.0999413
0.1119 0.100054 0.100054
0.112041 0.100166 0.100166
0.112183 0.100278 0.100278
0.112324 0.10039 0.10039
0.112466 0.100502 0.100502
0.112607 0.100614 0.100614
0.112748 0.100727 0.100727
0.11289 0.100839 0.100839
0.113031 0.100951 0.100951
0.113172 0.101062 0.101063
0.113314 0.101174 0.101174
0.113455 0.101286 0.101286
0.113596 0.101398 0.101398
0.113738 0.10151 0.10151
0.113879 0.101622 0.101622
0.11402 0.101733 0.101733
0.114162 0.101845 0.101845
0.114303 0.101957 0.101957
0.114444 0.102068 0.102068
0.114586 0.10218 0.10218
0.114727 0.102292 0.102292
0.114868 0.102403 0.102403
0.115009 0.102514 0.102515
0.115151 0.102626 0.102626
0.115292 0.102737 0.102737
0.115433 0.102849 0.102849
0.115574 0.10296 0.10296
0.115716 0.103071 0.103071
0.115857 0.103183 0.103183
0.115998 0.103294 0.103294
0.11614 0.103405 0.103405
0.116281 0.103516 0.103516
0.116422 0.103627 0.103627
0.116563 0.103738 0.103738
0.116704 0.103849 0.103849
0.116846 0.10396 0.10396
0.116987 0.104071 0.104071
0.117128 0.104182 0.104182
0.117269 0.104293 0.104293
0.117411 0.104404 0.104404
0.117552 0.104515 0.104515
0.117693 0.104625 0.104625
0.117834 0.104736 0.104736
0.117975 0.104847 0.104847
0.118117 0.104957 0.104957
0.118258 0.105068 0.105068
0.118399 0.105179 0.105179
0.11854 0.105289 0.105289
0.118681 0.1054 0.1054
0.118822 0.10551 0.10551
0.118964 0.105621 0.105621
0.119105 0.105731 0.105731
0.119246 0.105841 0.105841
0.119387 0.105952 0.105952
0.119528 0.106062 0.106062
0.119669 0.106172 0.106172
0.11981 0.106282 0.106282
0.119951 0.106393 0.106393
0.120093 0.106503 0.106503
0.120234 0.106613 0.106613
0.120375 0.106723 0.106723
0.120516 0.106833 0.106833
0.120657 0.106943 0.106943
0.120798 0.107053 0.107053
0.120939 0.107163 0.107163
0.12108 0.107273 0.107273
0.121221 0.107382 0.107383
0.121362 0.107492 0.107492
0.121504 0.107602 0.107602
0.121645 0.107712 0.107712
0.121786 0.107821 0.107822
0.121927 0.107931 0.107931
0.122068 0.108041 0.108041
0.122209 0.10815 0.10815
0.12235 0.10826 0.10826
0.122491 0.108369 0.108369
0.122632 0.108479 0.108479
0.122773 0.108588 0.108588
0.122914 0.108698 0.108698
0.123055 0.108807 0.108807
0.123196 0.108916 0.108916
0.123337 0.109026 0.109026
0.123478 0.109135 0.109135
0.123619 0.109244 0.109244
0.12376 0.109353 0.109353
0.123901 0.109463 0.109463
0.124042 0.109572 0.109572
0.124183 0.109681 0.109681
0.124324 0.10979 0.10979
0.124465 0.109899 0.109899
0.124606 0.110008 0.110008
0.124747 0.110117 0.110117
0.124888 0.110226 0.110226
0.125029 0.110334 0.110334
0.12517 0.110443 0.110443
0.125311 0.110552 0.110552
0.125452 0.110661 0.110661
0.125593 0.11077 0.11077
0.125734 0.110878 0.110878
0.125875 0.110987 0.110987
0.126016 0.111095 0.111095
0.126157 0.111204 0.111204
0.126297 0.111313 0.111313
0.126438 0.111421 0.111421
0.126579 0.11153 0.11153
0.12672 0.111638 0.111638
0.126861 0.111746 0.111746
0.127002 0.111855 0.111855
0.127143 0.111963 0.111963
0.127284 0.112071 0.112071
0.127425 0.11218 0.11218
0.127566 0.112288 0.112288
0.127706 0.112396 0.112396
0.127847 0.112504 0.112504
0.127988 0.112612 0.112612
0.128129 0.11272 0.11272
0.12827 0.112828 0.112828
0.128411 0.112936 0.112936
0.128552 0.113044 0.113044
0.128692 0.113152 0.113152
0.128833 0.11326 0.11326
0.128974 0.113368 0.113368
0.129115 0.113476 0.113476
0.129256 0.113583 0.113583
0.129397 0.113691 0.113691
0.129537 0.113799 0.113799
0.129678 0.113906 0.113907
0.129819 0.114014 0.114014
0.12996 0.114122 0.114122
0.130101 0.114229 0.114229
0.130241 0.114337 0.114337
0.130382 0.114444 0.114444
0.130523 0.114552 0.114552
0.130664 0.114659 0.114659
0.130805 0.114767 0.114767
0.130945 0.114874 0.114874
0.131086 0.114981 0.114981
0.131227 0.115088 0.115088
0.131368 0.115196 0.115196
0.131508 0.115303 0.115303
0.131649 0.11541 0.11541
0.13179 0.115517 0.115517
0.131931 0.115624 0.115624
0.132071 0.115731 0.115731
0.132212 0.115838 0.115838
0.132353 0.115945 0.115945
0.132494 0.116052 0.116052
0.132634 0.116159 0.116159
0.132775 0.116266 0.116266
0.132916 0.116373 0.116373
0.133057 0.11648 0.11648
0.133197 0.116587 0.116587
0.133338 0.116693 0.116693
0.133479 0.1168 0.1168
0.133619 0.116907 0.116907
0.13376 0.117013 0.117013
0.133901 0.11712 0.11712
0.134041 0.117226 0.117226
0.134182 0.117333 0.117333
0.134323 0.117439 0.117439
0.134463 0.117546 0.117546
0.134604 0.117652 0.117652
0.134745 0.117759 0.117759
0.134885 0.117865 0.117865
0.135026 0.117971 0.117971
0.135167 0.118078 0.118078
0.135307 0.118184 0.118184
0.135448 0.11829 0.11829
0.135589 0.118396 0.118396
0.135729 0.118502 0.118502
0.13587 0.118608 0.118608
0.136011 0.118715 0.118715
0.136151 0.118821 0.118821
0.136292 0.118927 0.118927
0.136432 0.119032 0.119033
0.136573 0.119138 0.119138
0.136714 0.119244 0.119244
0.136854 0.11935 0.11935
0.136995 0.119456 0.119456
0.137135 0.119562 0.119562
0.137276 0.119667 0.119668
0.137417 0.119773 0.119773
0.137557 0.119879 0.119879
0.137698 0.119984 0.119985
0.137838 0.12009 0.12009
0.137979 0.120196 0.120196
0.138119 0.120301 0.120301
0.13826 0.120407 0.120407
0.1384 0.120512 0.120512
0.138541 0.120618 0.120618
0.138682 0.120723 0.120723
0.138822 0.120828 0.120828
0.138963 0.120934 0.120934
0.139103 0.121039 0.121039
0.139244 0.121144 0.121144
0.139384 0.121249 0.121249
0.139525 0.121355 0.121355
0.139665 0.12146 0.12146
0.139806 0.121565 0.121565
0.139946 0.12167 0.12167
0.140087 0.121775 0.121775
0.140227 0.12188 0.12188
0.140368 0.121985 0.121985
0.140508 0.12209 0.12209
0.140649 0.122195 0.122195
0.140789 0.1223 0.1223
0.14093 0.122404 0.122405
0.14107 0.122509 0.122509
0.141211 0.122614 0.122614
0.141351 0.122719 0.122719
0.141492 0.122823 0.122823
0.141632 0.122928 0.122928
0.141772 0.123033 0.123033
0.141913 0.123137 0.123137
0.142053 0.123242 0.123242
0.142194 0.123346 0.123346
0.142334 0.123451 0.123451
0.142475 0.123555 0.123555
0.142615 0.12366 0.12366
0.142755 0.123764 0.123764
0.142896 0.123868 0.123868
0.143036 0.123973 0.123973
0.143177 0.124077 0.124077
0.143317 0.124181 0.124181
0.143457 0.124285 0.124285
0.143598 0.12439 0.12439
0.143738 0.124494 0.124494
0.143879 0.124598 0.124598
0.144019 0.124702 0.124702
0.144159 0.124806 0.124806
0.1443 0.12491 0.12491
0.14444 0.125014 0.125014
0.144581 0.125118 0.125118
0.144721 0.125222 0.125222
0.144861 0.125326 0.125326
0.145002 0.125429 0.125429
0.145142 0.125533 0.125533
0.145282 0.125637 0.125637
0.145423 0.125741 0.125741
0.145563 0.125844 0.125844
0.145703 0.125948 0.125948
0.145844 0.126052 0.126052
0.145984 0.126155 0.126155
0.146124 0.126259 0.126259
0.146265 0.126362 0.126362
0.146405 0.126466 0.126466
0.146545 0.126569 0.126569
0.146686 0.126673 0.126673
0.146826 0.126776 0.126776
0.146966 0.126879 0.126879
0.147106 0.126983 0.126983
0.147247 0.127086 0.127086
0.147387 0.127189 0.127189
0.147527 0.127292 0.127292
0.147668 0.127395 0.127395
0.147808 0.127499 0.127499
0.147948 0.127602 0.127602
0.148088 0.127705 0.127705
0.148229 0.127808 0.127808
0.148369 0.127911 0.127911
0.148509 0.128014 0.128014
0.148649 0.128117 0.128117
0.14879 0.12822 0.12822
0.14893 0.128322 0.128322
0.14907 0.128425 0.128425
0.14921 0.128528 0.128528
0.149351 0.128631 0.128631
0.149491 0.128733 0.128734
0.149631 0.128836 0.128836
0.149771 0.128939 0.128939
0.149912 0.129041 0.129041
0.150052 0.129144 0.129144
0.150192 0.129247 0.129247
0.150332 0.129349 0.129349
0.150472 0.129452 0.129452
0.150613 0.129554 0.129554
0.150753 0.129656 0.129656
0.150893 0.129759 0.129759
0.151033 0.129861 0.129861
0.151173 0.129963 0.129963
0.151313 0.130066 0.130066
0.151454 0.130168 0.130168
0.151594 0.13027 0.13027
0.151734 0.130372 0.130372
0.151874 0.130474 0.130474
0.152014 0.130577 0.130577
0.152154 0.130679 0.130679
0.152295 0.130781 0.130781
0.152435 0.130883 0.130883
0.152575 0.130985 0.130985
0.152715 0.131087 0.131087
0.152855 0.131188 0.131189
0.152995 0.13129 0.13129
0.153135 0.131392 0.131392
0.153275 0.131494 0.131494
0.153416 0.131596 0.131596
0.153556 0.131697 0.131697
0.153696 0.131799 0.131799
0.153836 0.131901 0.131901
0.153976 0.132002 0.132002
0.154116 0.132104 0.132104
0.154256 0.132206 0.132206
0.154396 0.132307 0.132307
0.154536 0.132409 0.132409
0.154676 0.13251 0.13251
0.154817 0.132612 0.132612
0.154957 0.132713 0.132713
0.155097 0.132814 0.132814
0.155237 0.132916 0.132916
0.155377 0.133017 0.133017
0.155517 0.133118 0.133118
0.155657 0.133219 0.133219
0.155797 0.133321 0.133321
0.155937 0.133422 0.133422
0.156077 0.133523 0.133523
0.156217 0.133624 0.133624
0.156357 0.133725 0.133725
0.156497 0.133826 0.133826
0.156637 0.133927 0.133927
0.156777 0.134028 0.134028
0.156917 0.134129 0.134129
0.157057 0.13423 0.13423
0.157197 0.134331 0.134331
0.157337 0.134431 0.134431
0.157477 0.134532 0.134532
0.157617 0.134633 0.134633
0.157757 0.134734 0.134734
0.157897 0.134834 0.134834
0.158037 0.134935 0.134935
0.158177 0.135036 0.135036
0.158317 0.135136 0.135136
0.158457 0.135237 0.135237
0.158597 0.135337 0.135337
0.158737 0.135438 0.135438
0.158877 0.135538 0.135538
0.159017 0.135639 0.135639
0.159157 0.135739 0.135739
0.159297 0.135839 0.135839
0.159437 0.13594 0.13594
0.159577 0.13604 0.13604
0.159717 0.13614 0.13614
0.159857 0.13624 0.13624
0.159997 0.136341 0.136341
0.160137 0.136441 0.136441
0.160276 0.136541 0.136541
0.160416 0.136641 0.136641
0.160556 0.136741 0.136741
0.160696 0.136841 0.136841
0.160836 0.136941 0.136941
0.160976 0.137041 0.137041
0.161116 0.137141 0.137141
0.161256 0.137241 0.137241
0.161396 0.137341 0.137341
0.161536 0.13744 0.13744
0.161676 0.13754 0.13754
0.161815 0.13764 0.13764
0.161955 0.13774 0.13774
0.162095 0.137839 0.137839
0.162235 0.137939 0.137939
0.162375 0.138039 0.138039
0.162515 0.138138 0.138138
0.162655 0.138238 0.138238
0.162795 0.138337 0.138337
0.162934 0.138437 0.138437
0.163074 0.138536 0.138536
0.163214 0.138636 0.138636
0.163354 0.138735 0.138735
0.163494 0.138834 0.138834
0.163634 0.138934 0.138934
0.163773 0.139033 0.139033
0.163913 0.139132 0.139132
0.164053 0.139231 0.139231
0.164193 0.13933 0.139331
0.164333 0.13943 0.13943
0.164473 0.139529 0.139529
0.164612 0.139628 0.139628
0.164752 0.139727 0.139727
0.164892 0.139826 0.139826
0.165032 0.139925 0.139925
0.165172 0.140024 0.140024
0.165311 0.140123 0.140123
0.165451 0.140222 0.140222
0.165591 0.14032 0.140321
0.165731 0.140419 0.140419
0.16587 0.140518 0.140518
0.16601 0.140617 0.140617
0.16615 0.140716 0.140716
0.16629 0.140814 0.140814
0.16643 0.140913 0.140913
0.166569 0.141012 0.141012
0.166709 0.14111 0.14111
0.166849 0.141209 0.141209
0.166989 0.141307 0.141307
0.167128 0.141406 0.141406
0.167268 0.141504 0.141504
0.167408 0.141603 0.141603
0.167548 0.141701 0.141701
0.167687 0.141799 0.141799
0.167827 0.141898 0.141898
0.167967 0.141996 0.141996
0.168106 0.142094 0.142094
0.168246 0.142192 0.142192
0.168386 0.142291 0.142291
0.168526 0.142389 0.142389
0.168665 0.142487 0.142487
0.168805 0.142585 0.142585
0.168945 0.142683 0.142683
0.169084 0.142781 0.142781
0.169224 0.142879 0.142879
0.169364 0.142977 0.142977
0.169503 0.143075 0.143075
0.169643 0.143173 0.143173
0.169783 0.143271 0.143271
0.169922 0.143369 0.143369
0.170062 0.143466 0.143466
0.170202 0.143564 0.143564
0.170341 0.143662 0.143662
0.170481 0.14376 0.14376
0.170621 0.143857 0.143857
0.17076 0.143955 0.143955
0.1709 0.144053 0.144053
0.17104 0.14415 0.14415
0.171179 0.144248 0.144248
0.171319 0.144345 0.144345
0.171459 0.144443 0.144443
0.171598 0.14454 0.14454
0.171738 0.144638 0.144638
0.171877 0.144735 0.144735
0.172017 0.144832 0.144832
0.172157 0.14493 0.14493
0.172296 0.145027 0.145027
0.172436 0.145124 0.145124
0.172576 0.145221 0.145221
0.172715 0.145319 0.145319
0.172855 0.145416 0.145416
0.172994 0.145513 0.145513
0.173134 0.14561 0.14561
0.173273 0.145707 0.145707
0.173413 0.145804 0.145804
0.173553 0.145901 0.145901
0.173692 0.145998 0.145998
0.173832 0.146095 0.146095
0.173971 0.146192 0.146192
0.174111 0.146289 0.146289
0.17425 0.146385 0.146385
0.17439 0.146482 0.146482
0.17453 0.146579 0.146579
0.174669 0.146676 0.146676
0.174809 0.146772 0.146772
0.174948 0.146869 0.146869
0.175088 0.146966 0.146966
0.175227 0.147062 0.147062
0.175367 0.147159 0.147159
0.175506 0.147255 0.147255
0.175646 0.147352 0.147352
0.175785 0.147448 0.147448
0.175925 0.147545 0.147545
0.176064 0.147641 0.147641
0.176204 0.147738 0.147738
0.176344 0.147834 0.147834
0.176483 0.14793 0.14793
0.176623 0.148027 0.148027
0.176762 0.148123 0.148123
0.176902 0.148219 0.148219
0.177041 0.148315 0.148315
0.177181 0.148411 0.148411
0.17732 0.148508 0.148508
0.177459 0.148604 0.148604
0.177599 0.1487 0.1487
0.177738 0.148796 0.148796
0.177878 0.148892 0.148892
0.178017 0.148988 0.148988
0.178157 0.149084 0.149084
0.178296 0.149179 0.14918
0.178436 0.149275 0.149275
0.178575 0.149371 0.149371
0.178715 0.149467 0.149467
0.178854 0.149563 0.149563
0.178994 0.149658 0.149659
0.179133 0.149754 0.149754
0.179272 0.14985 0.14985
0.179412 0.149946 0.149946
0.179551 0.150041 0.150041
0.179691 0.150137 0.150137
0.17983 0.150232 0.150232
0.17997 0.150328 0.150328
0.180109 0.150423 0.150423
0.180248 0.150519 0.150519
0.180388 0.150614 0.150614
0.180527 0.150709 0.15071
0.180667 0.150805 0.150805
0.180806 0.1509 0.1509
0.180945 0.150995 0.150996
0.181085 0.151091 0.151091
0.181224 0.151186 0.151186
0.181364 0.151281 0.151281
0.181503 0.151376 0.151376
0.181642 0.151471 0.151472
0.181782 0.151567 0.151567
0.181921 0.151662 0.151662
0.182061 0.151757 0.151757
0.1822 0.151852 0.151852
0.182339 0.151947 0.151947
0.182479 0.152042 0.152042
0.182618 0.152136 0.152137
0.182757 0.152231 0.152231
0.182897 0.152326 0.152326
0.183036 0.152421 0.152421
0.183175 0.152516 0.152516
0.183315 0.152611 0.152611
0.183454 0.152705 0.152705
0.183593 0.1528 0.1528
0.183733 0.152895 0.152895
0.183872 0.152989 0.152989
0.184011 0.153084 0.153084
0.184151 0.153178 0.153178
0.18429 0.153273 0.153273
0.184429 0.153367 0.153368
0.184569 0.153462 0.153462
0.184708 0.153556 0.153556
0.184847 0.153651 0.153651
0.184987 0.153745 0.153745
0.185126 0.153839 0.15384
0.185265 0.153934 0.153934
0.185404 0.154028 0.154028
0.185544 0.154122 0.154122
0.185683 0.154217 0.154217
0.185822 0.154311 0.154311
0.185962 0.154405 0.154405
0.186101 0.154499 0.154499
0.18624 0.154593 0.154593
0.186379 0.154687 0.154687
0.186519 0.154781 0.154781
0.186658 0.154875 0.154875
0.186797 0.154969 0.154969
0.186936 0.155063 0.155063
0.187076 0.155157 0.155157
0.187215 0.155251 0.155251
0.187354 0.155345 0.155345
0.187493 0.155438 0.155439
0.187633 0.155532 0.155532
0.187772 0.155626 0.155626
0.187911 0.15572 0.15572
0.18805 0.155813 0.155813
0.18819 0.155907 0.155907
0.188329 0.156001 0.156001
0.188468 0.156094 0.156094
0.188607 0.156188 0.156188
0.188747 0.156281 0.156281
0.188886 0.156375 0.156375
0.189025 0.156468 0.156468
0.189164 0.156562 0.156562
0.189303 0.156655 0.156655
0.189443 0.156749 0.156749
0.189582 0.156842 0.156842
0.189721 0.156935 0.156935
0.18986 0.157028 0.157029
0.189999 0.157122 0.157122
0.190139 0.157215 0.157215
0.190278 0.157308 0.157308
0.190417 0.157401 0.157401
0.190556 0.157494 0.157494
0.190695 0.157587 0.157588
0.190834 0.157681 0.157681
0.190974 0.157774 0.157774
0.191113 0.157867 0.157867
0.191252 0.15796 0.15796
0.191391 0.158052 0.158053
0.19153 0.158145 0.158145
0.191669 0.158238 0.158238
0.191808 0.158331 0.158331
0.191948 0.158424 0.158424
0.192087 0.158517 0.158517
0.192226 0.158609 0.15861
0.192365 0.158702 0.158702
0.192504 0.158795 0.158795
0.192643 0.158888 0.158888
0.192782 0.15898 0.15898
0.192922 0.159073 0.159073
0.193061 0.159165 0.159165
0.1932 0.159258 0.159258
0.193339 0.15935 0.15935
0.193478 0.159443 0.159443
0.193617 0.159535 0.159535
0.193756 0.159628 0.159628
0.193895 0.15972 0.15972
0.194034 0.159812 0.159812
0.194174 0.159905 0.159905
0.194313 0.159997 0.159997
0.194452 0.160089 0.160089
0.194591 0.160182 0.160182
0.19473 0.160274 0.160274
0.194869 0.160366 0.160366
0.195008 0.160458 0.160458
0.195147 0.16055 0.16055
0.195286 0.160642 0.160642
0.195425 0.160734 0.160734
0.195564 0.160826 0.160826
0.195703 0.160918 0.160918
0.195842 0.16101 0.16101
0.195981 0.161102 0.161102
0.196121 0.161194 0.161194
0.19626 0.161286 0.161286
0.196399 0.161378 0.161378
0.196538 0.161469 0.16147
0.196677 0.161561 0.161561
0.196816 0.161653 0.161653
0.196955 0.161745 0.161745
0.197094 0.161836 0.161836
0.197233 0.161928 0.161928
0.197372 0.16202 0.16202
0.197511 0.162111 0.162111
0.19765 0.162203 0.162203
0.197789 0.162294 0.162294
0.197928 0.162386 0.162386
0.198067 0.162477 0.162477
0.198206 0.162569 0.162569
0.198345 0.16266 0.16266
0.198484 0.162751 0.162751
0.198623 0.162843 0.162843
0.198762 0.162934 0.162934
0.198901 0.163025 0.163025
0.19904 0.163117 0.163117
0.199179 0.163208 0.163208
0.199318 0.163299 0.163299
0.199457 0.16339 0.16339
0.199596 0.163481 0.163481
0.199735 0.163572 0.163572
0.199874 0.163663 0.163663
0.200013 0.163754 0.163755
0.200152 0.163845 0.163846
0.200291 0.163936 0.163937
0.20043 0.164027 0.164027
0.200569 0.164118 0.164118
0.200708 0.164209 0.164209
0.200847 0.1643 0.1643
0.200986 0.164391 0.164391
0.201124 0.164482 0.164482
0.201263 0.164572 0.164572
0.201402 0.164663 0.164663
0.201541 0.164754 0.164754
0.20168 0.164845 0.164845
0.201819 0.164935 0.164935
0.201958 0.165026 0.165026
0.202097 0.165116 0.165116
0.202236 0.165207 0.165207
0.202375 0.165297 0.165297
0.202514 0.165388 0.165388
0.202653 0.165478 0.165478
0.202792 0.165569 0.165569
0.202931 0.165659 0.165659
0.203069 0.16575 0.16575
0.203208 0.16584 0.16584
0.203347 0.16593 0.16593
0.203486 0.16602 0.166021
0.203625 0.166111 0.166111
0.203764 0.166201 0.166201
0.203903 0.166291 0.166291
0.204042 0.166381 0.166381
0.204181 0.166471 0.166472
0.204319 0.166562 0.166562
0.204458 0.166652 0.166652
0.204597 0.166742 0.166742
0.204736 0.166832 0.166832
0.204875 0.166922 0.166922
0.205014 0.167012 0.167012
0.205153 0.167101 0.167102
0.205292 0.167191 0.167191
0.20543 0.167281 0.167281
0.205569 0.167371 0.167371
0.205708 0.167461 0.167461
0.205847 0.167551 0.167551
0.205986 0.16764 0.16764
0.206125 0.16773 0.16773
0.206263 0.16782 0.16782
0.206402 0.167909 0.167909
0.206541 0.167999 0.167999
0.20668 0.168089 0.168089
0.206819 0.168178 0.168178
0.206958 0.168268 0.168268
0.207096 0.168357 0.168357
0.207235 0.168447 0.168447
0.207374 0.168536 0.168536
0.207513 0.168626 0.168626
0.207652 0.168715 0.168715
0.207791 0.168804 0.168804
0.207929 0.168894 0.168894
0.208068 0.168983 0.168983
0.208207 0.169072 0.169072
0.208346 0.169161 0.169161
0.208485 0.169251 0.169251
0.208623 0.16934 0.16934
0.208762 0.169429 0.169429
0.208901 0.169518 0.169518
0.20904 0.169607 0.169607
0.209179 0.169696 0.169696
0.209317 0.169785 0.169785
0.209456 0.169874 0.169874
0.209595 0.169963 0.169963
0.209734 0.170052 0.170052
0.209872 0.170141 0.170141
0.210011 0.17023 0.17023
0.21015 0.170319 0.170319
0.210289 0.170407 0.170408
0.210427 0.170496 0.170496
0.210566 0.170585 0.170585
0.210705 0.170674 0.170674
0.210844 0.170762 0.170762
0.210983 0.170851 0.170851
0.211121 0.17094 0.17094
0.21126 0.171028 0.171028
0.211399 0.171117 0.171117
0.211537 0.171205 0.171206
0.211676 0.171294 0.171294
0.211815 0.171382 0.171383
0.211954 0.171471 0.171471
0.212092 0.171559 0.171559
0.212231 0.171648 0.171648
0.21237 0.171736 0.171736
0.212509 0.171824 0.171825
0.212647 0.171913 0.171913
0.212786 0.172001 0.172001
0.212925 0.172089 0.172089
0.213063 0.172178 0.172178
0.213202 0.172266 0.172266
0.213341 0.172354 0.172354
0.21348 0.172442 0.172442
0.213618 0.17253 0.17253
0.213757 0.172618 0.172618
0.213896 0.172706 0.172706
0.214034 0.172794 0.172794
0.214173 0.172882 0.172882
0.214312 0.17297 0.17297
0.21445 0.173058 0.173058
0.214589 0.173146 0.173146
0.214728 0.173234 0.173234
0.214866 0.173322 0.173322
0.215005 0.17341 0.17341
0.215144 0.173497 0.173497
0.215282 0.173585 0.173585
0.215421 0.173673 0.173673
0.21556 0.173761 0.173761
0.215698 0.173848 0.173848
0.215837 0.173936 0.173936
0.215976 0.174023 0.174024
0.216114 0.174111 0.174111
0.216253 0.174199 0.174199
0.216392 0.174286 0.174286
0.21653 0.174374 0.174374
0.216669 0.174461 0.174461
0.216808 0.174548 0.174549
0.216946 0.174636 0.174636
0.217085 0.174723 0.174723
0.217224 0.174811 0.174811
0.217362 0.174898 0.174898
0.217501 0.174985 0.174985
0.21764 0.175072 0.175073
0.217778 0.17516 0.17516
0.217917 0.175247 0.175247
0.218055 0.175334 0.175334
0.218194 0.175421 0.175421
0.218333 0.175508 0.175508
0.218471 0.175595 0.175596
0.21861 0.175682 0.175683
0.218748 0.175769 0.17577
0.218887 0.175856 0.175857
0.219026 0.175943 0.175944
0.219164 0.17603 0.17603
0.219303 0.176117 0.176117
0.219441 0.176204 0.176204
0.21958 0.176291 0.176291
0.219719 0.176378 0.176378
0.219857 0.176465 0.176465
0.219996 0.176551 0.176552
0.220134 0.176638 0.176638
0.220273 0.176725 0.176725
0.220412 0.176812 0.176812
0.22055 0.176898 0.176898
0.220689 0.176985 0.176985
0.220827 0.177071 0.177071
0.220966 0.177158 0.177158
0.221104 0.177244 0.177245
0.221243 0.177331 0.177331
0.221382 0.177417 0.177418
0.22152 0.177504 0.177504
0.221659 0.17759 0.17759
0.221797 0.177677 0.177677
0.221936 0.177763 0.177763
0.222074 0.177849 0.17785
0.222213 0.177936 0.177936
0.222351 0.178022 0.178022
0.22249 0.178108 0.178108
0.222628 0.178194 0.178195
0.222767 0.178281 0.178281
0.222906 0.178367 0.178367
0.223044 0.178453 0.178453
0.223183 0.178539 0.178539
0.223321 0.178625 0.178625
0.22346 0.178711 0.178711
0.223598 0.178797 0.178797
0.223737 0.178883 0.178883
0.223875 0.178969 0.178969
0.224014 0.179055 0.179055
0.224152 0.179141 0.179141
0.224291 0.179227 0.179227
0.224429 0.179313 0.179313
0.224568 0.179398 0.179399
0.224706 0.179484 0.179484
0.224845 0.17957 0.17957
0.224983 0.179656 0.179656
0.225122 0.179741 0.179742
0.22526 0.179827 0.179827
0.225399 0.179913 0.179913
0.225537 0.179998 0.179998
0.225676 0.180084 0.180084
0.225814 0.18017 0.18017
0.225953 0.180255 0.180255
0.226091 0.180341 0.180341
0.22623 0.180426 0.180426
0.226368 0.180511 0.180512
0.226507 0.180597 0.180597
0.226645 0.180682 0.180682
0.226784 0.180768 0.180768
0.226922 0.180853 0.180853
0.227061 0.180938 0.180938
0.227199 0.181024 0.181024
0.227338 0.181109 0.181109
0.227476 0.181194 0.181194
0.227614 0.181279 0.181279
0.227753 0.181364 0.181364
0.227891 0.181449 0.18145
0.22803 0.181535 0.181535
0.228168 0.18162 0.18162
0.228307 0.181705 0.181705
0.228445 0.18179 0.18179
0.228584 0.181875 0.181875
0.228722 0.18196 0.18196
0.22886 0.182045 0.182045
0.228999 0.182129 0.18213
0.229137 0.182214 0.182214
0.229276 0.182299 0.182299
0.229414 0.182384 0.182384
0.229553 0.182469 0.182469
0.229691 0.182554 0.182554
0.229829 0.182638 0.182638
0.229968 0.182723 0.182723
0.230106 0.182808 0.182808
0.230245 0.182892 0.182892
0.230383 0.182977 0.182977
0.230522 0.183062 0.183062
0.23066 0.183146 0.183146
0.230798 0.183231 0.183231
0.230937 0.183315 0.183315
0.231075 0.1834 0.1834
0.231214 0.183484 0.183484
0.231352 0.183568 0.183569
0.23149 0.183653 0.183653
0.231629 0.183737 0.183737
0.231767 0.183822 0.183822
0.231906 0.183906 0.183906
0.232044 0.18399 0.18399
0.232182 0.184074 0.184075
0.232321 0.184159 0.184159
0.232459 0.184243 0.184243
0.232597 0.184327 0.184327
0.232736 0.184411 0.184411
0.232874 0.184495 0.184495
0.233013 0.184579 0.184579
0.233151 0.184663 0.184664
0.233289 0.184747 0.184748
0.233428 0.184831 0.184832
0.233566 0.184915 0.184916
0.233704 0.184999 0.184999
0.233843 0.185083 0.185083
0.233981 0.185167 0.185167
0.23412 0.185251 0.185251
0.234258 0.185335 0.185335
0.234396 0.185419 0.185419
0.234535 0.185502 0.185503
0.234673 0.185586 0.185586
0.234811 0.18567 0.18567
0.23495 0.185754 0.185754
0.235088 0.185837 0.185837
0.235226 0.185921 0.185921
0.235365 0.186005 0.186005
0.235503 0.186088 0.186088
0.235641 0.186172 0.186172
0.23578 0.186255 0.186255
0.235918 0.186339 0.186339
0.236056 0.186422 0.186422
0.236195 0.186506 0.186506
0.236333 0.186589 0.186589
0.236471 0.186672 0.186672
0.23661 0.186756 0.186756
0.236748 0.186839 0.186839
0.236886 0.186922 0.186922
0.237025 0.187006 0.187006
0.237163 0.187089 0.187089
0.237301 0.187172 0.187172
0.23744 0.187255 0.187255
0.237578 0.187338 0.187339
0.237716 0.187422 0.187422
0.237854 0.187505 0.187505
0.237993 0.187588 0.187588
0.238131 0.187671 0.187671
0.238269 0.187754 0.187754
0.238408 0.187837 0.187837
0.238546 0.18792 0.18792
0.238684 0.188003 0.188003
0.238823 0.188086 0.188086
0.238961 0.188169 0.188169
0.239099 0.188251 0.188252
0.239237 0.188334 0.188334
0.239376 0.188417 0.188417
0.239514 0.1885 0.1885
0.239652 0.188583 0.188583
0.239791 0.188665 0.188665
0.239929 0.188748 0.188748
0.240067 0.188831 0.188831
0.240205 0.188913 0.188913
0.240344 0.188996 0.188996
0.240482 0.189078 0.189079
0.24062 0.189161 0.189161
0.240758 0.189244 0.189244
0.240897 0.189326 0.189326
0.241035 0.189409 0.189409
0.241173 0.189491 0.189491
0.241311 0.189573 0.189574
0.24145 0.189656 0.189656
0.241588 0.189738 0.189738
0.241726 0.189821 0.189821
0.241864 0.189903 0.189903
0.242003 0.189985 0.189985
0.242141 0.190067 0.190067
0.242279 0.19015 0.19015
0.242417 0.190232 0.190232
0.242556 0.190314 0.190314
0.242694 0.190396 0.190396
0.242832 0.190478 0.190478
0.24297 0.19056 0.19056
0.243109 0.190642 0.190642
0.243247 0.190724 0.190724
0.243385 0.190806 0.190807
0.243523 0.190888 0.190888
0.243662 0.19097 0.19097
0.2438 0.191052 0.191052
0.243938 0.191134 0.191134
0.244076 0.191216 0.191216
0.244214 0.191298 0.191298
0.244353 0.19138 0.19138
0.244491 0.191461 0.191462
0.244629 0.191543 0.191543
0.244767 0.191625 0.191625
0.244906 0.191707 0.191707
0.245044 0.191788 0.191788
0.245182 0.19187 0.19187
0.24532 0.191952 0.191952
0.245458 0.192033 0.192033
0.245597 0.192115 0.192115
0.245735 0.192196 0.192196
0.245873 0.192278 0.192278
0.246011 0.192359 0.192359
0.246149 0.192441 0.192441
0.246288 0.192522 0.192522
0.246426 0.192604 0.192604
0.246564 0.192685 0.192685
0.246702 0.192766 0.192766
0.24684 0.192848 0.192848
0.246978 0.192929 0.192929
0.247117 0.19301 0.19301
0.247255 0.193091 0.193092
0.247393 0.193173 0.193173
0.247531 0.193254 0.193254
0.247669 0.193335 0.193335
0.247808 0.193416 0.193416
0.247946 0.193497 0.193497
0.248084 0.193578 0.193578
0.248222 0.193659 0.19366
0.24836 0.19374 0.193741
0.248498 0.193821 0.193822
0.248637 0.193902 0.193903
0.248775 0.193983 0.193983
0.248913 0.194064 0.194064
0.249051 0.194145 0.194145
0.249189 0.194226 0.194226
0.249327 0.194307 0.194307
0.249465 0.194388 0.194388
0.249604 0.194468 0.194469
0.249742 0.194549 0.194549
0.24988 0.19463 0.19463
0.250018 0.194711 0.194711
0.250156 0.194791 0.194791
0.250294 0.194872 0.194872
0.250433 0.194953 0.194953
0.250571 0.195033 0.195033
0.250709 0.195114 0.195114
0.250847 0.195194 0.195194
0.250985 0.195275 0.195275
0.251123 0.195355 0.195355
0.251261 0.195436 0.195436
0.251399 0.195516 0.195516
0.251538 0.195597 0.195597
0.251676 0.195677 0.195677
0.251814 0.195757 0.195757
0.251952 0.195838 0.195838
0.25209 0.195918 0.195918
0.252228 0.195998 0.195998
0.252366 0.196078 0.196079
0.252504 0.196159 0.196159
0.252643 0.196239 0.196239
0.252781 0.196319 0.196319
0.252919 0.196399 0.196399
0.253057 0.196479 0.196479
0.253195 0.196559 0.196559
0.253333 0.196639 0.19664
0.253471 0.196719 0.19672
0.253609 0.196799 0.1968
0.253747 0.196879 0.19688
0.253886 0.196959 0.19696
0.254024 0.197039 0.197039
0.254162 0.197119 0.197119
0.2543 0.197199 0.197199
0.254438 0.197279 0.197279
0.254576 0.197359 0.197359
0.254714 0.197439 0.197439
0.254852 0.197518 0.197518
0.25499 0.197598 0.197598
0.255128 0.197678 0.197678
0.255267 0.197757 0.197758
0.255405 0.197837 0.197837
0.255543 0.197917 0.197917
0.255681 0.197996 0.197996
0.255819 0.198076 0.198076
0.255957 0.198155 0.198156
0.256095 0.198235 0.198235
0.256233 0.198314 0.198315
0.256371 0.198394 0.198394
0.256509 0.198473 0.198474
0.256647 0.198553 0.198553
0.256785 0.198632 0.198632
0.256924 0.198712 0.198712
0.257062 0.198791 0.198791
0.2572 0.19887 0.19887
0.257338 0.198949 0.19895
0.257476 0.199029 0.199029
0.257614 0.199108 0.199108
0.257752 0.199187 0.199187
0.25789 0.199266 0.199267
0.258028 0.199346 0.199346
0.258166 0.199425 0.199425
0.258304 0.199504 0.199504
0.258442 0.199583 0.199583
0.25858 0.199662 0.199662
0.258718 0.199741 0.199741
0.258856 0.19982 0.19982
0.258994 0.199899 0.199899
0.259133 0.199978 0.199978
0.259271 0.200057 0.200057
0.259409 0.200136 0.200136
0.259547 0.200214 0.200215
0.259685 0.200293 0.200293
0.259823 0.200372 0.200372
0.259961 0.200451 0.200451
0.260099 0.20053 0.20053
0.260237 0.200608 0.200609
0.260375 0.200687 0.200687
0.260513 0.200766 0.200766
0.260651 0.200844 0.200845
0.260789 0.200923 0.200923
0.260927 0.201002 0.201002
0.261065 0.20108 0.20108
0.261203 0.201159 0.201159
0.261341 0.201237 0.201237
0.261479 0.201316 0.201316
0.261617 0.201394 0.201394
0.261755 0.201473 0.201473
0.261893 0.201551 0.201551
0.262031 0.20163 0.20163
0.262169 0.201708 0.201708
0.262307 0.201786 0.201786
0.262445 0.201865 0.201865
0.262583 0.201943 0.201943
0.262721 0.202021 0.202021
0.262859 0.202099 0.202099
0.262997 0.202177 0.202178
0.263135 0.202256 0.202256
0.263273 0.202334 0.202334
0.263411 0.202412 0.202412
0.263549 0.20249 0.20249
0.263687 0.202568 0.202568
0.263825 0.202646 0.202646
0.263963 0.202724 0.202724
0.264101 0.202802 0.202802
0.264239 0.20288 0.20288
0.264377 0.202958 0.202958
0.264515 0.203036 0.203036
0.264653 0.203114 0.203114
0.264791 0.203192 0.203192
0.264929 0.20327 0.20327
0.265067 0.203347 0.203348
0.265205 0.203425 0.203425
0.265343 0.203503 0.203503
0.265481 0.203581 0.203581
0.265619 0.203658 0.203659
0.265757 0.203736 0.203736
0.265895 0.203814 0.203814
0.266033 0.203891 0.203892
0.266171 0.203969 0.203969
0.266309 0.204047 0.204047
0.266447 0.204124 0.204124
0.266585 0.204202 0.204202
0.266723 0.204279 0.204279
0.266861 0.204357 0.204357
0.266999 0.204434 0.204434
0.267137 0.204512 0.204512
0.267275 0.204589 0.204589
0.267413 0.204666 0.204667
0.267551 0.204744 0.204744
0.267689 0.204821 0.204821
0.267827 0.204898 0.204898
0.267965 0.204976 0.204976
0.268103 0.205053 0.205053
0.268241 0.20513 0.20513
0.268379 0.205207 0.205207
0.268517 0.205284 0.205285
0.268655 0.205362 0.205362
0.268793 0.205439 0.205439
0.268931 0.205516 0.205516
0.269069 0.205593 0.205593
0.269207 0.20567 0.20567
0.269345 0.205747 0.205747
0.269483 0.205824 0.205824
0.269621 0.205901 0.205901
0.269759 0.205978 0.205978
0.269897 0.206055 0.206055
0.270035 0.206132 0.206132
0.270173 0.206208 0.206209
0.270311 0.206285 0.206285
0.270448 0.206362 0.206362
0.270586 0.206439 0.206439
0.270724 0.206516 0.206516
0.270862 0.206592 0.206593
0.271 0.206669 0.206669
0.271138 0.206746 0.206746
0.271276 0.206822 0.206823
0.271414 0.206899 0.206899
0.271552 0.206976 0.206976
0.27169 0.207052 0.207052
0.271828 0.207129 0.207129
0.271966 0.207205 0.207205
0.272104 0.207282 0.207282
0.272242 0.207358 0.207358
0.27238 0.207435 0.207435
0.272518 0.207511 0.207511
0.272656 0.207588 0.207588
0.272794 0.207664 0.207664
0.272931 0.20774 0.20774
0.273069 0.207817 0.207817
0.273207 0.207893 0.207893
0.273345 0.207969 0.207969
0.273483 0.208045 0.208046
0.273621 0.208122 0.208122
0.273759 0.208198 0.208198
0.273897 0.208274 0.208274
0.274035 0.20835 0.20835
0.274173 0.208426 0.208426
0.274311 0.208502 0.208502
0.274449 0.208578 0.208579
0.274587 0.208654 0.208655
0.274725 0.20873 0.208731
0.274863 0.208806 0.208807
0.275 0.208882 0.208883
0.275138 0.208958 0.208959
0.275276 0.209034 0.209034
0.275414 0.20911 0.20911
0.275552 0.209186 0.209186
0.27569 0.209262 0.209262
0.275828 0.209338 0.209338
0.275966 0.209413 0.209414
0.276104 0.209489 0.209489
0.276242 0.209565 0.209565
0.27638 0.209641 0.209641
0.276518 0.209716 0.209717
0.276655 0.209792 0.209792
0.276793 0.209868 0.209868
0.276931 0.209943 0.209943
0.277069 0.210019 0.210019
0.277207 0.210094 0.210095
0.277345 0.21017 0.21017
0.277483 0.210245 0.210246
0.277621 0.210321 0.210321
0.277759 0.210396 0.210397
0.277897 0.210472 0.210472
0.278035 0.210547 0.210547
0.278172 0.210623 0.210623
0.27831 0.210698 0.210698
0.278448 0.210773 0.210773
0.278586 0.210849 0.210849
0.278724 0.210924 0.210924
0.278862 0.210999 0.210999
0.279 0.211074 0.211075
0.279138 0.21115 0.21115
0.279276 0.211225 0.211225
0.279414 0.2113 0.2113
0.279551 0.211375 0.211375
0.279689 0.21145 0.21145
0.279827 0.211525 0.211525
0.279965 0.2116 0.2116
0.280103 0.211675 0.211676
0.280241 0.21175 0.211751
0.280379 0.211825 0.211825
0.280517 0.2119 0.2119
0.280655 0.211975 0.211975
0.280793 0.21205 0.21205
0.28093 0.212125 0.212125
0.281068 0.2122 0.2122
0.281206 0.212275 0.212275
0.281344 0.212349 0.21235
0.281482 0.212424 0.212424
0.28162 0.212499 0.212499
0.281758 0.212574 0.212574
0.281896 0.212648 0.212649
0.282033 0.212723 0.212723
0.282171 0.212798 0.212798
0.282309 0.212872 0.212873
0.282447 0.212947 0.212947
0.282585 0.213022 0.213022
0.282723 0.213096 0.213096
0.282861 0.213171 0.213171
0.282999 0.213245 0.213245
0.283137 0.21332 0.21332
0.283274 0.213394 0.213394
0.283412 0.213469 0.213469
0.28355 0.213543 0.213543
0.283688 0.213617 0.213618
0.283826 0.213692 0.213692
0.283964 0.213766 0.213766
0.284102 0.21384 0.213841
0.28424 0.213915 0.213915
0.284377 0.213989 0.213989
0.284515 0.214063 0.214063
0.284653 0.214137 0.214138
0.284791 0.214212 0.214212
0.284929 0.214286 0.214286
0.285067 0.21436 0.21436
0.285205 0.214434 0.214434
0.285343 0.214508 0.214508
0.28548 0.214582 0.214582
0.285618 0.214656 0.214656
0.285756 0.21473 0.21473
0.285894 0.214804 0.214804
0.286032 0.214878 0.214878
0.28617 0.214952 0.214952
0.286308 0.215026 0.215026
0.286445 0.2151 0.2151
0.286583 0.215174 0.215174
0.286721 0.215247 0.215248
0.286859 0.215321 0.215321
0.286997 0.215395 0.215395
0.287135 0.215469 0.215469
0.287273 0.215543 0.215543
0.287411 0.215616 0.215616
0.287548 0.21569 0.21569
0.287686 0.215764 0.215764
0.287824 0.215837 0.215837
0.287962 0.215911 0.215911
0.2881 0.215984 0.215985
0.288238 0.216058 0.216058
0.288376 0.216132 0.216132
0.288513 0.216205 0.216205
0.288651 0.216279 0.216279
0.288789 0.216352 0.216352
0.288927 0.216425 0.216426
0.289065 0.216499 0.216499
0.289203 0.216572 0.216572
0.289341 0.216646 0.216646
0.289478 0.216719 0.216719
0.289616 0.216792 0.216792
0.289754 0.216866 0.216866
0.289892 0.216939 0.216939
0.29003 0.217012 0.217012
0.290168 0.217085 0.217086
0.290306 0.217159 0.217159
0.290443 0.217232 0.217232
0.290581 0.217305 0.217305
0.290719 0.217378 0.217378
0.290857 0.217451 0.217451
0.290995 0.217524 0.217524
0.291133 0.217597 0.217597
0.291271 0.21767 0.21767
0.291408 0.217743 0.217743
0.291546 0.217816 0.217816
0.291684 0.217889 0.217889
0.291822 0.217962 0.217962
0.29196 0.218035 0.218035
0.292098 0.218108 0.218108
0.292235 0.218181 0.218181
0.292373 0.218254 0.218254
0.292511 0.218326 0.218327
0.292649 0.218399 0.218399
0.292787 0.218472 0.218472
0.292925 0.218545 0.218545
0.293063 0.218617 0.218617
0.2932 0.21869 0.21869
0.293338 0.218763 0.218763
0.293476 0.218835 0.218835
0.293614 0.218908 0.218908
0.293752 0.21898 0.218981
0.29389 0.219053 0.219053
0.294028 0.219126 0.219126
0.294165 0.219198 0.219198
0.294303 0.219271 0.219271
0.294441 0.219343 0.219343
0.294579 0.219415 0.219416
0.294717 0.219488 0.219488
0.294855 0.21956 0.21956
0.294992 0.219633 0.219633
0.29513 0.219705 0.219705
0.295268 0.219777 0.219778
0.295406 0.21985 0.21985
0.295544 0.219922 0.219922
0.295682 0.219994 0.219994
0.295819 0.220066 0.220067
0.295957 0.220139 0.220139
0.296095 0.220211 0.220211
0.296233 0.220283 0.220283
0.296371 0.220355 0.220355
0.296509 0.220427 0.220427
0.296647 0.220499 0.220499
0.296784 0.220571 0.220571
0.296922 0.220643 0.220643
0.29706 0.220715 0.220715
0.297198 0.220787 0.220787
0.297336 0.220859 0.220859
0.297474 0.220931 0.220931
0.297611 0.221003 0.221003
0.297749 0.221075 0.221075
0.297887 0.221147 0.221147
0.298025 0.221219 0.221219
0.298163 0.22129 0.221291
0.298301 0.221362 0.221362
0.298438 0.221434 0.221434
0.298576 0.221506 0.221506
0.298714 0.221577 0.221578
0.298852 0.221649 0.221649
0.29899 0.221721 0.221721
0.299128 0.221792 0.221793
0.299266 0.221864 0.221864
0.299403 0.221936 0.221936
0.299541 0.222007 0.222007
0.299679 0.222079 0.222079
0.299817 0.22215 0.22215
0.299955 0.222222 0.222222
0.300093 0.222293 0.222293
0.30023 0.222365 0.222365
0.300368 0.222436 0.222436
0.300506 0.222508 0.222508
0.300644 0.222579 0.222579
0.300782 0.22265 0.22265
0.30092 0.222722 0.222722
0.301057 0.222793 0.222793
0.301195 0.222864 0.222864
0.301333 0.222935 0.222936
0.301471 0.223007 0.223007
0.301609 0.223078 0.223078
0.301747 0.223149 0.223149
0.301884 0.22322 0.22322
0.302022 0.223291 0.223292
0.30216 0.223363 0.223363
0.302298 0.223434 0.223434
0.302436 0.223505 0.223505
0.302574 0.223576 0.223576
0.302711 0.223647 0.223647
0.302849 0.223718 0.223718
0.302987 0.223789 0.223789
0.303125 0.22386 0.22386
0.303263 0.223931 0.223931
0.303401 0.224001 0.224002
0.303539 0.224072 0.224073
0.303676 0.224143 0.224143
0.303814 0.224214 0.224214
0.303952 0.224285 0.224285
0.30409 0.224356 0.224356
0.304228 0.224426 0.224427
0.304366 0.224497 0.224497
0.304503 0.224568 0.224568
0.304641 0.224639 0.224639
0.304779 0.224709 0.224709
0.304917 0.22478 0.22478
0.305055 0.22485 0.224851
0.305193 0.224921 0.224921
0.30533 0.224992 0.224992
0.305468 0.225062 0.225062
0.305606 0.225133 0.225133
0.305744 0.225203 0.225203
0.305882 0.225274 0.225274
0.30602 0.225344 0.225344
0.306157 0.225415 0.225415
0.306295 0.225485 0.225485
0.306433 0.225555 0.225556
0.306571 0.225626 0.225626
0.306709 0.225696 0.225696
0.306847 0.225766 0.225767
0.306985 0.225837 0.225837
0.307122 0.225907 0.225907
0.30726 0.225977 0.225977
0.307398 0.226047 0.226048
0.307536 0.226118 0.226118
0.307674 0.226188 0.226188
0.307812 0.226258 0.226258
0.307949 0.226328 0.226328
0.308087 0.226398 0.226398
0.308225 0.226468 0.226468
0.308363 0.226538 0.226538
0.308501 0.226608 0.226608
0.308639 0.226678 0.226678
0.308776 0.226748 0.226748
0.308914 0.226818 0.226818
0.309052 0.226888 0.226888
0.30919 0.226958 0.226958
0.309328 0.227028 0.227028
0.309466 0.227098 0.227098
0.309604 0.227168 0.227168
0.309741 0.227237 0.227238
0.309879 0.227307 0.227307
0.310017 0.227377 0.227377
0.310155 0.227447 0.227447
0.310293 0.227516 0.227517
0.310431 0.227586 0.227586
0.310568 0.227656 0.227656
0.310706 0.227725 0.227726
0.310844 0.227795 0.227795
0.310982 0.227865 0.227865
0.31112 0.227934 0.227935
0.311258 0.228004 0.228004
0.311396 0.228073 0.228074
0.311533 0.228143 0.228143
0.311671 0.228212 0.228213
0.311809 0.228282 0.228282
0.311947 0.228351 0.228352
0.312085 0.228421 0.228421
0.312223 0.22849 0.22849
0.312361 0.22856 0.22856
0.312498 0.228629 0.228629
0.312636 0.228698 0.228698
0.312774 0.228767 0.228768
0.312912 0.228837 0.228837
0.31305 0.228906 0.228906
0.313188 0.228975 0.228975
0.313326 0.229044 0.229045
0.313463 0.229114 0.229114
0.313601 0.229183 0.229183
0.313739 0.229252 0.229252
0.313877 0.229321 0.229321
0.314015 0.22939 0.22939
0.314153 0.229459 0.229459
0.314291 0.229528 0.229529
0.314428 0.229597 0.229598
0.314566 0.229666 0.229667
0.314704 0.229735 0.229736
0.314842 0.229804 0.229804
0.31498 0.229873 0.229873
0.315118 0.229942 0.229942
0.315256 0.230011 0.230011
0.315393 0.23008 0.23008
0.315531 0.230149 0.230149
0.315669 0.230217 0.230218
0.315807 0.230286 0.230287
0.315945 0.230355 0.230355
0.316083 0.230424 0.230424
0.316221 0.230493 0.230493
0.316358 0.230561 0.230561
0.316496 0.23063 0.23063
0.316634 0.230699 0.230699
0.316772 0.230767 0.230767
0.31691 0.230836 0.230836
0.317048 0.230904 0.230905
0.317186 0.230973 0.230973
0.317324 0.231041 0.231042
0.317461 0.23111 0.23111
0.317599 0.231179 0.231179
0.317737 0.231247 0.231247
0.317875 0.231315 0.231316
0.318013 0.231384 0.231384
0.318151 0.231452 0.231452
0.318289 0.231521 0.231521
0.318427 0.231589 0.231589
0.318564 0.231657 0.231658
0.318702 0.231726 0.231726
0.31884 0.231794 0.231794
0.318978 0.231862 0.231862
0.319116 0.23193 0.231931
0.319254 0.231999 0.231999
0.319392 0.232067 0.232067
0.31953 0.232135 0.232135
0.319667 0.232203 0.232203
0.319805 0.232271 0.232272
0.319943 0.232339 0.23234
0.320081 0.232407 0.232408
0.320219 0.232476 0.232476
0.320357 0.232544 0.232544
0.320495 0.232612 0.232612
0.320633 0.23268 0.23268
0.32077 0.232748 0.232748
0.320908 0.232815 0.232816
0.321046 0.232883 0.232884
0.321184 0.232951 0.232952
0.321322 0.233019 0.233019
0.32146 0.233087 0.233087
0.321598 0.233155 0.233155
0.321736 0.233223 0.233223
0.321874 0.23329 0.233291
0.322011 0.233358 0.233358
0.322149 0.233426 0.233426
0.322287 0.233494 0.233494
0.322425 0.233561 0.233562
0.322563 0.233629 0.233629
0.322701 0.233697 0.233697
0.322839 0.233764 0.233765
0.322977 0.233832 0.233832
0.323115 0.233899 0.2339
0.323253 0.233967 0.233967
0.32339 0.234035 0.234035
0.323528 0.234102 0.234102
0.323666 0.23417 0.23417
0.323804 0.234237 0.234237
0.323942 0.234304 0.234305
0.32408 0.234372 0.234372
0.324218 0.234439 0.23444
0.324356 0.234507 0.234507
0.324494 0.234574 0.234574
0.324632 0.234641 0.234642
0.324769 0.234709 0.234709
0.324907 0.234776 0.234776
0.325045 0.234843 0.234843
0.325183 0.23491 0.234911
0.325321 0.234978 0.234978
0.325459 0.235045 0.235045
0.325597 0.235112 0.235112
0.325735 0.235179 0.235179
0.325873 0.235246 0.235247
0.326011 0.235313 0.235314
0.326149 0.23538 0.235381
0.326286 0.235448 0.235448
0.326424 0.235515 0.235515
0.326562 0.235582 0.235582
0.3267 0.235649 0.235649
0.326838 0.235716 0.235716
0.326976 0.235782 0.235783
0.327114 0.235849 0.23585
0.327252 0.235916 0.235917
0.32739 0.235983 0.235983
0.327528 0.23605 0.23605
0.327666 0.236117 0.236117
0.327804 0.236184 0.236184
0.327942 0.23625 0.236251
0.328079 0.236317 0.236318
0.328217 0.236384 0.236384
0.328355 0.236451 0.236451
0.328493 0.236517 0.236518
0.328631 0.236584 0.236584
0.328769 0.236651 0.236651
0.328907 0.236717 0.236718
0.329045 0.236784 0.236784
0.329183 0.236851 0.236851
0.329321 0.236917 0.236917
0.329459 0.236984 0.236984
0.329597 0.23705 0.23705
0.329735 0.237117 0.237117
0.329873 0.237183 0.237183
0.330011 0.23725 0.23725
0.330148 0.237316 0.237316
0.330286 0.237382 0.237383
0.330424 0.237449 0.237449
0.330562 0.237515 0.237515
0.3307 0.237582 0.237582
0.330838 0.237648 0.237648
0.330976 0.237714 0.237714
0.331114 0.23778 0.237781
0.331252 0.237847 0.237847
0.33139 0.237913 0.237913
0.331528 0.237979 0.237979
0.331666 0.238045 0.238046
0.331804 0.238111 0.238112
0.331942 0.238178 0.238178
0.33208 0.238244 0.238244
0.332218 0.23831 0.23831
0.332356 0.238376 0.238376
0.332494 0.238442 0.238442
0.332632 0.238508 0.238508
0.33277 0.238574 0.238574
0.332908 0.23864 0.23864
0.333045 0.238706 0.238706
0.333183 0.238772 0.238772
0.333321 0.238838 0.238838
0.333459 0.238904 0.238904
0.333597 0.23897 0.23897
0.333735 0.239035 0.239036
0.333873 0.239101 0.239102
0.334011 0.239167 0.239167
0.334149 0.239233 0.239233
0.334287 0.239299 0.239299
0.334425 0.239364 0.239365
0.334563 0.23943 0.23943
0.334701 0.239496 0.239496
0.334839 0.239561 0.239562
0.334977 0.239627 0.239627
0.335115 0.239693 0.239693
0.335253 0.239758 0.239759
0.335391 0.239824 0.239824
0.335529 0.239889 0.23989
0.335667 0.239955 0.239955
0.335805 0.240021 0.240021
0.335943 0.240086 0.240086
0.336081 0.240152 0.240152
0.336219 0.240217 0.240217
0.336357 0.240282 0.240283
0.336495 0.240348 0.240348
0.336633 0.240413 0.240413
0.336771 0.240479 0.240479
0.336909 0.240544 0.240544
0.337047 0.240609 0.240609
0.337185 0.240675 0.240675
0.337323 0.24074 0.24074
0.337461 0.240805 0.240805
0.337599 0.24087 0.240871
0.337737 0.240935 0.240936
0.337875 0.241001 0.241001
0.338013 0.241066 0.241066
0.338151 0.241131 0.241131
0.338289 0.241196 0.241196
0.338427 0.241261 0.241261
0.338565 0.241326 0.241327
0.338703 0.241391 0.241392
0.338841 0.241456 0.241457
0.338979 0.241521 0.241522
0.339117 0.241586 0.241587
0.339255 0.241651 0.241652
0.339393 0.241716 0.241717
0.339531 0.241781 0.241782
0.339669 0.241846 0.241846
0.339807 0.241911 0.241911
0.339945 0.241976 0.241976
0.340083 0.242041 0.242041
0.340221 0.242106 0.242106
0.340359 0.24217 0.242171
0.340497 0.242235 0.242235
0.340635 0.2423 0.2423
0.340773 0.242365 0.242365
0.340911 0.242429 0.24243
0.341049 0.242494 0.242494
0.341188 0.242559 0.242559
0.341326 0.242623 0.242624
0.341464 0.242688 0.242688
0.341602 0.242753 0.242753
0.34174 0.242817 0.242817
0.341878 0.242882 0.242882
0.342016 0.242946 0.242946
0.342154 0.243011 0.243011
0.342292 0.243075 0.243075
0.34243 0.24314 0.24314
0.342568 0.243204 0.243204
0.342706 0.243269 0.243269
0.342844 0.243333 0.243333
0.342982 0.243397 0.243398
0.34312 0.243462 0.243462
0.343258 0.243526 0.243526
0.343396 0.24359 0.243591
0.343534 0.243655 0.243655
0.343672 0.243719 0.243719
0.343811 0.243783 0.243783
0.343949 0.243847 0.243848
0.344087 0.243912 0.243912
0.344225 0.243976 0.243976
0.344363 0.24404 0.24404
0.344501 0.244104 0.244104
0.344639 0.244168 0.244168
0.344777 0.244232 0.244233
0.344915 0.244296 0.244297
0.345053 0.24436 0.244361
0.345191 0.244424 0.244425
0.345329 0.244488 0.244489
0.345467 0.244552 0.244553
0.345606 0.244616 0.244617
0.345744 0.24468 0.244681
0.345882 0.244744 0.244745
0.34602 0.244808 0.244808
0.346158 0.244872 0.244872
0.346296 0.244936 0.244936
0.346434 0.245 0.245
0.346572 0.245064 0.245064
0.34671 0.245127 0.245128
0.346848 0.245191 0.245191
0.346987 0.245255 0.245255
0.347125 0.245319 0.245319
0.347263 0.245382 0.245383
0.347401 0.245446 0.245446
0.347539 0.24551 0.24551
0.347677 0.245573 0.245574
0.347815 0.245637 0.245637
0.347953 0.245701 0.245701
0.348091 0.245764 0.245764
0.34823 0.245828 0.245828
0.348368 0.245891 0.245892
0.348506 0.245955 0.245955
0.348644 0.246018 0.246019
0.348782 0.246082 0.246082
0.34892 0.246145 0.246146
0.349058 0.246209 0.246209
0.349196 0.246272 0.246272
0.349335 0.246335 0.246336
0.349473 0.246399 0.246399
0.349611 0.246462 0.246462
0.349749 0.246525 0.246526
0.349887 0.246589 0.246589
0.350025 0.246652 0.246652
0.350163 0.246715 0.246716
0.350302 0.246779 0.246779
0.35044 0.246842 0.246842
0.350578 0.246905 0.246905
0.350716 0.246968 0.246968
0.350854 0.247031 0.247032
0.350992 0.247094 0.247095
0.35113 0.247158 0.247158
0.351269 0.247221 0.247221
0.351407 0.247284 0.247284
0.351545 0.247347 0.247347
0.351683 0.24741 0.24741
0.351821 0.247473 0.247473
0.351959 0.247536 0.247536
0.352098 0.247599 0.247599
0.352236 0.247662 0.247662
0.352374 0.247725 0.247725
0.352512 0.247788 0.247788
0.35265 0.24785 0.247851
0.352788 0.247913 0.247914
0.352927 0.247976 0.247976
0.353065 0.248039 0.248039
0.353203 0.248102 0.248102
0.353341 0.248164 0.248165
0.353479 0.248227 0.248228
0.353618 0.24829 0.24829
0.353756 0.248353 0.248353
0.353894 0.248415 0.248416
0.354032 0.248478 0.248478
0.35417 0.248541 0.248541
0.354309 0.248603 0.248604
0.354447 0.248666 0.248666
0.354585 0.248728 0.248729
0.354723 0.248791 0.248791
0.354861 0.248854 0.248854
0.355 0.248916 0.248916
0.355138 0.248979 0.248979
0.355276 0.249041 0.249041
0.355414 0.249103 0.249104
0.355552 0.249166 0.249166
0.355691 0.249228 0.249229
0.355829 0.249291 0.249291
0.355967 0.249353 0.249353
0.356105 0.249415 0.249416
0.356244 0.249478 0.249478
0.356382 0.24954 0.24954
0.35652 0.249602 0.249603
0.356658 0.249665 0.249665
0.356796 0.249727 0.249727
0.356935 0.249789 0.249789
0.357073 0.249851 0.249852
0.357211 0.249913 0.249914
0.357349 0.249976 0.249976
0.357488 0.250038 0.250038
0.357626 0.2501 0.2501
0.357764 0.250162 0.250162
0.357902 0.250224 0.250224
0.358041 0.250286 0.250286
0.358179 0.250348 0.250348
0.358317 0.25041 0.25041
0.358455 0.250472 0.250472
0.358594 0.250534 0.250534
0.358732 0.250596 0.250596
0.35887 0.250658 0.250658
0.359008 0.25072 0.25072
0.359147 0.250782 0.250782
0.359285 0.250844 0.250844
0.359423 0.250905 0.250906
0.359562 0.250967 0.250968
0.3597 0.251029 0.251029
0.359838 0.251091 0.251091
0.359976 0.251153 0.251153
0.360115 0.251214 0.251215
0.360253 0.251276 0.251276
0.360391 0.251338 0.251338
0.36053 0.251399 0.2514
0.360668 0.251461 0.251461
0.360806 0.251523 0.251523
0.360944 0.251584 0.251585
0.361083 0.251646 0.251646
0.361221 0.251708 0.251708
0.361359 0.251769 0.251769
0.361498 0.251831 0.251831
0.361636 0.251892 0.251892
0.361774 0.251954 0.251954
0.361913 0.252015 0.252015
0.362051 0.252077 0.252077
0.362189 0.252138 0.252138
0.362328 0.252199 0.2522
0.362466 0.252261 0.252261
0.362604 0.252322 0.252322
0.362743 0.252383 0.252384
0.362881 0.252445 0.252445
0.363019 0.252506 0.252506
0.363158 0.252567 0.252568
0.363296 0.252629 0.252629
0.363434 0.25269 0.25269
0.363573 0.252751 0.252751
0.363711 0.252812 0.252813
0.363849 0.252873 0.252874
0.363988 0.252935 0.252935
0.364126 0.252996 0.252996
0.364264 0.253057 0.253057
0.364403 0.253118 0.253118
0.364541 0.253179 0.253179
0.364679 0.25324 0.25324
0.364818 0.253301 0.253301
0.364956 0.253362 0.253362
0.365094 0.253423 0.253423
0.365233 0.253484 0.253484
0.365371 0.253545 0.253545
0.36551 0.253606 0.253606
0.365648 0.253667 0.253667
0.365786 0.253728 0.253728
0.365925 0.253789 0.253789
0.366063 0.253849 0.25385
0.366202 0.25391 0.253911
0.36634 0.253971 0.253971
0.366478 0.254032 0.254032
0.366617 0.254093 0.254093
0.366755 0.254153 0.254154
0.366893 0.254214 0.254214
0.367032 0.254275 0.254275
0.36717 0.254335 0.254336
0.367309 0.254396 0.254396
0.367447 0.254457 0.254457
0.367586 0.254517 0.254518
0.367724 0.254578 0.254578
0.367862 0.254639 0.254639
0.368001 0.254699 0.254699
0.368139 0.25476 0.25476
0.368278 0.25482 0.254821
0.368416 0.254881 0.254881
0.368554 0.254941 0.254941
0.368693 0.255002 0.255002
0.368831 0.255062 0.255062
0.36897 0.255122 0.255123
0.369108 0.255183 0.255183
0.369247 0.255243 0.255244
0.369385 0.255304 0.255304
0.369524 0.255364 0.255364
0.369662 0.255424 0.255425
0.3698 0.255484 0.255485
0.369939 0.255545 0.255545
0.370077 0.255605 0.255605
0.370216 0.255665 0.255666
0.370354 0.255725 0.255726
0.370493 0.255786 0.255786
0.370631 0.255846 0.255846
0.37077 0.255906 0.255906
0.370908 0.255966 0.255966
0.371047 0.256026 0.256027
0.371185 0.256086 0.256087
0.371324 0.256146 0.256147
0.371462 0.256206 0.256207
0.371601 0.256266 0.256267
0.371739 0.256326 0.256327
0.371878 0.256386 0.256387
0.372016 0.256446 0.256447
0.372155 0.256506 0.256507
0.372293 0.256566 0.256567
0.372432 0.256626 0.256626
0.37257 0.256686 0.256686
0.372709 0.256746 0.256746
0.372847 0.256806 0.256806
0.372986 0.256866 0.256866
0.373124 0.256925 0.256926
0.373263 0.256985 0.256985
0.373401 0.257045 0.257045
0.37354 0.257105 0.257105
0.373678 0.257164 0.257165
0.373817 0.257224 0.257224
0.373955 0.257284 0.257284
0.374094 0.257343 0.257344
0.374232 0.257403 0.257403
0.374371 0.257463 0.257463
0.374509 0.257522 0.257523
0.374648 0.257582 0.257582
0.374786 0.257641 0.257642
0.374925 0.257701 0.257701
0.375064 0.25776 0.257761
0.375202 0.25782 0.25782
0.375341 0.257879 0.25788
0.375479 0.257939 0.257939
0.375618 0.257998 0.257999
0.375756 0.258058 0.258058
0.375895 0.258117 0.258117
0.376034 0.258176 0.258177
0.376172 0.258236 0.258236
0.376311 0.258295 0.258296
0.376449 0.258354 0.258355
0.376588 0.258414 0.258414
0.376726 0.258473 0.258473
0.376865 0.258532 0.258533
0.377004 0.258592 0.258592
0.377142 0.258651 0.258651
0.377281 0.25871 0.25871
0.377419 0.258769 0.25877
0.377558 0.258828 0.258829
0.377697 0.258887 0.258888
0.377835 0.258947 0.258947
0.377974 0.259006 0.259006
0.378113 0.259065 0.259065
0.378251 0.259124 0.259124
0.37839 0.259183 0.259183
0.378528 0.259242 0.259242
0.378667 0.259301 0.259301
0.378806 0.25936 0.25936
0.378944 0.259419 0.259419
0.379083 0.259478 0.259478
0.379222 0.259537 0.259537
0.37936 0.259595 0.259596
0.379499 0.259654 0.259655
0.379637 0.259713 0.259714
0.379776 0.259772 0.259772
0.379915 0.259831 0.259831
0.380053 0.25989 0.25989
0.380192 0.259948 0.259949
0.380331 0.260007 0.260008
0.380469 0.260066 0.260066
0.380608 0.260125 0.260125
0.380747 0.260183 0.260184
0.380885 0.260242 0.260242
0.381024 0.260301 0.260301
0.381163 0.260359 0.26036
0.381302 0.260418 0.260418
0.38144 0.260476 0.260477
0.381579 0.260535 0.260535
0.381718 0.260594 0.260594
0.381856 0.260652 0.260652
0.381995 0.260711 0.260711
0.382134 0.260769 0.260769
0.382272 0.260828 0.260828
0.382411 0.260886 0.260886
0.38255 0.260944 0.260945
0.382689 0.261003 0.261003
0.382827 0.261061 0.261062
0.382966 0.26112 0.26112
0.383105 0.261178 0.261178
0.383243 0.261236 0.261237
0.383382 0.261295 0.261295
0.383521 0.261353 0.261353
0.38366 0.261411 0.261412
0.383798 0.261469 0.26147
0.383937 0.261528 0.261528
0.384076 0.261586 0.261586
0.384215 0.261644 0.261645
0.384353 0.261702 0.261703
0.384492 0.26176 0.261761
0.384631 0.261819 0.261819
0.38477 0.261877 0.261877
0.384908 0.261935 0.261935
0.385047 0.261993 0.261993
0.385186 0.262051 0.262051
0.385325 0.262109 0.262109
0.385464 0.262167 0.262167
0.385602 0.262225 0.262225
0.385741 0.262283 0.262283
0.38588 0.262341 0.262341
0.386019 0.262399 0.262399
0.386158 0.262457 0.262457
0.386296 0.262515 0.262515
0.386435 0.262573 0.262573
0.386574 0.26263 0.262631
0.386713 0.262688 0.262689
0.386852 0.262746 0.262746
0.38699 0.262804 0.262804
0.387129 0.262862 0.262862
0.387268 0.262919 0.26292
0.387407 0.262977 0.262978
0.387546 0.263035 0.263035
0.387684 0.263093 0.263093
0.387823 0.26315 0.263151
0.387962 0.263208 0.263208
0.388101 0.263266 0.263266
0.38824 0.263323 0.263324
0.388379 0.263381 0.263381
0.388518 0.263438 0.263439
0.388656 0.263496 0.263496
0.388795 0.263553 0.263554
0.388934 0.263611 0.263611
0.389073 0.263668 0.263669
0.389212 0.263726 0.263726
0.389351 0.263783 0.263784
0.38949 0.263841 0.263841
0.389629 0.263898 0.263899
0.389767 0.263956 0.263956
0.389906 0.264013 0.264013
0.390045 0.26407 0.264071
0.390184 0.264128 0.264128
0.390323 0.264185 0.264186
0.390462 0.264242 0.264243
0.390601 0.2643 0.2643
0.39074 0.264357 0.264357
0.390879 0.264414 0.264415
0.391018 0.264471 0.264472
0.391156 0.264529 0.264529
0.391295 0.264586 0.264586
0.391434 0.264643 0.264643
0.391573 0.2647 0.264701
0.391712 0.264757 0.264758
0.391851 0.264814 0.264815
0.39199 0.264872 0.264872
0.392129 0.264929 0.264929
0.392268 0.264986 0.264986
0.392407 0.265043 0.265043
0.392546 0.2651 0.2651
0.392685 0.265157 0.265157
0.392824 0.265214 0.265214
0.392963 0.265271 0.265271
0.393102 0.265328 0.265328
0.393241 0.265384 0.265385
0.39338 0.265441 0.265442
0.393519 0.265498 0.265499
0.393658 0.265555 0.265556
0.393797 0.265612 0.265612
0.393936 0.265669 0.265669
0.394075 0.265726 0.265726
0.394214 0.265782 0.265783
0.394353 0.265839 0.26584
0.394492 0.265896 0.265896
0.394631 0.265953 0.265953
0.39477 0.266009 0.26601
0.394909 0.266066 0.266066
0.395048 0.266123 0.266123
0.395187 0.266179 0.26618
0.395326 0.266236 0.266236
0.395465 0.266292 0.266293
0.395604 0.266349 0.266349
0.395743 0.266406 0.266406
0.395882 0.266462 0.266463
0.396021 0.266519 0.266519
0.39616 0.266575 0.266576
0.396299 0.266632 0.266632
0.396438 0.266688 0.266689
0.396577 0.266745 0.266745
0.396716 0.266801 0.266801
0.396855 0.266857 0.266858
0.396994 0.266914 0.266914
0.397133 0.26697 0.266971
0.397272 0.267027 0.267027
0.397412 0.267083 0.267083
0.397551 0.267139 0.26714
0.39769 0.267196 0.267196
0.397829 0.267252 0.267252
0.397968 0.267308 0.267309
0.398107 0.267364 0.267365
0.398246 0.267421 0.267421
0.398385 0.267477 0.267477
0.398524 0.267533 0.267533
0.398663 0.267589 0.26759
0.398803 0.267645 0.267646
0.398942 0.267701 0.267702
0.399081 0.267757 0.267758
0.39922 0.267814 0.267814
0.399359 0.26787 0.26787
0.399498 0.267926 0.267926
0.399637 0.267982 0.267982
0.399777 0.268038 0.268038
0.399916 0.268094 0.268094
0.400055 0.26815 0.26815
0.400194 0.268206 0.268206
0.400333 0.268262 0.268262
0.400472 0.268317 0.268318
0.400611 0.268373 0.268374
0.400751 0.268429 0.26843
0.40089 0.268485 0.268485
0.401029 0.268541 0.268541
0.401168 0.268597 0.268597
0.401307 0.268652 0.268653
0.401447 0.268708 0.268709
0.401586 0.268764 0.268764
0.401725 0.26882 0.26882
0.401864 0.268875 0.268876
0.402003 0.268931 0.268932
0.402143 0.268987 0.268987
0.402282 0.269043 0.269043
0.402421 0.269098 0.269099
0.40256 0.269154 0.269154
0.4027 0.269209 0.26921
0.402839 0.269265 0.269265
0.402978 0.269321 0.269321
0.403117 0.269376 0.269377
0.403256 0.269432 0.269432
0.403396 0.269487 0.269488
0.403535 0.269543 0.269543
0.403674 0.269598 0.269599
0.403814 0.269654 0.269654
0.403953 0.269709 0.269709
0.404092 0.269764 0.269765
0.404231 0.26982 0.26982
0.404371 0.269875 0.269876
0.40451 0.269931 0.269931
0.404649 0.269986 0.269986
0.404788 0.270041 0.270042
0.404928 0.270096 0.270097
0.405067 0.270152 0.270152
0.405206 0.270207 0.270207
0.405346 0.270262 0.270263
0.405485 0.270318 0.270318
0.405624 0.270373 0.270373
0.405764 0.270428 0.270428
0.405903 0.270483 0.270484
0.406042 0.270538 0.270539
0.406182 0.270593 0.270594
0.406321 0.270648 0.270649
0.40646 0.270704 0.270704
0.4066 0.270759 0.270759
0.406739 0.270814 0.270814
0.406878 0.270869 0.270869
0.407018 0.270924 0.270924
0.407157 0.270979 0.270979
0.407296 0.271034 0.271034
0.407436 0.271089 0.271089
0.407575 0.271144 0.271144
0.407715 0.271199 0.271199
0.407854 0.271253 0.271254
0.407993 0.271308 0.271309
0.408133 0.271363 0.271364
0.408272 0.271418 0.271418
0.408412 0.271473 0.271473
0.408551 0.271528 0.271528
0.40869 0.271582 0.271583
0.40883 0.271637 0.271638
0.408969 0.271692 0.271692
0.409109 0.271747 0.271747
0.409248 0.271801 0.271802
0.409387 0.271856 0.271857
0.409527 0.271911 0.271911
0.409666 0.271965 0.271966
0.409806 0.27202 0.272021
0.409945 0.272075 0.272075
0.410085 0.272129 0.27213
0.410224 0.272184 0.272184
0.410364 0.272238 0.272239
0.410503 0.272293 0.272293
0.410643 0.272348 0.272348
0.410782 0.272402 0.272402
0.410921 0.272456 0.272457
0.411061 0.272511 0.272511
0.4112 0.272565 0.272566
0.41134 0.27262 0.27262
0.411479 0.272674 0.272675
0.411619 0.272729 0.272729
0.411758 0.272783 0.272784
0.411898 0.272837 0.272838
0.412037 0.272892 0.272892
0.412177 0.272946 0.272947
0.412317 0.273 0.273001
0.412456 0.273055 0.273055
0.412596 0.273109 0.273109
0.412735 0.273163 0.273164
0.412875 0.273217 0.273218
0.413014 0.273272 0.273272
0.413154 0.273326 0.273326
0.413293 0.27338 0.27338
0.413433 0.273434 0.273435
0.413572 0.273488 0.273489
0.413712 0.273542 0.273543
0.413852 0.273596 0.273597
0.413991 0.27365 0.273651
0.414131 0.273705 0.273705
0.41427 0.273759 0.273759
0.41441 0.273813 0.273813
0.41455 0.273867 0.273867
0.414689 0.273921 0.273921
0.414829 0.273975 0.273975
0.414968 0.274029 0.274029
0.415108 0.274082 0.274083
0.415248 0.274136 0.274137
0.415387 0.27419 0.274191
0.415527 0.274244 0.274245
0.415666 0.274298 0.274298
0.415806 0.274352 0.274352
0.415946 0.274406 0.274406
0.416085 0.274459 0.27446
0.416225 0.274513 0.274514
0.416365 0.274567 0.274567
0.416504 0.274621 0.274621
0.416644 0.274674 0.274675
0.416784 0.274728 0.274729
0.416923 0.274782 0.274782
0.417063 0.274835 0.274836
0.417203 0.274889 0.27489
0.417342 0.274943 0.274943
0.417482 0.274996 0.274997
0.417622 0.27505 0.27505
0.417762 0.275104 0.275104
0.417901 0.275157 0.275158
0.418041 0.275211 0.275211
0.418181 0.275264 0.275265
0.41832 0.275318 0.275318
0.41846 0.275371 0.275372
0.4186 0.275425 0.275425
0.41874 0.275478 0.275479
0.418879 0.275531 0.275532
0.419019 0.275585 0.275585
0.419159 0.275638 0.275639
0.419299 0.275692 0.275692
0.419438 0.275745 0.275745
0.419578 0.275798 0.275799
0.419718 0.275852 0.275852
0.419858 0.275905 0.275905
0.419997 0.275958 0.275959
0.420137 0.276011 0.276012
0.420277 0.276065 0.276065
0.420417 0.276118 0.276118
0.420557 0.276171 0.276172
0.420696 0.276224 0.276225
0.420836 0.276277 0.276278
0.420976 0.276331 0.276331
0.421116 0.276384 0.276384
0.421256 0.276437 0.276437
0.421395 0.27649 0.27649
0.421535 0.276543 0.276544
0.421675 0.276596 0.276597
0.421815 0.276649 0.27665
0.421955 0.276702 0.276703
0.422095 0.276755 0.276756
0.422235 0.276808 0.276809
0.422374 0.276861 0.276862
0.422514 0.276914 0.276915
0.422654 0.276967 0.276967
0.422794 0.27702 0.27702
0.422934 0.277073 0.277073
0.423074 0.277126 0.277126
0.423214 0.277178 0.277179
0.423354 0.277231 0.277232
0.423493 0.277284 0.277285
0.423633 0.277337 0.277337
0.423773 0.27739 0.27739
0.423913 0.277442 0.277443
0.424053 0.277495 0.277496
0.424193 0.277548 0.277548
0.424333 0.277601 0.277601
0.424473 0.277653 0.277654
0.424613 0.277706 0.277707
0.424753 0.277759 0.277759
0.424893 0.277811 0.277812
0.425033 0.277864 0.277864
0.425173 0.277917 0.277917
0.425313 0.277969 0.27797
0.425453 0.278022 0.278022
0.425593 0.278074 0.278075
0.425733 0.278127 0.278127
0.425873 0.278179 0.27818
0.426013 0.278232 0.278232
0.426153 0.278284 0.278285
0.426293 0.278337 0.278337
0.426433 0.278389 0.27839
0.426573 0.278442 0.278442
0.426713 0.278494 0.278494
0.426853 0.278546 0.278547
0.426993 0.278599 0.278599
0.427133 0.278651 0.278652
0.427273 0.278703 0.278704
0.427413 0.278756 0.278756
0.427553 0.278808 0.278808
0.427693 0.27886 0.278861
0.427833 0.278912 0.278913
0.427973 0.278965 0.278965
0.428113 0.279017 0.279017
0.428253 0.279069 0.27907
0.428393 0.279121 0.279122
0.428533 0.279173 0.279174
0.428673 0.279226 0.279226
0.428814 0.279278 0.279278
0.428954 0.27933 0.27933
0.429094 0.279382 0.279382
0.429234 0.279434 0.279435
0.429374 0.279486 0.279487
0.429514 0.279538 0.279539
0.429654 0.27959 0.279591
0.429794 0.279642 0.279643
0.429934 0.279694 0.279695
0.430075 0.279746 0.279747
0.430215 0.279798 0.279799
0.430355 0.27985 0.27985
0.430495 0.279902 0.279902
0.430635 0.279954 0.279954
0.430775 0.280006 0.280006
0.430916 0.280057 0.280058
0.431056 0.280109 0.28011
0.431196 0.280161 0.280162
0.431336 0.280213 0.280213
0.431476 0.280265 0.280265
0.431617 0.280316 0.280317
0.431757 0.280368 0.280369
0.431897 0.28042 0.28042
0.432037 0.280472 0.280472
0.432177 0.280523 0.280524
0.432318 0.280575 0.280576
0.432458 0.280627 0.280627
0.432598 0.280678 0.280679
0.432738 0.28073 0.28073
0.432879 0.280782 0.280782
0.433019 0.280833 0.280834
0.433159 0.280885 0.280885
0.433299 0.280936 0.280937
0.43344 0.280988 0.280988
0.43358 0.281039 0.28104
0.43372 0.281091 0.281091
0.433861 0.281142 0.281143
0.434001 0.281194 0.281194
0.434141 0.281245 0.281246
0.434281 0.281297 0.281297
0.434422 0.281348 0.281349
0.434562 0.281399 0.2814
0.434702 0.281451 0.281451
0.434843 0.281502 0.281503
0.434983 0.281553 0.281554
0.435123 0.281605 0.281605
0.435264 0.281656 0.281657
0.435404 0.281707 0.281708
0.435544 0.281759 0.281759
0.435685 0.28181 0.28181
0.435825 0.281861 0.281862
0.435966 0.281912 0.281913
0.436106 0.281963 0.281964
0.436246 0.282015 0.282015
0.436387 0.282066 0.282066
0.436527 0.282117 0.282117
0.436668 0.282168 0.282169
0.436808 0.282219 0.28222
0.436948 0.28227 0.282271
0.437089 0.282321 0.282322
0.437229 0.282372 0.282373
0.43737 0.282423 0.282424
0.43751 0.282474 0.282475
0.437651 0.282525 0.282526
0.437791 0.282576 0.282577
0.437931 0.282627 0.282628
0.438072 0.282678 0.282679
0.438212 0.282729 0.28273
0.438353 0.28278 0.282781
0.438493 0.282831 0.282831
0.438634 0.282882 0.282882
0.438774 0.282933 0.282933
0.438915 0.282983 0.282984
0.439055 0.283034 0.283035
0.439196 0.283085 0.283086
0.439336 0.283136 0.283136
0.439477 0.283187 0.283187
0.439617 0.283237 0.283238
0.439758 0.283288 0.283289
0.439898 0.283339 0.283339
0.440039 0.283389 0.28339
0.440179 0.28344 0.283441
0.44032 0.283491 0.283491
0.440461 0.283541 0.283542
0.440601 0.283592 0.283593
0.440742 0.283643 0.283643
0.440882 0.283693 0.283694
0.441023 0.283744 0.283744
0.441163 0.283794 0.283795
0.441304 0.283845 0.283845
0.441445 0.283895 0.283896
0.441585 0.283946 0.283946
0.441726 0.283996 0.283997
0.441866 0.284047 0.284047
0.442007 0.284097 0.284098
0.442148 0.284148 0.284148
0.442288 0.284198 0.284199
0.442429 0.284249 0.284249
0.44257 0.284299 0.284299
0.44271 0.284349 0.28435
0.442851 0.2844 0.2844
0.442992 0.28445 0.28445
0.443132 0.2845 0.284501
0.443273 0.284551 0.284551
0.443414 0.284601 0.284601
0.443554 0.284651 0.284652
0.443695 0.284701 0.284702
0.443836 0.284751 0.284752
0.443976 0.284802 0.284802
0.444117 0.284852 0.284852
0.444258 0.284902 0.284903
0.444399 0.284952 0.284953
0.444539 0.285002 0.285003
0.44468 0.285052 0.285053
0.444821 0.285102 0.285103
0.444962 0.285153 0.285153
0.445102 0.285203 0.285203
0.445243 0.285253 0.285253
0.445384 0.285303 0.285303
0.445525 0.285353 0.285353
0.445665 0.285403 0.285403
0.445806 0.285453 0.285453
0.445947 0.285503 0.285503
0.446088 0.285552 0.285553
0.446229 0.285602 0.285603
0.446369 0.285652 0.285653
0.44651 0.285702 0.285703
0.446651 0.285752 0.285753
0.446792 0.285802 0.285802
0.446933 0.285852 0.285852
0.447073 0.285902 0.285902
0.447214 0.285951 0.285952
0.447355 0.286001 0.286002
0.447496 0.286051 0.286051
0.447637 0.286101 0.286101
0.447778 0.28615 0.286151
0.447919 0.2862 0.286201
0.44806 0.28625 0.28625
0.4482 0.286299 0.2863
0.448341 0.286349 0.28635
0.448482 0.286399 0.286399
0.448623 0.286448 0.286449
0.448764 0.286498 0.286498
0.448905 0.286547 0.286548
0.449046 0.286597 0.286598
0.449187 0.286647 0.286647
0.449328 0.286696 0.286697
0.449469 0.286746 0.286746
0.44961 0.286795 0.286796
0.449751 0.286845 0.286845
0.449892 0.286894 0.286895
0.450033 0.286943 0.286944
0.450174 0.286993 0.286994
0.450315 0.287042 0.287043
0.450455 0.287092 0.287092
0.450596 0.287141 0.287142
0.450737 0.28719 0.287191
0.450879 0.28724 0.28724
0.45102 0.287289 0.28729
0.451161 0.287338 0.287339
0.451302 0.287388 0.287388
0.451443 0.287437 0.287438
0.451584 0.287486 0.287487
0.451725 0.287535 0.287536
0.451866 0.287585 0.287585
0.452007 0.287634 0.287634
0.452148 0.287683 0.287684
0.452289 0.287732 0.287733
0.45243 0.287781 0.287782
0.452571 0.28783 0.287831
0.452712 0.28788 0.28788
0.452853 0.287929 0.287929
0.452994 0.287978 0.287978
0.453136 0.288027 0.288027
0.453277 0.288076 0.288076
0.453418 0.288125 0.288126
0.453559 0.288174 0.288175
0.4537 0.288223 0.288224
0.453841 0.288272 0.288272
0.453982 0.288321 0.288321
0.454123 0.28837 0.28837
0.454265 0.288419 0.288419
0.454406 0.288468 0.288468
0.454547 0.288516 0.288517
0.454688 0.288565 0.288566
0.454829 0.288614 0.288615
0.454971 0.288663 0.288664
0.455112 0.288712 0.288712
0.455253 0.288761 0.288761
0.455394 0.288809 0.28881
0.455535 0.288858 0.288859
0.455677 0.288907 0.288908
0.455818 0.288956 0.288956
0.455959 0.289004 0.289005
0.4561 0.289053 0.289054
0.456242 0.289102 0.289102
0.456383 0.28915 0.289151
0.456524 0.289199 0.2892
0.456665 0.289248 0.289248
0.456807 0.289296 0.289297
0.456948 0.289345 0.289346
0.457089 0.289393 0.289394
0.457231 0.289442 0.289443
0.457372 0.289491 0.289491
0.457513 0.289539 0.28954
0.457655 0.289588 0.289588
0.457796 0.289636 0.289637
0.457937 0.289685 0.289685
0.458079 0.289733 0.289734
0.45822 0.289781 0.289782
0.458361 0.28983 0.289831
0.458503 0.289878 0.289879
0.458644 0.289927 0.289927
0.458785 0.289975 0.289976
0.458927 0.290023 0.290024
0.459068 0.290072 0.290072
0.45921 0.29012 0.290121
0.459351 0.290168 0.290169
0.459492 0.290217 0.290217
0.459634 0.290265 0.290266
0.459775 0.290313 0.290314
0.459917 0.290361 0.290362
0.460058 0.29041 0.29041
0.4602 0.290458 0.290458
0.460341 0.290506 0.290507
0.460482 0.290554 0.290555
0.460624 0.290602 0.290603
0.460765 0.29065 0.290651
0.460907 0.290699 0.290699
0.461048 0.290747 0.290747
0.46119 0.290795 0.290795
0.461331 0.290843 0.290843
0.461473 0.290891 0.290892
0.461614 0.290939 0.29094
0.461756 0.290987 0.290988
0.461897 0.291035 0.291036
0.462039 0.291083 0.291084
0.46218 0.291131 0.291131
0.462322 0.291179 0.291179
0.462464 0.291227 0.291227
0.462605 0.291275 0.291275
0.462747 0.291323 0.291323
0.462888 0.29137 0.291371
0.46303 0.291418 0.291419
0.463171 0.291466 0.291467
0.463313 0.291514 0.291515
0.463455 0.291562 0.291562
0.463596 0.29161 0.29161
0.463738 0.291657 0.291658
0.46388 0.291705 0.291706
0.464021 0.291753 0.291753
0.464163 0.2918 0.291801
0.464304 0.291848 0.291849
0.464446 0.291896 0.291897
0.464588 0.291944 0.291944
0.464729 0.291991 0.291992
0.464871 0.292039 0.29204
0.465013 0.292086 0.292087
0.465154 0.292134 0.292135
0.465296 0.292182 0.292182
0.465438 0.292229 0.29223
0.46558 0.292277 0.292277
0.465721 0.292324 0.292325
0.465863 0.292372 0.292372
0.466005 0.292419 0.29242
0.466147 0.292467 0.292467
0.466288 0.292514 0.292515
0.46643 0.292562 0.292562
0.466572 0.292609 0.29261
0.466714 0.292657 0.292657
0.466855 0.292704 0.292705
0.466997 0.292751 0.292752
0.467139 0.292799 0.292799
0.467281 0.292846 0.292847
0.467423 0.292893 0.292894
0.467564 0.292941 0.292941
0.467706 0.292988 0.292989
0.467848 0.293035 0.293036
0.46799 0.293083 0.293083
0.468132 0.29313 0.29313
0.468273 0.293177 0.293178
0.468415 0.293224 0.293225
0.468557 0.293271 0.293272
0.468699 0.293319 0.293319
0.468841 0.293366 0.293366
0.468983 0.293413 0.293414
0.469125 0.29346 0.293461
0.469267 0.293507 0.293508
0.469409 0.293554 0.293555
0.46955 0.293601 0.293602
0.469692 0.293648 0.293649
0.469834 0.293695 0.293696
0.469976 0.293743 0.293743
0.470118 0.29379 0.29379
0.47026 0.293837 0.293837
0.470402 0.293884 0.293884
0.470544 0.29393 0.293931
0.470686 0.293977 0.293978
0.470828 0.294024 0.294025
0.47097 0.294071 0.294072
0.471112 0.294118 0.294119
0.471254 0.294165 0.294166
0.471396 0.294212 0.294213
0.471538 0.294259 0.294259
0.47168 0.294306 0.294306
0.471822 0.294352 0.294353
0.471964 0.294399 0.2944
0.472106 0.294446 0.294447
0.472248 0.294493 0.294493
0.47239 0.294539 0.29454
0.472532 0.294586 0.294587
0.472674 0.294633 0.294634
0.472817 0.29468 0.29468
0.472959 0.294726 0.294727
0.473101 0.294773 0.294774
0.473243 0.29482 0.29482
0.473385 0.294866 0.294867
0.473527 0.294913 0.294913
0.473669 0.294959 0.29496
0.473811 0.295006 0.295007
0.473953 0.295053 0.295053
0.474096 0.295099 0.2951
0.474238 0.295146 0.295146
0.47438 0.295192 0.295193
0.474522 0.295239 0.295239
0.474664 0.295285 0.295286
0.474807 0.295332 0.295332
0.474949 0.295378 0.295379
0.475091 0.295424 0.295425
0.475233 0.295471 0.295471
0.475375 0.295517 0.295518
0.475518 0.295564 0.295564
0.47566 0.29561 0.295611
0.475802 0.295656 0.295657
0.475944 0.295703 0.295703
0.476087 0.295749 0.29575
0.476229 0.295795 0.295796
0.476371 0.295841 0.295842
0.476513 0.295888 0.295888
0.476656 0.295934 0.295935
0.476798 0.29598 0.295981
0.47694 0.296026 0.296027
0.477083 0.296073 0.296073
0.477225 0.296119 0.296119
0.477367 0.296165 0.296166
0.47751 0.296211 0.296212
0.477652 0.296257 0.296258
0.477794 0.296303 0.296304
0.477937 0.296349 0.29635
0.478079 0.296395 0.296396
0.478221 0.296442 0.296442
0.478364 0.296488 0.296488
0.478506 0.296534 0.296534
0.478649 0.29658 0.29658
0.478791 0.296626 0.296626
0.478933 0.296672 0.296672
0.479076 0.296718 0.296718
0.479218 0.296764 0.296764
0.479361 0.296809 0.29681
0.479503 0.296855 0.296856
0.479646 0.296901 0.296902
0.479788 0.296947 0.296948
0.479931 0.296993 0.296994
0.480073 0.297039 0.29704
0.480216 0.297085 0.297085
0.480358 0.29713 0.297131
0.480501 0.297176 0.297177
0.480643 0.297222 0.297223
0.480786 0.297268 0.297269
0.480928 0.297314 0.297314
0.481071 0.297359 0.29736
0.481213 0.297405 0.297406
0.481356 0.297451 0.297451
0.481498 0.297496 0.297497
0.481641 0.297542 0.297543
0.481783 0.297588 0.297588
0.481926 0.297633 0.297634
0.482069 0.297679 0.29768
0.482211 0.297725 0.297725
0.482354 0.29777 0.297771
0.482496 0.297816 0.297816
0.482639 0.297861 0.297862
0.482782 0.297907 0.297907
0.482924 0.297952 0.297953
0.483067 0.297998 0.297998
0.48321 0.298043 0.298044
0.483352 0.298089 0.298089
0.483495 0.298134 0.298135
0.483638 0.29818 0.29818
0.48378 0.298225 0.298226
0.483923 0.29827 0.298271
0.484066 0.298316 0.298316
0.484208 0.298361 0.298362
0.484351 0.298406 0.298407
0.484494 0.298452 0.298453
0.484637 0.298497 0.298498
0.484779 0.298542 0.298543
0.484922 0.298588 0.298588
0.485065 0.298633 0.298634
0.485208 0.298678 0.298679
0.48535 0.298723 0.298724
0.485493 0.298769 0.298769
0.485636 0.298814 0.298815
0.485779 0.298859 0.29886
0.485922 0.298904 0.298905
0.486064 0.298949 0.29895
0.486207 0.298995 0.298995
0.48635 0.29904 0.29904
0.486493 0.299085 0.299085
0.486636 0.29913 0.299131
0.486779 0.299175 0.299176
0.486922 0.29922 0.299221
0.487064 0.299265 0.299266
0.487207 0.29931 0.299311
0.48735 0.299355 0.299356
0.487493 0.2994 0.299401
0.487636 0.299445 0.299446
0.487779 0.29949 0.299491
0.487922 0.299535 0.299536
0.488065 0.29958 0.299581
0.488208 0.299625 0.299625
0.488351 0.29967 0.29967
0.488494 0.299715 0.299715
0.488637 0.299759 0.29976
0.48878 0.299804 0.299805
0.488923 0.299849 0.29985
0.489066 0.299894 0.299895
0.489209 0.299939 0.299939
0.489352 0.299983 0.299984
0.489495 0.300028 0.300029
0.489638 0.300073 0.300074
0.489781 0.300118 0.300118
0.489924 0.300162 0.300163
0.490067 0.300207 0.300208
0.49021 0.300252 0.300252
0.490353 0.300296 0.300297
0.490496 0.300341 0.300342
0.490639 0.300386 0.300386
0.490782 0.30043 0.300431
0.490925 0.300475 0.300476
0.491068 0.300519 0.30052
0.491212 0.300564 0.300565
0.491355 0.300609 0.300609
0.491498 0.300653 0.300654
0.491641 0.300698 0.300698
0.491784 0.300742 0.300743
0.491927 0.300787 0.300787
0.49207 0.300831 0.300832
0.492214 0.300876 0.300876
0.492357 0.30092 0.300921
0.4925 0.300964 0.300965
0.492643 0.301009 0.30101
0.492786 0.301053 0.301054
0.49293 0.301098 0.301098
0.493073 0.301142 0.301143
0.493216 0.301186 0.301187
0.493359 0.301231 0.301231
0.493503 0.301275 0.301276
0.493646 0.301319 0.30132
0.493789 0.301363 0.301364
0.493932 0.301408 0.301408
0.494076 0.301452 0.301453
0.494219 0.301496 0.301497
0.494362 0.30154 0.301541
0.494506 0.301585 0.301585
0.494649 0.301629 0.30163
0.494792 0.301673 0.301674
0.494936 0.301717 0.301718
0.495079 0.301761 0.301762
0.495222 0.301805 0.301806
0.495366 0.301849 0.30185
0.495509 0.301893 0.301894
0.495653 0.301938 0.301938
0.495796 0.301982 0.301982
0.495939 0.302026 0.302026
0.496083 0.30207 0.30207
0.496226 0.302114 0.302114
0.49637 0.302158 0.302158
0.496513 0.302202 0.302202
0.496657 0.302246 0.302246
0.4968 0.302289 0.30229
0.496944 0.302333 0.302334
0.497087 0.302377 0.302378
0.49723 0.302421 0.302422
0.497374 0.302465 0.302466
0.497517 0.302509 0.30251
0.497661 0.302553 0.302554
0.497805 0.302597 0.302597
0.497948 0.30264 0.302641
0.498092 0.302684 0.302685
0.498235 0.302728 0.302729
0.498379 0.302772 0.302772
0.498522 0.302815 0.302816
0.498666 0.302859 0.30286
0.498809 0.302903 0.302904
0.498953 0.302947 0.302947
0.499097 0.30299 0.302991
0.49924 0.303034 0.303035
0.499384 0.303078 0.303078
0.499528 0.303121 0.303122
0.499671 0.303165 0.303166
0.499815 0.303208 0.303209
0.499958 0.303252 0.303253
0.500102 0.303296 0.303296
0.500246 0.303339 0.30334
0.50039 0.303383 0.303383
0.500533 0.303426 0.303427
0.500677 0.30347 0.30347
0.500821 0.303513 0.303514
0.500964 0.303557 0.303557
0.501108 0.3036 0.303601
0.501252 0.303643 0.303644
0.501396 0.303687 0.303688
0.501539 0.30373 0.303731
0.501683 0.303774 0.303774
0.501827 0.303817 0.303818
0.501971 0.30386 0.303861
0.502114 0.303904 0.303905
0.502258 0.303947 0.303948
0.502402 0.30399 0.303991
0.502546 0.304034 0.304034
0.50269 0.304077 0.304078
0.502834 0.30412 0.304121
0.502977 0.304163 0.304164
0.503121 0.304207 0.304207
0.503265 0.30425 0.304251
0.503409 0.304293 0.304294
0.503553 0.304336 0.304337
0.503697 0.304379 0.30438
0.503841 0.304423 0.304423
0.503985 0.304466 0.304467
0.504129 0.304509 0.30451
0.504272 0.304552 0.304553
0.504416 0.304595 0.304596
0.50456 0.304638 0.304639
0.504704 0.304681 0.304682
0.504848 0.304724 0.304725
0.504992 0.304767 0.304768
0.505136 0.30481 0.304811
0.50528 0.304853 0.304854
0.505424 0.304896 0.304897
0.505568 0.304939 0.30494
0.505712 0.304982 0.304983
0.505856 0.305025 0.305026
0.506 0.305068 0.305069
0.506144 0.305111 0.305112
0.506289 0.305154 0.305155
0.506433 0.305197 0.305197
0.506577 0.305239 0.30524
0.506721 0.305282 0.305283
0.506865 0.305325 0.305326
0.507009 0.305368 0.305369
0.507153 0.305411 0.305411
0.507297 0.305453 0.305454
0.507441 0.305496 0.305497
0.507586 0.305539 0.30554
0.50773 0.305582 0.305582
0.507874 0.305624 0.305625
0.508018 0.305667 0.305668
0.508162 0.30571 0.30571
0.508306 0.305752 0.305753
0.508451 0.305795 0.305796
0.508595 0.305838 0.305838
0.508739 0.30588 0.305881
0.508883 0.305923 0.305924
0.509028 0.305965 0.305966
0.509172 0.306008 0.306009
0.509316 0.30605 0.306051
0.50946 0.306093 0.306094
0.509605 0.306136 0.306136
0.509749 0.306178 0.306179
0.509893 0.306221 0.306221
0.510038 0.306263 0.306264
0.510182 0.306305 0.306306
0.510326 0.306348 0.306349
0.510471 0.30639 0.306391
0.510615 0.306433 0.306434
0.510759 0.306475 0.306476
0.510904 0.306517 0.306518
0.511048 0.30656 0.306561
0.511192 0.306602 0.306603
0.511337 0.306644 0.306645
0.511481 0.306687 0.306688
0.511626 0.306729 0.30673
0.51177 0.306771 0.306772
0.511915 0.306814 0.306814
0.512059 0.306856 0.306857
0.512203 0.306898 0.306899
0.512348 0.30694 0.306941
0.512492 0.306982 0.306983
0.512637 0.307025 0.307026
0.512781 0.307067 0.307068
0.512926 0.307109 0.30711
0.51307 0.307151 0.307152
0.513215 0.307193 0.307194
0.513359 0.307235 0.307236
0.513504 0.307277 0.307278
0.513649 0.30732 0.30732
0.513793 0.307362 0.307362
0.513938 0.307404 0.307404
0.514082 0.307446 0.307446
0.514227 0.307488 0.307489
0.514371 0.30753 0.30753
0.514516 0.307572 0.307572
0.514661 0.307614 0.307614
0.514805 0.307656 0.307656
0.51495 0.307697 0.307698
0.515095 0.307739 0.30774
0.515239 0.307781 0.307782
0.515384 0.307823 0.307824
0.515529 0.307865 0.307866
0.515673 0.307907 0.307908
0.515818 0.307949 0.30795
0.515963 0.307991 0.307991
0.516108 0.308032 0.308033
0.516252 0.308074 0.308075
0.516397 0.308116 0.308117
0.516542 0.308158 0.308159
0.516687 0.308199 0.3082
0.516831 0.308241 0.308242
0.516976 0.308283 0.308284
0.517121 0.308325 0.308325
0.517266 0.308366 0.308367
0.517411 0.308408 0.308409
0.517555 0.30845 0.30845
0.5177 0.308491 0.308492
0.517845 0.308533 0.308534
0.51799 0.308574 0.308575
0.518135 0.308616 0.308617
0.51828 0.308658 0.308658
0.518425 0.308699 0.3087
0.518569 0.308741 0.308742
0.518714 0.308782 0.308783
0.518859 0.308824 0.308825
0.519004 0.308865 0.308866
0.519149 0.308907 0.308908
0.519294 0.308948 0.308949
0.519439 0.30899 0.30899
0.519584 0.309031 0.309032
0.519729 0.309072 0.309073
0.519874 0.309114 0.309115
0.520019 0.309155 0.309156
0.520164 0.309197 0.309197
0.520309 0.309238 0.309239
0.520454 0.309279 0.30928
0.520599 0.309321 0.309321
0.520744 0.309362 0.309363
0.520889 0.309403 0.309404
0.521034 0.309444 0.309445
0.521179 0.309486 0.309487
0.521324 0.309527 0.309528
0.521469 0.309568 0.309569
0.521615 0.309609 0.30961
0.52176 0.309651 0.309651
0.521905 0.309692 0.309693
0.52205 0.309733 0.309734
0.522195 0.309774 0.309775
0.52234 0.309815 0.309816
0.522485 0.309856 0.309857
0.522631 0.309897 0.309898
0.522776 0.309939 0.309939
0.522921 0.30998 0.309981
0.523066 0.310021 0.310022
0.523211 0.310062 0.310063
0.523357 0.310103 0.310104
0.523502 0.310144 0.310145
0.523647 0.310185 0.310186
0.523793 0.310226 0.310227
0.523938 0.310267 0.310268
0.524083 0.310308 0.310309
0.524228 0.310349 0.310349
0.524374 0.31039 0.31039
0.524519 0.31043 0.310431
0.524664 0.310471 0.310472
0.52481 0.310512 0.310513
0.524955 0.310553 0.310554
0.5251 0.310594 0.310595
0.525246 0.310635 0.310636
0.525391 0.310676 0.310676
0.525537 0.310716 0.310717
0.525682 0.310757 0.310758
0.525827 0.310798 0.310799
0.525973 0.310839 0.310839
0.526118 0.310879 0.31088
0.526264 0.31092 0.310921
0.526409 0.310961 0.310962
0.526555 0.311001 0.311002
0.5267 0.311042 0.311043
0.526846 0.311083 0.311084
0.526991 0.311123 0.311124
0.527137 0.311164 0.311165
0.527282 0.311205 0.311206
0.527428 0.311245 0.311246
0.527573 0.311286 0.311287
0.527719 0.311326 0.311327
0.527864 0.311367 0.311368
0.52801 0.311407 0.311408
0.528155 0.311448 0.311449
0.528301 0.311488 0.311489
0.528447 0.311529 0.31153
0.528592 0.311569 0.31157
0.528738 0.31161 0.311611
0.528884 0.31165 0.311651
0.529029 0.311691 0.311692
0.529175 0.311731 0.311732
0.52932 0.311772 0.311772
0.529466 0.311812 0.311813
0.529612 0.311852 0.311853
0.529758 0.311893 0.311894
0.529903 0.311933 0.311934
0.530049 0.311973 0.311974
0.530195 0.312014 0.312014
0.53034 0.312054 0.312055
0.530486 0.312094 0.312095
0.530632 0.312134 0.312135
0.530778 0.312175 0.312176
0.530924 0.312215 0.312216
0.531069 0.312255 0.312256
0.531215 0.312295 0.312296
0.531361 0.312335 0.312336
0.531507 0.312376 0.312377
0.531653 0.312416 0.312417
0.531799 0.312456 0.312457
0.531944 0.312496 0.312497
0.53209 0.312536 0.312537
0.532236 0.312576 0.312577
0.532382 0.312616 0.312617
0.532528 0.312656 0.312657
0.532674 0.312696 0.312697
0.53282 0.312736 0.312737
0.532966 0.312776 0.312777
0.533112 0.312816 0.312817
0.533258 0.312856 0.312857
0.533404 0.312896 0.312897
0.53355 0.312936 0.312937
0.533696 0.312976 0.312977
0.533842 0.313016 0.313017
0.533988 0.313056 0.313057
0.534134 0.313096 0.313097
0.53428 0.313136 0.313137
0.534426 0.313176 0.313177
0.534572 0.313215 0.313216
0.534718 0.313255 0.313256
0.534864 0.313295 0.313296
0.53501 0.313335 0.313336
0.535156 0.313375 0.313376
0.535302 0.313414 0.313415
0.535449 0.313454 0.313455
0.535595 0.313494 0.313495
0.535741 0.313534 0.313535
0.535887 0.313573 0.313574
0.536033 0.313613 0.313614
0.536179 0.313653 0.313654
0.536326 0.313692 0.313693
0.536472 0.313732 0.313733
0.536618 0.313772 0.313773
0.536764 0.313811 0.313812
0.53691 0.313851 0.313852
0.537057 0.31389 0.313891
0.537203 0.31393 0.313931
0.537349 0.31397 0.31397
0.537496 0.314009 0.31401
0.537642 0.314049 0.31405
0.537788 0.314088 0.314089
0.537934 0.314128 0.314129
0.538081 0.314167 0.314168
0.538227 0.314207 0.314207
0.538373 0.314246 0.314247
0.53852 0.314285 0.314286
0.538666 0.314325 0.314326
0.538813 0.314364 0.314365
0.538959 0.314404 0.314405
0.539105 0.314443 0.314444
0.539252 0.314482 0.314483
0.539398 0.314522 0.314523
0.539545 0.314561 0.314562
0.539691 0.3146 0.314601
0.539838 0.31464 0.314641
0.539984 0.314679 0.31468
0.540131 0.314718 0.314719
0.540277 0.314757 0.314758
0.540424 0.314797 0.314798
0.54057 0.314836 0.314837
0.540717 0.314875 0.314876
0.540863 0.314914 0.314915
0.54101 0.314953 0.314954
0.541156 0.314993 0.314993
0.541303 0.315032 0.315033
0.54145 0.315071 0.315072
0.541596 0.31511 0.315111
0.541743 0.315149 0.31515
0.541889 0.315188 0.315189
0.542036 0.315227 0.315228
0.542183 0.315266 0.315267
0.542329 0.315305 0.315306
0.542476 0.315344 0.315345
0.542623 0.315383 0.315384
0.54277 0.315422 0.315423
0.542916 0.315461 0.315462
0.543063 0.3155 0.315501
0.54321 0.315539 0.31554
0.543356 0.315578 0.315579
0.543503 0.315617 0.315618
0.54365 0.315656 0.315657
0.543797 0.315695 0.315696
0.543944 0.315734 0.315735
0.54409 0.315772 0.315773
0.544237 0.315811 0.315812
0.544384 0.31585 0.315851
0.544531 0.315889 0.31589
0.544678 0.315928 0.315929
0.544825 0.315966 0.315967
0.544971 0.316005 0.316006
0.545118 0.316044 0.316045
0.545265 0.316083 0.316084
0.545412 0.316121 0.316122
0.545559 0.31616 0.316161
0.545706 0.316199 0.3162
0.545853 0.316238 0.316238
0.546 0.316276 0.316277
0.546147 0.316315 0.316316
0.546294 0.316353 0.316354
0.546441 0.316392 0.316393
0.546588 0.316431 0.316432
0.546735 0.316469 0.31647
0.546882 0.316508 0.316509
0.547029 0.316546 0.316547
0.547176 0.316585 0.316586
0.547323 0.316623 0.316624
0.54747 0.316662 0.316663
0.547617 0.3167 0.316701
0.547764 0.316739 0.31674
0.547911 0.316777 0.316778
0.548059 0.316816 0.316817
0.548206 0.316854 0.316855
0.548353 0.316893 0.316894
0.5485 0.316931 0.316932
0.548647 0.316969 0.31697
0.548794 0.317008 0.317009
0.548942 0.317046 0.317047
0.549089 0.317084 0.317085
0.549236 0.317123 0.317124
0.549383 0.317161 0.317162
0.54953 0.317199 0.3172
0.549678 0.317238 0.317239
0.549825 0.317276 0.317277
0.549972 0.317314 0.317315
0.55012 0.317352 0.317353
0.550267 0.317391 0.317392
0.550414 0.317429 0.31743
0.550562 0.317467 0.317468
0.550709 0.317505 0.317506
0.550856 0.317543 0.317544
0.551004 0.317582 0.317583
0.551151 0.31762 0.317621
0.551298 0.317658 0.317659
0.551446 0.317696 0.317697
0.551593 0.317734 0.317735
0.551741 0.317772 0.317773
0.551888 0.31781 0.317811
0.552036 0.317848 0.317849
0.552183 0.317886 0.317887
0.55233 0.317924 0.317925
0.552478 0.317962 0.317963
0.552625 0.318 0.318001
0.552773 0.318038 0.318039
0.55292 0.318076 0.318077
0.553068 0.318114 0.318115
0.553216 0.318152 0.318153
0.553363 0.31819 0.318191
0.553511 0.318228 0.318229
0.553658 0.318266 0.318267
0.553806 0.318303 0.318304
0.553953 0.318341 0.318342
0.554101 0.318379 0.31838
0.554249 0.318417 0.318418
0.554396 0.318455 0.318456
0.554544 0.318493 0.318494
0.554692 0.31853 0.318531
0.554839 0.318568 0.318569
0.554987 0.318606 0.318607
0.555135 0.318644 0.318645
0.555283 0.318681 0.318682
0.55543 0.318719 0.31872
0.555578 0.318757 0.318758
0.555726 0.318794 0.318795
0.555874 0.318832 0.318833
0.556021 0.31887 0.318871
0.556169 0.318907 0.318908
0.556317 0.318945 0.318946
0.556465 0.318982 0.318983
0.556613 0.31902 0.319021
0.55676 0.319058 0.319059
0.556908 0.319095 0.319096
0.557056 0.319133 0.319134
0.557204 0.31917 0.319171
0.557352 0.319208 0.319209
0.5575 0.319245 0.319246
0.557648 0.319283 0.319284
0.557796 0.31932 0.319321
0.557944 0.319357 0.319359
0.558092 0.319395 0.319396
0.55824 0.319432 0.319433
0.558388 0.31947 0.319471
0.558536 0.319507 0.319508
0.558684 0.319544 0.319546
0.558832 0.319582 0.319583
0.55898 0.319619 0.31962
0.559128 0.319656 0.319658
0.559276 0.319694 0.319695
0.559424 0.319731 0.319732
0.559572 0.319768 0.319769
0.55972 0.319806 0.319807
0.559868 0.319843 0.319844
0.560016 0.31988 0.319881
0.560164 0.319917 0.319918
0.560313 0.319955 0.319956
0.560461 0.319992 0.319993
0.560609 0.320029 0.32003
0.560757 0.320066 0.320067
0.560905 0.320103 0.320104
0.561053 0.32014 0.320141
0.561202 0.320177 0.320179
0.56135 0.320215 0.320216
0.561498 0.320252 0.320253
0.561646 0.320289 0.32029
0.561795 0.320326 0.320327
0.561943 0.320363 0.320364
0.562091 0.3204 0.320401
0.56224 0.320437 0.320438
0.562388 0.320474 0.320475
0.562536 0.320511 0.320512
0.562685 0.320548 0.320549
0.562833 0.320585 0.320586
0.562981 0.320622 0.320623
0.56313 0.320659 0.32066
0.563278 0.320696 0.320697
0.563427 0.320732 0.320733
0.563575 0.320769 0.32077
0.563724 0.320806 0.320807
0.563872 0.320843 0.320844
0.56402 0.32088 0.320881
0.564169 0.320917 0.320918
0.564317 0.320953 0.320955
0.564466 0.32099 0.320991
0.564614 0.321027 0.321028
0.564763 0.321064 0.321065
0.564912 0.321101 0.321102
0.56506 0.321137 0.321138
0.565209 0.321174 0.321175
0.565357 0.321211 0.321212
0.565506 0.321247 0.321248
0.565654 0.321284 0.321285
0.565803 0.321321 0.321322
0.565952 0.321357 0.321358
0.5661 0.321394 0.321395
0.566249 0.321431 0.321432
0.566398 0.321467 0.321468
0.566546 0.321504 0.321505
0.566695 0.32154 0.321541
0.566844 0.321577 0.321578
0.566993 0.321613 0.321615
0.567141 0.32165 0.321651
0.56729 0.321686 0.321688
0.567439 0.321723 0.321724
0.567588 0.321759 0.321761
0.567736 0.321796 0.321797
0.567885 0.321832 0.321833
0.568034 0.321869 0.32187
0.568183 0.321905 0.321906
0.568332 0.321942 0.321943
0.568481 0.321978 0.321979
0.56863 0.322014 0.322015
0.568778 0.322051 0.322052
0.568927 0.322087 0.322088
0.569076 0.322123 0.322125
0.569225 0.32216 0.322161
0.569374 0.322196 0.322197
0.569523 0.322232 0.322233
0.569672 0.322269 0.32227
0.569821 0.322305 0.322306
0.56997 0.322341 0.322342
0.570119 0.322377 0.322378
0.570268 0.322414 0.322415
0.570417 0.32245 0.322451
0.570566 0.322486 0.322487
0.570715 0.322522 0.322523
0.570864 0.322558 0.322559
0.571013 0.322594 0.322596
0.571162 0.322631 0.322632
0.571312 0.322667 0.322668
0.571461 0.322703 0.322704
0.57161 0.322739 0.32274
0.571759 0.322775 0.322776
0.571908 0.322811 0.322812
0.572057 0.322847 0.322848
0.572207 0.322883 0.322884
0.572356 0.322919 0.32292
0.572505 0.322955 0.322956
0.572654 0.322991 0.322992
0.572803 0.323027 0.323028
0.572953 0.323063 0.323064
0.573102 0.323099 0.3231
0.573251 0.323135 0.323136
0.573401 0.323171 0.323172
0.57355 0.323207 0.323208
0.573699 0.323242 0.323244
0.573849 0.323278 0.323279
0.573998 0.323314 0.323315
0.574147 0.32335 0.323351
0.574297 0.323386 0.323387
0.574446 0.323422 0.323423
0.574596 0.323457 0.323459
0.574745 0.323493 0.323494
0.574894 0.323529 0.32353
0.575044 0.323565 0.323566
0.575193 0.3236 0.323602
0.575343 0.323636 0.323637
0.575492 0.323672 0.323673
0.575642 0.323708 0.323709
0.575791 0.323743 0.323744
0.575941 0.323779 0.32378
0.57609 0.323814 0.323816
0.57624 0.32385 0.323851
0.57639 0.323886 0.323887
0.576539 0.323921 0.323922
0.576689 0.323957 0.323958
0.576838 0.323992 0.323994
0.576988 0.324028 0.324029
0.577138 0.324064 0.324065
0.577287 0.324099 0.3241
0.577437 0.324135 0.324136
0.577587 0.32417 0.324171
0.577736 0.324206 0.324207
0.577886 0.324241 0.324242
0.578036 0.324277 0.324278
0.578186 0.324312 0.324313
0.578335 0.324347 0.324349
0.578485 0.324383 0.324384
0.578635 0.324418 0.324419
0.578785 0.324454 0.324455
0.578935 0.324489 0.32449
0.579084 0.324524 0.324525
0.579234 0.32456 0.324561
0.579384 0.324595 0.324596
0.579534 0.32463 0.324631
0.579684 0.324666 0.324667
0.579834 0.324701 0.324702
0.579984 0.324736 0.324737
0.580134 0.324771 0.324772
0.580284 0.324807 0.324808
0.580434 0.324842 0.324843
0.580584 0.324877 0.324878
0.580733 0.324912 0.324913
0.580883 0.324947 0.324949
0.581033 0.324983 0.324984
0.581184 0.325018 0.325019
0.581334 0.325053 0.325054
0.581484 0.325088 0.325089
0.581634 0.325123 0.325124
0.581784 0.325158 0.325159
0.581934 0.325193 0.325194
0.582084 0.325228 0.325229
0.582234 0.325263 0.325264
0.582384 0.325298 0.325299
0.582534 0.325333 0.325334
0.582685 0.325368 0.325369
0.582835 0.325403 0.325404
0.582985 0.325438 0.325439
0.583135 0.325473 0.325474
0.583285 0.325508 0.325509
0.583436 0.325543 0.325544
0.583586 0.325578 0.325579
0.583736 0.325613 0.325614
0.583886 0.325648 0.325649
0.584037 0.325683 0.325684
0.584187 0.325718 0.325719
0.584337 0.325752 0.325754
0.584488 0.325787 0.325788
0.584638 0.325822 0.325823
0.584788 0.325857 0.325858
0.584939 0.325892 0.325893
0.585089 0.325926 0.325928
0.58524 0.325961 0.325962
0.58539 0.325996 0.325997
0.58554 0.326031 0.326032
0.585691 0.326065 0.326066
0.585841 0.3261 0.326101
0.585992 0.326135 0.326136
0.586142 0.326169 0.326171
0.586293 0.326204 0.326205
0.586443 0.326239 0.32624
0.586594 0.326273 0.326274
0.586744 0.326308 0.326309
0.586895 0.326342 0.326344
0.587046 0.326377 0.326378
0.587196 0.326412 0.326413
0.587347 0.326446 0.326447
0.587497 0.326481 0.326482
0.587648 0.326515 0.326516
0.587799 0.32655 0.326551
0.587949 0.326584 0.326585
0.5881 0.326619 0.32662
0.588251 0.326653 0.326654
0.588402 0.326688 0.326689
0.588552 0.326722 0.326723
0.588703 0.326756 0.326758
0.588854 0.326791 0.326792
0.589005 0.326825 0.326826
0.589155 0.32686 0.326861
0.589306 0.326894 0.326895
0.589457 0.326928 0.32693
0.589608 0.326963 0.326964
0.589759 0.326997 0.326998
0.589909 0.327031 0.327033
0.59006 0.327066 0.327067
0.590211 0.3271 0.327101
0.590362 0.327134 0.327135
0.590513 0.327168 0.32717
0.590664 0.327203 0.327204
0.590815 0.327237 0.327238
0.590966 0.327271 0.327272
0.591117 0.327305 0.327306
0.591268 0.327339 0.327341
0.591419 0.327374 0.327375
0.59157 0.327408 0.327409
0.591721 0.327442 0.327443
0.591872 0.327476 0.327477
0.592023 0.32751 0.327511
0.592174 0.327544 0.327545
0.592325 0.327578 0.327579
0.592476 0.327612 0.327614
0.592627 0.327646 0.327648
0.592779 0.32768 0.327682
0.59293 0.327714 0.327716
0.593081 0.327748 0.32775
0.593232 0.327782 0.327784
0.593383 0.327816 0.327818
0.593535 0.32785 0.327852
0.593686 0.327884 0.327885
0.593837 0.327918 0.327919
0.593988 0.327952 0.327953
0.59414 0.327986 0.327987
0.594291 0.32802 0.328021
0.594442 0.328054 0.328055
0.594593 0.328088 0.328089
0.594745 0.328121 0.328123
0.594896 0.328155 0.328157
0.595048 0.328189 0.32819
0.595199 0.328223 0.328224
0.59535 0.328257 0.328258
0.595502 0.32829 0.328292
0.595653 0.328324 0.328325
0.595805 0.328358 0.328359
0.595956 0.328392 0.328393
0.596108 0.328425 0.328427
0.596259 0.328459 0.32846
0.596411 0.328493 0.328494
0.596562 0.328526 0.328528
0.596714 0.32856 0.328561
0.596865 0.328594 0.328595
0.597017 0.328627 0.328629
0.597168 0.328661 0.328662
0.59732 0.328695 0.328696
0.597471 0.328728 0.328729
0.597623 0.328762 0.328763
0.597775 0.328795 0.328797
0.597926 0.328829 0.32883
0.598078 0.328862 0.328864
0.59823 0.328896 0.328897
0.598381 0.328929 0.328931
0.598533 0.328963 0.328964
0.598685 0.328996 0.328998
0.598837 0.32903 0.329031
0.598988 0.329063 0.329065
0.59914 0.329097 0.329098
0.599292 0.32913 0.329131
0.599444 0.329163 0.329165
0.599596 0.329197 0.329198
0.599747 0.32923 0.329231
0.599899 0.329264 0.329265
0.600051 0.329297 0.329298
0.600203 0.32933 0.329332
0.600355 0.329364 0.329365
0.600507 0.329397 0.329398
0.600659 0.32943 0.329431
0.600811 0.329463 0.329465
0.600963 0.329497 0.329498
0.601115 0.32953 0.329531
0.601267 0.329563 0.329564
0.601419 0.329596 0.329598
0.601571 0.32963 0.329631
0.601723 0.329663 0.329664
0.601875 0.329696 0.329697
0.602027 0.329729 0.32973
0.602179 0.329762 0.329763
0.602331 0.329795 0.329797
0.602483 0.329828 0.32983
0.602635 0.329862 0.329863
0.602787 0.329895 0.329896
0.602939 0.329928 0.329929
0.603092 0.329961 0.329962
0.603244 0.329994 0.329995
0.603396 0.330027 0.330028
0.603548 0.33006 0.330061
0.603701 0.330093 0.330094
0.603853 0.330126 0.330127
0.604005 0.330159 0.33016
0.604157 0.330192 0.330193
0.60431 0.330225 0.330226
0.604462 0.330258 0.330259
0.604614 0.33029 0.330292
0.604767 0.330323 0.330325
0.604919 0.330356 0.330358
0.605071 0.330389 0.33039
0.605224 0.330422 0.330423
0.605376 0.330455 0.330456
0.605529 0.330488 0.330489
0.605681 0.33052 0.330522
0.605834 0.330553 0.330555
0.605986 0.330586 0.330587
0.606138 0.330619 0.33062
0.606291 0.330652 0.330653
0.606444 0.330684 0.330686
0.606596 0.330717 0.330718
0.606749 0.33075 0.330751
0.606901 0.330782 0.330784
0.607054 0.330815 0.330816
0.607206 0.330848 0.330849
0.607359 0.33088 0.330882
0.607512 0.330913 0.330914
0.607664 0.330946 0.330947
0.607817 0.330978 0.33098
0.60797 0.331011 0.331012
0.608122 0.331043 0.331045
0.608275 0.331076 0.331077
0.608428 0.331109 0.33111
0.60858 0.331141 0.331142
0.608733 0.331174 0.331175
0.608886 0.331206 0.331207
0.609039 0.331239 0.33124
0.609192 0.331271 0.331272
0.609344 0.331304 0.331305
0.609497 0.331336 0.331337
0.60965 0.331369 0.33137
0.609803 0.331401 0.331402
0.609956 0.331433 0.331435
0.610109 0.331466 0.331467
0.610262 0.331498 0.331499
0.610415 0.331531 0.331532
0.610568 0.331563 0.331564
0.610721 0.331595 0.331597
0.610874 0.331628 0.331629
0.611027 0.33166 0.331661
0.61118 0.331692 0.331693
0.611333 0.331724 0.331726
0.611486 0.331757 0.331758
0.611639 0.331789 0.33179
0.611792 0.331821 0.331823
0.611945 0.331853 0.331855
0.612098 0.331886 0.331887
0.612251 0.331918 0.331919
0.612404 0.33195 0.331951
0.612557 0.331982 0.331984
0.612711 0.332014 0.332016
0.612864 0.332046 0.332048
0.613017 0.332079 0.33208
0.61317 0.332111 0.332112
0.613323 0.332143 0.332144
0.613477 0.332175 0.332176
0.61363 0.332207 0.332208
0.613783 0.332239 0.33224
0.613937 0.332271 0.332272
0.61409 0.332303 0.332304
0.614243 0.332335 0.332336
0.614397 0.332367 0.332368
0.61455 0.332399 0.3324
0.614703 0.332431 0.332432
0.614857 0.332463 0.332464
0.61501 0.332495 0.332496
0.615164 0.332527 0.332528
0.615317 0.332559 0.33256
0.615471 0.332591 0.332592
0.615624 0.332623 0.332624
0.615778 0.332654 0.332656
0.615931 0.332686 0.332688
0.616085 0.332718 0.332719
0.616238 0.33275 0.332751
0.616392 0.332782 0.332783
0.616545 0.332814 0.332815
0.616699 0.332845 0.332847
0.616853 0.332877 0.332878
0.617006 0.332909 0.33291
0.61716 0.332941 0.332942
0.617314 0.332972 0.332974
0.617467 0.333004 0.333005
0.617621 0.333036 0.333037
0.617775 0.333067 0.333069
0.617928 0.333099 0.3331
0.618082 0.333131 0.333132
0.618236 0.333162 0.333164
0.61839 0.333194 0.333195
0.618544 0.333226 0.333227
0.618697 0.333257 0.333259
0.618851 0.333289 0.33329
0.619005 0.33332 0.333322
0.619159 0.333352 0.333353
0.619313 0.333384 0.333385
0.619467 0.333415 0.333416
0.619621 0.333447 0.333448
0.619775 0.333478 0.333479
0.619929 0.33351 0.333511
0.620082 0.333541 0.333542
0.620236 0.333572 0.333574
0.62039 0.333604 0.333605
0.620544 0.333635 0.333637
0.620699 0.333667 0.333668
0.620853 0.333698 0.3337
0.621007 0.33373 0.333731
0.621161 0.333761 0.333762
0.621315 0.333792 0.333794
0.621469 0.333824 0.333825
0.621623 0.333855 0.333856
0.621777 0.333886 0.333888
0.621931 0.333918 0.333919
0.622086 0.333949 0.33395
0.62224 0.33398 0.333982
0.622394 0.334011 0.334013
0.622548 0.334043 0.334044
0.622703 0.334074 0.334075
0.622857 0.334105 0.334107
0.623011 0.334136 0.334138
0.623165 0.334168 0.334169
0.62332 0.334199 0.3342
0.623474 0.33423 0.334231
0.623628 0.334261 0.334262
0.623783 0.334292 0.334294
0.623937 0.334323 0.334325
0.624092 0.334354 0.334356
0.624246 0.334385 0.334387
0.6244 0.334417 0.334418
0.624555 0.334448 0.334449
0.624709 0.334479 0.33448
0.624864 0.33451 0.334511
0.625018 0.334541 0.334542
0.625173 0.334572 0.334573
0.625328 0.334603 0.334604
0.625482 0.334634 0.334635
0.625637 0.334665 0.334666
0.625791 0.334696 0.334697
0.625946 0.334727 0.334728
0.626101 0.334757 0.334759
0.626255 0.334788 0.33479
0.62641 0.334819 0.334821
0.626565 0.33485 0.334852
0.626719 0.334881 0.334882
0.626874 0.334912 0.334913
0.627029 0.334943 0.334944
0.627183 0.334973 0.334975
0.627338 0.335004 0.335006
0.627493 0.335035 0.335037
0.627648 0.335066 0.335067
0.627803 0.335097 0.335098
0.627957 0.335127 0.335129
0.628112 0.335158 0.33516
0.628267 0.335189 0.33519
0.628422 0.33522 0.335221
0.628577 0.33525 0.335252
0.628732 0.335281 0.335282
0.628887 0.335312 0.335313
0.629042 0.335342 0.335344
0.629197 0.335373 0.335374
0.629352 0.335404 0.335405
0.629507 0.335434 0.335436
0.629662 0.335465 0.335466
0.629817 0.335495 0.335497
0.629972 0.335526 0.335527
0.630127 0.335556 0.335558
0.630282 0.335587 0.335588
0.630437 0.335617 0.335619
0.630592 0.335648 0.335649
0.630748 0.335679 0.33568
0.630903 0.335709 0.33571
0.631058 0.335739 0.335741
0.631213 0.33577 0.335771
0.631368 0.3358 0.335802
0.631524 0.335831 0.335832
0.631679 0.335861 0.335863
0.631834 0.335892 0.335893
0.631989 0.335922 0.335923
0.632145 0.335952 0.335954
0.6323 0.335983 0.335984
0.632455 0.336013 0.336014
0.632611 0.336043 0.336045
0.632766 0.336074 0.336075
0.632921 0.336104 0.336105
0.633077 0.336134 0.336136
0.633232 0.336165 0.336166
0.633388 0.336195 0.336196
0.633543 0.336225 0.336226
0.633699 0.336255 0.336257
0.633854 0.336285 0.336287
0.63401 0.336316 0.336317
0.634165 0.336346 0.336347
0.634321 0.336376 0.336378
0.634476 0.336406 0.336408
0.634632 0.336436 0.336438
0.634788 0.336466 0.336468
0.634943 0.336497 0.336498
0.635099 0.336527 0.336528
0.635255 0.336557 0.336558
0.63541 0.336587 0.336588
0.635566 0.336617 0.336618
0.635722 0.336647 0.336648
0.635877 0.336677 0.336678
0.636033 0.336707 0.336708
0.636189 0.336737 0.336739
0.636345 0.336767 0.336768
0.636501 0.336797 0.336798
0.636656 0.336827 0.336828
0.636812 0.336857 0.336858
0.636968 0.336887 0.336888
0.637124 0.336917 0.336918
0.63728 0.336947 0.336948
0.637436 0.336977 0.336978
0.637592 0.337006 0.337008
0.637748 0.337036 0.337038
0.637904 0.337066 0.337068
0.63806 0.337096 0.337097
0.638216 0.337126 0.337127
0.638372 0.337156 0.337157
0.638528 0.337185 0.337187
0.638684 0.337215 0.337217
0.63884 0.337245 0.337246
0.638996 0.337275 0.337276
0.639152 0.337304 0.337306
0.639308 0.337334 0.337336
0.639464 0.337364 0.337365
0.639621 0.337394 0.337395
0.639777 0.337423 0.337425
0.639933 0.337453 0.337454
0.640089 0.337483 0.337484
0.640245 0.337512 0.337514
0.640402 0.337542 0.337543
0.640558 0.337571 0.337573
0.640714 0.337601 0.337603
0.640871 0.337631 0.337632
0.641027 0.33766 0.337662
0.641183 0.33769 0.337691
0.64134 0.337719 0.337721
0.641496 0.337749 0.33775
0.641652 0.337778 0.33778
0.641809 0.337808 0.337809
0.641965 0.337837 0.337839
0.642122 0.337867 0.337868
0.642278 0.337896 0.337898
0.642435 0.337926 0.337927
0.642591 0.337955 0.337957
0.642748 0.337985 0.337986
0.642904 0.338014 0.338015
0.643061 0.338043 0.338045
0.643217 0.338073 0.338074
0.643374 0.338102 0.338104
0.643531 0.338131 0.338133
0.643687 0.338161 0.338162
0.643844 0.33819 0.338192
0.644001 0.338219 0.338221
0.644157 0.338249 0.33825
0.644314 0.338278 0.338279
0.644471 0.338307 0.338309
0.644628 0.338336 0.338338
0.644784 0.338366 0.338367
0.644941 0.338395 0.338396
0.645098 0.338424 0.338426
0.645255 0.338453 0.338455
0.645412 0.338482 0.338484
0.645569 0.338512 0.338513
0.645725 0.338541 0.338542
0.645882 0.33857 0.338571
0.646039 0.338599 0.338601
0.646196 0.338628 0.33863
0.646353 0.338657 0.338659
0.64651 0.338686 0.338688
0.646667 0.338715 0.338717
0.646824 0.338744 0.338746
0.646981 0.338773 0.338775
0.647138 0.338802 0.338804
0.647295 0.338831 0.338833
0.647452 0.33886 0.338862
0.647609 0.338889 0.338891
0.647767 0.338918 0.33892
0.647924 0.338947 0.338949
0.648081 0.338976 0.338978
0.648238 0.339005 0.339007
0.648395 0.339034 0.339036
0.648553 0.339063 0.339065
0.64871 0.339092 0.339093
0.648867 0.339121 0.339122
0.649024 0.33915 0.339151
0.649182 0.339178 0.33918
0.649339 0.339207 0.339209
0.649496 0.339236 0.339238
0.649654 0.339265 0.339266
0.649811 0.339294 0.339295
0.649968 0.339322 0.339324
0.650126 0.339351 0.339353
0.650283 0.33938 0.339381
0.650441 0.339409 0.33941
0.650598 0.339437 0.339439
0.650756 0.339466 0.339468
0.650913 0.339495 0.339496
0.651071 0.339523 0.339525
0.651228 0.339552 0.339554
0.651386 0.339581 0.339582
0.651543 0.339609 0.339611
0.651701 0.339638 0.33964
0.651859 0.339667 0.339668
0.652016 0.339695 0.339697
0.652174 0.339724 0.339725
0.652332 0.339752 0.339754
0.652489 0.339781 0.339782
0.652647 0.339809 0.339811
0.652805 0.339838 0.339839
0.652962 0.339866 0.339868
0.65312 0.339895 0.339896
0.653278 0.339923 0.339925
0.653436 0.339952 0.339953
0.653594 0.33998 0.339982
0.653751 0.340009 0.34001
0.653909 0.340037 0.340039
0.654067 0.340066 0.340067
0.654225 0.340094 0.340095
0.654383 0.340122 0.340124
0.654541 0.340151 0.340152
0.654699 0.340179 0.340181
0.654857 0.340207 0.340209
0.655015 0.340236 0.340237
0.655173 0.340264 0.340266
0.655331 0.340292 0.340294
0.655489 0.340321 0.340322
0.655647 0.340349 0.34035
0.655805 0.340377 0.340379
0.655963 0.340405 0.340407
0.656122 0.340434 0.340435
0.65628 0.340462 0.340463
0.656438 0.34049 0.340492
0.656596 0.340518 0.34052
0.656754 0.340546 0.340548
0.656913 0.340574 0.340576
0.657071 0.340603 0.340604
0.657229 0.340631 0.340632
0.657387 0.340659 0.34066
0.657546 0.340687 0.340688
0.657704 0.340715 0.340717
0.657862 0.340743 0.340745
0.658021 0.340771 0.340773
0.658179 0.340799 0.340801
0.658338 0.340827 0.340829
0.658496 0.340855 0.340857
0.658654 0.340883 0.340885
0.658813 0.340911 0.340913
0.658971 0.340939 0.340941
0.65913 0.340967 0.340969
0.659288 0.340995 0.340997
0.659447 0.341023 0.341025
0.659606 0.341051 0.341053
0.659764 0.341079 0.34108
0.659923 0.341107 0.341108
0.660081 0.341135 0.341136
0.66024 0.341162 0.341164
0.660399 0.34119 0.341192
0.660557 0.341218 0.34122
0.660716 0.341246 0.341248
0.660875 0.341274 0.341275
0.661034 0.341302 0.341303
0.661192 0.341329 0.341331
0.661351 0.341357 0.341359
0.66151 0.341385 0.341386
0.661669 0.341413 0.341414
0.661828 0.34144 0.341442
0.661986 0.341468 0.34147
0.662145 0.341496 0.341497
0.662304 0.341523 0.341525
0.662463 0.341551 0.341553
0.662622 0.341579 0.34158
0.662781 0.341606 0.341608
0.66294 0.341634 0.341636
0.663099 0.341662 0.341663
0.663258 0.341689 0.341691
0.663417 0.341717 0.341718
0.663576 0.341744 0.341746
0.663735 0.341772 0.341773
0.663894 0.341799 0.341801
0.664053 0.341827 0.341829
0.664213 0.341854 0.341856
0.664372 0.341882 0.341884
0.664531 0.341909 0.341911
0.66469 0.341937 0.341938
0.664849 0.341964 0.341966
0.665009 0.341992 0.341993
0.665168 0.342019 0.342021
0.665327 0.342047 0.342048
0.665486 0.342074 0.342076
0.665646 0.342101 0.342103
0.665805 0.342129 0.34213
0.665964 0.342156 0.342158
0.666124 0.342183 0.342185
0.666283 0.342211 0.342212
0.666443 0.342238 0.34224
0.666602 0.342265 0.342267
0.666762 0.342293 0.342294
0.666921 0.34232 0.342322
0.667081 0.342347 0.342349
0.66724 0.342374 0.342376
0.6674 0.342402 0.342403
0.667559 0.342429 0.342431
0.667719 0.342456 0.342458
0.667878 0.342483 0.342485
0.668038 0.34251 0.342512
0.668198 0.342538 0.342539
0.668357 0.342565 0.342566
0.668517 0.342592 0.342594
0.668677 0.342619 0.342621
0.668836 0.342646 0.342648
0.668996 0.342673 0.342675
0.669156 0.3427 0.342702
0.669316 0.342727 0.342729
0.669476 0.342754 0.342756
0.669635 0.342781 0.342783
0.669795 0.342808 0.34281
0.669955 0.342835 0.342837
0.670115 0.342862 0.342864
0.670275 0.342889 0.342891
0.670435 0.342916 0.342918
0.670595 0.342943 0.342945
0.670755 0.34297 0.342972
0.670915 0.342997 0.342999
0.671075 0.343024 0.343026
0.671235 0.343051 0.343053
0.671395 0.343078 0.34308
0.671555 0.343105 0.343106
0.671715 0.343132 0.343133
0.671875 0.343158 0.34316
0.672035 0.343185 0.343187
0.672195 0.343212 0.343214
0.672356 0.343239 0.343241
0.672516 0.343266 0.343267
0.672676 0.343292 0.343294
0.672836 0.343319 0.343321
0.672996 0.343346 0.343348
0.673157 0.343373 0.343374
0.673317 0.343399 0.343401
0.673477 0.343426 0.343428
0.673638 0.343453 0.343455
0.673798 0.34348 0.343481
0.673958 0.343506 0.343508
0.674119 0.343533 0.343535
0.674279 0.343559 0.343561
0.67444 0.343586 0.343588
0.6746 0.343613 0.343614
0.674761 0.343639 0.343641
0.674921 0.343666 0.343668
0.675082 0.343692 0.343694
0.675242 0.343719 0.343721
0.675403 0.343745 0.343747
0.675563 0.343772 0.343774
0.675724 0.343799 0.3438
0.675885 0.343825 0.343827
0.676045 0.343851 0.343853
0.676206 0.343878 0.34388
0.676367 0.343904 0.343906
0.676527 0.343931 0.343933
0.676688 0.343957 0.343959
0.676849 0.343984 0.343985
0.67701 0.34401 0.344012
0.67717 0.344036 0.344038
0.677331 0.344063 0.344065
0.677492 0.344089 0.344091
0.677653 0.344115 0.344117
0.677814 0.344142 0.344144
0.677975 0.344168 0.34417
0.678136 0.344194 0.344196
0.678297 0.344221 0.344222
0.678458 0.344247 0.344249
0.678619 0.344273 0.344275
0.67878 0.344299 0.344301
0.678941 0.344326 0.344327
0.679102 0.344352 0.344354
0.679263 0.344378 0.34438
0.679424 0.344404 0.344406
0.679585 0.34443 0.344432
0.679746 0.344457 0.344458
0.679907 0.344483 0.344485
0.680068 0.344509 0.344511
0.68023 0.344535 0.344537
0.680391 0.344561 0.344563
0.680552 0.344587 0.344589
0.680713 0.344613 0.344615
0.680875 0.344639 0.344641
0.681036 0.344665 0.344667
0.681197 0.344691 0.344693
0.681359 0.344717 0.344719
0.68152 0.344743 0.344745
0.681681 0.344769 0.344771
0.681843 0.344795 0.344797
0.682004 0.344821 0.344823
0.682166 0.344847 0.344849
0.682327 0.344873 0.344875
0.682489 0.344899 0.344901
0.68265 0.344925 0.344927
0.682812 0.344951 0.344953
0.682973 0.344977 0.344979
0.683135 0.345003 0.345004
0.683296 0.345029 0.34503
0.683458 0.345054 0.345056
0.68362 0.34508 0.345082
0.683781 0.345106 0.345108
0.683943 0.345132 0.345134
0.684105 0.345158 0.345159
0.684266 0.345183 0.345185
0.684428 0.345209 0.345211
0.68459 0.345235 0.345237
0.684752 0.345261 0.345262
0.684914 0.345286 0.345288
0.685075 0.345312 0.345314
0.685237 0.345338 0.345339
0.685399 0.345363 0.345365
0.685561 0.345389 0.345391
0.685723 0.345415 0.345416
0.685885 0.34544 0.345442
0.686047 0.345466 0.345468
0.686209 0.345492 0.345493
0.686371 0.345517 0.345519
0.686533 0.345543 0.345544
0.686695 0.345568 0.34557
0.686857 0.345594 0.345596
0.687019 0.345619 0.345621
0.687181 0.345645 0.345647
0.687343 0.34567 0.345672
0.687506 0.345696 0.345698
0.687668 0.345721 0.345723
0.68783 0.345747 0.345749
0.687992 0.345772 0.345774
0.688155 0.345798 0.345799
0.688317 0.345823 0.345825
0.688479 0.345848 0.34585
0.688641 0.345874 0.345876
0.688804 0.345899 0.345901
0.688966 0.345925 0.345926
0.689128 0.34595 0.345952
0.689291 0.345975 0.345977
0.689453 0.346001 0.346002
0.689616 0.346026 0.346028
0.689778 0.346051 0.346053
0.689941 0.346076 0.346078
0.690103 0.346102 0.346104
0.690266 0.346127 0.346129
0.690428 0.346152 0.346154
0.690591 0.346177 0.346179
0.690753 0.346203 0.346204
0.690916 0.346228 0.34623
0.691079 0.346253 0.346255
0.691241 0.346278 0.34628
0.691404 0.346303 0.346305
0.691567 0.346328 0.34633
0.69173 0.346354 0.346355
0.691892 0.346379 0.346381
0.692055 0.346404 0.346406
0.692218 0.346429 0.346431
0.692381 0.346454 0.346456
0.692544 0.346479 0.346481
0.692706 0.346504 0.346506
0.692869 0.346529 0.346531
0.693032 0.346554 0.346556
0.693195 0.346579 0.346581
0.693358 0.346604 0.346606
0.693521 0.346629 0.346631
0.693684 0.346654 0.346656
0.693847 0.346679 0.346681
0.69401 0.346704 0.346706
0.694173 0.346729 0.346731
0.694336 0.346754 0.346756
0.694499 0.346779 0.34678
0.694663 0.346804 0.346805
0.694826 0.346828 0.34683
0.694989 0.346853 0.346855
0.695152 0.346878 0.34688
0.695315 0.346903 0.346905
0.695479 0.346928 0.34693
0.695642 0.346952 0.346954
0.695805 0.346977 0.346979
0.695968 0.347002 0.347004
0.696132 0.347027 0.347029
0.696295 0.347051 0.347053
0.696458 0.347076 0.347078
0.696622 0.347101 0.347103
0.696785 0.347126 0.347127
0.696949 0.34715 0.347152
0.697112 0.347175 0.347177
0.697276 0.3472 0.347201
0.697439 0.347224 0.347226
0.697603 0.347249 0.347251
0.697766 0.347273 0.347275
0.69793 0.347298 0.3473
0.698094 0.347323 0.347325
0.698257 0.347347 0.347349
0.698421 0.347372 0.347374
0.698584 0.347396 0.347398
0.698748 0.347421 0.347423
0.698912 0.347445 0.347447
0.699076 0.34747 0.347472
0.699239 0.347494 0.347496
0.699403 0.347519 0.347521
0.699567 0.347543 0.347545
0.699731 0.347568 0.34757
0.699895 0.347592 0.347594
0.700059 0.347617 0.347618
0.700222 0.347641 0.347643
0.700386 0.347665 0.347667
0.70055 0.34769 0.347692
0.700714 0.347714 0.347716
0.700878 0.347738 0.34774
0.701042 0.347763 0.347765
0.701206 0.347787 0.347789
0.70137 0.347811 0.347813
0.701534 0.347836 0.347838
0.701699 0.34786 0.347862
0.701863 0.347884 0.347886
0.702027 0.347908 0.34791
0.702191 0.347933 0.347935
0.702355 0.347957 0.347959
0.702519 0.347981 0.347983
0.702684 0.348005 0.348007
0.702848 0.348029 0.348031
0.703012 0.348054 0.348056
0.703176 0.348078 0.34808
0.703341 0.348102 0.348104
0.703505 0.348126 0.348128
0.70367 0.34815 0.348152
0.703834 0.348174 0.348176
0.703998 0.348198 0.3482
0.704163 0.348222 0.348224
0.704327 0.348246 0.348248
0.704492 0.34827 0.348272
0.704656 0.348295 0.348296
0.704821 0.348319 0.34832
0.704985 0.348343 0.348344
0.70515 0.348366 0.348368
0.705315 0.34839 0.348392
0.705479 0.348414 0.348416
0.705644 0.348438 0.34844
0.705809 0.348462 0.348464
0.705973 0.348486 0.348488
0.706138 0.34851 0.348512
0.706303 0.348534 0.348536
0.706468 0.348558 0.34856
0.706632 0.348582 0.348584
0.706797 0.348606 0.348607
0.706962 0.348629 0.348631
0.707127 0.348653 0.348655
0.707292 0.348677 0.348679
0.707457 0.348701 0.348703
0.707622 0.348725 0.348726
0.707787 0.348748 0.34875
0.707952 0.348772 0.348774
0.708117 0.348796 0.348798
0.708282 0.34882 0.348821
0.708447 0.348843 0.348845
0.708612 0.348867 0.348869
0.708777 0.348891 0.348892
0.708942 0.348914 0.348916
0.709107 0.348938 0.34894
0.709272 0.348962 0.348963
0.709437 0.348985 0.348987
0.709603 0.349009 0.349011
0.709768 0.349032 0.349034
0.709933 0.349056 0.349058
0.710098 0.349079 0.349081
0.710264 0.349103 0.349105
0.710429 0.349127 0.349128
0.710594 0.34915 0.349152
0.71076 0.349174 0.349176
0.710925 0.349197 0.349199
0.711091 0.349221 0.349222
0.711256 0.349244 0.349246
0.711422 0.349267 0.349269
0.711587 0.349291 0.349293
0.711753 0.349314 0.349316
0.711918 0.349338 0.34934
0.712084 0.349361 0.349363
0.712249 0.349385 0.349386
0.712415 0.349408 0.34941
0.71258 0.349431 0.349433
0.712746 0.349455 0.349457
0.712912 0.349478 0.34948
0.713078 0.349501 0.349503
0.713243 0.349525 0.349526
0.713409 0.349548 0.34955
0.713575 0.349571 0.349573
0.713741 0.349594 0.349596
0.713906 0.349618 0.34962
0.714072 0.349641 0.349643
0.714238 0.349664 0.349666
0.714404 0.349687 0.349689
0.71457 0.34971 0.349712
0.714736 0.349734 0.349736
0.714902 0.349757 0.349759
0.715068 0.34978 0.349782
0.715234 0.349803 0.349805
0.7154 0.349826 0.349828
0.715566 0.349849 0.349851
0.715732 0.349872 0.349874
0.715898 0.349895 0.349897
0.716064 0.349918 0.34992
0.716231 0.349941 0.349943
0.716397 0.349965 0.349966
0.716563 0.349988 0.34999
0.716729 0.350011 0.350013
0.716895 0.350034 0.350035
0.717062 0.350056 0.350058
0.717228 0.350079 0.350081
0.717394 0.350102 0.350104
0.717561 0.350125 0.350127
0.717727 0.350148 0.35015
0.717894 0.350171 0.350173
0.71806 0.350194 0.350196
0.718226 0.350217 0.350219
0.718393 0.35024 0.350242
0.718559 0.350263 0.350265
0.718726 0.350285 0.350287
0.718892 0.350308 0.35031
0.719059 0.350331 0.350333
0.719226 0.350354 0.350356
0.719392 0.350377 0.350379
0.719559 0.350399 0.350401
0.719726 0.350422 0.350424
0.719892 0.350445 0.350447
0.720059 0.350468 0.35047
0.720226 0.35049 0.350492
0.720393 0.350513 0.350515
0.720559 0.350536 0.350538
0.720726 0.350558 0.35056
0.720893 0.350581 0.350583
0.72106 0.350604 0.350606
0.721227 0.350626 0.350628
0.721394 0.350649 0.350651
0.721561 0.350672 0.350674
0.721728 0.350694 0.350696
0.721895 0.350717 0.350719
0.722062 0.350739 0.350741
0.722229 0.350762 0.350764
0.722396 0.350784 0.350786
0.722563 0.350807 0.350809
0.72273 0.350829 0.350831
0.722897 0.350852 0.350854
0.723064 0.350874 0.350876
0.723231 0.350897 0.350899
0.723399 0.350919 0.350921
0.723566 0.350942 0.350944
0.723733 0.350964 0.350966
0.7239 0.350986 0.350988
0.724068 0.351009 0.351011
0.724235 0.351031 0.351033
0.724402 0.351054 0.351056
0.72457 0.351076 0.351078
0.724737 0.351098 0.3511
0.724905 0.351121 0.351123
0.725072 0.351143 0.351145
0.725239 0.351165 0.351167
0.725407 0.351187 0.351189
0.725574 0.35121 0.351212
0.725742 0.351232 0.351234
0.72591 0.351254 0.351256
0.726077 0.351276 0.351278
0.726245 0.351299 0.351301
0.726412 0.351321 0.351323
0.72658 0.351343 0.351345
0.726748 0.351365 0.351367
0.726916 0.351387 0.351389
0.727083 0.351409 0.351411
0.727251 0.351432 0.351434
0.727419 0.351454 0.351456
0.727587 0.351476 0.351478
0.727755 0.351498 0.3515
0.727922 0.35152 0.351522
0.72809 0.351542 0.351544
0.728258 0.351564 0.351566
0.728426 0.351586 0.351588
0.728594 0.351608 0.35161
0.728762 0.35163 0.351632
0.72893 0.351652 0.351654
0.729098 0.351674 0.351676
0.729266 0.351696 0.351698
0.729435 0.351718 0.35172
0.729603 0.35174 0.351742
0.729771 0.351762 0.351764
0.729939 0.351784 0.351786
0.730107 0.351805 0.351808
0.730275 0.351827 0.351829
0.730444 0.351849 0.351851
0.730612 0.351871 0.351873
0.73078 0.351893 0.351895
0.730949 0.351915 0.351917
0.731117 0.351936 0.351939
0.731285 0.351958 0.35196
0.731454 0.35198 0.351982
0.731622 0.352002 0.352004
0.731791 0.352023 0.352026
0.731959 0.352045 0.352047
0.732128 0.352067 0.352069
0.732296 0.352089 0.352091
0.732465 0.35211 0.352112
0.732633 0.352132 0.352134
0.732802 0.352154 0.352156
0.73297 0.352175 0.352177
0.733139 0.352197 0.352199
0.733308 0.352219 0.352221
0.733476 0.35224 0.352242
0.733645 0.352262 0.352264
0.733814 0.352283 0.352285
0.733983 0.352305 0.352307
0.734152 0.352326 0.352328
0.73432 0.352348 0.35235
0.734489 0.352369 0.352372
0.734658 0.352391 0.352393
0.734827 0.352412 0.352415
0.734996 0.352434 0.352436
0.735165 0.352455 0.352457
0.735334 0.352477 0.352479
0.735503 0.352498 0.3525
0.735672 0.35252 0.352522
0.735841 0.352541 0.352543
0.73601 0.352562 0.352565
0.736179 0.352584 0.352586
0.736348 0.352605 0.352607
0.736518 0.352627 0.352629
0.736687 0.352648 0.35265
0.736856 0.352669 0.352671
0.737025 0.35269 0.352693
0.737195 0.352712 0.352714
0.737364 0.352733 0.352735
0.737533 0.352754 0.352756
0.737702 0.352776 0.352778
0.737872 0.352797 0.352799
0.738041 0.352818 0.35282
0.738211 0.352839 0.352841
0.73838 0.35286 0.352863
0.73855 0.352882 0.352884
0.738719 0.352903 0.352905
0.738889 0.352924 0.352926
0.739058 0.352945 0.352947
0.739228 0.352966 0.352968
0.739397 0.352987 0.352989
0.739567 0.353008 0.353011
0.739737 0.353029 0.353032
0.739906 0.353051 0.353053
0.740076 0.353072 0.353074
0.740246 0.353093 0.353095
0.740416 0.353114 0.353116
0.740585 0.353135 0.353137
0.740755 0.353156 0.353158
0.740925 0.353177 0.353179
0.741095 0.353198 0.3532
0.741265 0.353219 0.353221
0.741435 0.353239 0.353242
0.741605 0.35326 0.353263
0.741775 0.353281 0.353283
0.741945 0.353302 0.353304
0.742115 0.353323 0.353325
0.742285 0.353344 0.353346
0.742455 0.353365 0.353367
0.742625 0.353386 0.353388
0.742795 0.353406 0.353409
0.742965 0.353427 0.353429
0.743135 0.353448 0.35345
0.743305 0.353469 0.353471
0.743476 0.35349 0.353492
0.743646 0.35351 0.353513
0.743816 0.353531 0.353533
0.743987 0.353552 0.353554
0.744157 0.353573 0.353575
0.744327 0.353593 0.353595
0.744498 0.353614 0.353616
0.744668 0.353635 0.353637
0.744838 0.353655 0.353657
0.745009 0.353676 0.353678
0.745179 0.353697 0.353699
0.74535 0.353717 0.353719
0.74552 0.353738 0.35374
0.745691 0.353758 0.353761
0.745862 0.353779 0.353781
0.746032 0.3538 0.353802
0.746203 0.35382 0.353822
0.746374 0.353841 0.353843
0.746544 0.353861 0.353863
0.746715 0.353882 0.353884
0.746886 0.353902 0.353904
0.747057 0.353923 0.353925
0.747227 0.353943 0.353945
0.747398 0.353963 0.353966
0.747569 0.353984 0.353986
0.74774 0.354004 0.354007
0.747911 0.354025 0.354027
0.748082 0.354045 0.354047
0.748253 0.354065 0.354068
0.748424 0.354086 0.354088
0.748595 0.354106 0.354108
0.748766 0.354127 0.354129
0.748937 0.354147 0.354149
0.749108 0.354167 0.354169
0.749279 0.354187 0.35419
0.74945 0.354208 0.35421
0.749622 0.354228 0.35423
0.749793 0.354248 0.35425
0.749964 0.354268 0.354271
0.750135 0.354289 0.354291
0.750307 0.354309 0.354311
0.750478 0.354329 0.354331
0.750649 0.354349 0.354351
0.750821 0.354369 0.354372
0.750992 0.35439 0.354392
0.751163 0.35441 0.354412
0.751335 0.35443 0.354432
0.751506 0.35445 0.354452
0.751678 0.35447 0.354472
0.751849 0.35449 0.354492
0.752021 0.35451 0.354512
0.752192 0.35453 0.354532
0.752364 0.35455 0.354552
0.752536 0.35457 0.354572
0.752707 0.35459 0.354592
0.752879 0.35461 0.354612
0.753051 0.35463 0.354632
0.753223 0.35465 0.354652
0.753394 0.35467 0.354672
0.753566 0.35469 0.354692
0.753738 0.35471 0.354712
0.75391 0.35473 0.354732
0.754082 0.35475 0.354752
0.754254 0.35477 0.354772
0.754426 0.35479 0.354792
0.754598 0.354809 0.354812
0.75477 0.354829 0.354831
0.754942 0.354849 0.354851
0.755114 0.354869 0.354871
0.755286 0.354889 0.354891
0.755458 0.354908 0.354911
0.75563 0.354928 0.35493
0.755802 0.354948 0.35495
0.755974 0.354968 0.35497
0.756146 0.354987 0.35499
0.756319 0.355007 0.355009
0.756491 0.355027 0.355029
0.756663 0.355046 0.355049
0.756836 0.355066 0.355068
0.757008 0.355086 0.355088
0.75718 0.355105 0.355108
0.757353 0.355125 0.355127
0.757525 0.355145 0.355147
0.757698 0.355164 0.355167
0.75787 0.355184 0.355186
0.758043 0.355203 0.355206
0.758215 0.355223 0.355225
0.758388 0.355242 0.355245
0.75856 0.355262 0.355264
0.758733 0.355282 0.355284
0.758905 0.355301 0.355303
0.759078 0.35532 0.355323
0.759251 0.35534 0.355342
0.759424 0.355359 0.355362
0.759596 0.355379 0.355381
0.759769 0.355398 0.355401
0.759942 0.355418 0.35542
0.760115 0.355437 0.355439
0.760288 0.355456 0.355459
0.760461 0.355476 0.355478
0.760633 0.355495 0.355497
0.760806 0.355515 0.355517
0.760979 0.355534 0.355536
0.761152 0.355553 0.355555
0.761325 0.355572 0.355575
0.761499 0.355592 0.355594
0.761672 0.355611 0.355613
0.761845 0.35563 0.355633
0.762018 0.355649 0.355652
0.762191 0.355669 0.355671
0.762364 0.355688 0.35569
0.762537 0.355707 0.355709
0.762711 0.355726 0.355729
0.762884 0.355745 0.355748
0.763057 0.355765 0.355767
0.763231 0.355784 0.355786
0.763404 0.355803 0.355805
0.763577 0.355822 0.355824
0.763751 0.355841 0.355843
0.763924 0.35586 0.355862
0.764098 0.355879 0.355882
0.764271 0.355898 0.355901
0.764445 0.355917 0.35592
0.764618 0.355936 0.355939
0.764792 0.355955 0.355958
0.764966 0.355974 0.355977
0.765139 0.355993 0.355996
0.765313 0.356012 0.356015
0.765487 0.356031 0.356034
0.76566 0.35605 0.356053
0.765834 0.356069 0.356071
0.766008 0.356088 0.35609
0.766182 0.356107 0.356109
0.766356 0.356126 0.356128
0.766529 0.356145 0.356147
0.766703 0.356164 0.356166
0.766877 0.356182 0.356185
0.767051 0.356201 0.356204
0.767225 0.35622 0.356222
0.767399 0.356239 0.356241
0.767573 0.356258 0.35626
0.767747 0.356276 0.356279
0.767921 0.356295 0.356297
0.768096 0.356314 0.356316
0.76827 0.356333 0.356335
0.768444 0.356351 0.356354
0.768618 0.35637 0.356372
0.768792 0.356389 0.356391
0.768967 0.356407 0.35641
0.769141 0.356426 0.356428
0.769315 0.356445 0.356447
0.76949 0.356463 0.356466
0.769664 0.356482 0.356484
0.769838 0.3565 0.356503
0.770013 0.356519 0.356521
0.770187 0.356538 0.35654
0.770362 0.356556 0.356559
0.770536 0.356575 0.356577
0.770711 0.356593 0.356596
0.770885 0.356612 0.356614
0.77106 0.35663 0.356633
0.771235 0.356649 0.356651
0.771409 0.356667 0.35667
0.771584 0.356686 0.356688
0.771759 0.356704 0.356706
0.771934 0.356723 0.356725
0.772108 0.356741 0.356743
0.772283 0.356759 0.356762
0.772458 0.356778 0.35678
0.772633 0.356796 0.356798
0.772808 0.356814 0.356817
0.772983 0.356833 0.356835
0.773158 0.356851 0.356853
0.773333 0.356869 0.356872
0.773508 0.356888 0.35689
0.773683 0.356906 0.356908
0.773858 0.356924 0.356927
0.774033 0.356942 0.356945
0.774208 0.356961 0.356963
0.774383 0.356979 0.356981
0.774558 0.356997 0.357
0.774733 0.357015 0.357018
0.774909 0.357034 0.357036
0.775084 0.357052 0.357054
0.775259 0.35707 0.357072
0.775435 0.357088 0.35709
0.77561 0.357106 0.357109
0.775785 0.357124 0.357127
0.775961 0.357142 0.357145
0.776136 0.35716 0.357163
0.776312 0.357178 0.357181
0.776487 0.357197 0.357199
0.776663 0.357215 0.357217
0.776838 0.357233 0.357235
0.777014 0.357251 0.357253
0.777189 0.357269 0.357271
0.777365 0.357287 0.357289
0.777541 0.357305 0.357307
0.777717 0.357323 0.357325
0.777892 0.35734 0.357343
0.778068 0.357358 0.357361
0.778244 0.357376 0.357379
0.77842 0.357394 0.357397
0.778595 0.357412 0.357414
0.778771 0.35743 0.357432
0.778947 0.357448 0.35745
0.779123 0.357466 0.357468
0.779299 0.357483 0.357486
0.779475 0.357501 0.357504
0.779651 0.357519 0.357521
0.779827 0.357537 0.357539
0.780003 0.357555 0.357557
0.780179 0.357572 0.357575
0.780356 0.35759 0.357593
0.780532 0.357608 0.35761
0.780708 0.357625 0.357628
0.780884 0.357643 0.357646
0.78106 0.357661 0.357663
0.781237 0.357679 0.357681
0.781413 0.357696 0.357699
0.781589 0.357714 0.357716
0.781766 0.357731 0.357734
0.781942 0.357749 0.357752
0.782119 0.357767 0.357769
0.782295 0.357784 0.357787
0.782472 0.357802 0.357804
0.782648 0.357819 0.357822
0.782825 0.357837 0.357839
0.783001 0.357854 0.357857
0.783178 0.357872 0.357874
0.783355 0.357889 0.357892
0.783531 0.357907 0.357909
0.783708 0.357924 0.357927
0.783885 0.357942 0.357944
0.784061 0.357959 0.357962
0.784238 0.357977 0.357979
0.784415 0.357994 0.357997
0.784592 0.358011 0.358014
0.784769 0.358029 0.358031
0.784946 0.358046 0.358049
0.785123 0.358063 0.358066
0.7853 0.358081 0.358083
0.785477 0.358098 0.358101
0.785654 0.358115 0.358118
0.785831 0.358133 0.358135
0.786008 0.35815 0.358153
0.786185 0.358167 0.35817
0.786362 0.358185 0.358187
0.786539 0.358202 0.358204
0.786716 0.358219 0.358221
0.786894 0.358236 0.358239
0.787071 0.358253 0.358256
0.787248 0.358271 0.358273
0.787426 0.358288 0.35829
0.787603 0.358305 0.358307
0.78778 0.358322 0.358324
0.787958 0.358339 0.358342
0.788135 0.358356 0.358359
0.788313 0.358373 0.358376
0.78849 0.35839 0.358393
0.788668 0.358407 0.35841
0.788845 0.358424 0.358427
0.789023 0.358441 0.358444
0.789201 0.358458 0.358461
0.789378 0.358475 0.358478
0.789556 0.358492 0.358495
0.789734 0.358509 0.358512
0.789911 0.358526 0.358529
0.790089 0.358543 0.358546
0.790267 0.35856 0.358563
0.790445 0.358577 0.35858
0.790623 0.358594 0.358597
0.790801 0.358611 0.358614
0.790978 0.358628 0.35863
0.791156 0.358645 0.358647
0.791334 0.358662 0.358664
0.791512 0.358678 0.358681
0.791691 0.358695 0.358698
0.791869 0.358712 0.358715
0.792047 0.358729 0.358731
0.792225 0.358746 0.358748
0.792403 0.358762 0.358765
0.792581 0.358779 0.358782
0.792759 0.358796 0.358798
0.792938 0.358812 0.358815
0.793116 0.358829 0.358832
0.793294 0.358846 0.358848
0.793473 0.358862 0.358865
0.793651 0.358879 0.358882
0.79383 0.358896 0.358898
0.794008 0.358912 0.358915
0.794186 0.358929 0.358932
0.794365 0.358946 0.358948
0.794544 0.358962 0.358965
0.794722 0.358979 0.358981
0.794901 0.358995 0.358998
0.795079 0.359012 0.359014
0.795258 0.359028 0.359031
0.795437 0.359045 0.359047
0.795615 0.359061 0.359064
0.795794 0.359078 0.35908
0.795973 0.359094 0.359097
0.796152 0.359111 0.359113
0.796331 0.359127 0.35913
0.796509 0.359144 0.359146
0.796688 0.35916 0.359163
0.796867 0.359176 0.359179
0.797046 0.359193 0.359195
0.797225 0.359209 0.359212
0.797404 0.359225 0.359228
0.797583 0.359242 0.359244
0.797763 0.359258 0.359261
0.797942 0.359274 0.359277
0.798121 0.359291 0.359293
0.7983 0.359307 0.35931
0.798479 0.359323 0.359326
0.798658 0.35934 0.359342
0.798838 0.359356 0.359358
0.799017 0.359372 0.359375
0.799196 0.359388 0.359391
0.799376 0.359404 0.359407
0.799555 0.359421 0.359423
0.799735 0.359437 0.359439
0.799914 0.359453 0.359455
0.800094 0.359469 0.359472
0.800273 0.359485 0.359488
0.800453 0.359501 0.359504
0.800632 0.359517 0.35952
0.800812 0.359533 0.359536
0.800992 0.359549 0.359552
0.801171 0.359565 0.359568
0.801351 0.359581 0.359584
0.801531 0.359597 0.3596
0.80171 0.359613 0.359616
0.80189 0.359629 0.359632
0.80207 0.359645 0.359648
0.80225 0.359661 0.359664
0.80243 0.359677 0.35968
0.80261 0.359693 0.359696
0.80279 0.359709 0.359712
0.80297 0.359725 0.359728
0.80315 0.359741 0.359744
0.80333 0.359757 0.359759
0.80351 0.359773 0.359775
0.80369 0.359788 0.359791
0.80387 0.359804 0.359807
0.80405 0.35982 0.359823
0.804231 0.359836 0.359839
0.804411 0.359852 0.359854
0.804591 0.359867 0.35987
0.804771 0.359883 0.359886
0.804952 0.359899 0.359902
0.805132 0.359915 0.359917
0.805313 0.35993 0.359933
0.805493 0.359946 0.359949
0.805673 0.359962 0.359964
0.805854 0.359977 0.35998
0.806035 0.359993 0.359996
0.806215 0.360009 0.360011
0.806396 0.360024 0.360027
0.806576 0.36004 0.360043
0.806757 0.360055 0.360058
0.806938 0.360071 0.360074
0.807118 0.360087 0.360089
0.807299 0.360102 0.360105
0.80748 0.360118 0.36012
0.807661 0.360133 0.360136
0.807842 0.360149 0.360151
0.808022 0.360164 0.360167
0.808203 0.36018 0.360182
0.808384 0.360195 0.360198
0.808565 0.360211 0.360213
0.808746 0.360226 0.360229
0.808927 0.360241 0.360244
0.809108 0.360257 0.360259
0.80929 0.360272 0.360275
0.809471 0.360288 0.36029
0.809652 0.360303 0.360306
0.809833 0.360318 0.360321
0.810014 0.360334 0.360336
0.810196 0.360349 0.360352
0.810377 0.360364 0.360367
0.810558 0.360379 0.360382
0.810739 0.360395 0.360397
0.810921 0.36041 0.360413
0.811102 0.360425 0.360428
0.811284 0.36044 0.360443
0.811465 0.360456 0.360458
0.811647 0.360471 0.360474
0.811828 0.360486 0.360489
0.81201 0.360501 0.360504
0.812192 0.360516 0.360519
0.812373 0.360531 0.360534
0.812555 0.360547 0.360549
0.812737 0.360562 0.360564
0.812918 0.360577 0.360579
0.8131 0.360592 0.360595
0.813282 0.360607 0.36061
0.813464 0.360622 0.360625
0.813646 0.360637 0.36064
0.813828 0.360652 0.360655
0.814009 0.360667 0.36067
0.814191 0.360682 0.360685
0.814373 0.360697 0.3607
0.814555 0.360712 0.360715
0.814738 0.360727 0.36073
0.81492 0.360742 0.360744
0.815102 0.360757 0.360759
0.815284 0.360772 0.360774
0.815466 0.360786 0.360789
0.815648 0.360801 0.360804
0.815831 0.360816 0.360819
0.816013 0.360831 0.360834
0.816195 0.360846 0.360849
0.816378 0.360861 0.360863
0.81656 0.360875 0.360878
0.816742 0.36089 0.360893
0.816925 0.360905 0.360908
0.817107 0.36092 0.360922
0.81729 0.360934 0.360937
0.817472 0.360949 0.360952
0.817655 0.360964 0.360967
0.817838 0.360979 0.360981
0.81802 0.360993 0.360996
0.818203 0.361008 0.361011
0.818386 0.361023 0.361025
0.818568 0.361037 0.36104
0.818751 0.361052 0.361055
0.818934 0.361066 0.361069
0.819117 0.361081 0.361084
0.8193 0.361096 0.361098
0.819483 0.36111 0.361113
0.819666 0.361125 0.361127
0.819849 0.361139 0.361142
0.820032 0.361154 0.361156
0.820215 0.361168 0.361171
0.820398 0.361183 0.361185
0.820581 0.361197 0.3612
0.820764 0.361212 0.361214
0.820947 0.361226 0.361229
0.82113 0.36124 0.361243
0.821314 0.361255 0.361258
0.821497 0.361269 0.361272
0.82168 0.361284 0.361286
0.821864 0.361298 0.361301
0.822047 0.361312 0.361315
0.82223 0.361327 0.361329
0.822414 0.361341 0.361344
0.822597 0.361355 0.361358
0.822781 0.36137 0.361372
0.822964 0.361384 0.361387
0.823148 0.361398 0.361401
0.823332 0.361412 0.361415
0.823515 0.361427 0.361429
0.823699 0.361441 0.361444
0.823883 0.361455 0.361458
0.824066 0.361469 0.361472
0.82425 0.361483 0.361486
0.824434 0.361498 0.3615
0.824618 0.361512 0.361515
0.824802 0.361526 0.361529
0.824986 0.36154 0.361543
0.82517 0.361554 0.361557
0.825354 0.361568 0.361571
0.825538 0.361582 0.361585
0.825722 0.361596 0.361599
0.825906 0.36161 0.361613
0.82609 0.361624 0.361627
0.826274 0.361638 0.361641
0.826458 0.361652 0.361655
0.826642 0.361666 0.361669
0.826827 0.36168 0.361683
0.827011 0.361694 0.361697
0.827195 0.361708 0.361711
0.827379 0.361722 0.361725
0.827564 0.361736 0.361739
0.827748 0.36175 0.361753
0.827933 0.361764 0.361767
0.828117 0.361778 0.36178
0.828302 0.361791 0.361794
0.828486 0.361805 0.361808
0.828671 0.361819 0.361822
0.828855 0.361833 0.361836
0.82904 0.361847 0.36185
0.829225 0.36186 0.361863
0.829409 0.361874 0.361877
0.829594 0.361888 0.361891
0.829779 0.361902 0.361905
0.829964 0.361915 0.361918
0.830149 0.361929 0.361932
0.830334 0.361943 0.361946
0.830518 0.361956 0.361959
0.830703 0.36197 0.361973
0.830888 0.361984 0.361987
0.831073 0.361997 0.362
0.831258 0.362011 0.362014
0.831444 0.362025 0.362027
0.831629 0.362038 0.362041
0.831814 0.362052 0.362055
0.831999 0.362065 0.362068
0.832184 0.362079 0.362082
0.83237 0.362092 0.362095
0.832555 0.362106 0.362109
0.83274 0.362119 0.362122
0.832926 0.362133 0.362136
0.833111 0.362146 0.362149
0.833296 0.36216 0.362162
0.833482 0.362173 0.362176
0.833667 0.362186 0.362189
0.833853 0.3622 0.362203
0.834038 0.362213 0.362216
0.834224 0.362227 0.362229
0.83441 0.36224 0.362243
0.834595 0.362253 0.362256
0.834781 0.362267 0.36227
0.834967 0.36228 0.362283
0.835152 0.362293 0.362296
0.835338 0.362306 0.362309
0.835524 0.36232 0.362323
0.83571 0.362333 0.362336
0.835896 0.362346 0.362349
0.836082 0.362359 0.362362
0.836268 0.362373 0.362376
0.836454 0.362386 0.362389
0.83664 0.362399 0.362402
0.836826 0.362412 0.362415
0.837012 0.362425 0.362428
0.837198 0.362438 0.362441
0.837384 0.362452 0.362454
0.837571 0.362465 0.362468
0.837757 0.362478 0.362481
0.837943 0.362491 0.362494
0.838129 0.362504 0.362507
0.838316 0.362517 0.36252
0.838502 0.36253 0.362533
0.838689 0.362543 0.362546
0.838875 0.362556 0.362559
0.839062 0.362569 0.362572
0.839248 0.362582 0.362585
0.839435 0.362595 0.362598
0.839621 0.362608 0.362611
0.839808 0.362621 0.362624
0.839995 0.362634 0.362636
0.840181 0.362646 0.362649
0.840368 0.362659 0.362662
0.840555 0.362672 0.362675
0.840742 0.362685 0.362688
0.840928 0.362698 0.362701
0.841115 0.362711 0.362714
0.841302 0.362723 0.362726
0.841489 0.362736 0.362739
0.841676 0.362749 0.362752
0.841863 0.362762 0.362765
0.84205 0.362774 0.362777
0.842237 0.362787 0.36279
0.842424 0.3628 0.362803
0.842612 0.362813 0.362816
0.842799 0.362825 0.362828
0.842986 0.362838 0.362841
0.843173 0.362851 0.362854
0.843361 0.362863 0.362866
0.843548 0.362876 0.362879
0.843735 0.362888 0.362891
0.843923 0.362901 0.362904
0.84411 0.362914 0.362917
0.844298 0.362926 0.362929
0.844485 0.362939 0.362942
0.844673 0.362951 0.362954
0.84486 0.362964 0.362967
0.845048 0.362976 0.362979
0.845235 0.362989 0.362992
0.845423 0.363001 0.363004
0.845611 0.363014 0.363017
0.845799 0.363026 0.363029
0.845986 0.363038 0.363041
0.846174 0.363051 0.363054
0.846362 0.363063 0.363066
0.84655 0.363076 0.363079
0.846738 0.363088 0.363091
0.846926 0.3631 0.363103
0.847114 0.363113 0.363116
0.847302 0.363125 0.363128
0.84749 0.363137 0.36314
0.847678 0.363149 0.363153
0.847866 0.363162 0.363165
0.848054 0.363174 0.363177
0.848243 0.363186 0.363189
0.848431 0.363198 0.363201
0.848619 0.363211 0.363214
0.848807 0.363223 0.363226
0.848996 0.363235 0.363238
0.849184 0.363247 0.36325
0.849373 0.363259 0.363262
0.849561 0.363271 0.363275
0.84975 0.363284 0.363287
0.849938 0.363296 0.363299
0.850127 0.363308 0.363311
0.850315 0.36332 0.363323
0.850504 0.363332 0.363335
0.850693 0.363344 0.363347
0.850881 0.363356 0.363359
0.85107 0.363368 0.363371
0.851259 0.36338 0.363383
0.851448 0.363392 0.363395
0.851637 0.363404 0.363407
0.851825 0.363416 0.363419
0.852014 0.363428 0.363431
0.852203 0.36344 0.363443
0.852392 0.363452 0.363455
0.852581 0.363463 0.363467
0.85277 0.363475 0.363478
0.85296 0.363487 0.36349
0.853149 0.363499 0.363502
0.853338 0.363511 0.363514
0.853527 0.363523 0.363526
0.853716 0.363534 0.363538
0.853906 0.363546 0.363549
0.854095 0.363558 0.363561
0.854284 0.36357 0.363573
0.854474 0.363582 0.363585
0.854663 0.363593 0.363596
0.854853 0.363605 0.363608
0.855042 0.363617 0.36362
0.855232 0.363628 0.363631
0.855421 0.36364 0.363643
0.855611 0.363652 0.363655
0.8558 0.363663 0.363666
0.85599 0.363675 0.363678
0.85618 0.363686 0.36369
0.85637 0.363698 0.363701
0.856559 0.36371 0.363713
0.856749 0.363721 0.363724
0.856939 0.363733 0.363736
0.857129 0.363744 0.363747
0.857319 0.363756 0.363759
0.857509 0.363767 0.36377
0.857699 0.363779 0.363782
0.857889 0.36379 0.363793
0.858079 0.363802 0.363805
0.858269 0.363813 0.363816
0.858459 0.363824 0.363828
0.85865 0.363836 0.363839
0.85884 0.363847 0.36385
0.85903 0.363859 0.363862
0.85922 0.36387 0.363873
0.859411 0.363881 0.363884
0.859601 0.363893 0.363896
0.859791 0.363904 0.363907
0.859982 0.363915 0.363918
0.860172 0.363926 0.36393
0.860363 0.363938 0.363941
0.860553 0.363949 0.363952
0.860744 0.36396 0.363963
0.860935 0.363971 0.363975
0.861125 0.363983 0.363986
0.861316 0.363994 0.363997
0.861507 0.364005 0.364008
0.861698 0.364016 0.364019
0.861888 0.364027 0.36403
0.862079 0.364038 0.364042
0.86227 0.364049 0.364053
0.862461 0.364061 0.364064
0.862652 0.364072 0.364075
0.862843 0.364083 0.364086
0.863034 0.364094 0.364097
0.863225 0.364105 0.364108
0.863416 0.364116 0.364119
0.863607 0.364127 0.36413
0.863799 0.364138 0.364141
0.86399 0.364149 0.364152
0.864181 0.36416 0.364163
0.864372 0.364171 0.364174
0.864564 0.364182 0.364185
0.864755 0.364192 0.364196
0.864947 0.364203 0.364207
0.865138 0.364214 0.364217
0.865329 0.364225 0.364228
0.865521 0.364236 0.364239
0.865713 0.364247 0.36425
0.865904 0.364258 0.364261
0.866096 0.364268 0.364272
0.866287 0.364279 0.364282
0.866479 0.36429 0.364293
0.866671 0.364301 0.364304
0.866863 0.364311 0.364315
0.867055 0.364322 0.364325
0.867246 0.364333 0.364336
0.867438 0.364344 0.364347
0.86763 0.364354 0.364357
0.867822 0.364365 0.364368
0.868014 0.364376 0.364379
0.868206 0.364386 0.364389
0.868398 0.364397 0.3644
0.86859 0.364407 0.364411
0.868783 0.364418 0.364421
0.868975 0.364429 0.364432
0.869167 0.364439 0.364442
0.869359 0.36445 0.364453
0.869552 0.36446 0.364463
0.869744 0.364471 0.364474
0.869936 0.364481 0.364484
0.870129 0.364492 0.364495
0.870321 0.364502 0.364505
0.870514 0.364513 0.364516
0.870706 0.364523 0.364526
0.870899 0.364533 0.364537
0.871091 0.364544 0.364547
0.871284 0.364554 0.364557
0.871477 0.364565 0.364568
0.871669 0.364575 0.364578
0.871862 0.364585 0.364588
0.872055 0.364596 0.364599
0.872248 0.364606 0.364609
0.872441 0.364616 0.364619
0.872634 0.364626 0.36463
0.872827 0.364637 0.36464
0.87302 0.364647 0.36465
0.873213 0.364657 0.36466
0.873406 0.364667 0.364671
0.873599 0.364678 0.364681
0.873792 0.364688 0.364691
0.873985 0.364698 0.364701
0.874178 0.364708 0.364711
0.874372 0.364718 0.364721
0.874565 0.364728 0.364732
0.874758 0.364738 0.364742
0.874951 0.364748 0.364752
0.875145 0.364759 0.364762
0.875338 0.364769 0.364772
0.875532 0.364779 0.364782
0.875725 0.364789 0.364792
0.875919 0.364799 0.364802
0.876112 0.364809 0.364812
0.876306 0.364819 0.364822
0.8765 0.364829 0.364832
0.876694 0.364839 0.364842
0.876887 0.364848 0.364852
0.877081 0.364858 0.364862
0.877275 0.364868 0.364872
0.877469 0.364878 0.364881
0.877663 0.364888 0.364891
0.877857 0.364898 0.364901
0.878051 0.364908 0.364911
0.878245 0.364918 0.364921
0.878439 0.364927 0.364931
0.878633 0.364937 0.36494
0.878827 0.364947 0.36495
0.879021 0.364957 0.36496
0.879215 0.364966 0.36497
0.879409 0.364976 0.364979
0.879604 0.364986 0.364989
0.879798 0.364996 0.364999
0.879992 0.365005 0.365009
0.880187 0.365015 0.365018
0.880381 0.365025 0.365028
0.880576 0.365034 0.365038
0.88077 0.365044 0.365047
0.880965 0.365053 0.365057
0.881159 0.365063 0.365066
0.881354 0.365073 0.365076
0.881549 0.365082 0.365085
0.881743 0.365092 0.365095
0.881938 0.365101 0.365105
0.882133 0.365111 0.365114
0.882328 0.36512 0.365124
0.882523 0.36513 0.365133
0.882718 0.365139 0.365143
0.882913 0.365149 0.365152
0.883108 0.365158 0.365161
0.883303 0.365167 0.365171
0.883498 0.365177 0.36518
0.883693 0.365186 0.36519
0.883888 0.365196 0.365199
0.884083 0.365205 0.365208
0.884278 0.365214 0.365218
0.884474 0.365224 0.365227
0.884669 0.365233 0.365236
0.884864 0.365242 0.365246
0.88506 0.365252 0.365255
0.885255 0.365261 0.365264
0.88545 0.36527 0.365273
0.885646 0.365279 0.365283
0.885841 0.365288 0.365292
0.886037 0.365298 0.365301
0.886233 0.365307 0.36531
0.886428 0.365316 0.365319
0.886624 0.365325 0.365329
0.88682 0.365334 0.365338
0.887015 0.365343 0.365347
0.887211 0.365352 0.365356
0.887407 0.365362 0.365365
0.887603 0.365371 0.365374
0.887799 0.36538 0.365383
0.887995 0.365389 0.365392
0.888191 0.365398 0.365401
0.888387 0.365407 0.36541
0.888583 0.365416 0.365419
0.888779 0.365425 0.365428
0.888975 0.365434 0.365437
0.889171 0.365443 0.365446
0.889368 0.365452 0.365455
0.889564 0.36546 0.365464
0.88976 0.365469 0.365473
0.889957 0.365478 0.365482
0.890153 0.365487 0.365491
0.890349 0.365496 0.365499
0.890546 0.365505 0.365508
0.890742 0.365514 0.365517
0.890939 0.365522 0.365526
0.891136 0.365531 0.365535
0.891332 0.36554 0.365543
0.891529 0.365549 0.365552
0.891726 0.365557 0.365561
0.891922 0.365566 0.36557
0.892119 0.365575 0.365578
0.892316 0.365584 0.365587
0.892513 0.365592 0.365596
0.89271 0.365601 0.365604
0.892907 0.36561 0.365613
0.893104 0.365618 0.365622
0.893301 0.365627 0.36563
0.893498 0.365635 0.365639
0.893695 0.365644 0.365647
0.893892 0.365653 0.365656
0.894089 0.365661 0.365665
0.894287 0.36567 0.365673
0.894484 0.365678 0.365682
0.894681 0.365687 0.36569
0.894879 0.365695 0.365699
0.895076 0.365704 0.365707
0.895273 0.365712 0.365716
0.895471 0.36572 0.365724
0.895668 0.365729 0.365732
0.895866 0.365737 0.365741
0.896064 0.365746 0.365749
0.896261 0.365754 0.365758
0.896459 0.365762 0.365766
0.896657 0.365771 0.365774
0.896854 0.365779 0.365783
0.897052 0.365787 0.365791
0.89725 0.365796 0.365799
0.897448 0.365804 0.365807
0.897646 0.365812 0.365816
0.897844 0.365821 0.365824
0.898042 0.365829 0.365832
0.89824 0.365837 0.36584
0.898438 0.365845 0.365849
0.898636 0.365853 0.365857
0.898834 0.365861 0.365865
0.899032 0.36587 0.365873
0.899231 0.365878 0.365881
0.899429 0.365886 0.365889
0.899627 0.365894 0.365898
0.899826 0.365902 0.365906
0.900024 0.36591 0.365914
0.900222 0.365918 0.365922
0.900421 0.365926 0.36593
0.900619 0.365934 0.365938
0.900818 0.365942 0.365946
0.901017 0.36595 0.365954
0.901215 0.365958 0.365962
0.901414 0.365966 0.36597
0.901613 0.365974 0.365978
0.901811 0.365982 0.365986
0.90201 0.36599 0.365994
0.902209 0.365998 0.366001
0.902408 0.366006 0.366009
0.902607 0.366014 0.366017
0.902806 0.366021 0.366025
0.903005 0.366029 0.366033
0.903204 0.366037 0.366041
0.903403 0.366045 0.366048
0.903602 0.366053 0.366056
0.903801 0.36606 0.366064
0.904001 0.366068 0.366072
0.9042 0.366076 0.36608
0.904399 0.366084 0.366087
0.904599 0.366091 0.366095
0.904798 0.366099 0.366103
0.904997 0.366107 0.36611
0.905197 0.366114 0.366118
0.905396 0.366122 0.366126
0.905596 0.36613 0.366133
0.905795 0.366137 0.366141
0.905995 0.366145 0.366148
0.906195 0.366152 0.366156
0.906395 0.36616 0.366164
0.906594 0.366168 0.366171
0.906794 0.366175 0.366179
0.906994 0.366183 0.366186
0.907194 0.36619 0.366194
0.907394 0.366198 0.366201
0.907594 0.366205 0.366209
0.907794 0.366212 0.366216
0.907994 0.36622 0.366223
0.908194 0.366227 0.366231
0.908394 0.366235 0.366238
0.908594 0.366242 0.366246
0.908794 0.366249 0.366253
0.908995 0.366257 0.36626
0.909195 0.366264 0.366268
0.909395 0.366271 0.366275
0.909596 0.366279 0.366282
0.909796 0.366286 0.36629
0.909996 0.366293 0.366297
0.910197 0.366301 0.366304
0.910398 0.366308 0.366311
0.910598 0.366315 0.366319
0.910799 0.366322 0.366326
0.910999 0.366329 0.366333
0.9112 0.366337 0.36634
0.911401 0.366344 0.366347
0.911602 0.366351 0.366355
0.911803 0.366358 0.366362
0.912003 0.366365 0.366369
0.912204 0.366372 0.366376
0.912405 0.366379 0.366383
0.912606 0.366386 0.36639
0.912807 0.366393 0.366397
0.913008 0.3664 0.366404
0.91321 0.366407 0.366411
0.913411 0.366414 0.366418
0.913612 0.366421 0.366425
0.913813 0.366428 0.366432
0.914015 0.366435 0.366439
0.914216 0.366442 0.366446
0.914417 0.366449 0.366453
0.914619 0.366456 0.36646
0.91482 0.366463 0.366467
0.915022 0.36647 0.366473
0.915223 0.366477 0.36648
0.915425 0.366483 0.366487
0.915626 0.36649 0.366494
0.915828 0.366497 0.366501
0.91603 0.366504 0.366508
0.916232 0.366511 0.366514
0.916433 0.366517 0.366521
0.916635 0.366524 0.366528
0.916837 0.366531 0.366535
0.917039 0.366538 0.366541
0.917241 0.366544 0.366548
0.917443 0.366551 0.366555
0.917645 0.366558 0.366561
0.917847 0.366564 0.366568
0.918049 0.366571 0.366575
0.918252 0.366577 0.366581
0.918454 0.366584 0.366588
0.918656 0.366591 0.366594
0.918858 0.366597 0.366601
0.919061 0.366604 0.366607
0.919263 0.36661 0.366614
0.919466 0.366617 0.36662
0.919668 0.366623 0.366627
0.919871 0.36663 0.366633
0.920073 0.366636 0.36664
0.920276 0.366643 0.366646
0.920479 0.366649 0.366653
0.920681 0.366655 0.366659
0.920884 0.366662 0.366666
0.921087 0.366668 0.366672
0.92129 0.366675 0.366678
0.921492 0.366681 0.366685
0.921695 0.366687 0.366691
0.921898 0.366694 0.366697
0.922101 0.3667 0.366704
0.922304 0.366706 0.36671
0.922507 0.366712 0.366716
0.922711 0.366719 0.366722
0.922914 0.366725 0.366729
0.923117 0.366731 0.366735
0.92332 0.366737 0.366741
0.923524 0.366743 0.366747
0.923727 0.36675 0.366753
0.92393 0.366756 0.36676
0.924134 0.366762 0.366766
0.924337 0.366768 0.366772
0.924541 0.366774 0.366778
0.924744 0.36678 0.366784
0.924948 0.366786 0.36679
0.925152 0.366792 0.366796
0.925355 0.366798 0.366802
0.925559 0.366804 0.366808
0.925763 0.36681 0.366814
0.925967 0.366816 0.36682
0.92617 0.366822 0.366826
0.926374 0.366828 0.366832
0.926578 0.366834 0.366838
0.926782 0.36684 0.366844
0.926986 0.366846 0.36685
0.92719 0.366852 0.366856
0.927395 0.366858 0.366862
0.927599 0.366864 0.366867
0.927803 0.366869 0.366873
0.928007 0.366875 0.366879
0.928211 0.366881 0.366885
0.928416 0.366887 0.366891
0.92862 0.366893 0.366896
0.928825 0.366898 0.366902
0.929029 0.366904 0.366908
0.929234 0.36691 0.366914
0.929438 0.366916 0.366919
0.929643 0.366921 0.366925
0.929847 0.366927 0.366931
0.930052 0.366933 0.366936
0.930257 0.366938 0.366942
0.930462 0.366944 0.366948
0.930667 0.366949 0.366953
0.930871 0.366955 0.366959
0.931076 0.366961 0.366964
0.931281 0.366966 0.36697
0.931486 0.366972 0.366976
0.931691 0.366977 0.366981
0.931896 0.366983 0.366987
0.932102 0.366988 0.366992
0.932307 0.366994 0.366998
0.932512 0.366999 0.367003
0.932717 0.367005 0.367008
0.932922 0.36701 0.367014
0.933128 0.367015 0.367019
0.933333 0.367021 0.367025
0.933539 0.367026 0.36703
0.933744 0.367032 0.367035
0.93395 0.367037 0.367041
0.934155 0.367042 0.367046
0.934361 0.367048 0.367051
0.934567 0.367053 0.367057
0.934772 0.367058 0.367062
0.934978 0.367063 0.367067
0.935184 0.367069 0.367072
0.93539 0.367074 0.367078
0.935596 0.367079 0.367083
0.935801 0.367084 0.367088
0.936007 0.367089 0.367093
0.936213 0.367095 0.367098
0.93642 0.3671 0.367104
0.936626 0.367105 0.367109
0.936832 0.36711 0.367114
0.937038 0.367115 0.367119
0.937244 0.36712 0.367124
0.93745 0.367125 0.367129
0.937657 0.36713 0.367134
0.937863 0.367135 0.367139
0.93807 0.36714 0.367144
0.938276 0.367145 0.367149
0.938483 0.36715 0.367154
0.938689 0.367155 0.367159
0.938896 0.36716 0.367164
0.939102 0.367165 0.367169
0.939309 0.36717 0.367174
0.939516 0.367175 0.367179
0.939723 0.36718 0.367184
0.939929 0.367185 0.367189
0.940136 0.367189 0.367193
0.940343 0.367194 0.367198
0.94055 0.367199 0.367203
0.940757 0.367204 0.367208
0.940964 0.367209 0.367213
0.941171 0.367213 0.367217
0.941378 0.367218 0.367222
0.941586 0.367223 0.367227
0.941793 0.367228 0.367232
0.942 0.367232 0.367236
0.942207 0.367237 0.367241
0.942415 0.367242 0.367246
0.942622 0.367246 0.36725
0.94283 0.367251 0.367255
0.943037 0.367256 0.367259
0.943245 0.36726 0.367264
0.943452 0.367265 0.367269
0.94366 0.367269 0.367273
0.943868 0.367274 0.367278
0.944075 0.367278 0.367282
0.944283 0.367283 0.367287
0.944491 0.367287 0.367291
0.944699 0.367292 0.367296
0.944907 0.367296 0.3673
0.945115 0.367301 0.367305
0.945323 0.367305 0.367309
0.945531 0.36731 0.367313
0.945739 0.367314 0.367318
0.945947 0.367318 0.367322
0.946155 0.367323 0.367327
0.946363 0.367327 0.367331
0.946572 0.367331 0.367335
0.94678 0.367336 0.36734
0.946988 0.36734 0.367344
0.947197 0.367344 0.367348
0.947405 0.367348 0.367352
0.947614 0.367353 0.367357
0.947822 0.367357 0.367361
0.948031 0.367361 0.367365
0.948239 0.367365 0.367369
0.948448 0.367369 0.367373
0.948657 0.367374 0.367378
0.948865 0.367378 0.367382
0.949074 0.367382 0.367386
0.949283 0.367386 0.36739
0.949492 0.36739 0.367394
0.949701 0.367394 0.367398
0.94991 0.367398 0.367402
0.950119 0.367402 0.367406
0.950328 0.367406 0.36741
0.950537 0.36741 0.367414
0.950747 0.367414 0.367418
0.950956 0.367418 0.367422
0.951165 0.367422 0.367426
0.951374 0.367426 0.36743
0.951584 0.36743 0.367434
0.951793 0.367434 0.367438
0.952003 0.367438 0.367442
0.952212 0.367442 0.367446
0.952422 0.367446 0.36745
0.952631 0.367449 0.367453
0.952841 0.367453 0.367457
0.953051 0.367457 0.367461
0.95326 0.367461 0.367465
0.95347 0.367465 0.367469
0.95368 0.367468 0.367472
0.95389 0.367472 0.367476
0.9541 0.367476 0.36748
0.95431 0.36748 0.367484
0.95452 0.367483 0.367487
0.95473 0.367487 0.367491
0.95494 0.367491 0.367495
0.95515 0.367494 0.367498
0.95536 0.367498 0.367502
0.955571 0.367501 0.367505
0.955781 0.367505 0.367509
0.955991 0.367509 0.367513
0.956202 0.367512 0.367516
0.956412 0.367516 0.36752
0.956623 0.367519 0.367523
0.956833 0.367523 0.367527
0.957044 0.367526 0.36753
0.957254 0.36753 0.367534
0.957465 0.367533 0.367537
0.957676 0.367536 0.36754
0.957886 0.36754 0.367544
0.958097 0.367543 0.367547
0.958308 0.367547 0.367551
0.958519 0.36755 0.367554
0.95873 0.367553 0.367557
0.958941 0.367557 0.367561
0.959152 0.36756 0.367564
0.959363 0.367563 0.367567
0.959574 0.367567 0.367571
0.959785 0.36757 0.367574
0.959997 0.367573 0.367577
0.960208 0.367576 0.36758
0.960419 0.367579 0.367584
0.960631 0.367583 0.367587
0.960842 0.367586 0.36759
0.961054 0.367589 0.367593
0.961265 0.367592 0.367596
0.961477 0.367595 0.367599
0.961688 0.367598 0.367602
0.9619 0.367601 0.367606
0.962112 0.367605 0.367609
0.962323 0.367608 0.367612
0.962535 0.367611 0.367615
0.962747 0.367614 0.367618
0.962959 0.367617 0.367621
0.963171 0.36762 0.367624
0.963383 0.367623 0.367627
0.963595 0.367626 0.36763
0.963807 0.367628 0.367633
0.964019 0.367631 0.367636
0.964231 0.367634 0.367638
0.964443 0.367637 0.367641
0.964656 0.36764 0.367644
0.964868 0.367643 0.367647
0.96508 0.367646 0.36765
0.965293 0.367649 0.367653
0.965505 0.367651 0.367655
0.965718 0.367654 0.367658
0.96593 0.367657 0.367661
0.966143 0.36766 0.367664
0.966356 0.367662 0.367667
0.966568 0.367665 0.367669
0.966781 0.367668 0.367672
0.966994 0.36767 0.367675
0.967207 0.367673 0.367677
0.96742 0.367676 0.36768
0.967633 0.367678 0.367683
0.967846 0.367681 0.367685
0.968059 0.367684 0.367688
0.968272 0.367686 0.36769
0.968485 0.367689 0.367693
0.968698 0.367691 0.367695
0.968911 0.367694 0.367698
0.969125 0.367696 0.3677
0.969338 0.367699 0.367703
0.969551 0.367701 0.367705
0.969765 0.367704 0.367708
0.969978 0.367706 0.36771
0.970192 0.367709 0.367713
0.970405 0.367711 0.367715
0.970619 0.367713 0.367718
0.970833 0.367716 0.36772
0.971046 0.367718 0.367722
0.97126 0.36772 0.367725
0.971474 0.367723 0.367727
0.971688 0.367725 0.367729
0.971902 0.367727 0.367731
0.972116 0.36773 0.367734
0.97233 0.367732 0.367736
0.972544 0.367734 0.367738
0.972758 0.367736 0.36774
0.972972 0.367738 0.367743
0.973186 0.367741 0.367745
0.9734 0.367743 0.367747
0.973615 0.367745 0.367749
0.973829 0.367747 0.367751
0.974043 0.367749 0.367753
0.974258 0.367751 0.367755
0.974472 0.367753 0.367758
0.974687 0.367755 0.36776
0.974902 0.367757 0.367762
0.975116 0.367759 0.367764
0.975331 0.367761 0.367766
0.975546 0.367763 0.367768
0.97576 0.367765 0.36777
0.975975 0.367767 0.367772
0.97619 0.367769 0.367773
0.976405 0.367771 0.367775
0.97662 0.367773 0.367777
0.976835 0.367775 0.367779
0.97705 0.367777 0.367781
0.977265 0.367779 0.367783
0.97748 0.36778 0.367785
0.977696 0.367782 0.367787
0.977911 0.367784 0.367788
0.978126 0.367786 0.36779
0.978342 0.367788 0.367792
0.978557 0.367789 0.367794
0.978773 0.367791 0.367795
0.978988 0.367793 0.367797
0.979204 0.367794 0.367799
0.979419 0.367796 0.3678
0.979635 0.367798 0.367802
0.979851 0.367799 0.367804
0.980066 0.367801 0.367805
0.980282 0.367803 0.367807
0.980498 0.367804 0.367809
0.980714 0.367806 0.36781
0.98093 0.367807 0.367812
0.981146 0.367809 0.367813
0.981362 0.36781 0.367815
0.981578 0.367812 0.367816
0.981794 0.367813 0.367818
0.982011 0.367815 0.367819
0.982227 0.367816 0.367821
0.982443 0.367818 0.367822
0.98266 0.367819 0.367823
0.982876 0.367821 0.367825
0.983092 0.367822 0.367826
0.983309 0.367823 0.367828
0.983526 0.367825 0.367829
0.983742 0.367826 0.36783
0.983959 0.367827 0.367832
0.984175 0.367829 0.367833
0.984392 0.36783 0.367834
0.984609 0.367831 0.367835
0.984826 0.367832 0.367837
0.985043 0.367834 0.367838
0.98526 0.367835 0.367839
0.985477 0.367836 0.36784
0.985694 0.367837 0.367841
0.985911 0.367838 0.367843
0.986128 0.367839 0.367844
0.986345 0.36784 0.367845
0.986563 0.367842 0.367846
0.98678 0.367843 0.367847
0.986997 0.367844 0.367848
0.987215 0.367845 0.367849
0.987432 0.367846 0.36785
0.98765 0.367847 0.367851
0.987867 0.367848 0.367852
0.988085 0.367849 0.367853
0.988303 0.36785 0.367854
0.98852 0.367851 0.367855
0.988738 0.367852 0.367856
0.988956 0.367852 0.367857
0.989174 0.367853 0.367858
0.989392 0.367854 0.367859
0.98961 0.367855 0.367859
0.989828 0.367856 0.36786
0.990046 0.367857 0.367861
0.990264 0.367857 0.367862
0.990482 0.367858 0.367863
0.9907 0.367859 0.367863
0.990918 0.36786 0.367864
0.991137 0.36786 0.367865
0.991355 0.367861 0.367866
0.991574 0.367862 0.367866
0.991792 0.367863 0.367867
0.992011 0.367863 0.367868
0.992229 0.367864 0.367868
0.992448 0.367864 0.367869
0.992666 0.367865 0.36787
0.992885 0.367866 0.36787
0.993104 0.367866 0.367871
0.993323 0.367867 0.367871
0.993542 0.367867 0.367872
0.993761 0.367868 0.367872
0.99398 0.367868 0.367873
0.994199 0.367869 0.367873
0.994418 0.367869 0.367874
0.994637 0.36787 0.367874
0.994856 0.36787 0.367875
0.995075 0.36787 0.367875
0.995295 0.367871 0.367875
0.995514 0.367871 0.367876
0.995733 0.367872 0.367876
0.995953 0.367872 0.367876
0.996172 0.367872 0.367877
0.996392 0.367873 0.367877
0.996611 0.367873 0.367877
0.996831 0.367873 0.367878
0.997051 0.367873 0.367878
0.997271 0.367874 0.367878
0.99749 0.367874 0.367878
0.99771 0.367874 0.367878
0.99793 0.367874 0.367879
0.99815 0.367874 0.367879
0.99837 0.367874 0.367879
0.99859 0.367875 0.367879
0.99881 0.367875 0.367879
0.99903 0.367875 0.367879
0.999251 0.367875 0.367879
0.999471 0.367875 0.367879
0.999691 0.367875 0.367879
0.999912 0.367875 0.367879
1.00013 0.367875 0.367879
1.00035 0.367875 0.367879
1.00057 0.367875 0.367879
1.00079 0.367875 0.367879
1.00101 0.367875 0.367879
1.00123 0.367875 0.367879
1.00146 0.367875 0.367879
1.00168 0.367874 0.367879
1.0019 0.367874 0.367879
1.00212 0.367874 0.367879
1.00234 0.367874 0.367878
1.00256 0.367874 0.367878
1.00278 0.367873 0.367878
1.003 0.367873 0.367878
1.00322 0.367873 0.367878
1.00344 0.367873 0.367877
1.00367 0.367872 0.367877
1.00389 0.367872 0.367877
1.00411 0.367872 0.367876
1.00433 0.367871 0.367876
1.00455 0.367871 0.367876
1.00477 0.367871 0.367875
1.00499 0.36787 0.367875
1.00522 0.36787 0.367874
1.00544 0.367869 0.367874
1.00566 0.367869 0.367874
1.00588 0.367869 0.367873
1.0061 0.367868 0.367873
1.00632 0.367868 0.367872
1.00655 0.367867 0.367872
1.00677 0.367866 0.367871
1.00699 0.367866 0.36787
1.00721 0.367865 0.36787
1.00744 0.367865 0.367869
1.00766 0.367864 0.367869
1.00788 0.367863 0.367868
1.0081 0.367863 0.367867
1.00832 0.367862 0.367867
1.00855 0.367861 0.367866
1.00877 0.367861 0.367865
1.00899 0.36786 0.367865
1.00921 0.367859 0.367864
1.00944 0.367859 0.367863
1.00966 0.367858 0.367862
1.00988 0.367857 0.367862
1.01011 0.367856 0.367861
1.01033 0.367855 0.36786
1.01055 0.367854 0.367859
1.01077 0.367854 0.367858
1.011 0.367853 0.367857
1.01122 0.367852 0.367856
1.01144 0.367851 0.367856
1.01167 0.36785 0.367855
1.01189 0.367849 0.367854
1.01211 0.367848 0.367853
1.01234 0.367847 0.367852
1.01256 0.367846 0.367851
1.01278 0.367845 0.36785
1.01301 0.367844 0.367849
1.01323 0.367843 0.367848
1.01345 0.367842 0.367846
1.01368 0.367841 0.367845
1.0139 0.36784 0.367844
1.01412 0.367838 0.367843
1.01435 0.367837 0.367842
1.01457 0.367836 0.367841
1.0148 0.367835 0.36784
1.01502 0.367834 0.367838
1.01524 0.367832 0.367837
1.01547 0.367831 0.367836
1.01569 0.36783 0.367835
1.01592 0.367829 0.367833
1.01614 0.367827 0.367832
1.01636 0.367826 0.367831
1.01659 0.367825 0.367829
1.01681 0.367823 0.367828
1.01704 0.367822 0.367827
1.01726 0.367821 0.367825
1.01749 0.367819 0.367824
1.01771 0.367818 0.367822
1.01794 0.367816 0.367821
1.01816 0.367815 0.36782
1.01839 0.367813 0.367818
1.01861 0.367812 0.367817
1.01884 0.36781 0.367815
1.01906 0.367809 0.367813
1.01928 0.367807 0.367812
1.01951 0.367806 0.36781
1.01974 0.367804 0.367809
1.01996 0.367802 0.367807
1.02019 0.367801 0.367805
1.02041 0.367799 0.367804
1.02064 0.367797 0.367802
1.02086 0.367796 0.3678
1.02109 0.367794 0.367799
1.02131 0.367792 0.367797
1.02154 0.367791 0.367795
1.02176 0.367789 0.367794
1.02199 0.367787 0.367792
1.02221 0.367785 0.36779
1.02244 0.367783 0.367788
1.02267 0.367782 0.367786
1.02289 0.36778 0.367785
1.02312 0.367778 0.367783
1.02334 0.367776 0.367781
1.02357 0.367774 0.367779
1.0238 0.367772 0.367777
1.02402 0.36777 0.367775
1.02425 0.367768 0.367773
1.02447 0.367766 0.367771
1.0247 0.367764 0.367769
1.02493 0.367762 0.367767
1.02515 0.36776 0.367765
1.02538 0.367758 0.367763
1.02561 0.367756 0.367761
1.02583 0.367754 0.367759
1.02606 0.367752 0.367757
1.02629 0.36775 0.367755
1.02651 0.367748 0.367752
1.02674 0.367745 0.36775
1.02697 0.367743 0.367748
1.02719 0.367741 0.367746
1.02742 0.367739 0.367744
1.02765 0.367737 0.367741
1.02787 0.367734 0.367739
1.0281 0.367732 0.367737
1.02833 0.36773 0.367735
1.02856 0.367727 0.367732
1.02878 0.367725 0.36773
1.02901 0.367723 0.367728
1.02924 0.36772 0.367725
1.02947 0.367718 0.367723
1.02969 0.367716 0.36772
1.02992 0.367713 0.367718
1.03015 0.367711 0.367716
1.03038 0.367708 0.367713
1.0306 0.367706 0.367711
1.03083 0.367703 0.367708
1.03106 0.367701 0.367706
1.03129 0.367698 0.367703
1.03151 0.367696 0.367701
1.03174 0.367693 0.367698
1.03197 0.367691 0.367695
1.0322 0.367688 0.367693
1.03243 0.367685 0.36769
1.03266 0.367683 0.367688
1.03288 0.36768 0.367685
1.03311 0.367677 0.367682
1.03334 0.367675 0.367679
1.03357 0.367672 0.367677
1.0338 0.367669 0.367674
1.03403 0.367666 0.367671
1.03425 0.367664 0.367668
1.03448 0.367661 0.367666
1.03471 0.367658 0.367663
1.03494 0.367655 0.36766
1.03517 0.367652 0.367657
1.0354 0.367649 0.367654
1.03563 0.367647 0.367651
1.03586 0.367644 0.367649
1.03609 0.367641 0.367646
1.03631 0.367638 0.367643
1.03654 0.367635 0.36764
1.03677 0.367632 0.367637
1.037 0.367629 0.367634
1.03723 0.367626 0.367631
1.03746 0.367623 0.367628
1.03769 0.36762 0.367625
1.03792 0.367617 0.367622
1.03815 0.367613 0.367618
1.03838 0.36761 0.367615
1.03861 0.367607 0.367612
1.03884 0.367604 0.367609
1.03907 0.367601 0.367606
1.0393 0.367598 0.367603
1.03953 0.367595 0.3676
1.03976 0.367591 0.367596
1.03999 0.367588 0.367593
1.04022 0.367585 0.36759
1.04045 0.367582 0.367586
1.04068 0.367578 0.367583
1.04091 0.367575 0.36758
1.04114 0.367572 0.367577
1.04137 0.367568 0.367573
1.0416 0.367565 0.36757
1.04183 0.367561 0.367566
1.04206 0.367558 0.367563
1.04229 0.367555 0.36756
1.04252 0.367551 0.367556
1.04275 0.367548 0.367553
1.04298 0.367544 0.367549
1.04321 0.367541 0.367546
1.04345 0.367537 0.367542
1.04368 0.367534 0.367539
1.04391 0.36753 0.367535
1.04414 0.367526 0.367531
1.04437 0.367523 0.367528
1.0446 0.367519 0.367524
1.04483 0.367516 0.367521
1.04506 0.367512 0.367517
1.04529 0.367508 0.367513
1.04553 0.367505 0.36751
1.04576 0.367501 0.367506
1.04599 0.367497 0.367502
1.04622 0.367493 0.367498
1.04645 0.36749 0.367495
1.04668 0.367486 0.367491
1.04692 0.367482 0.367487
1.04715 0.367478 0.367483
1.04738 0.367474 0.367479
1.04761 0.36747 0.367475
1.04784 0.367467 0.367472
1.04807 0.367463 0.367468
1.04831 0.367459 0.367464
1.04854 0.367455 0.36746
1.04877 0.367451 0.367456
1.049 0.367447 0.367452
1.04924 0.367443 0.367448
1.04947 0.367439 0.367444
1.0497 0.367435 0.36744
1.04993 0.367431 0.367436
1.05017 0.367427 0.367432
1.0504 0.367423 0.367428
1.05063 0.367418 0.367424
1.05086 0.367414 0.367419
1.0511 0.36741 0.367415
1.05133 0.367406 0.367411
1.05156 0.367402 0.367407
1.0518 0.367398 0.367403
1.05203 0.367393 0.367398
1.05226 0.367389 0.367394
1.05249 0.367385 0.36739
1.05273 0.367381 0.367386
1.05296 0.367376 0.367381
1.05319 0.367372 0.367377
1.05343 0.367368 0.367373
1.05366 0.367363 0.367368
1.05389 0.367359 0.367364
1.05413 0.367354 0.36736
1.05436 0.36735 0.367355
1.0546 0.367346 0.367351
1.05483 0.367341 0.367346
1.05506 0.367337 0.367342
1.0553 0.367332 0.367337
1.05553 0.367328 0.367333
1.05576 0.367323 0.367328
1.056 0.367319 0.367324
1.05623 0.367314 0.367319
1.05647 0.367309 0.367315
1.0567 0.367305 0.36731
1.05693 0.3673 0.367305
1.05717 0.367296 0.367301
1.0574 0.367291 0.367296
1.05764 0.367286 0.367291
1.05787 0.367281 0.367287
1.05811 0.367277 0.367282
1.05834 0.367272 0.367277
1.05858 0.367267 0.367272
1.05881 0.367262 0.367268
1.05905 0.367258 0.367263
1.05928 0.367253 0.367258
1.05952 0.367248 0.367253
1.05975 0.367243 0.367248
1.05999 0.367238 0.367243
1.06022 0.367233 0.367239
1.06046 0.367228 0.367234
1.06069 0.367224 0.367229
1.06093 0.367219 0.367224
1.06116 0.367214 0.367219
1.0614 0.367209 0.367214
1.06163 0.367204 0.367209
1.06187 0.367199 0.367204
1.0621 0.367193 0.367199
1.06234 0.367188 0.367194
1.06257 0.367183 0.367189
1.06281 0.367178 0.367183
1.06305 0.367173 0.367178
1.06328 0.367168 0.367173
1.06352 0.367163 0.367168
1.06375 0.367158 0.367163
1.06399 0.367152 0.367158
1.06423 0.367147 0.367152
1.06446 0.367142 0.367147
1.0647 0.367137 0.367142
1.06493 0.367131 0.367137
1.06517 0.367126 0.367131
1.06541 0.367121 0.367126
1.06564 0.367115 0.367121
1.06588 0.36711 0.367115
1.06612 0.367105 0.36711
1.06635 0.367099 0.367105
1.06659 0.367094 0.367099
1.06683 0.367088 0.367094
1.06706 0.367083 0.367088
1.0673 0.367077 0.367083
1.06754 0.367072 0.367077
1.06777 0.367066 0.367072
1.06801 0.367061 0.367066
1.06825 0.367055 0.367061
1.06849 0.36705 0.367055
1.06872 0.367044 0.36705
1.06896 0.367039 0.367044
1.0692 0.367033 0.367038
1.06944 0.367027 0.367033
1.06967 0.367022 0.367027
1.06991 0.367016 0.367021
1.07015 0.36701 0.367016
1.07039 0.367005 0.36701
1.07062 0.366999 0.367004
1.07086 0.366993 0.366998
1.0711 0.366987 0.366993
1.07134 0.366981 0.366987
1.07157 0.366976 0.366981
1.07181 0.36697 0.366975
1.07205 0.366964 0.366969
1.07229 0.366958 0.366963
1.07253 0.366952 0.366957
1.07277 0.366946 0.366951
1.073 0.36694 0.366946
1.07324 0.366934 0.36694
1.07348 0.366928 0.366934
1.07372 0.366922 0.366928
1.07396 0.366916 0.366922
1.0742 0.36691 0.366916
1.07444 0.366904 0.366909
1.07467 0.366898 0.366903
1.07491 0.366892 0.366897
1.07515 0.366886 0.366891
1.07539 0.36688 0.366885
1.07563 0.366874 0.366879
1.07587 0.366867 0.366873
1.07611 0.366861 0.366867
1.07635 0.366855 0.36686
1.07659 0.366849 0.366854
1.07683 0.366842 0.366848
1.07706 0.366836 0.366842
1.0773 0.36683 0.366835
1.07754 0.366824 0.366829
1.07778 0.366817 0.366823
1.07802 0.366811 0.366816
1.07826 0.366804 0.36681
1.0785 0.366798 0.366804
1.07874 0.366792 0.366797
1.07898 0.366785 0.366791
1.07922 0.366779 0.366784
1.07946 0.366772 0.366778
1.0797 0.366766 0.366771
1.07994 0.366759 0.366765
1.08018 0.366753 0.366758
1.08042 0.366746 0.366752
1.08066 0.36674 0.366745
1.0809 0.366733 0.366739
1.08114 0.366726 0.366732
1.08138 0.36672 0.366725
1.08162 0.366713 0.366719
1.08187 0.366706 0.366712
1.08211 0.3667 0.366705
1.08235 0.366693 0.366699
1.08259 0.366686 0.366692
1.08283 0.36668 0.366685
1.08307 0.366673 0.366678
1.08331 0.366666 0.366672
1.08355 0.366659 0.366665
1.08379 0.366652 0.366658
1.08403 0.366646 0.366651
1.08427 0.366639 0.366644
1.08452 0.366632 0.366637
1.08476 0.366625 0.36663
1.085 0.366618 0.366623
1.08524 0.366611 0.366617
1.08548 0.366604 0.36661
1.08572 0.366597 0.366603
1.08597 0.36659 0.366596
1.08621 0.366583 0.366589
1.08645 0.366576 0.366581
1.08669 0.366569 0.366574
1.08693 0.366562 0.366567
1.08717 0.366555 0.36656
1.08742 0.366548 0.366553
1.08766 0.36654 0.366546
1.0879 0.366533 0.366539
1.08814 0.366526 0.366532
1.08839 0.366519 0.366524
1.08863 0.366512 0.366517
1.08887 0.366504 0.36651
1.08911 0.366497 0.366503
1.08936 0.36649 0.366495
1.0896 0.366483 0.366488
1.08984 0.366475 0.366481
1.09008 0.366468 0.366473
1.09033 0.366461 0.366466
1.09057 0.366453 0.366459
1.09081 0.366446 0.366451
1.09106 0.366438 0.366444
1.0913 0.366431 0.366436
1.09154 0.366423 0.366429
1.09178 0.366416 0.366421
1.09203 0.366408 0.366414
1.09227 0.366401 0.366406
1.09251 0.366393 0.366399
1.09276 0.366386 0.366391
1.093 0.366378 0.366384
1.09325 0.366371 0.366376
1.09349 0.366363 0.366369
1.09373 0.366355 0.366361
1.09398 0.366348 0.366353
1.09422 0.36634 0.366346
1.09446 0.366332 0.366338
1.09471 0.366325 0.36633
1.09495 0.366317 0.366322
1.0952 0.366309 0.366315
1.09544 0.366301 0.366307
1.09568 0.366293 0.366299
1.09593 0.366286 0.366291
1.09617 0.366278 0.366283
1.09642 0.36627 0.366276
1.09666 0.366262 0.366268
1.09691 0.366254 0.36626
1.09715 0.366246 0.366252
1.0974 0.366238 0.366244
1.09764 0.36623 0.366236
1.09789 0.366222 0.366228
1.09813 0.366214 0.36622
1.09838 0.366206 0.366212
1.09862 0.366198 0.366204
1.09887 0.36619 0.366196
1.09911 0.366182 0.366188
1.09936 0.366174 0.36618
1.0996 0.366166 0.366171
1.09985 0.366158 0.366163
1.10009 0.366149 0.366155
1.10034 0.366141 0.366147
1.10058 0.366133 0.366139
1.10083 0.366125 0.366131
1.10107 0.366117 0.366122
1.10132 0.366108 0.366114
1.10157 0.3661 0.366106
1.10181 0.366092 0.366097
1.10206 0.366083 0.366089
1.1023 0.366075 0.366081
1.10255 0.366067 0.366072
1.1028 0.366058 0.366064
1.10304 0.36605 0.366056
1.10329 0.366041 0.366047
1.10353 0.366033 0.366039
1.10378 0.366024 0.36603
1.10403 0.366016 0.366022
1.10427 0.366007 0.366013
1.10452 0.365999 0.366005
1.10477 0.36599 0.365996
1.10501 0.365982 0.365988
1.10526 0.365973 0.365979
1.10551 0.365965 0.36597
1.10575 0.365956 0.365962
1.106 0.365947 0.365953
1.10625 0.365939 0.365944
1.1065 0.36593 0.365936
1.10674 0.365921 0.365927
1.10699 0.365912 0.365918
1.10724 0.365904 0.365909
1.10748 0.365895 0.365901
1.10773 0.365886 0.365892
1.10798 0.365877 0.365883
1.10823 0.365868 0.365874
1.10847 0.36586 0.365865
1.10872 0.365851 0.365857
1.10897 0.365842 0.365848
1.10922 0.365833 0.365839
1.10947 0.365824 0.36583
1.10971 0.365815 0.365821
1.10996 0.365806 0.365812
1.11021 0.365797 0.365803
1.11046 0.365788 0.365794
1.11071 0.365779 0.365785
1.11095 0.36577 0.365776
1.1112 0.365761 0.365767
1.11145 0.365752 0.365758
1.1117 0.365743 0.365748
1.11195 0.365733 0.365739
1.1122 0.365724 0.36573
1.11245 0.365715 0.365721
1.11269 0.365706 0.365712
1.11294 0.365697 0.365702
1.11319 0.365687 0.365693
1.11344 0.365678 0.365684
1.11369 0.365669 0.365675
1.11394 0.36566 0.365665
1.11419 0.36565 0.365656
1.11444 0.365641 0.365647
1.11469 0.365631 0.365637
1.11494 0.365622 0.365628
1.11519 0.365613 0.365619
1.11543 0.365603 0.365609
1.11568 0.365594 0.3656
1.11593 0.365584 0.36559
1.11618 0.365575 0.365581
1.11643 0.365565 0.365571
1.11668 0.365556 0.365562
1.11693 0.365546 0.365552
1.11718 0.365537 0.365543
1.11743 0.365527 0.365533
1.11768 0.365517 0.365523
1.11793 0.365508 0.365514
1.11818 0.365498 0.365504
1.11843 0.365488 0.365494
1.11868 0.365479 0.365485
1.11893 0.365469 0.365475
1.11919 0.365459 0.365465
1.11944 0.365449 0.365455
1.11969 0.36544 0.365446
1.11994 0.36543 0.365436
1.12019 0.36542 0.365426
1.12044 0.36541 0.365416
1.12069 0.3654 0.365406
1.12094 0.36539 0.365396
1.12119 0.365381 0.365387
1.12144 0.365371 0.365377
1.12169 0.365361 0.365367
1.12195 0.365351 0.365357
1.1222 0.365341 0.365347
1.12245 0.365331 0.365337
1.1227 0.365321 0.365327
1.12295 0.365311 0.365317
1.1232 0.365301 0.365307
1.12345 0.36529 0.365296
1.12371 0.36528 0.365286
1.12396 0.36527 0.365276
1.12421 0.36526 0.365266
1.12446 0.36525 0.365256
1.12471 0.36524 0.365246
1.12497 0.365229 0.365235
1.12522 0.365219 0.365225
1.12547 0.365209 0.365215
1.12572 0.365199 0.365205
1.12597 0.365188 0.365194
1.12623 0.365178 0.365184
1.12648 0.365168 0.365174
1.12673 0.365157 0.365163
1.12698 0.365147 0.365153
1.12724 0.365136 0.365143
1.12749 0.365126 0.365132
1.12774 0.365116 0.365122
1.128 0.365105 0.365111
1.12825 0.365095 0.365101
1.1285 0.365084 0.36509
1.12876 0.365074 0.36508
1.12901 0.365063 0.365069
1.12926 0.365052 0.365059
1.12951 0.365042 0.365048
1.12977 0.365031 0.365037
1.13002 0.365021 0.365027
1.13028 0.36501 0.365016
1.13053 0.364999 0.365005
1.13078 0.364989 0.364995
1.13104 0.364978 0.364984
1.13129 0.364967 0.364973
1.13154 0.364956 0.364962
1.1318 0.364946 0.364952
1.13205 0.364935 0.364941
1.13231 0.364924 0.36493
1.13256 0.364913 0.364919
1.13281 0.364902 0.364908
1.13307 0.364891 0.364897
1.13332 0.36488 0.364886
1.13358 0.364869 0.364876
1.13383 0.364858 0.364865
1.13409 0.364848 0.364854
1.13434 0.364837 0.364843
1.1346 0.364825 0.364832
1.13485 0.364814 0.364821
1.13511 0.364803 0.36481
1.13536 0.364792 0.364798
1.13562 0.364781 0.364787
1.13587 0.36477 0.364776
1.13613 0.364759 0.364765
1.13638 0.364748 0.364754
1.13664 0.364737 0.364743
1.13689 0.364725 0.364732
1.13715 0.364714 0.36472
1.1374 0.364703 0.364709
1.13766 0.364692 0.364698
1.13791 0.36468 0.364687
1.13817 0.364669 0.364675
1.13843 0.364658 0.364664
1.13868 0.364646 0.364653
1.13894 0.364635 0.364641
1.13919 0.364624 0.36463
1.13945 0.364612 0.364618
1.1397 0.364601 0.364607
1.13996 0.364589 0.364595
1.14022 0.364578 0.364584
1.14047 0.364566 0.364572
1.14073 0.364555 0.364561
1.14099 0.364543 0.364549
1.14124 0.364532 0.364538
1.1415 0.36452 0.364526
1.14176 0.364508 0.364515
1.14201 0.364497 0.364503
1.14227 0.364485 0.364491
1.14253 0.364473 0.36448
1.14278 0.364462 0.364468
1.14304 0.36445 0.364456
1.1433 0.364438 0.364445
1.14356 0.364427 0.364433
1.14381 0.364415 0.364421
1.14407 0.364403 0.364409
1.14433 0.364391 0.364397
1.14458 0.364379 0.364386
1.14484 0.364367 0.364374
1.1451 0.364356 0.364362
1.14536 0.364344 0.36435
1.14562 0.364332 0.364338
1.14587 0.36432 0.364326
1.14613 0.364308 0.364314
1.14639 0.364296 0.364302
1.14665 0.364284 0.36429
1.14691 0.364272 0.364278
1.14716 0.36426 0.364266
1.14742 0.364248 0.364254
1.14768 0.364235 0.364242
1.14794 0.364223 0.36423
1.1482 0.364211 0.364217
1.14846 0.364199 0.364205
1.14871 0.364187 0.364193
1.14897 0.364175 0.364181
1.14923 0.364162 0.364169
1.14949 0.36415 0.364156
1.14975 0.364138 0.364144
1.15001 0.364126 0.364132
1.15027 0.364113 0.36412
1.15053 0.364101 0.364107
1.15079 0.364089 0.364095
1.15105 0.364076 0.364082
1.1513 0.364064 0.36407
1.15156 0.364051 0.364058
1.15182 0.364039 0.364045
1.15208 0.364026 0.364033
1.15234 0.364014 0.36402
1.1526 0.364001 0.364008
1.15286 0.363989 0.363995
1.15312 0.363976 0.363983
1.15338 0.363964 0.36397
1.15364 0.363951 0.363958
1.1539 0.363939 0.363945
1.15416 0.363926 0.363932
1.15442 0.363913 0.36392
1.15468 0.363901 0.363907
1.15494 0.363888 0.363894
1.1552 0.363875 0.363881
1.15546 0.363862 0.363869
1.15573 0.36385 0.363856
1.15599 0.363837 0.363843
1.15625 0.363824 0.36383
1.15651 0.363811 0.363818
1.15677 0.363798 0.363805
1.15703 0.363785 0.363792
1.15729 0.363772 0.363779
1.15755 0.36376 0.363766
1.15781 0.363747 0.363753
1.15807 0.363734 0.36374
1.15834 0.363721 0.363727
1.1586 0.363708 0.363714
1.15886 0.363695 0.363701
1.15912 0.363682 0.363688
1.15938 0.363669 0.363675
1.15964 0.363655 0.363662
1.1599 0.363642 0.363649
1.16017 0.363629 0.363636
1.16043 0.363616 0.363622
1.16069 0.363603 0.363609
1.16095 0.36359 0.363596
1.16121 0.363576 0.363583
1.16148 0.363563 0.36357
1.16174 0.36355 0.363556
1.162 0.363537 0.363543
1.16226 0.363523 0.36353
1.16253 0.36351 0.363516
1.16279 0.363497 0.363503
1.16305 0.363483 0.36349
1.16331 0.36347 0.363476
1.16358 0.363456 0.363463
1.16384 0.363443 0.363449
1.1641 0.363429 0.363436
1.16437 0.363416 0.363422
1.16463 0.363402 0.363409
1.16489 0.363389 0.363395
1.16516 0.363375 0.363382
1.16542 0.363362 0.363368
1.16568 0.363348 0.363355
1.16595 0.363335 0.363341
1.16621 0.363321 0.363327
1.16647 0.363307 0.363314
1.16674 0.363294 0.3633
1.167 0.36328 0.363286
1.16727 0.363266 0.363273
1.16753 0.363252 0.363259
1.16779 0.363239 0.363245
1.16806 0.363225 0.363231
1.16832 0.363211 0.363218
1.16859 0.363197 0.363204
1.16885 0.363183 0.36319
1.16911 0.363169 0.363176
1.16938 0.363155 0.363162
1.16964 0.363142 0.363148
1.16991 0.363128 0.363134
1.17017 0.363114 0.36312
1.17044 0.3631 0.363106
1.1707 0.363086 0.363092
1.17097 0.363072 0.363078
1.17123 0.363057 0.363064
1.1715 0.363043 0.36305
1.17176 0.363029 0.363036
1.17203 0.363015 0.363022
1.17229 0.363001 0.363008
1.17256 0.362987 0.362993
1.17282 0.362973 0.362979
1.17309 0.362958 0.362965
1.17336 0.362944 0.362951
1.17362 0.36293 0.362937
1.17389 0.362916 0.362922
1.17415 0.362901 0.362908
1.17442 0.362887 0.362894
1.17468 0.362873 0.362879
1.17495 0.362858 0.362865
1.17522 0.362844 0.362851
1.17548 0.36283 0.362836
1.17575 0.362815 0.362822
1.17602 0.362801 0.362807
1.17628 0.362786 0.362793
1.17655 0.362772 0.362778
1.17682 0.362757 0.362764
1.17708 0.362743 0.362749
1.17735 0.362728 0.362735
1.17762 0.362713 0.36272
1.17788 0.362699 0.362705
1.17815 0.362684 0.362691
1.17842 0.362669 0.362676
1.17868 0.362655 0.362661
1.17895 0.36264 0.362647
1.17922 0.362625 0.362632
1.17949 0.362611 0.362617
1.17975 0.362596 0.362603
1.18002 0.362581 0.362588
1.18029 0.362566 0.362573
1.18056 0.362551 0.362558
1.18082 0.362537 0.362543
1.18109 0.362522 0.362528
1.18136 0.362507 0.362513
1.18163 0.362492 0.362499
1.1819 0.362477 0.362484
1.18216 0.362462 0.362469
1.18243 0.362447 0.362454
1.1827 0.362432 0.362439
1.18297 0.362417 0.362424
1.18324 0.362402 0.362409
1.18351 0.362387 0.362393
1.18377 0.362372 0.362378
1.18404 0.362356 0.362363
1.18431 0.362341 0.362348
1.18458 0.362326 0.362333
1.18485 0.362311 0.362318
1.18512 0.362296 0.362302
1.18539 0.36228 0.362287
1.18566 0.362265 0.362272
1.18593 0.36225 0.362257
1.1862 0.362235 0.362241
1.18647 0.362219 0.362226
1.18674 0.362204 0.362211
1.187 0.362189 0.362195
1.18727 0.362173 0.36218
1.18754 0.362158 0.362165
1.18781 0.362142 0.362149
1.18808 0.362127 0.362134
1.18835 0.362111 0.362118
1.18862 0.362096 0.362103
1.18889 0.36208 0.362087
1.18916 0.362065 0.362072
1.18943 0.362049 0.362056
1.1897 0.362034 0.36204
1.18998 0.362018 0.362025
1.19025 0.362002 0.362009
1.19052 0.361987 0.361993
1.19079 0.361971 0.361978
1.19106 0.361955 0.361962
1.19133 0.361939 0.361946
1.1916 0.361924 0.361931
1.19187 0.361908 0.361915
1.19214 0.361892 0.361899
1.19241 0.361876 0.361883
1.19268 0.36186 0.361867
1.19296 0.361844 0.361851
1.19323 0.361829 0.361835
1.1935 0.361813 0.36182
1.19377 0.361797 0.361804
1.19404 0.361781 0.361788
1.19431 0.361765 0.361772
1.19459 0.361749 0.361756
1.19486 0.361733 0.36174
1.19513 0.361717 0.361724
1.1954 0.361701 0.361708
1.19567 0.361684 0.361691
1.19595 0.361668 0.361675
1.19622 0.361652 0.361659
1.19649 0.361636 0.361643
1.19676 0.36162 0.361627
1.19704 0.361604 0.361611
1.19731 0.361587 0.361594
1.19758 0.361571 0.361578
1.19785 0.361555 0.361562
1.19813 0.361539 0.361546
1.1984 0.361522 0.361529
1.19867 0.361506 0.361513
1.19895 0.361489 0.361496
1.19922 0.361473 0.36148
1.19949 0.361457 0.361464
1.19976 0.36144 0.361447
1.20004 0.361424 0.361431
1.20031 0.361407 0.361414
1.20059 0.361391 0.361398
1.20086 0.361374 0.361381
1.20113 0.361358 0.361365
1.20141 0.361341 0.361348
1.20168 0.361324 0.361331
1.20195 0.361308 0.361315
1.20223 0.361291 0.361298
1.2025 0.361275 0.361282
1.20278 0.361258 0.361265
1.20305 0.361241 0.361248
1.20333 0.361224 0.361231
1.2036 0.361208 0.361215
1.20387 0.361191 0.361198
1.20415 0.361174 0.361181
1.20442 0.361157 0.361164
1.2047 0.36114 0.361147
1.20497 0.361123 0.36113
1.20525 0.361107 0.361114
1.20552 0.36109 0.361097
1.2058 0.361073 0.36108
1.20607 0.361056 0.361063
1.20635 0.361039 0.361046
1.20662 0.361022 0.361029
1.2069 0.361005 0.361012
1.20718 0.360988 0.360995
1.20745 0.36097 0.360978
1.20773 0.360953 0.36096
1.208 0.360936 0.360943
1.20828 0.360919 0.360926
1.20855 0.360902 0.360909
1.20883 0.360885 0.360892
1.20911 0.360867 0.360875
1.20938 0.36085 0.360857
1.20966 0.360833 0.36084
1.20994 0.360816 0.360823
1.21021 0.360798 0.360805
1.21049 0.360781 0.360788
1.21077 0.360764 0.360771
1.21104 0.360746 0.360753
1.21132 0.360729 0.360736
1.2116 0.360711 0.360718
1.21187 0.360694 0.360701
1.21215 0.360676 0.360684
1.21243 0.360659 0.360666
1.2127 0.360641 0.360649
1.21298 0.360624 0.360631
1.21326 0.360606 0.360613
1.21354 0.360589 0.360596
1.21381 0.360571 0.360578
1.21409 0.360553 0.360561
1.21437 0.360536 0.360543
1.21465 0.360518 0.360525
1.21492 0.3605 0.360507
1.2152 0.360483 0.36049
1.21548 0.360465 0.360472
1.21576 0.360447 0.360454
1.21604 0.360429 0.360436
1.21632 0.360411 0.360419
1.21659 0.360393 0.360401
1.21687 0.360376 0.360383
1.21715 0.360358 0.360365
1.21743 0.36034 0.360347
1.21771 0.360322 0.360329
1.21799 0.360304 0.360311
1.21827 0.360286 0.360293
1.21854 0.360268 0.360275
1.21882 0.36025 0.360257
1.2191 0.360232 0.360239
1.21938 0.360214 0.360221
1.21966 0.360196 0.360203
1.21994 0.360177 0.360185
1.22022 0.360159 0.360167
1.2205 0.360141 0.360148
1.22078 0.360123 0.36013
1.22106 0.360105 0.360112
1.22134 0.360086 0.360094
1.22162 0.360068 0.360075
1.2219 0.36005 0.360057
1.22218 0.360031 0.360039
1.22246 0.360013 0.36002
1.22274 0.359995 0.360002
1.22302 0.359976 0.359984
1.2233 0.359958 0.359965
1.22358 0.359939 0.359947
1.22386 0.359921 0.359928
1.22414 0.359903 0.35991
1.22442 0.359884 0.359891
1.2247 0.359865 0.359873
1.22498 0.359847 0.359854
1.22527 0.359828 0.359836
1.22555 0.35981 0.359817
1.22583 0.359791 0.359798
1.22611 0.359772 0.35978
1.22639 0.359754 0.359761
1.22667 0.359735 0.359742
1.22695 0.359716 0.359724
1.22723 0.359698 0.359705
1.22752 0.359679 0.359686
1.2278 0.35966 0.359667
1.22808 0.359641 0.359649
1.22836 0.359622 0.35963
1.22864 0.359603 0.359611
1.22893 0.359585 0.359592
1.22921 0.359566 0.359573
1.22949 0.359547 0.359554
1.22977 0.359528 0.359535
1.23006 0.359509 0.359516
1.23034 0.35949 0.359497
1.23062 0.359471 0.359478
1.2309 0.359452 0.359459
1.23119 0.359433 0.35944
1.23147 0.359413 0.359421
1.23175 0.359394 0.359402
1.23203 0.359375 0.359383
1.23232 0.359356 0.359363
1.2326 0.359337 0.359344
1.23288 0.359318 0.359325
1.23317 0.359298 0.359306
1.23345 0.359279 0.359286
1.23374 0.35926 0.359267
1.23402 0.35924 0.359248
1.2343 0.359221 0.359229
1.23459 0.359202 0.359209
1.23487 0.359182 0.35919
1.23515 0.359163 0.35917
1.23544 0.359143 0.359151
1.23572 0.359124 0.359131
1.23601 0.359104 0.359112
1.23629 0.359085 0.359092
1.23658 0.359065 0.359073
1.23686 0.359046 0.359053
1.23715 0.359026 0.359034
1.23743 0.359007 0.359014
1.23771 0.358987 0.358995
1.238 0.358967 0.358975
1.23828 0.358948 0.358955
1.23857 0.358928 0.358936
1.23885 0.358908 0.358916
1.23914 0.358889 0.358896
1.23943 0.358869 0.358876
1.23971 0.358849 0.358856
1.24 0.358829 0.358837
1.24028 0.358809 0.358817
1.24057 0.358789 0.358797
1.24085 0.35877 0.358777
1.24114 0.35875 0.358757
1.24143 0.35873 0.358737
1.24171 0.35871 0.358717
1.242 0.35869 0.358697
1.24228 0.35867 0.358677
1.24257 0.35865 0.358657
1.24286 0.35863 0.358637
1.24314 0.358609 0.358617
1.24343 0.358589 0.358597
1.24372 0.358569 0.358577
1.244 0.358549 0.358557
1.24429 0.358529 0.358536
1.24458 0.358509 0.358516
1.24486 0.358488 0.358496
1.24515 0.358468 0.358476
1.24544 0.358448 0.358455
1.24573 0.358428 0.358435
1.24601 0.358407 0.358415
1.2463 0.358387 0.358395
1.24659 0.358366 0.358374
1.24688 0.358346 0.358354
1.24716 0.358326 0.358333
1.24745 0.358305 0.358313
1.24774 0.358285 0.358292
1.24803 0.358264 0.358272
1.24832 0.358244 0.358251
1.2486 0.358223 0.358231
1.24889 0.358203 0.35821
1.24918 0.358182 0.35819
1.24947 0.358161 0.358169
1.24976 0.358141 0.358148
1.25005 0.35812 0.358128
1.25033 0.358099 0.358107
1.25062 0.358079 0.358086
1.25091 0.358058 0.358066
1.2512 0.358037 0.358045
1.25149 0.358016 0.358024
1.25178 0.357995 0.358003
1.25207 0.357975 0.357982
1.25236 0.357954 0.357961
1.25265 0.357933 0.357941
1.25294 0.357912 0.35792
1.25323 0.357891 0.357899
1.25352 0.35787 0.357878
1.25381 0.357849 0.357857
1.2541 0.357828 0.357836
1.25439 0.357807 0.357815
1.25468 0.357786 0.357794
1.25497 0.357765 0.357773
1.25526 0.357744 0.357751
1.25555 0.357723 0.35773
1.25584 0.357701 0.357709
1.25613 0.35768 0.357688
1.25642 0.357659 0.357667
1.25671 0.357638 0.357646
1.257 0.357617 0.357624
1.25729 0.357595 0.357603
1.25758 0.357574 0.357582
1.25787 0.357553 0.35756
1.25817 0.357531 0.357539
1.25846 0.35751 0.357518
1.25875 0.357488 0.357496
1.25904 0.357467 0.357475
1.25933 0.357446 0.357453
1.25962 0.357424 0.357432
1.25991 0.357403 0.35741
1.26021 0.357381 0.357389
1.2605 0.357359 0.357367
1.26079 0.357338 0.357346
1.26108 0.357316 0.357324
1.26137 0.357295 0.357302
1.26167 0.357273 0.357281
1.26196 0.357251 0.357259
1.26225 0.35723 0.357237
1.26254 0.357208 0.357216
1.26284 0.357186 0.357194
1.26313 0.357164 0.357172
1.26342 0.357143 0.35715
1.26372 0.357121 0.357129
1.26401 0.357099 0.357107
1.2643 0.357077 0.357085
1.2646 0.357055 0.357063
1.26489 0.357033 0.357041
1.26518 0.357011 0.357019
1.26548 0.356989 0.356997
1.26577 0.356967 0.356975
1.26606 0.356945 0.356953
1.26636 0.356923 0.356931
1.26665 0.356901 0.356909
1.26694 0.356879 0.356887
1.26724 0.356857 0.356865
1.26753 0.356835 0.356843
1.26783 0.356812 0.35682
1.26812 0.35679 0.356798
1.26842 0.356768 0.356776
1.26871 0.356746 0.356754
1.26901 0.356724 0.356731
1.2693 0.356701 0.356709
1.26959 0.356679 0.356687
1.26989 0.356657 0.356665
1.27018 0.356634 0.356642
1.27048 0.356612 0.35662
1.27078 0.356589 0.356597
1.27107 0.356567 0.356575
1.27137 0.356544 0.356552
1.27166 0.356522 0.35653
1.27196 0.356499 0.356507
1.27225 0.356477 0.356485
1.27255 0.356454 0.356462
1.27284 0.356432 0.35644
1.27314 0.356409 0.356417
1.27344 0.356386 0.356394
1.27373 0.356364 0.356372
1.27403 0.356341 0.356349
1.27433 0.356318 0.356326
1.27462 0.356295 0.356304
1.27492 0.356273 0.356281
1.27522 0.35625 0.356258
1.27551 0.356227 0.356235
1.27581 0.356204 0.356212
1.27611 0.356181 0.356189
1.2764 0.356158 0.356167
1.2767 0.356136 0.356144
1.277 0.356113 0.356121
1.27729 0.35609 0.356098
1.27759 0.356067 0.356075
1.27789 0.356044 0.356052
1.27819 0.35602 0.356029
1.27848 0.355997 0.356005
1.27878 0.355974 0.355982
1.27908 0.355951 0.355959
1.27938 0.355928 0.355936
1.27968 0.355905 0.355913
1.27997 0.355882 0.35589
1.28027 0.355858 0.355867
1.28057 0.355835 0.355843
1.28087 0.355812 0.35582
1.28117 0.355789 0.355797
1.28147 0.355765 0.355773
1.28177 0.355742 0.35575
1.28206 0.355718 0.355727
1.28236 0.355695 0.355703
1.28266 0.355672 0.35568
1.28296 0.355648 0.355656
1.28326 0.355625 0.355633
1.28356 0.355601 0.355609
1.28386 0.355578 0.355586
1.28416 0.355554 0.355562
1.28446 0.35553 0.355539
1.28476 0.355507 0.355515
1.28506 0.355483 0.355491
1.28536 0.35546 0.355468
1.28566 0.355436 0.355444
1.28596 0.355412 0.35542
1.28626 0.355388 0.355397
1.28656 0.355365 0.355373
1.28686 0.355341 0.355349
1.28716 0.355317 0.355325
1.28746 0.355293 0.355301
1.28776 0.355269 0.355278
1.28806 0.355245 0.355254
1.28836 0.355221 0.35523
1.28866 0.355198 0.355206
1.28897 0.355174 0.355182
1.28927 0.35515 0.355158
1.28957 0.355126 0.355134
1.28987 0.355101 0.35511
1.29017 0.355077 0.355086
1.29047 0.355053 0.355062
1.29077 0.355029 0.355037
1.29108 0.355005 0.355013
1.29138 0.354981 0.354989
1.29168 0.354957 0.354965
1.29198 0.354932 0.354941
1.29228 0.354908 0.354916
1.29259 0.354884 0.354892
1.29289 0.35486 0.354868
1.29319 0.354835 0.354844
1.29349 0.354811 0.354819
1.2938 0.354787 0.354795
1.2941 0.354762 0.35477
1.2944 0.354738 0.354746
1.29471 0.354713 0.354722
1.29501 0.354689 0.354697
1.29531 0.354664 0.354673
1.29561 0.35464 0.354648
1.29592 0.354615 0.354623
1.29622 0.354591 0.354599
1.29653 0.354566 0.354574
1.29683 0.354541 0.35455
1.29713 0.354517 0.354525
1.29744 0.354492 0.3545
1.29774 0.354467 0.354476
1.29804 0.354442 0.354451
1.29835 0.354418 0.354426
1.29865 0.354393 0.354401
1.29896 0.354368 0.354376
1.29926 0.354343 0.354352
1.29957 0.354318 0.354327
1.29987 0.354293 0.354302
1.30018 0.354269 0.354277
1.30048 0.354244 0.354252
1.30079 0.354219 0.354227
1.30109 0.354194 0.354202
1.3014 0.354169 0.354177
1.3017 0.354143 0.354152
1.30201 0.354118 0.354127
1.30231 0.354093 0.354102
1.30262 0.354068 0.354077
1.30292 0.354043 0.354051
1.30323 0.354018 0.354026
1.30354 0.353993 0.354001
1.30384 0.353967 0.353976
1.30415 0.353942 0.353951
1.30445 0.353917 0.353925
1.30476 0.353891 0.3539
1.30507 0.353866 0.353875
1.30537 0.353841 0.353849
1.30568 0.353815 0.353824
1.30599 0.35379 0.353798
1.30629 0.353765 0.353773
1.3066 0.353739 0.353748
1.30691 0.353714 0.353722
1.30721 0.353688 0.353697
1.30752 0.353662 0.353671
1.30783 0.353637 0.353645
1.30814 0.353611 0.35362
1.30844 0.353586 0.353594
1.30875 0.35356 0.353569
1.30906 0.353534 0.353543
1.30937 0.353509 0.353517
1.30968 0.353483 0.353491
1.30998 0.353457 0.353466
1.31029 0.353431 0.35344
1.3106 0.353406 0.353414
1.31091 0.35338 0.353388
1.31122 0.353354 0.353362
1.31153 0.353328 0.353336
1.31183 0.353302 0.353311
1.31214 0.353276 0.353285
1.31245 0.35325 0.353259
1.31276 0.353224 0.353233
1.31307 0.353198 0.353207
1.31338 0.353172 0.353181
1.31369 0.353146 0.353155
1.314 0.35312 0.353128
1.31431 0.353094 0.353102
1.31462 0.353068 0.353076
1.31493 0.353041 0.35305
1.31524 0.353015 0.353024
1.31555 0.352989 0.352998
1.31586 0.352963 0.352971
1.31617 0.352936 0.352945
1.31648 0.35291 0.352919
1.31679 0.352884 0.352892
1.3171 0.352857 0.352866
1.31741 0.352831 0.35284
1.31772 0.352804 0.352813
1.31803 0.352778 0.352787
1.31834 0.352752 0.35276
1.31865 0.352725 0.352734
1.31896 0.352699 0.352707
1.31927 0.352672 0.352681
1.31958 0.352645 0.352654
1.3199 0.352619 0.352627
1.32021 0.352592 0.352601
1.32052 0.352565 0.352574
1.32083 0.352539 0.352548
1.32114 0.352512 0.352521
1.32145 0.352485 0.352494
1.32177 0.352459 0.352467
1.32208 0.352432 0.352441
1.32239 0.352405 0.352414
1.3227 0.352378 0.352387
1.32302 0.352351 0.35236
1.32333 0.352324 0.352333
1.32364 0.352297 0.352306
1.32395 0.35227 0.352279
1.32427 0.352243 0.352252
1.32458 0.352216 0.352225
1.32489 0.352189 0.352198
1.32521 0.352162 0.352171
1.32552 0.352135 0.352144
1.32583 0.352108 0.352117
1.32615 0.352081 0.35209
1.32646 0.352054 0.352063
1.32677 0.352027 0.352035
1.32709 0.351999 0.352008
1.3274 0.351972 0.351981
1.32772 0.351945 0.351954
1.32803 0.351918 0.351926
1.32834 0.35189 0.351899
1.32866 0.351863 0.351872
1.32897 0.351835 0.351844
1.32929 0.351808 0.351817
1.3296 0.351781 0.351789
1.32992 0.351753 0.351762
1.33023 0.351726 0.351735
1.33055 0.351698 0.351707
1.33086 0.351671 0.351679
1.33118 0.351643 0.351652
1.33149 0.351615 0.351624
1.33181 0.351588 0.351597
1.33212 0.35156 0.351569
1.33244 0.351532 0.351541
1.33275 0.351505 0.351514
1.33307 0.351477 0.351486
1.33339 0.351449 0.351458
1.3337 0.351421 0.35143
1.33402 0.351394 0.351403
1.33434 0.351366 0.351375
1.33465 0.351338 0.351347
1.33497 0.35131 0.351319
1.33528 0.351282 0.351291
1.3356 0.351254 0.351263
1.33592 0.351226 0.351235
1.33624 0.351198 0.351207
1.33655 0.35117 0.351179
1.33687 0.351142 0.351151
1.33719 0.351114 0.351123
1.3375 0.351086 0.351095
1.33782 0.351058 0.351067
1.33814 0.35103 0.351039
1.33846 0.351001 0.35101
1.33878 0.350973 0.350982
1.33909 0.350945 0.350954
1.33941 0.350917 0.350926
1.33973 0.350888 0.350897
1.34005 0.35086 0.350869
1.34037 0.350832 0.350841
1.34068 0.350803 0.350812
1.341 0.350775 0.350784
1.34132 0.350746 0.350755
1.34164 0.350718 0.350727
1.34196 0.350689 0.350698
1.34228 0.350661 0.35067
1.3426 0.350632 0.350641
1.34292 0.350604 0.350613
1.34324 0.350575 0.350584
1.34356 0.350546 0.350556
1.34388 0.350518 0.350527
1.3442 0.350489 0.350498
1.34452 0.35046 0.350469
1.34484 0.350432 0.350441
1.34516 0.350403 0.350412
1.34548 0.350374 0.350383
1.3458 0.350345 0.350354
1.34612 0.350316 0.350325
1.34644 0.350287 0.350297
1.34676 0.350259 0.350268
1.34708 0.35023 0.350239
1.3474 0.350201 0.35021
1.34772 0.350172 0.350181
1.34804 0.350143 0.350152
1.34836 0.350114 0.350123
1.34868 0.350085 0.350094
1.349 0.350055 0.350065
1.34933 0.350026 0.350035
1.34965 0.349997 0.350006
1.34997 0.349968 0.349977
1.35029 0.349939 0.349948
1.35061 0.349909 0.349919
1.35094 0.34988 0.349889
1.35126 0.349851 0.34986
1.35158 0.349822 0.349831
1.3519 0.349792 0.349801
1.35222 0.349763 0.349772
1.35255 0.349733 0.349743
1.35287 0.349704 0.349713
1.35319 0.349675 0.349684
1.35352 0.349645 0.349654
1.35384 0.349616 0.349625
1.35416 0.349586 0.349595
1.35449 0.349556 0.349566
1.35481 0.349527 0.349536
1.35513 0.349497 0.349506
1.35546 0.349467 0.349477
1.35578 0.349438 0.349447
1.3561 0.349408 0.349417
1.35643 0.349378 0.349388
1.35675 0.349349 0.349358
1.35708 0.349319 0.349328
1.3574 0.349289 0.349298
1.35773 0.349259 0.349268
1.35805 0.349229 0.349239
1.35837 0.349199 0.349209
1.3587 0.349169 0.349179
1.35902 0.349139 0.349149
1.35935 0.349109 0.349119
1.35967 0.349079 0.349089
1.36 0.349049 0.349059
1.36033 0.349019 0.349029
1.36065 0.348989 0.348999
1.36098 0.348959 0.348968
1.3613 0.348929 0.348938
1.36163 0.348899 0.348908
1.36195 0.348868 0.348878
1.36228 0.348838 0.348848
1.36261 0.348808 0.348817
1.36293 0.348778 0.348787
1.36326 0.348747 0.348757
1.36359 0.348717 0.348726
1.36391 0.348687 0.348696
1.36424 0.348656 0.348666
1.36457 0.348626 0.348635
1.36489 0.348595 0.348605
1.36522 0.348565 0.348574
1.36555 0.348534 0.348544
1.36587 0.348504 0.348513
1.3662 0.348473 0.348482
1.36653 0.348442 0.348452
1.36686 0.348412 0.348421
1.36718 0.348381 0.348391
1.36751 0.34835 0.34836
1.36784 0.34832 0.348329
1.36817 0.348289 0.348298
1.3685 0.348258 0.348268
1.36883 0.348227 0.348237
1.36915 0.348197 0.348206
1.36948 0.348166 0.348175
1.36981 0.348135 0.348144
1.37014 0.348104 0.348113
1.37047 0.348073 0.348082
1.3708 0.348042 0.348051
1.37113 0.348011 0.34802
1.37146 0.34798 0.347989
1.37179 0.347949 0.347958
1.37212 0.347918 0.347927
1.37245 0.347887 0.347896
1.37278 0.347855 0.347865
1.37311 0.347824 0.347834
1.37344 0.347793 0.347803
1.37377 0.347762 0.347771
1.3741 0.347731 0.34774
1.37443 0.347699 0.347709
1.37476 0.347668 0.347677
1.37509 0.347637 0.347646
1.37542 0.347605 0.347615
1.37575 0.347574 0.347583
1.37608 0.347542 0.347552
1.37641 0.347511 0.34752
1.37674 0.347479 0.347489
1.37707 0.347448 0.347457
1.37741 0.347416 0.347426
1.37774 0.347385 0.347394
1.37807 0.347353 0.347363
1.3784 0.347321 0.347331
1.37873 0.34729 0.347299
1.37906 0.347258 0.347268
1.3794 0.347226 0.347236
1.37973 0.347195 0.347204
1.38006 0.347163 0.347172
1.38039 0.347131 0.347141
1.38073 0.347099 0.347109
1.38106 0.347067 0.347077
1.38139 0.347035 0.347045
1.38173 0.347003 0.347013
1.38206 0.346972 0.346981
1.38239 0.34694 0.346949
1.38273 0.346908 0.346917
1.38306 0.346876 0.346885
1.38339 0.346843 0.346853
1.38373 0.346811 0.346821
1.38406 0.346779 0.346789
1.38439 0.346747 0.346757
1.38473 0.346715 0.346725
1.38506 0.346683 0.346692
1.3854 0.34665 0.34666
1.38573 0.346618 0.346628
1.38607 0.346586 0.346596
1.3864 0.346554 0.346563
1.38674 0.346521 0.346531
1.38707 0.346489 0.346499
1.38741 0.346456 0.346466
1.38774 0.346424 0.346434
1.38808 0.346391 0.346401
1.38841 0.346359 0.346369
1.38875 0.346326 0.346336
1.38908 0.346294 0.346304
1.38942 0.346261 0.346271
1.38976 0.346229 0.346238
1.39009 0.346196 0.346206
1.39043 0.346163 0.346173
1.39076 0.346131 0.34614
1.3911 0.346098 0.346108
1.39144 0.346065 0.346075
1.39177 0.346032 0.346042
1.39211 0.345999 0.346009
1.39245 0.345967 0.345976
1.39278 0.345934 0.345944
1.39312 0.345901 0.345911
1.39346 0.345868 0.345878
1.3938 0.345835 0.345845
1.39413 0.345802 0.345812
1.39447 0.345769 0.345779
1.39481 0.345736 0.345746
1.39515 0.345703 0.345713
1.39549 0.34567 0.34568
1.39582 0.345636 0.345646
1.39616 0.345603 0.345613
1.3965 0.34557 0.34558
1.39684 0.345537 0.345547
1.39718 0.345504 0.345514
1.39752 0.34547 0.34548
1.39786 0.345437 0.345447
1.39819 0.345404 0.345414
1.39853 0.34537 0.34538
1.39887 0.345337 0.345347
1.39921 0.345303 0.345313
1.39955 0.34527 0.34528
1.39989 0.345236 0.345246
1.40023 0.345203 0.345213
1.40057 0.345169 0.345179
1.40091 0.345136 0.345146
1.40125 0.345102 0.345112
1.40159 0.345068 0.345079
1.40193 0.345035 0.345045
1.40227 0.345001 0.345011
1.40261 0.344967 0.344977
1.40295 0.344934 0.344944
1.4033 0.3449 0.34491
1.40364 0.344866 0.344876
1.40398 0.344832 0.344842
1.40432 0.344798 0.344808
1.40466 0.344764 0.344774
1.405 0.34473 0.34474
1.40534 0.344696 0.344707
1.40569 0.344662 0.344673
1.40603 0.344628 0.344638
1.40637 0.344594 0.344604
1.40671 0.34456 0.34457
1.40705 0.344526 0.344536
1.4074 0.344492 0.344502
1.40774 0.344458 0.344468
1.40808 0.344424 0.344434
1.40843 0.344389 0.344399
1.40877 0.344355 0.344365
1.40911 0.344321 0.344331
1.40945 0.344286 0.344297
1.4098 0.344252 0.344262
1.41014 0.344218 0.344228
1.41049 0.344183 0.344193
1.41083 0.344149 0.344159
1.41117 0.344114 0.344125
1.41152 0.34408 0.34409
1.41186 0.344045 0.344055
1.41221 0.344011 0.344021
1.41255 0.343976 0.343986
1.41289 0.343942 0.343952
1.41324 0.343907 0.343917
1.41358 0.343872 0.343882
1.41393 0.343837 0.343848
1.41427 0.343803 0.343813
1.41462 0.343768 0.343778
1.41496 0.343733 0.343743
1.41531 0.343698 0.343709
1.41566 0.343663 0.343674
1.416 0.343629 0.343639
1.41635 0.343594 0.343604
1.41669 0.343559 0.343569
1.41704 0.343524 0.343534
1.41739 0.343489 0.343499
1.41773 0.343454 0.343464
1.41808 0.343418 0.343429
1.41842 0.343383 0.343394
1.41877 0.343348 0.343359
1.41912 0.343313 0.343323
1.41947 0.343278 0.343288
1.41981 0.343243 0.343253
1.42016 0.343207 0.343218
1.42051 0.343172 0.343182
1.42085 0.343137 0.343147
1.4212 0.343101 0.343112
1.42155 0.343066 0.343076
1.4219 0.343031 0.343041
1.42225 0.342995 0.343006
1.42259 0.34296 0.34297
1.42294 0.342924 0.342935
1.42329 0.342889 0.342899
1.42364 0.342853 0.342863
1.42399 0.342818 0.342828
1.42434 0.342782 0.342792
1.42469 0.342746 0.342757
1.42504 0.342711 0.342721
1.42538 0.342675 0.342685
1.42573 0.342639 0.342649
1.42608 0.342603 0.342614
1.42643 0.342568 0.342578
1.42678 0.342532 0.342542
1.42713 0.342496 0.342506
1.42748 0.34246 0.34247
1.42783 0.342424 0.342434
1.42818 0.342388 0.342398
1.42853 0.342352 0.342362
1.42888 0.342316 0.342326
1.42924 0.34228 0.34229
1.42959 0.342244 0.342254
1.42994 0.342208 0.342218
1.43029 0.342172 0.342182
1.43064 0.342135 0.342146
1.43099 0.342099 0.34211
1.43134 0.342063 0.342073
1.43169 0.342027 0.342037
1.43205 0.34199 0.342001
1.4324 0.341954 0.341965
1.43275 0.341918 0.341928
1.4331 0.341881 0.341892
1.43345 0.341845 0.341855
1.43381 0.341808 0.341819
1.43416 0.341772 0.341783
1.43451 0.341735 0.341746
1.43487 0.341699 0.34171
1.43522 0.341662 0.341673
1.43557 0.341626 0.341636
1.43592 0.341589 0.3416
1.43628 0.341552 0.341563
1.43663 0.341516 0.341526
1.43699 0.341479 0.34149
1.43734 0.341442 0.341453
1.43769 0.341405 0.341416
1.43805 0.341369 0.341379
1.4384 0.341332 0.341342
1.43876 0.341295 0.341306
1.43911 0.341258 0.341269
1.43947 0.341221 0.341232
1.43982 0.341184 0.341195
1.44017 0.341147 0.341158
1.44053 0.34111 0.341121
1.44089 0.341073 0.341084
1.44124 0.341036 0.341047
1.4416 0.340999 0.341009
1.44195 0.340962 0.340972
1.44231 0.340924 0.340935
1.44266 0.340887 0.340898
1.44302 0.34085 0.340861
1.44338 0.340813 0.340823
1.44373 0.340775 0.340786
1.44409 0.340738 0.340749
1.44444 0.340701 0.340711
1.4448 0.340663 0.340674
1.44516 0.340626 0.340636
1.44552 0.340588 0.340599
1.44587 0.340551 0.340561
1.44623 0.340513 0.340524
1.44659 0.340476 0.340486
1.44694 0.340438 0.340449
1.4473 0.3404 0.340411
1.44766 0.340363 0.340374
1.44802 0.340325 0.340336
1.44838 0.340287 0.340298
1.44873 0.34025 0.34026
1.44909 0.340212 0.340223
1.44945 0.340174 0.340185
1.44981 0.340136 0.340147
1.45017 0.340098 0.340109
1.45053 0.34006 0.340071
1.45089 0.340022 0.340033
1.45125 0.339984 0.339995
1.45161 0.339946 0.339957
1.45197 0.339908 0.339919
1.45233 0.33987 0.339881
1.45269 0.339832 0.339843
1.45304 0.339794 0.339805
1.45341 0.339756 0.339767
1.45377 0.339718 0.339729
1.45413 0.339679 0.33969
1.45449 0.339641 0.339652
1.45485 0.339603 0.339614
1.45521 0.339565 0.339575
1.45557 0.339526 0.339537
1.45593 0.339488 0.339499
1.45629 0.339449 0.33946
1.45665 0.339411 0.339422
1.45701 0.339372 0.339383
1.45738 0.339334 0.339345
1.45774 0.339295 0.339306
1.4581 0.339257 0.339268
1.45846 0.339218 0.339229
1.45882 0.33918 0.339191
1.45919 0.339141 0.339152
1.45955 0.339102 0.339113
1.45991 0.339063 0.339074
1.46027 0.339025 0.339036
1.46064 0.338986 0.338997
1.461 0.338947 0.338958
1.46136 0.338908 0.338919
1.46173 0.338869 0.33888
1.46209 0.33883 0.338841
1.46245 0.338791 0.338802
1.46282 0.338752 0.338763
1.46318 0.338713 0.338724
1.46355 0.338674 0.338685
1.46391 0.338635 0.338646
1.46427 0.338596 0.338607
1.46464 0.338557 0.338568
1.465 0.338518 0.338529
1.46537 0.338479 0.33849
1.46573 0.338439 0.33845
1.4661 0.3384 0.338411
1.46646 0.338361 0.338372
1.46683 0.338321 0.338333
1.46719 0.338282 0.338293
1.46756 0.338243 0.338254
1.46793 0.338203 0.338214
1.46829 0.338164 0.338175
1.46866 0.338124 0.338135
1.46902 0.338085 0.338096
1.46939 0.338045 0.338056
1.46976 0.338005 0.338017
1.47012 0.337966 0.337977
1.47049 0.337926 0.337937
1.47086 0.337886 0.337898
1.47123 0.337847 0.337858
1.47159 0.337807 0.337818
1.47196 0.337767 0.337778
1.47233 0.337727 0.337739
1.4727 0.337688 0.337699
1.47306 0.337648 0.337659
1.47343 0.337608 0.337619
1.4738 0.337568 0.337579
1.47417 0.337528 0.337539
1.47454 0.337488 0.337499
1.47491 0.337448 0.337459
1.47527 0.337408 0.337419
1.47564 0.337367 0.337379
1.47601 0.337327 0.337339
1.47638 0.337287 0.337298
1.47675 0.337247 0.337258
1.47712 0.337207 0.337218
1.47749 0.337166 0.337178
1.47786 0.337126 0.337137
1.47823 0.337086 0.337097
1.4786 0.337045 0.337057
1.47897 0.337005 0.337016
1.47934 0.336964 0.336976
1.47971 0.336924 0.336935
1.48008 0.336883 0.336895
1.48045 0.336843 0.336854
1.48082 0.336802 0.336814
1.4812 0.336762 0.336773
1.48157 0.336721 0.336732
1.48194 0.33668 0.336692
1.48231 0.33664 0.336651
1.48268 0.336599 0.33661
1.48305 0.336558 0.33657
1.48343 0.336517 0.336529
1.4838 0.336477 0.336488
1.48417 0.336436 0.336447
1.48454 0.336395 0.336406
1.48492 0.336354 0.336365
1.48529 0.336313 0.336324
1.48566 0.336272 0.336283
1.48603 0.336231 0.336242
1.48641 0.33619 0.336201
1.48678 0.336149 0.33616
1.48715 0.336108 0.336119
1.48753 0.336066 0.336078
1.4879 0.336025 0.336037
1.48828 0.335984 0.335995
1.48865 0.335943 0.335954
1.48903 0.335901 0.335913
1.4894 0.33586 0.335872
1.48977 0.335819 0.33583
1.49015 0.335777 0.335789
1.49052 0.335736 0.335747
1.4909 0.335694 0.335706
1.49127 0.335653 0.335664
1.49165 0.335611 0.335623
1.49203 0.33557 0.335581
1.4924 0.335528 0.33554
1.49278 0.335487 0.335498
1.49315 0.335445 0.335456
1.49353 0.335403 0.335415
1.49391 0.335361 0.335373
1.49428 0.33532 0.335331
1.49466 0.335278 0.335289
1.49504 0.335236 0.335248
1.49541 0.335194 0.335206
1.49579 0.335152 0.335164
1.49617 0.33511 0.335122
1.49655 0.335068 0.33508
1.49692 0.335026 0.335038
1.4973 0.334984 0.334996
1.49768 0.334942 0.334954
1.49806 0.3349 0.334912
1.49844 0.334858 0.33487
1.49881 0.334816 0.334828
1.49919 0.334774 0.334785
1.49957 0.334731 0.334743
1.49995 0.334689 0.334701
1.50033 0.334647 0.334659
1.50071 0.334605 0.334616
1.50109 0.334562 0.334574
1.50147 0.33452 0.334531
1.50185 0.334477 0.334489
1.50223 0.334435 0.334447
1.50261 0.334392 0.334404
1.50299 0.33435 0.334362
1.50337 0.334307 0.334319
1.50375 0.334265 0.334276
1.50413 0.334222 0.334234
1.50451 0.334179 0.334191
1.50489 0.334137 0.334148
1.50527 0.334094 0.334106
1.50565 0.334051 0.334063
1.50603 0.334008 0.33402
1.50641 0.333965 0.333977
1.5068 0.333923 0.333934
1.50718 0.33388 0.333892
1.50756 0.333837 0.333849
1.50794 0.333794 0.333806
1.50833 0.333751 0.333763
1.50871 0.333708 0.33372
1.50909 0.333665 0.333676
1.50947 0.333622 0.333633
1.50986 0.333578 0.33359
1.51024 0.333535 0.333547
1.51062 0.333492 0.333504
1.51101 0.333449 0.333461
1.51139 0.333405 0.333417
1.51177 0.333362 0.333374
1.51216 0.333319 0.333331
1.51254 0.333275 0.333287
1.51293 0.333232 0.333244
1.51331 0.333189 0.3332
1.5137 0.333145 0.333157
1.51408 0.333102 0.333113
1.51447 0.333058 0.33307
1.51485 0.333014 0.333026
1.51524 0.332971 0.332983
1.51562 0.332927 0.332939
1.51601 0.332883 0.332895
1.51639 0.33284 0.332852
1.51678 0.332796 0.332808
1.51716 0.332752 0.332764
1.51755 0.332708 0.33272
1.51794 0.332664 0.332676
1.51832 0.332621 0.332633
1.51871 0.332577 0.332589
1.5191 0.332533 0.332545
1.51948 0.332489 0.332501
1.51987 0.332445 0.332457
1.52026 0.332401 0.332413
1.52065 0.332356 0.332369
1.52103 0.332312 0.332324
1.52142 0.332268 0.33228
1.52181 0.332224 0.332236
1.5222 0.33218 0.332192
1.52259 0.332135 0.332148
1.52298 0.332091 0.332103
1.52336 0.332047 0.332059
1.52375 0.332002 0.332014
1.52414 0.331958 0.33197
1.52453 0.331914 0.331926
1.52492 0.331869 0.331881
1.52531 0.331825 0.331837
1.5257 0.33178 0.331792
1.52609 0.331735 0.331748
1.52648 0.331691 0.331703
1.52687 0.331646 0.331658
1.52726 0.331601 0.331614
1.52765 0.331557 0.331569
1.52804 0.331512 0.331524
1.52843 0.331467 0.331479
1.52882 0.331422 0.331434
1.52922 0.331377 0.33139
1.52961 0.331333 0.331345
1.53 0.331288 0.3313
1.53039 0.331243 0.331255
1.53078 0.331198 0.33121
1.53117 0.331153 0.331165
1.53157 0.331107 0.33112
1.53196 0.331062 0.331075
1.53235 0.331017 0.331029
1.53274 0.330972 0.330984
1.53314 0.330927 0.330939
1.53353 0.330882 0.330894
1.53392 0.330836 0.330849
1.53432 0.330791 0.330803
1.53471 0.330746 0.330758
1.5351 0.3307 0.330713
1.5355 0.330655 0.330667
1.53589 0.330609 0.330622
1.53629 0.330564 0.330576
1.53668 0.330518 0.330531
1.53708 0.330473 0.330485
1.53747 0.330427 0.330439
1.53786 0.330381 0.330394
1.53826 0.330336 0.330348
1.53866 0.33029 0.330302
1.53905 0.330244 0.330257
1.53945 0.330199 0.330211
1.53984 0.330153 0.330165
1.54024 0.330107 0.330119
1.54063 0.330061 0.330073
1.54103 0.330015 0.330028
1.54143 0.329969 0.329982
1.54182 0.329923 0.329936
1.54222 0.329877 0.32989
1.54262 0.329831 0.329844
1.54301 0.329785 0.329797
1.54341 0.329739 0.329751
1.54381 0.329693 0.329705
1.54421 0.329646 0.329659
1.54461 0.3296 0.329613
1.545 0.329554 0.329566
1.5454 0.329508 0.32952
1.5458 0.329461 0.329474
1.5462 0.329415 0.329427
1.5466 0.329368 0.329381
1.547 0.329322 0.329335
1.5474 0.329276 0.329288
1.54779 0.329229 0.329242
1.54819 0.329182 0.329195
1.54859 0.329136 0.329148
1.54899 0.329089 0.329102
1.54939 0.329043 0.329055
1.54979 0.328996 0.329008
1.55019 0.328949 0.328962
1.55059 0.328902 0.328915
1.551 0.328856 0.328868
1.5514 0.328809 0.328821
1.5518 0.328762 0.328774
1.5522 0.328715 0.328727
1.5526 0.328668 0.328681
1.553 0.328621 0.328634
1.5534 0.328574 0.328587
1.55381 0.328527 0.328539
1.55421 0.32848 0.328492
1.55461 0.328433 0.328445
1.55501 0.328385 0.328398
1.55541 0.328338 0.328351
1.55582 0.328291 0.328304
1.55622 0.328244 0.328256
1.55662 0.328196 0.328209
1.55703 0.328149 0.328162
1.55743 0.328102 0.328114
1.55783 0.328054 0.328067
1.55824 0.328007 0.328019
1.55864 0.327959 0.327972
1.55905 0.327912 0.327924
1.55945 0.327864 0.327877
1.55986 0.327816 0.327829
1.56026 0.327769 0.327782
1.56067 0.327721 0.327734
1.56107 0.327673 0.327686
1.56148 0.327626 0.327638
1.56188 0.327578 0.327591
1.56229 0.32753 0.327543
1.56269 0.327482 0.327495
1.5631 0.327434 0.327447
1.56351 0.327386 0.327399
1.56391 0.327338 0.327351
1.56432 0.32729 0.327303
1.56473 0.327242 0.327255
1.56513 0.327194 0.327207
1.56554 0.327146 0.327159
1.56595 0.327098 0.327111
1.56635 0.32705 0.327063
1.56676 0.327002 0.327014
1.56717 0.326953 0.326966
1.56758 0.326905 0.326918
1.56799 0.326857 0.32687
1.56839 0.326808 0.326821
1.5688 0.32676 0.326773
1.56921 0.326711 0.326724
1.56962 0.326663 0.326676
1.57003 0.326614 0.326627
1.57044 0.326566 0.326579
1.57085 0.326517 0.32653
1.57126 0.326469 0.326482
1.57167 0.32642 0.326433
1.57208 0.326371 0.326384
1.57249 0.326323 0.326336
1.5729 0.326274 0.326287
1.57331 0.326225 0.326238
1.57372 0.326176 0.326189
1.57413 0.326127 0.32614
1.57454 0.326078 0.326091
1.57495 0.326029 0.326042
1.57537 0.32598 0.325993
1.57578 0.325931 0.325944
1.57619 0.325882 0.325895
1.5766 0.325833 0.325846
1.57701 0.325784 0.325797
1.57743 0.325735 0.325748
1.57784 0.325685 0.325699
1.57825 0.325636 0.325649
1.57867 0.325587 0.3256
1.57908 0.325538 0.325551
1.57949 0.325488 0.325501
1.57991 0.325439 0.325452
1.58032 0.325389 0.325402
1.58073 0.32534 0.325353
1.58115 0.32529 0.325303
1.58156 0.325241 0.325254
1.58198 0.325191 0.325204
1.58239 0.325142 0.325155
1.58281 0.325092 0.325105
1.58322 0.325042 0.325055
1.58364 0.324992 0.325006
1.58405 0.324943 0.324956
1.58447 0.324893 0.324906
1.58488 0.324843 0.324856
1.5853 0.324793 0.324806
1.58572 0.324743 0.324756
1.58613 0.324693 0.324706
1.58655 0.324643 0.324656
1.58697 0.324593 0.324606
1.58738 0.324543 0.324556
1.5878 0.324493 0.324506
1.58822 0.324443 0.324456
1.58864 0.324392 0.324406
1.58905 0.324342 0.324356
1.58947 0.324292 0.324305
1.58989 0.324242 0.324255
1.59031 0.324191 0.324205
1.59073 0.324141 0.324154
1.59115 0.32409 0.324104
1.59156 0.32404 0.324053
1.59198 0.32399 0.324003
1.5924 0.323939 0.323952
1.59282 0.323888 0.323902
1.59324 0.323838 0.323851
1.59366 0.323787 0.3238
1.59408 0.323736 0.32375
1.5945 0.323686 0.323699
1.59492 0.323635 0.323648
1.59534 0.323584 0.323598
1.59577 0.323533 0.323547
1.59619 0.323482 0.323496
1.59661 0.323431 0.323445
1.59703 0.32338 0.323394
1.59745 0.323329 0.323343
1.59787 0.323278 0.323292
1.5983 0.323227 0.323241
1.59872 0.323176 0.32319
1.59914 0.323125 0.323139
1.59956 0.323074 0.323087
1.59999 0.323023 0.323036
1.60041 0.322971 0.322985
1.60083 0.32292 0.322934
1.60126 0.322869 0.322882
1.60168 0.322817 0.322831
1.6021 0.322766 0.32278
1.60253 0.322715 0.322728
1.60295 0.322663 0.322677
1.60338 0.322611 0.322625
1.6038 0.32256 0.322573
1.60423 0.322508 0.322522
1.60465 0.322457 0.32247
1.60508 0.322405 0.322419
1.6055 0.322353 0.322367
1.60593 0.322301 0.322315
1.60635 0.32225 0.322263
1.60678 0.322198 0.322211
1.60721 0.322146 0.32216
1.60763 0.322094 0.322108
1.60806 0.322042 0.322056
1.60849 0.32199 0.322004
1.60891 0.321938 0.321952
1.60934 0.321886 0.3219
1.60977 0.321834 0.321847
1.61019 0.321782 0.321795
1.61062 0.321729 0.321743
1.61105 0.321677 0.321691
1.61148 0.321625 0.321639
1.61191 0.321573 0.321586
1.61234 0.32152 0.321534
1.61277 0.321468 0.321482
1.61319 0.321415 0.321429
1.61362 0.321363 0.321377
1.61405 0.32131 0.321324
1.61448 0.321258 0.321272
1.61491 0.321205 0.321219
1.61534 0.321153 0.321167
1.61577 0.3211 0.321114
1.6162 0.321047 0.321061
1.61663 0.320995 0.321008
1.61707 0.320942 0.320956
1.6175 0.320889 0.320903
1.61793 0.320836 0.32085
1.61836 0.320783 0.320797
1.61879 0.32073 0.320744
1.61922 0.320677 0.320691
1.61966 0.320624 0.320638
1.62009 0.320571 0.320585
1.62052 0.320518 0.320532
1.62095 0.320465 0.320479
1.62139 0.320412 0.320426
1.62182 0.320359 0.320373
1.62225 0.320305 0.320319
1.62269 0.320252 0.320266
1.62312 0.320199 0.320213
1.62355 0.320145 0.320159
1.62399 0.320092 0.320106
1.62442 0.320039 0.320052
1.62486 0.319985 0.319999
1.62529 0.319931 0.319945
1.62573 0.319878 0.319892
1.62616 0.319824 0.319838
1.6266 0.319771 0.319785
1.62703 0.319717 0.319731
1.62747 0.319663 0.319677
1.62791 0.319609 0.319623
1.62834 0.319556 0.31957
1.62878 0.319502 0.319516
1.62922 0.319448 0.319462
1.62965 0.319394 0.319408
1.63009 0.31934 0.319354
1.63053 0.319286 0.3193
1.63097 0.319232 0.319246
1.6314 0.319178 0.319192
1.63184 0.319124 0.319138
1.63228 0.31907 0.319084
1.63272 0.319015 0.319029
1.63316 0.318961 0.318975
1.6336 0.318907 0.318921
1.63403 0.318852 0.318867
1.63447 0.318798 0.318812
1.63491 0.318744 0.318758
1.63535 0.318689 0.318703
1.63579 0.318635 0.318649
1.63623 0.31858 0.318594
1.63667 0.318526 0.31854
1.63711 0.318471 0.318485
1.63756 0.318416 0.318431
1.638 0.318362 0.318376
1.63844 0.318307 0.318321
1.63888 0.318252 0.318266
1.63932 0.318197 0.318212
1.63976 0.318143 0.318157
1.6402 0.318088 0.318102
1.64065 0.318033 0.318047
1.64109 0.317978 0.317992
1.64153 0.317923 0.317937
1.64198 0.317868 0.317882
1.64242 0.317813 0.317827
1.64286 0.317757 0.317772
1.64331 0.317702 0.317717
1.64375 0.317647 0.317661
1.64419 0.317592 0.317606
1.64464 0.317536 0.317551
1.64508 0.317481 0.317495
1.64553 0.317426 0.31744
1.64597 0.31737 0.317385
1.64642 0.317315 0.317329
1.64686 0.317259 0.317274
1.64731 0.317204 0.317218
1.64775 0.317148 0.317163
1.6482 0.317093 0.317107
1.64865 0.317037 0.317051
1.64909 0.316981 0.316996
1.64954 0.316925 0.31694
1.64999 0.31687 0.316884
1.65043 0.316814 0.316828
1.65088 0.316758 0.316772
1.65133 0.316702 0.316716
1.65178 0.316646 0.31666
1.65222 0.31659 0.316605
1.65267 0.316534 0.316548
1.65312 0.316478 0.316492
1.65357 0.316422 0.316436
1.65402 0.316366 0.31638
1.65447 0.316309 0.316324
1.65492 0.316253 0.316268
1.65537 0.316197 0.316211
1.65582 0.316141 0.316155
1.65627 0.316084 0.316099
1.65672 0.316028 0.316042
1.65717 0.315971 0.315986
1.65762 0.315915 0.315929
1.65807 0.315858 0.315873
1.65852 0.315802 0.315816
1.65897 0.315745 0.31576
1.65942 0.315688 0.315703
1.65988 0.315632 0.315646
1.66033 0.315575 0.31559
1.66078 0.315518 0.315533
1.66123 0.315461 0.315476
1.66169 0.315404 0.315419
1.66214 0.315348 0.315362
1.66259 0.315291 0.315305
1.66304 0.315234 0.315248
1.6635 0.315177 0.315191
1.66395 0.315119 0.315134
1.66441 0.315062 0.315077
1.66486 0.315005 0.31502
1.66532 0.314948 0.314963
1.66577 0.314891 0.314905
1.66623 0.314833 0.314848
1.66668 0.314776 0.314791
1.66714 0.314719 0.314734
1.66759 0.314661 0.314676
1.66805 0.314604 0.314619
1.6685 0.314546 0.314561
1.66896 0.314489 0.314504
1.66942 0.314431 0.314446
1.66987 0.314374 0.314388
1.67033 0.314316 0.314331
1.67079 0.314258 0.314273
1.67125 0.3142 0.314215
1.6717 0.314143 0.314158
1.67216 0.314085 0.3141
1.67262 0.314027 0.314042
1.67308 0.313969 0.313984
1.67354 0.313911 0.313926
1.674 0.313853 0.313868
1.67446 0.313795 0.31381
1.67492 0.313737 0.313752
1.67538 0.313679 0.313694
1.67584 0.313621 0.313636
1.6763 0.313562 0.313577
1.67676 0.313504 0.313519
1.67722 0.313446 0.313461
1.67768 0.313387 0.313402
1.67814 0.313329 0.313344
1.6786 0.313271 0.313286
1.67906 0.313212 0.313227
1.67952 0.313154 0.313169
1.67999 0.313095 0.31311
1.68045 0.313036 0.313051
1.68091 0.312978 0.312993
1.68137 0.312919 0.312934
1.68184 0.31286 0.312875
1.6823 0.312802 0.312817
1.68276 0.312743 0.312758
1.68323 0.312684 0.312699
1.68369 0.312625 0.31264
1.68416 0.312566 0.312581
1.68462 0.312507 0.312522
1.68508 0.312448 0.312463
1.68555 0.312389 0.312404
1.68601 0.31233 0.312345
1.68648 0.312271 0.312286
1.68695 0.312211 0.312227
1.68741 0.312152 0.312167
1.68788 0.312093 0.312108
1.68834 0.312034 0.312049
1.68881 0.311974 0.311989
1.68928 0.311915 0.31193
1.68974 0.311855 0.31187
1.69021 0.311796 0.311811
1.69068 0.311736 0.311751
1.69115 0.311677 0.311692
1.69162 0.311617 0.311632
1.69208 0.311557 0.311573
1.69255 0.311498 0.311513
1.69302 0.311438 0.311453
1.69349 0.311378 0.311393
1.69396 0.311318 0.311333
1.69443 0.311258 0.311273
1.6949 0.311198 0.311214
1.69537 0.311138 0.311154
1.69584 0.311078 0.311094
1.69631 0.311018 0.311033
1.69678 0.310958 0.310973
1.69725 0.310898 0.310913
1.69772 0.310838 0.310853
1.69819 0.310777 0.310793
1.69867 0.310717 0.310732
1.69914 0.310657 0.310672
1.69961 0.310596 0.310612
1.70008 0.310536 0.310551
1.70056 0.310475 0.310491
1.70103 0.310415 0.31043
1.7015 0.310354 0.31037
1.70198 0.310294 0.310309
1.70245 0.310233 0.310249
1.70292 0.310172 0.310188
1.7034 0.310112 0.310127
1.70387 0.310051 0.310066
1.70435 0.30999 0.310006
1.70482 0.309929 0.309945
1.7053 0.309868 0.309884
1.70577 0.309807 0.309823
1.70625 0.309746 0.309762
1.70673 0.309685 0.309701
1.7072 0.309624 0.30964
1.70768 0.309563 0.309579
1.70815 0.309502 0.309517
1.70863 0.309441 0.309456
1.70911 0.309379 0.309395
1.70959 0.309318 0.309334
1.71006 0.309257 0.309272
1.71054 0.309195 0.309211
1.71102 0.309134 0.309149
1.7115 0.309072 0.309088
1.71198 0.309011 0.309026
1.71246 0.308949 0.308965
1.71294 0.308887 0.308903
1.71342 0.308826 0.308841
1.7139 0.308764 0.30878
1.71438 0.308702 0.308718
1.71486 0.30864 0.308656
1.71534 0.308579 0.308594
1.71582 0.308517 0.308532
1.7163 0.308455 0.30847
1.71678 0.308393 0.308409
1.71726 0.308331 0.308346
1.71774 0.308269 0.308284
1.71823 0.308206 0.308222
1.71871 0.308144 0.30816
1.71919 0.308082 0.308098
1.71968 0.30802 0.308036
1.72016 0.307958 0.307973
1.72064 0.307895 0.307911
1.72113 0.307833 0.307849
1.72161 0.30777 0.307786
1.72209 0.307708 0.307724
1.72258 0.307645 0.307661
1.72306 0.307583 0.307599
1.72355 0.30752 0.307536
1.72403 0.307457 0.307473
1.72452 0.307395 0.307411
1.72501 0.307332 0.307348
1.72549 0.307269 0.307285
1.72598 0.307206 0.307222
1.72646 0.307143 0.307159
1.72695 0.30708 0.307096
1.72744 0.307017 0.307033
1.72793 0.306954 0.30697
1.72841 0.306891 0.306907
1.7289 0.306828 0.306844
1.72939 0.306765 0.306781
1.72988 0.306702 0.306718
1.73037 0.306638 0.306655
1.73086 0.306575 0.306591
1.73135 0.306512 0.306528
1.73184 0.306448 0.306464
1.73233 0.306385 0.306401
1.73282 0.306321 0.306338
1.73331 0.306258 0.306274
1.7338 0.306194 0.30621
1.73429 0.306131 0.306147
1.73478 0.306067 0.306083
1.73527 0.306003 0.306019
1.73576 0.305939 0.305956
1.73625 0.305876 0.305892
1.73675 0.305812 0.305828
1.73724 0.305748 0.305764
1.73773 0.305684 0.3057
1.73822 0.30562 0.305636
1.73872 0.305556 0.305572
1.73921 0.305492 0.305508
1.73971 0.305428 0.305444
1.7402 0.305363 0.30538
1.74069 0.305299 0.305315
1.74119 0.305235 0.305251
1.74168 0.30517 0.305187
1.74218 0.305106 0.305122
1.74267 0.305042 0.305058
1.74317 0.304977 0.304993
1.74367 0.304913 0.304929
1.74416 0.304848 0.304864
1.74466 0.304783 0.3048
1.74516 0.304719 0.304735
1.74565 0.304654 0.30467
1.74615 0.304589 0.304606
1.74665 0.304524 0.304541
1.74715 0.30446 0.304476
1.74765 0.304395 0.304411
1.74814 0.30433 0.304346
1.74864 0.304265 0.304281
1.74914 0.3042 0.304216
1.74964 0.304135 0.304151
1.75014 0.30407 0.304086
1.75064 0.304004 0.304021
1.75114 0.303939 0.303956
1.75164 0.303874 0.30389
1.75214 0.303808 0.303825
1.75264 0.303743 0.30376
1.75315 0.303678 0.303694
1.75365 0.303612 0.303629
1.75415 0.303547 0.303563
1.75465 0.303481 0.303498
1.75515 0.303416 0.303432
1.75566 0.30335 0.303366
1.75616 0.303284 0.303301
1.75666 0.303218 0.303235
1.75717 0.303153 0.303169
1.75767 0.303087 0.303103
1.75818 0.303021 0.303037
1.75868 0.302955 0.302972
1.75918 0.302889 0.302906
1.75969 0.302823 0.30284
1.7602 0.302757 0.302773
1.7607 0.302691 0.302707
1.76121 0.302624 0.302641
1.76171 0.302558 0.302575
1.76222 0.302492 0.302509
1.76273 0.302426 0.302442
1.76323 0.302359 0.302376
1.76374 0.302293 0.30231
1.76425 0.302226 0.302243
1.76476 0.30216 0.302177
1.76526 0.302093 0.30211
1.76577 0.302027 0.302043
1.76628 0.30196 0.301977
1.76679 0.301893 0.30191
1.7673 0.301826 0.301843
1.76781 0.30176 0.301776
1.76832 0.301693 0.30171
1.76883 0.301626 0.301643
1.76934 0.301559 0.301576
1.76985 0.301492 0.301509
1.77036 0.301425 0.301442
1.77088 0.301358 0.301375
1.77139 0.301291 0.301307
1.7719 0.301223 0.30124
1.77241 0.301156 0.301173
1.77292 0.301089 0.301106
1.77344 0.301021 0.301038
1.77395 0.300954 0.300971
1.77446 0.300887 0.300904
1.77498 0.300819 0.300836
1.77549 0.300752 0.300769
1.77601 0.300684 0.300701
1.77652 0.300616 0.300633
1.77704 0.300549 0.300566
1.77755 0.300481 0.300498
1.77807 0.300413 0.30043
1.77858 0.300345 0.300362
1.7791 0.300277 0.300294
1.77962 0.300209 0.300226
1.78013 0.300141 0.300158
1.78065 0.300073 0.30009
1.78117 0.300005 0.300022
1.78168 0.299937 0.299954
1.7822 0.299869 0.299886
1.78272 0.299801 0.299818
1.78324 0.299732 0.29975
1.78376 0.299664 0.299681
1.78428 0.299596 0.299613
1.7848 0.299527 0.299544
1.78532 0.299459 0.299476
1.78584 0.29939 0.299407
1.78636 0.299322 0.299339
1.78688 0.299253 0.29927
1.7874 0.299184 0.299202
1.78792 0.299116 0.299133
1.78844 0.299047 0.299064
1.78897 0.298978 0.298995
1.78949 0.298909 0.298926
1.79001 0.29884 0.298857
1.79053 0.298771 0.298788
1.79106 0.298702 0.298719
1.79158 0.298633 0.29865
1.7921 0.298564 0.298581
1.79263 0.298495 0.298512
1.79315 0.298425 0.298443
1.79368 0.298356 0.298373
1.7942 0.298287 0.298304
1.79473 0.298217 0.298235
1.79525 0.298148 0.298165
1.79578 0.298078 0.298096
1.79631 0.298009 0.298026
1.79683 0.297939 0.297957
1.79736 0.29787 0.297887
1.79789 0.2978 0.297817
1.79841 0.29773 0.297748
1.79894 0.29766 0.297678
1.79947 0.297591 0.297608
1.8 0.297521 0.297538
1.80053 0.297451 0.297468
1.80106 0.297381 0.297398
1.80159 0.297311 0.297328
1.80212 0.297241 0.297258
1.80265 0.29717 0.297188
1.80318 0.2971 0.297118
1.80371 0.29703 0.297048
1.80424 0.29696 0.296977
1.80477 0.296889 0.296907
1.8053 0.296819 0.296837
1.80583 0.296748 0.296766
1.80637 0.296678 0.296696
1.8069 0.296607 0.296625
1.80743 0.296537 0.296554
1.80796 0.296466 0.296484
1.8085 0.296395 0.296413
1.80903 0.296325 0.296342
1.80957 0.296254 0.296271
1.8101 0.296183 0.296201
1.81064 0.296112 0.29613
1.81117 0.296041 0.296059
1.81171 0.29597 0.295988
1.81224 0.295899 0.295917
1.81278 0.295828 0.295846
1.81332 0.295757 0.295774
1.81385 0.295685 0.295703
1.81439 0.295614 0.295632
1.81493 0.295543 0.295561
1.81546 0.295471 0.295489
1.816 0.2954 0.295418
1.81654 0.295328 0.295346
1.81708 0.295257 0.295275
1.81762 0.295185 0.295203
1.81816 0.295114 0.295131
1.8187 0.295042 0.29506
1.81924 0.29497 0.294988
1.81978 0.294898 0.294916
1.82032 0.294826 0.294844
1.82086 0.294755 0.294773
1.8214 0.294683 0.294701
1.82194 0.294611 0.294629
1.82249 0.294538 0.294556
1.82303 0.294466 0.294484
1.82357 0.294394 0.294412
1.82411 0.294322 0.29434
1.82466 0.29425 0.294268
1.8252 0.294177 0.294195
1.82575 0.294105 0.294123
1.82629 0.294033 0.294051
1.82683 0.29396 0.293978
1.82738 0.293887 0.293906
1.82793 0.293815 0.293833
1.82847 0.293742 0.29376
1.82902 0.29367 0.293688
1.82956 0.293597 0.293615
1.83011 0.293524 0.293542
1.83066 0.293451 0.293469
1.8312 0.293378 0.293396
1.83175 0.293305 0.293323
1.8323 0.293232 0.29325
1.83285 0.293159 0.293177
1.8334 0.293086 0.293104
1.83395 0.293013 0.293031
1.8345 0.29294 0.292958
1.83505 0.292866 0.292885
1.8356 0.292793 0.292811
1.83615 0.29272 0.292738
1.8367 0.292646 0.292664
1.83725 0.292573 0.292591
1.8378 0.292499 0.292517
1.83835 0.292425 0.292444
1.83891 0.292352 0.29237
1.83946 0.292278 0.292296
1.84001 0.292204 0.292223
1.84056 0.29213 0.292149
1.84112 0.292057 0.292075
1.84167 0.291983 0.292001
1.84223 0.291909 0.291927
1.84278 0.291835 0.291853
1.84334 0.29176 0.291779
1.84389 0.291686 0.291705
1.84445 0.291612 0.291631
1.845 0.291538 0.291556
1.84556 0.291464 0.291482
1.84612 0.291389 0.291408
1.84667 0.291315 0.291333
1.84723 0.29124 0.291259
1.84779 0.291166 0.291184
1.84835 0.291091 0.29111
1.84891 0.291016 0.291035
1.84946 0.290942 0.29096
1.85002 0.290867 0.290886
1.85058 0.290792 0.290811
1.85114 0.290717 0.290736
1.8517 0.290642 0.290661
1.85226 0.290567 0.290586
1.85282 0.290492 0.290511
1.85339 0.290417 0.290436
1.85395 0.290342 0.290361
1.85451 0.290267 0.290286
1.85507 0.290192 0.290211
1.85564 0.290117 0.290135
1.8562 0.290041 0.29006
1.85676 0.289966 0.289985
1.85733 0.28989 0.289909
1.85789 0.289815 0.289834
1.85845 0.289739 0.289758
1.85902 0.289664 0.289682
1.85958 0.289588 0.289607
1.86015 0.289512 0.289531
1.86072 0.289436 0.289455
1.86128 0.28936 0.289379
1.86185 0.289285 0.289303
1.86242 0.289209 0.289227
1.86298 0.289133 0.289151
1.86355 0.289057 0.289075
1.86412 0.28898 0.288999
1.86469 0.288904 0.288923
1.86526 0.288828 0.288847
1.86583 0.288752 0.288771
1.8664 0.288675 0.288694
1.86697 0.288599 0.288618
1.86754 0.288522 0.288541
1.86811 0.288446 0.288465
1.86868 0.288369 0.288388
1.86925 0.288293 0.288312
1.86982 0.288216 0.288235
1.8704 0.288139 0.288158
1.87097 0.288062 0.288081
1.87154 0.287986 0.288005
1.87211 0.287909 0.287928
1.87269 0.287832 0.287851
1.87326 0.287755 0.287774
1.87384 0.287678 0.287697
1.87441 0.2876 0.28762
1.87499 0.287523 0.287542
1.87556 0.287446 0.287465
1.87614 0.287369 0.287388
1.87671 0.287291 0.28731
1.87729 0.287214 0.287233
1.87787 0.287136 0.287156
1.87845 0.287059 0.287078
1.87902 0.286981 0.287
1.8796 0.286904 0.286923
1.88018 0.286826 0.286845
1.88076 0.286748 0.286767
1.88134 0.28667 0.28669
1.88192 0.286592 0.286612
1.8825 0.286514 0.286534
1.88308 0.286436 0.286456
1.88366 0.286358 0.286378
1.88424 0.28628 0.2863
1.88482 0.286202 0.286221
1.88541 0.286124 0.286143
1.88599 0.286046 0.286065
1.88657 0.285967 0.285987
1.88715 0.285889 0.285908
1.88774 0.28581 0.28583
1.88832 0.285732 0.285751
1.88891 0.285653 0.285673
1.88949 0.285575 0.285594
1.89008 0.285496 0.285515
1.89066 0.285417 0.285437
1.89125 0.285338 0.285358
1.89183 0.285259 0.285279
1.89242 0.285181 0.2852
1.89301 0.285102 0.285121
1.8936 0.285023 0.285042
1.89418 0.284943 0.284963
1.89477 0.284864 0.284884
1.89536 0.284785 0.284805
1.89595 0.284706 0.284725
1.89654 0.284626 0.284646
1.89713 0.284547 0.284567
1.89772 0.284468 0.284487
1.89831 0.284388 0.284408
1.8989 0.284309 0.284328
1.89949 0.284229 0.284249
1.90008 0.284149 0.284169
1.90068 0.284069 0.284089
1.90127 0.28399 0.284009
1.90186 0.28391 0.28393
1.90246 0.28383 0.28385
1.90305 0.28375 0.28377
1.90364 0.28367 0.28369
1.90424 0.28359 0.28361
1.90483 0.28351 0.283529
1.90543 0.283429 0.283449
1.90603 0.283349 0.283369
1.90662 0.283269 0.283289
1.90722 0.283188 0.283208
1.90782 0.283108 0.283128
1.90841 0.283027 0.283047
1.90901 0.282947 0.282967
1.90961 0.282866 0.282886
1.91021 0.282786 0.282806
1.91081 0.282705 0.282725
1.91141 0.282624 0.282644
1.91201 0.282543 0.282563
1.91261 0.282462 0.282482
1.91321 0.282381 0.282401
1.91381 0.2823 0.28232
1.91441 0.282219 0.282239
1.91501 0.282138 0.282158
1.91561 0.282057 0.282077
1.91622 0.281975 0.281995
1.91682 0.281894 0.281914
1.91742 0.281813 0.281833
1.91803 0.281731 0.281751
1.91863 0.28165 0.28167
1.91924 0.281568 0.281588
1.91984 0.281486 0.281507
1.92045 0.281405 0.281425
1.92105 0.281323 0.281343
1.92166 0.281241 0.281261
1.92227 0.281159 0.281179
1.92288 0.281077 0.281097
1.92348 0.280995 0.281015
1.92409 0.280913 0.280933
1.9247 0.280831 0.280851
1.92531 0.280749 0.280769
1.92592 0.280667 0.280687
1.92653 0.280584 0.280605
1.92714 0.280502 0.280522
1.92775 0.280419 0.28044
1.92836 0.280337 0.280357
1.92897 0.280254 0.280275
1.92958 0.280172 0.280192
1.9302 0.280089 0.280109
1.93081 0.280006 0.280027
1.93142 0.279923 0.279944
1.93204 0.279841 0.279861
1.93265 0.279758 0.279778
1.93327 0.279675 0.279695
1.93388 0.279592 0.279612
1.9345 0.279508 0.279529
1.93511 0.279425 0.279446
1.93573 0.279342 0.279363
1.93634 0.279259 0.279279
1.93696 0.279175 0.279196
1.93758 0.279092 0.279113
1.9382 0.279008 0.279029
1.93882 0.278925 0.278946
1.93944 0.278841 0.278862
1.94005 0.278758 0.278778
1.94067 0.278674 0.278695
1.94129 0.27859 0.278611
1.94192 0.278506 0.278527
1.94254 0.278422 0.278443
1.94316 0.278338 0.278359
1.94378 0.278254 0.278275
1.9444 0.27817 0.278191
1.94502 0.278086 0.278107
1.94565 0.278002 0.278023
1.94627 0.277917 0.277938
1.9469 0.277833 0.277854
1.94752 0.277749 0.27777
1.94815 0.277664 0.277685
1.94877 0.27758 0.277601
1.9494 0.277495 0.277516
1.95002 0.27741 0.277431
1.95065 0.277326 0.277347
1.95128 0.277241 0.277262
1.95191 0.277156 0.277177
1.95253 0.277071 0.277092
1.95316 0.276986 0.277007
1.95379 0.276901 0.276922
1.95442 0.276816 0.276837
1.95505 0.276731 0.276752
1.95568 0.276645 0.276666
1.95631 0.27656 0.276581
1.95694 0.276475 0.276496
1.95757 0.276389 0.27641
1.95821 0.276304 0.276325
1.95884 0.276218 0.276239
1.95947 0.276133 0.276154
1.96011 0.276047 0.276068
1.96074 0.275961 0.275982
1.96137 0.275875 0.275897
1.96201 0.27579 0.275811
1.96265 0.275704 0.275725
1.96328 0.275618 0.275639
1.96392 0.275532 0.275553
1.96455 0.275445 0.275467
1.96519 0.275359 0.27538
1.96583 0.275273 0.275294
1.96647 0.275187 0.275208
1.96711 0.2751 0.275121
1.96775 0.275014 0.275035
1.96838 0.274927 0.274949
1.96902 0.274841 0.274862
1.96967 0.274754 0.274775
1.97031 0.274667 0.274689
1.97095 0.27458 0.274602
1.97159 0.274494 0.274515
1.97223 0.274407 0.274428
1.97287 0.27432 0.274341
1.97352 0.274233 0.274254
1.97416 0.274146 0.274167
1.97481 0.274058 0.27408
1.97545 0.273971 0.273993
1.9761 0.273884 0.273905
1.97674 0.273796 0.273818
1.97739 0.273709 0.273731
1.97803 0.273622 0.273643
1.97868 0.273534 0.273556
1.97933 0.273446 0.273468
1.97998 0.273359 0.27338
1.98063 0.273271 0.273292
1.98127 0.273183 0.273205
1.98192 0.273095 0.273117
1.98257 0.273007 0.273029
1.98322 0.272919 0.272941
1.98387 0.272831 0.272853
1.98453 0.272743 0.272765
1.98518 0.272655 0.272676
1.98583 0.272566 0.272588
1.98648 0.272478 0.2725
1.98714 0.27239 0.272411
1.98779 0.272301 0.272323
1.98844 0.272213 0.272234
1.9891 0.272124 0.272146
1.98975 0.272035 0.272057
1.99041 0.271947 0.271968
1.99107 0.271858 0.27188
1.99172 0.271769 0.271791
1.99238 0.27168 0.271702
1.99304 0.271591 0.271613
1.9937 0.271502 0.271524
1.99435 0.271413 0.271435
1.99501 0.271323 0.271345
1.99567 0.271234 0.271256
1.99633 0.271145 0.271167
1.99699 0.271055 0.271077
1.99766 0.270966 0.270988
1.99832 0.270876 0.270898
1.99898 0.270787 0.270809
1.99964 0.270697 0.270719
2.0003 0.270607 0.270629
2.00097 0.270517 0.27054
2.00163 0.270428 0.27045
2.0023 0.270338 0.27036
2.00296 0.270248 0.27027
2.00363 0.270157 0.27018
2.00429 0.270067 0.270089
2.00496 0.269977 0.269999
2.00563 0.269887 0.269909
2.00629 0.269796 0.269819
2.00696 0.269706 0.269728
2.00763 0.269616 0.269638
2.0083 0.269525 0.269547
2.00897 0.269434 0.269457
2.00964 0.269344 0.269366
2.01031 0.269253 0.269275
2.01098 0.269162 0.269184
2.01165 0.269071 0.269093
2.01233 0.26898 0.269002
2.013 0.268889 0.268911
2.01367 0.268798 0.26882
2.01435 0.268707 0.268729
2.01502 0.268616 0.268638
2.01569 0.268524 0.268547
2.01637 0.268433 0.268455
2.01705 0.268341 0.268364
2.01772 0.26825 0.268272
2.0184 0.268158 0.268181
2.01908 0.268067 0.268089
2.01975 0.267975 0.267997
2.02043 0.267883 0.267906
2.02111 0.267791 0.267814
2.02179 0.267699 0.267722
2.02247 0.267607 0.26763
2.02315 0.267515 0.267538
2.02383 0.267423 0.267446
2.02451 0.267331 0.267353
2.02519 0.267239 0.267261
2.02588 0.267146 0.267169
2.02656 0.267054 0.267076
2.02724 0.266961 0.266984
2.02793 0.266869 0.266891
2.02861 0.266776 0.266799
2.0293 0.266683 0.266706
2.02998 0.266591 0.266613
2.03067 0.266498 0.266521
2.03136 0.266405 0.266428
2.03204 0.266312 0.266335
2.03273 0.266219 0.266242
2.03342 0.266126 0.266149
2.03411 0.266032 0.266055
2.0348 0.265939 0.265962
2.03549 0.265846 0.265869
2.03618 0.265752 0.265775
2.03687 0.265659 0.265682
2.03756 0.265565 0.265588
2.03825 0.265472 0.265495
2.03895 0.265378 0.265401
2.03964 0.265284 0.265307
2.04033 0.265191 0.265214
2.04103 0.265097 0.26512
2.04172 0.265003 0.265026
2.04242 0.264909 0.264932
2.04311 0.264815 0.264838
2.04381 0.26472 0.264744
2.04451 0.264626 0.264649
2.0452 0.264532 0.264555
2.0459 0.264437 0.264461
2.0466 0.264343 0.264366
2.0473 0.264248 0.264272
2.048 0.264154 0.264177
2.0487 0.264059 0.264082
2.0494 0.263964 0.263988
2.0501 0.26387 0.263893
2.0508 0.263775 0.263798
2.05151 0.26368 0.263703
2.05221 0.263585 0.263608
2.05291 0.26349 0.263513
2.05362 0.263394 0.263418
2.05432 0.263299 0.263323
2.05503 0.263204 0.263227
2.05573 0.263108 0.263132
2.05644 0.263013 0.263036
2.05714 0.262917 0.262941
2.05785 0.262822 0.262845
2.05856 0.262726 0.26275
2.05927 0.26263 0.262654
2.05998 0.262535 0.262558
2.06069 0.262439 0.262462
2.0614 0.262343 0.262366
2.06211 0.262247 0.26227
2.06282 0.262151 0.262174
2.06353 0.262054 0.262078
2.06424 0.261958 0.261982
2.06496 0.261862 0.261886
2.06567 0.261765 0.261789
2.06639 0.261669 0.261693
2.0671 0.261572 0.261596
2.06782 0.261476 0.2615
2.06853 0.261379 0.261403
2.06925 0.261282 0.261306
2.06996 0.261186 0.261209
2.07068 0.261089 0.261112
2.0714 0.260992 0.261015
2.07212 0.260895 0.260918
2.07284 0.260797 0.260821
2.07356 0.2607 0.260724
2.07428 0.260603 0.260627
2.075 0.260506 0.26053
2.07572 0.260408 0.260432
2.07644 0.260311 0.260335
2.07717 0.260213 0.260237
2.07789 0.260115 0.260139
2.07861 0.260018 0.260042
2.07934 0.25992 0.259944
2.08006 0.259822 0.259846
2.08079 0.259724 0.259748
2.08152 0.259626 0.25965
2.08224 0.259528 0.259552
2.08297 0.25943 0.259454
2.0837 0.259332 0.259356
2.08443 0.259233 0.259258
2.08516 0.259135 0.259159
2.08589 0.259037 0.259061
2.08662 0.258938 0.258962
2.08735 0.258839 0.258864
2.08808 0.258741 0.258765
2.08881 0.258642 0.258666
2.08955 0.258543 0.258567
2.09028 0.258444 0.258469
2.09101 0.258345 0.25837
2.09175 0.258246 0.258271
2.09248 0.258147 0.258171
2.09322 0.258048 0.258072
2.09395 0.257949 0.257973
2.09469 0.257849 0.257874
2.09543 0.25775 0.257774
2.09617 0.25765 0.257675
2.09691 0.257551 0.257575
2.09765 0.257451 0.257476
2.09839 0.257351 0.257376
2.09913 0.257252 0.257276
2.09987 0.257152 0.257176
2.10061 0.257052 0.257076
2.10135 0.256952 0.256976
2.10209 0.256852 0.256876
2.10284 0.256752 0.256776
2.10358 0.256651 0.256676
2.10433 0.256551 0.256576
2.10507 0.256451 0.256475
2.10582 0.25635 0.256375
2.10657 0.25625 0.256274
2.10731 0.256149 0.256174
2.10806 0.256048 0.256073
2.10881 0.255948 0.255972
2.10956 0.255847 0.255871
2.11031 0.255746 0.255771
2.11106 0.255645 0.25567
2.11181 0.255544 0.255569
2.11256 0.255443 0.255467
2.11331 0.255341 0.255366
2.11407 0.25524 0.255265
2.11482 0.255139 0.255164
2.11557 0.255037 0.255062
2.11633 0.254936 0.254961
2.11708 0.254834 0.254859
2.11784 0.254732 0.254757
2.1186 0.254631 0.254656
2.11935 0.254529 0.254554
2.12011 0.254427 0.254452
2.12087 0.254325 0.25435
2.12163 0.254223 0.254248
2.12239 0.254121 0.254146
2.12315 0.254019 0.254044
2.12391 0.253916 0.253941
2.12467 0.253814 0.253839
2.12544 0.253711 0.253737
2.1262 0.253609 0.253634
2.12696 0.253506 0.253532
2.12773 0.253404 0.253429
2.12849 0.253301 0.253326
2.12926 0.253198 0.253223
2.13002 0.253095 0.25312
2.13079 0.252992 0.253018
2.13156 0.252889 0.252914
2.13232 0.252786 0.252811
2.13309 0.252683 0.252708
2.13386 0.25258 0.252605
2.13463 0.252476 0.252502
2.1354 0.252373 0.252398
2.13617 0.252269 0.252295
2.13695 0.252166 0.252191
2.13772 0.252062 0.252087
2.13849 0.251958 0.251984
2.13927 0.251854 0.25188
2.14004 0.25175 0.251776
2.14081 0.251646 0.251672
2.14159 0.251542 0.251568
2.14237 0.251438 0.251464
2.14314 0.251334 0.25136
2.14392 0.25123 0.251255
2.1447 0.251125 0.251151
2.14548 0.251021 0.251047
2.14626 0.250917 0.250942
2.14704 0.250812 0.250838
2.14782 0.250707 0.250733
2.1486 0.250602 0.250628
2.14938 0.250498 0.250523
2.15017 0.250393 0.250419
2.15095 0.250288 0.250314
2.15173 0.250183 0.250209
2.15252 0.250078 0.250103
2.15331 0.249972 0.249998
2.15409 0.249867 0.249893
2.15488 0.249762 0.249788
2.15567 0.249656 0.249682
2.15645 0.249551 0.249577
2.15724 0.249445 0.249471
2.15803 0.249339 0.249365
2.15882 0.249234 0.24926
2.15961 0.249128 0.249154
2.16041 0.249022 0.249048
2.1612 0.248916 0.248942
2.16199 0.24881 0.248836
2.16278 0.248704 0.24873
2.16358 0.248598 0.248624
2.16437 0.248491 0.248517
2.16517 0.248385 0.248411
2.16596 0.248278 0.248305
2.16676 0.248172 0.248198
2.16756 0.248065 0.248092
2.16836 0.247959 0.247985
2.16916 0.247852 0.247878
2.16996 0.247745 0.247771
2.17076 0.247638 0.247664
2.17156 0.247531 0.247557
2.17236 0.247424 0.24745
2.17316 0.247317 0.247343
2.17396 0.24721 0.247236
2.17477 0.247102 0.247129
2.17557 0.246995 0.247021
2.17638 0.246887 0.246914
2.17718 0.24678 0.246806
2.17799 0.246672 0.246699
2.1788 0.246564 0.246591
2.1796 0.246457 0.246483
2.18041 0.246349 0.246375
2.18122 0.246241 0.246268
2.18203 0.246133 0.24616
2.18284 0.246025 0.246051
2.18365 0.245917 0.245943
2.18447 0.245808 0.245835
2.18528 0.2457 0.245727
2.18609 0.245592 0.245618
2.18691 0.245483 0.24551
2.18772 0.245375 0.245401
2.18854 0.245266 0.245293
2.18935 0.245157 0.245184
2.19017 0.245048 0.245075
2.19099 0.244939 0.244966
2.1918 0.244831 0.244857
2.19262 0.244721 0.244748
2.19344 0.244612 0.244639
2.19426 0.244503 0.24453
2.19508 0.244394 0.244421
2.19591 0.244285 0.244312
2.19673 0.244175 0.244202
2.19755 0.244066 0.244093
2.19837 0.243956 0.243983
2.1992 0.243846 0.243873
2.20002 0.243737 0.243764
2.20085 0.243627 0.243654
2.20168 0.243517 0.243544
2.2025 0.243407 0.243434
2.20333 0.243297 0.243324
2.20416 0.243187 0.243214
2.20499 0.243077 0.243104
2.20582 0.242966 0.242994
2.20665 0.242856 0.242883
2.20748 0.242745 0.242773
2.20831 0.242635 0.242662
2.20915 0.242524 0.242552
2.20998 0.242414 0.242441
2.21081 0.242303 0.24233
2.21165 0.242192 0.242219
2.21249 0.242081 0.242109
2.21332 0.24197 0.241998
2.21416 0.241859 0.241887
2.215 0.241748 0.241775
2.21584 0.241637 0.241664
2.21667 0.241525 0.241553
2.21751 0.241414 0.241442
2.21836 0.241303 0.24133
2.2192 0.241191 0.241219
2.22004 0.241079 0.241107
2.22088 0.240968 0.240995
2.22173 0.240856 0.240884
2.22257 0.240744 0.240772
2.22341 0.240632 0.24066
2.22426 0.24052 0.240548
2.22511 0.240408 0.240436
2.22595 0.240296 0.240324
2.2268 0.240184 0.240212
2.22765 0.240071 0.240099
2.2285 0.239959 0.239987
2.22935 0.239846 0.239874
2.2302 0.239734 0.239762
2.23105 0.239621 0.239649
2.2319 0.239509 0.239537
2.23276 0.239396 0.239424
2.23361 0.239283 0.239311
2.23447 0.23917 0.239198
2.23532 0.239057 0.239085
2.23618 0.238944 0.238972
2.23703 0.238831 0.238859
2.23789 0.238717 0.238746
2.23875 0.238604 0.238632
2.23961 0.238491 0.238519
2.24047 0.238377 0.238405
2.24133 0.238264 0.238292
2.24219 0.23815 0.238178
2.24305 0.238036 0.238065
2.24391 0.237923 0.237951
2.24477 0.237809 0.237837
2.24564 0.237695 0.237723
2.2465 0.237581 0.237609
2.24737 0.237467 0.237495
2.24823 0.237352 0.237381
2.2491 0.237238 0.237267
2.24997 0.237124 0.237152
2.25084 0.237009 0.237038
2.25171 0.236895 0.236924
2.25258 0.23678 0.236809
2.25345 0.236666 0.236694
2.25432 0.236551 0.23658
2.25519 0.236436 0.236465
2.25606 0.236321 0.23635
2.25694 0.236207 0.236235
2.25781 0.236091 0.23612
2.25868 0.235976 0.236005
2.25956 0.235861 0.23589
2.26044 0.235746 0.235775
2.26131 0.235631 0.235659
2.26219 0.235515 0.235544
2.26307 0.2354 0.235429
2.26395 0.235284 0.235313
2.26483 0.235169 0.235198
2.26571 0.235053 0.235082
2.26659 0.234937 0.234966
2.26747 0.234821 0.23485
2.26836 0.234705 0.234734
2.26924 0.234589 0.234618
2.27012 0.234473 0.234502
2.27101 0.234357 0.234386
2.27189 0.234241 0.23427
2.27278 0.234125 0.234154
2.27367 0.234008 0.234037
2.27456 0.233892 0.233921
2.27545 0.233775 0.233805
2.27634 0.233659 0.233688
2.27723 0.233542 0.233571
2.27812 0.233425 0.233455
2.27901 0.233308 0.233338
2.2799 0.233192 0.233221
2.28079 0.233075 0.233104
2.28169 0.232958 0.232987
2.28258 0.23284 0.23287
2.28348 0.232723 0.232753
2.28437 0.232606 0.232635
2.28527 0.232489 0.232518
2.28617 0.232371 0.232401
2.28707 0.232254 0.232283
2.28797 0.232136 0.232166
2.28887 0.232019 0.232048
2.28977 0.231901 0.231931
2.29067 0.231783 0.231813
2.29157 0.231665 0.231695
2.29247 0.231547 0.231577
2.29338 0.231429 0.231459
2.29428 0.231311 0.231341
2.29519 0.231193 0.231223
2.29609 0.231075 0.231105
2.297 0.230957 0.230986
2.29791 0.230838 0.230868
2.29882 0.23072 0.23075
2.29972 0.230601 0.230631
2.30063 0.230483 0.230513
2.30154 0.230364 0.230394
2.30246 0.230245 0.230275
2.30337 0.230127 0.230157
2.30428 0.230008 0.230038
2.30519 0.229889 0.229919
2.30611 0.22977 0.2298
2.30702 0.229651 0.229681
2.30794 0.229532 0.229562
2.30885 0.229412 0.229443
2.30977 0.229293 0.229323
2.31069 0.229174 0.229204
2.31161 0.229054 0.229085
2.31253 0.228935 0.228965
2.31345 0.228815 0.228846
2.31437 0.228696 0.228726
2.31529 0.228576 0.228606
2.31621 0.228456 0.228487
2.31713 0.228336 0.228367
2.31806 0.228217 0.228247
2.31898 0.228097 0.228127
2.31991 0.227976 0.228007
2.32083 0.227856 0.227887
2.32176 0.227736 0.227767
2.32269 0.227616 0.227646
2.32361 0.227496 0.227526
2.32454 0.227375 0.227406
2.32547 0.227255 0.227285
2.3264 0.227134 0.227165
2.32733 0.227014 0.227044
2.32826 0.226893 0.226924
2.3292 0.226772 0.226803
2.33013 0.226651 0.226682
2.33106 0.226531 0.226561
2.332 0.22641 0.226441
2.33293 0.226289 0.22632
2.33387 0.226168 0.226199
2.33481 0.226047 0.226077
2.33574 0.225925 0.225956
2.33668 0.225804 0.225835
2.33762 0.225683 0.225714
2.33856 0.225561 0.225592
2.3395 0.22544 0.225471
2.34044 0.225318 0.225349
2.34138 0.225197 0.225228
2.34233 0.225075 0.225106
2.34327 0.224953 0.224985
2.34422 0.224832 0.224863
2.34516 0.22471 0.224741
2.34611 0.224588 0.224619
2.34705 0.224466 0.224497
2.348 0.224344 0.224375
2.34895 0.224222 0.224253
2.34989 0.2241 0.224131
2.35084 0.223978 0.224009
2.35179 0.223855 0.223887
2.35274 0.223733 0.223764
2.3537 0.223611 0.223642
2.35465 0.223488 0.22352
2.3556 0.223366 0.223397
2.35655 0.223243 0.223274
2.35751 0.22312 0.223152
2.35846 0.222998 0.223029
2.35942 0.222875 0.222906
2.36037 0.222752 0.222784
2.36133 0.222629 0.222661
2.36229 0.222506 0.222538
2.36325 0.222383 0.222415
2.36421 0.22226 0.222292
2.36517 0.222137 0.222169
2.36613 0.222014 0.222046
2.36709 0.22189 0.221922
2.36805 0.221767 0.221799
2.36901 0.221644 0.221676
2.36998 0.22152 0.221552
2.37094 0.221397 0.221429
2.37191 0.221273 0.221305
2.37287 0.22115 0.221182
2.37384 0.221026 0.221058
2.3748 0.220902 0.220934
2.37577 0.220779 0.220811
2.37674 0.220655 0.220687
2.37771 0.220531 0.220563
2.37868 0.220407 0.220439
2.37965 0.220283 0.220315
2.38062 0.220159 0.220191
2.38159 0.220035 0.220067
2.38256 0.219911 0.219943
2.38354 0.219786 0.219819
2.38451 0.219662 0.219695
2.38549 0.219538 0.21957
2.38646 0.219414 0.219446
2.38744 0.219289 0.219322
2.38841 0.219165 0.219197
2.38939 0.21904 0.219073
2.39037 0.218915 0.218948
2.39135 0.218791 0.218823
2.39233 0.218666 0.218699
2.39331 0.218541 0.218574
2.39429 0.218417 0.218449
2.39527 0.218292 0.218324
2.39625 0.218167 0.2182
2.39723 0.218042 0.218075
2.39822 0.217917 0.21795
2.3992 0.217792 0.217825
2.40018 0.217667 0.2177
2.40117 0.217542 0.217575
2.40216 0.217416 0.217449
2.40314 0.217291 0.217324
2.40413 0.217166 0.217199
2.40512 0.217041 0.217074
2.40611 0.216915 0.216948
2.4071 0.21679 0.216823
2.40809 0.216664 0.216697
2.40908 0.216539 0.216572
2.41007 0.216413 0.216446
2.41106 0.216288 0.216321
2.41205 0.216162 0.216195
2.41305 0.216036 0.216069
2.41404 0.21591 0.215944
2.41503 0.215785 0.215818
2.41603 0.215659 0.215692
2.41702 0.215533 0.215566
2.41802 0.215407 0.21544
2.41902 0.215281 0.215314
2.42002 0.215155 0.215188
2.42101 0.215029 0.215062
2.42201 0.214903 0.214936
2.42301 0.214777 0.21481
2.42401 0.21465 0.214684
2.42501 0.214524 0.214558
2.42602 0.214398 0.214431
2.42702 0.214272 0.214305
2.42802 0.214145 0.214179
2.42902 0.214019 0.214052
2.43003 0.213892 0.213926
2.43103 0.213766 0.2138
2.43204 0.213639 0.213673
2.43304 0.213513 0.213547
2.43405 0.213386 0.21342
2.43506 0.21326 0.213293
2.43606 0.213133 0.213167
2.43707 0.213006 0.21304
2.43808 0.212879 0.212913
2.43909 0.212753 0.212787
2.4401 0.212626 0.21266
2.44111 0.212499 0.212533
2.44212 0.212372 0.212406
2.44313 0.212245 0.212279
2.44415 0.212118 0.212152
2.44516 0.211991 0.212025
2.44617 0.211864 0.211898
2.44719 0.211737 0.211771
2.4482 0.21161 0.211644
2.44922 0.211483 0.211517
2.45023 0.211356 0.21139
2.45125 0.211229 0.211263
2.45227 0.211101 0.211136
2.45328 0.210974 0.211008
2.4543 0.210847 0.210881
2.45532 0.210719 0.210754
2.45634 0.210592 0.210627
2.45736 0.210465 0.210499
2.45838 0.210337 0.210372
2.4594 0.21021 0.210244
2.46042 0.210082 0.210117
2.46145 0.209955 0.20999
2.46247 0.209827 0.209862
2.46349 0.2097 0.209735
2.46452 0.209572 0.209607
2.46554 0.209445 0.209479
2.46657 0.209317 0.209352
2.46759 0.209189 0.209224
2.46862 0.209062 0.209097
2.46964 0.208934 0.208969
2.47067 0.208806 0.208841
2.4717 0.208678 0.208713
2.47273 0.208551 0.208586
2.47376 0.208423 0.208458
2.47478 0.208295 0.20833
2.47581 0.208167 0.208202
2.47684 0.208039 0.208075
2.47788 0.207911 0.207947
2.47891 0.207784 0.207819
2.47994 0.207656 0.207691
2.48097 0.207528 0.207563
2.482 0.2074 0.207435
2.48304 0.207272 0.207307
2.48407 0.207144 0.207179
2.4851 0.207016 0.207051
2.48614 0.206888 0.206923
2.48717 0.206759 0.206795
2.48821 0.206631 0.206667
2.48925 0.206503 0.206539
2.49028 0.206375 0.206411
2.49132 0.206247 0.206283
2.49236 0.206119 0.206155
2.4934 0.205991 0.206026
2.49444 0.205863 0.205898
2.49548 0.205734 0.20577
2.49651 0.205606 0.205642
2.49755 0.205478 0.205514
2.4986 0.20535 0.205385
2.49964 0.205221 0.205257
2.50068 0.205093 0.205129
2.50172 0.204965 0.205001
2.50276 0.204837 0.204872
2.50381 0.204708 0.204744
2.50485 0.20458 0.204616
2.50589 0.204452 0.204488
2.50694 0.204323 0.204359
2.50798 0.204195 0.204231
2.50903 0.204067 0.204103
2.51007 0.203938 0.203974
2.51112 0.20381 0.203846
2.51217 0.203681 0.203718
2.51321 0.203553 0.203589
2.51426 0.203425 0.203461
2.51531 0.203296 0.203333
2.51636 0.203168 0.203204
2.5174 0.203039 0.203076
2.51845 0.202911 0.202947
2.5195 0.202783 0.202819
2.52055 0.202654 0.202691
2.5216 0.202526 0.202562
2.52265 0.202397 0.202434
2.5237 0.202269 0.202306
2.52476 0.20214 0.202177
2.52581 0.202012 0.202049
2.52686 0.201884 0.20192
2.52791 0.201755 0.201792
2.52897 0.201627 0.201663
2.53002 0.201498 0.201535
2.53107 0.20137 0.201407
2.53213 0.201241 0.201278
2.53318 0.201113 0.20115
2.53424 0.200984 0.201021
2.53529 0.200856 0.200893
2.53635 0.200728 0.200765
2.5374 0.200599 0.200636
2.53846 0.200471 0.200508
2.53952 0.200342 0.200379
2.54057 0.200214 0.200251
2.54163 0.200085 0.200123
2.54269 0.199957 0.199994
2.54375 0.199829 0.199866
2.5448 0.1997 0.199738
2.54586 0.199572 0.199609
2.54692 0.199443 0.199481
2.54798 0.199315 0.199353
2.54904 0.199187 0.199224
2.5501 0.199058 0.199096
2.55116 0.19893 0.198968
2.55222 0.198802 0.198839
2.55328 0.198673 0.198711
2.55435 0.198545 0.198583
2.55541 0.198417 0.198454
2.55647 0.198288 0.198326
2.55753 0.19816 0.198198
2.5586 0.198032 0.19807
2.55966 0.197904 0.197941
2.56072 0.197775 0.197813
2.56179 0.197647 0.197685
2.56285 0.197519 0.197557
2.56391 0.197391 0.197429
2.56498 0.197262 0.1973
2.56604 0.197134 0.197172
2.56711 0.197006 0.197044
2.56817 0.196878 0.196916
2.56924 0.19675 0.196788
2.5703 0.196622 0.19666
2.57137 0.196494 0.196532
2.57244 0.196365 0.196404
2.5735 0.196237 0.196276
2.57457 0.196109 0.196148
2.57564 0.195981 0.19602
2.57671 0.195853 0.195892
2.57777 0.195725 0.195764
2.57884 0.195597 0.195636
2.57991 0.195469 0.195508
2.58098 0.195341 0.19538
2.58205 0.195213 0.195252
2.58312 0.195086 0.195124
2.58418 0.194958 0.194996
2.58525 0.19483 0.194869
2.58632 0.194702 0.194741
2.58739 0.194574 0.194613
2.58846 0.194446 0.194485
2.58953 0.194319 0.194358
2.5906 0.194191 0.19423
2.59167 0.194063 0.194102
2.59275 0.193936 0.193975
2.59382 0.193808 0.193847
2.59489 0.19368 0.193719
2.59596 0.193553 0.193592
2.59703 0.193425 0.193464
2.5981 0.193298 0.193337
2.59918 0.19317 0.193209
2.60025 0.193043 0.193082
2.60132 0.192915 0.192954
2.60239 0.192788 0.192827
2.60347 0.19266 0.1927
2.60454 0.192533 0.192572
2.60561 0.192406 0.192445
2.60669 0.192278 0.192318
2.60776 0.192151 0.192191
2.60883 0.192024 0.192063
2.60991 0.191897 0.191936
2.61098 0.19177 0.191809
2.61206 0.191642 0.191682
2.61313 0.191515 0.191555
2.6142 0.191388 0.191428
2.61528 0.191261 0.191301
2.61635 0.191134 0.191174
2.61743 0.191007 0.191047
2.6185 0.19088 0.19092
2.61958 0.190753 0.190793
2.62065 0.190626 0.190666
2.62173 0.1905 0.190539
2.62281 0.190373 0.190413
2.62388 0.190246 0.190286
2.62496 0.190119 0.190159
2.62603 0.189993 0.190033
2.62711 0.189866 0.189906
2.62819 0.189739 0.18978
2.62926 0.189613 0.189653
2.63034 0.189486 0.189527
2.63142 0.18936 0.1894
2.63249 0.189233 0.189274
2.63357 0.189107 0.189147
2.63465 0.188981 0.189021
2.63572 0.188854 0.188895
2.6368 0.188728 0.188768
2.63788 0.188602 0.188642
2.63895 0.188476 0.188516
2.64003 0.18835 0.18839
2.64111 0.188223 0.188264
2.64219 0.188097 0.188138
2.64326 0.187971 0.188012
2.64434 0.187845 0.187886
2.64542 0.187719 0.18776
2.6465 0.187594 0.187634
2.64758 0.187468 0.187508
2.64865 0.187342 0.187383
2.64973 0.187216 0.187257
2.65081 0.18709 0.187131
2.65189 0.186965 0.187006
2.65297 0.186839 0.18688
2.65404 0.186714 0.186755
2.65512 0.186588 0.186629
2.6562 0.186463 0.186504
2.65728 0.186337 0.186378
2.65836 0.186212 0.186253
2.65944 0.186087 0.186128
2.66051 0.185961 0.186003
2.66159 0.185836 0.185877
2.66267 0.185711 0.185752
2.66375 0.185586 0.185627
2.66483 0.185461 0.185502
2.66591 0.185336 0.185377
2.66699 0.185211 0.185252
2.66806 0.185086 0.185127
2.66914 0.184961 0.185002
2.67022 0.184836 0.184878
2.6713 0.184711 0.184753
2.67238 0.184587 0.184628
2.67346 0.184462 0.184504
2.67454 0.184338 0.184379
2.67562 0.184213 0.184255
2.67669 0.184088 0.18413
2.67777 0.183964 0.184006
2.67885 0.18384 0.183882
2.67993 0.183715 0.183757
2.68101 0.183591 0.183633
2.68209 0.183467 0.183509
2.68317 0.183343 0.183385
2.68425 0.183219 0.183261
2.68532 0.183095 0.183137
2.6864 0.182971 0.183013
2.68748 0.182847 0.182889
2.68856 0.182723 0.182765
2.68964 0.182599 0.182641
2.69072 0.182475 0.182518
2.6918 0.182352 0.182394
2.69287 0.182228 0.18227
2.69395 0.182104 0.182147
2.69503 0.181981 0.182023
2.69611 0.181857 0.1819
2.69719 0.181734 0.181776
2.69827 0.181611 0.181653
2.69934 0.181487 0.18153
2.70042 0.181364 0.181407
2.7015 0.181241 0.181284
2.70258 0.181118 0.181161
2.70366 0.180995 0.181038
2.70473 0.180872 0.180915
2.70581 0.180749 0.180792
2.70689 0.180626 0.180669
2.70797 0.180503 0.180546
2.70904 0.180381 0.180424
2.71012 0.180258 0.180301
2.7112 0.180135 0.180178
2.71228 0.180013 0.180056
2.71335 0.17989 0.179933
2.71443 0.179768 0.179811
2.71551 0.179646 0.179689
2.71658 0.179523 0.179567
2.71766 0.179401 0.179444
2.71874 0.179279 0.179322
2.71982 0.179157 0.1792
2.72089 0.179035 0.179078
2.72197 0.178913 0.178956
2.72305 0.178791 0.178834
2.72412 0.178669 0.178713
2.7252 0.178548 0.178591
2.72627 0.178426 0.178469
2.72735 0.178304 0.178348
2.72843 0.178183 0.178226
2.7295 0.178061 0.178105
2.73058 0.17794 0.177983
2.73165 0.177818 0.177862
2.73273 0.177697 0.177741
2.7338 0.177576 0.17762
2.73488 0.177455 0.177499
2.73596 0.177334 0.177378
2.73703 0.177213 0.177257
2.73811 0.177092 0.177136
2.73918 0.176971 0.177015
2.74026 0.17685 0.176894
2.74133 0.176729 0.176773
2.7424 0.176609 0.176653
2.74348 0.176488 0.176532
2.74455 0.176368 0.176412
2.74563 0.176247 0.176291
2.7467 0.176127 0.176171
2.74777 0.176006 0.176051
2.74885 0.175886 0.17593
2.74992 0.175766 0.17581
2.751 0.175646 0.17569
2.75207 0.175526 0.17557
2.75314 0.175406 0.17545
2.75421 0.175286 0.175331
2.75529 0.175166 0.175211
2.75636 0.175046 0.175091
2.75743 0.174927 0.174971
2.75851 0.174807 0.174852
2.75958 0.174688 0.174732
2.76065 0.174568 0.174613
2.76172 0.174449 0.174494
2.76279 0.174329 0.174374
2.76386 0.17421 0.174255
2.76494 0.174091 0.174136
2.76601 0.173972 0.174017
2.76708 0.173853 0.173898
2.76815 0.173734 0.173779
2.76922 0.173615 0.17366
2.77029 0.173496 0.173541
2.77136 0.173378 0.173423
2.77243 0.173259 0.173304
2.7735 0.17314 0.173186
2.77457 0.173022 0.173067
2.77564 0.172904 0.172949
2.77671 0.172785 0.172831
2.77778 0.172667 0.172712
2.77885 0.172549 0.172594
2.77992 0.172431 0.172476
2.78099 0.172313 0.172358
2.78206 0.172195 0.17224
2.78312 0.172077 0.172122
2.78419 0.171959 0.172004
2.78526 0.171841 0.171887
2.78633 0.171723 0.171769
2.7874 0.171606 0.171652
2.78846 0.171488 0.171534
2.78953 0.171371 0.171417
2.7906 0.171254 0.171299
2.79167 0.171136 0.171182
2.79273 0.171019 0.171065
2.7938 0.170902 0.170948
2.79487 0.170785 0.170831
2.79593 0.170668 0.170714
2.797 0.170551 0.170597
2.79806 0.170434 0.17048
2.79913 0.170317 0.170364
2.80019 0.170201 0.170247
2.80126 0.170084 0.17013
2.80232 0.169968 0.170014
2.80339 0.169851 0.169897
2.80445 0.169735 0.169781
2.80552 0.169618 0.169665
2.80658 0.169502 0.169549
2.80765 0.169386 0.169433
2.80871 0.16927 0.169317
2.80977 0.169154 0.169201
2.81084 0.169038 0.169085
2.8119 0.168922 0.168969
2.81296 0.168807 0.168853
2.81403 0.168691 0.168738
2.81509 0.168575 0.168622
2.81615 0.16846 0.168507
2.81721 0.168345 0.168391
2.81827 0.168229 0.168276
2.81934 0.168114 0.168161
2.8204 0.167999 0.168046
2.82146 0.167884 0.167931
2.82252 0.167769 0.167816
2.82358 0.167654 0.167701
2.82464 0.167539 0.167586
2.8257 0.167424 0.167471
2.82676 0.167309 0.167357
2.82782 0.167195 0.167242
2.82888 0.16708 0.167127
2.82994 0.166966 0.167013
2.831 0.166851 0.166899
2.83206 0.166737 0.166784
2.83311 0.166623 0.16667
2.83417 0.166509 0.166556
2.83523 0.166395 0.166442
2.83629 0.166281 0.166328
2.83735 0.166167 0.166214
2.8384 0.166053 0.166101
2.83946 0.165939 0.165987
2.84052 0.165825 0.165873
2.84157 0.165712 0.16576
2.84263 0.165598 0.165646
2.84369 0.165485 0.165533
2.84474 0.165372 0.16542
2.8458 0.165258 0.165306
2.84685 0.165145 0.165193
2.84791 0.165032 0.16508
2.84896 0.164919 0.164967
2.85002 0.164806 0.164854
2.85107 0.164693 0.164741
2.85213 0.16458 0.164629
2.85318 0.164468 0.164516
2.85424 0.164355 0.164403
2.85529 0.164243 0.164291
2.85634 0.16413 0.164179
2.8574 0.164018 0.164066
2.85845 0.163906 0.163954
2.8595 0.163793 0.163842
2.86055 0.163681 0.16373
2.86161 0.163569 0.163618
2.86266 0.163457 0.163506
2.86371 0.163345 0.163394
2.86476 0.163233 0.163282
2.86581 0.163122 0.16317
2.86686 0.16301 0.163059
2.86791 0.162899 0.162947
2.86896 0.162787 0.162836
2.87001 0.162676 0.162725
2.87106 0.162564 0.162613
2.87211 0.162453 0.162502
2.87316 0.162342 0.162391
2.87421 0.162231 0.16228
2.87526 0.16212 0.162169
2.87631 0.162009 0.162058
2.87736 0.161898 0.161947
2.8784 0.161787 0.161837
2.87945 0.161677 0.161726
2.8805 0.161566 0.161615
2.88155 0.161456 0.161505
2.88259 0.161345 0.161395
2.88364 0.161235 0.161284
2.88469 0.161125 0.161174
2.88573 0.161015 0.161064
2.88678 0.160904 0.160954
2.88782 0.160794 0.160844
2.88887 0.160685 0.160734
2.88991 0.160575 0.160624
2.89096 0.160465 0.160515
2.892 0.160355 0.160405
2.89305 0.160246 0.160295
2.89409 0.160136 0.160186
2.89514 0.160027 0.160077
2.89618 0.159917 0.159967
2.89722 0.159808 0.159858
2.89826 0.159699 0.159749
2.89931 0.15959 0.15964
2.90035 0.159481 0.159531
2.90139 0.159372 0.159422
2.90243 0.159263 0.159313
2.90348 0.159154 0.159204
2.90452 0.159045 0.159096
2.90556 0.158937 0.158987
2.9066 0.158828 0.158879
2.90764 0.15872 0.15877
2.90868 0.158611 0.158662
2.90972 0.158503 0.158554
2.91076 0.158395 0.158445
2.9118 0.158287 0.158337
2.91284 0.158179 0.158229
2.91388 0.158071 0.158121
2.91492 0.157963 0.158014
2.91595 0.157855 0.157906
2.91699 0.157747 0.157798
2.91803 0.15764 0.15769
2.91907 0.157532 0.157583
2.9201 0.157425 0.157476
2.92114 0.157317 0.157368
2.92218 0.15721 0.157261
2.92321 0.157103 0.157154
2.92425 0.156996 0.157047
2.92529 0.156889 0.15694
2.92632 0.156782 0.156833
2.92736 0.156675 0.156726
2.92839 0.156568 0.156619
2.92943 0.156461 0.156512
2.93046 0.156354 0.156406
2.9315 0.156248 0.156299
2.93253 0.156141 0.156193
2.93356 0.156035 0.156086
2.9346 0.155929 0.15598
2.93563 0.155822 0.155874
2.93666 0.155716 0.155768
2.9377 0.15561 0.155662
2.93873 0.155504 0.155556
2.93976 0.155398 0.15545
2.94079 0.155292 0.155344
2.94182 0.155186 0.155238
2.94286 0.155081 0.155133
2.94389 0.154975 0.155027
2.94492 0.15487 0.154921
2.94595 0.154764 0.154816
2.94698 0.154659 0.154711
2.94801 0.154554 0.154605
2.94904 0.154448 0.1545
2.95007 0.154343 0.154395
2.9511 0.154238 0.15429
2.95213 0.154133 0.154185
2.95315 0.154028 0.15408
2.95418 0.153924 0.153976
2.95521 0.153819 0.153871
2.95624 0.153714 0.153766
2.95727 0.15361 0.153662
2.95829 0.153505 0.153558
2.95932 0.153401 0.153453
2.96035 0.153296 0.153349
2.96137 0.153192 0.153245
2.9624 0.153088 0.153141
2.96342 0.152984 0.153037
2.96445 0.15288 0.152933
2.96547 0.152776 0.152829
2.9665 0.152672 0.152725
2.96752 0.152568 0.152621
2.96855 0.152465 0.152518
2.96957 0.152361 0.152414
2.9706 0.152258 0.152311
2.97162 0.152154 0.152207
2.97264 0.152051 0.152104
2.97367 0.151948 0.152001
2.97469 0.151844 0.151897
2.97571 0.151741 0.151794
2.97673 0.151638 0.151691
2.97776 0.151535 0.151588
2.97878 0.151432 0.151486
2.9798 0.15133 0.151383
2.98082 0.151227 0.15128
2.98184 0.151124 0.151178
2.98286 0.151022 0.151075
2.98388 0.150919 0.150973
2.9849 0.150817 0.15087
2.98592 0.150714 0.150768
2.98694 0.150612 0.150666
2.98796 0.15051 0.150564
2.98898 0.150408 0.150462
2.99 0.150306 0.15036
2.99102 0.150204 0.150258
2.99203 0.150102 0.150156
2.99305 0.15 0.150054
2.99407 0.149899 0.149953
2.99509 0.149797 0.149851
2.9961 0.149696 0.14975
2.99712 0.149594 0.149648
2.99814 0.149493 0.149547
2.99915 0.149391 0.149446
3.00017 0.14929 0.149344
3.00119 0.149189 0.149243
3.0022 0.149088 0.149142
3.00322 0.148987 0.149041
3.00423 0.148886 0.14894
3.00524 0.148785 0.14884
3.00626 0.148685 0.148739
3.00727 0.148584 0.148638
3.00829 0.148483 0.148538
3.0093 0.148383 0.148437
3.01031 0.148282 0.148337
3.01133 0.148182 0.148237
3.01234 0.148082 0.148136
3.01335 0.147981 0.148036
3.01436 0.147881 0.147936
3.01538 0.147781 0.147836
3.01639 0.147681 0.147736
3.0174 0.147581 0.147636
3.01841 0.147482 0.147537
3.01942 0.147382 0.147437
3.02043 0.147282 0.147337
3.02144 0.147183 0.147238
3.02245 0.147083 0.147138
3.02346 0.146984 0.147039
3.02447 0.146884 0.14694
3.02548 0.146785 0.14684
3.02649 0.146686 0.146741
3.0275 0.146587 0.146642
3.02851 0.146488 0.146543
3.02951 0.146389 0.146444
3.03052 0.14629 0.146345
3.03153 0.146191 0.146247
3.03254 0.146092 0.146148
3.03354 0.145994 0.146049
3.03455 0.145895 0.145951
3.03556 0.145797 0.145852
3.03656 0.145698 0.145754
3.03757 0.1456 0.145655
3.03857 0.145501 0.145557
3.03958 0.145403 0.145459
3.04058 0.145305 0.145361
3.04159 0.145207 0.145263
3.04259 0.145109 0.145165
3.0436 0.145011 0.145067
3.0446 0.144913 0.144969
3.04561 0.144816 0.144872
3.04661 0.144718 0.144774
3.04761 0.14462 0.144677
3.04862 0.144523 0.144579
3.04962 0.144425 0.144482
3.05062 0.144328 0.144384
3.05162 0.144231 0.144287
3.05263 0.144134 0.14419
3.05363 0.144036 0.144093
3.05463 0.143939 0.143996
3.05563 0.143842 0.143899
3.05663 0.143745 0.143802
3.05763 0.143649 0.143705
3.05863 0.143552 0.143608
3.05963 0.143455 0.143512
3.06063 0.143359 0.143415
3.06163 0.143262 0.143319
3.06263 0.143166 0.143222
3.06363 0.143069 0.143126
3.06463 0.142973 0.14303
3.06563 0.142877 0.142934
3.06663 0.14278 0.142837
3.06762 0.142684 0.142741
3.06862 0.142588 0.142645
3.06962 0.142492 0.142549
3.07062 0.142396 0.142454
3.07161 0.142301 0.142358
3.07261 0.142205 0.142262
3.07361 0.142109 0.142167
3.0746 0.142014 0.142071
3.0756 0.141918 0.141976
3.0766 0.141823 0.14188
3.07759 0.141727 0.141785
3.07859 0.141632 0.14169
3.07958 0.141537 0.141594
3.08058 0.141442 0.141499
3.08157 0.141347 0.141404
3.08257 0.141252 0.141309
3.08356 0.141157 0.141215
3.08455 0.141062 0.14112
3.08555 0.140967 0.141025
3.08654 0.140873 0.14093
3.08753 0.140778 0.140836
3.08853 0.140683 0.140741
3.08952 0.140589 0.140647
3.09051 0.140494 0.140553
3.0915 0.1404 0.140458
3.09249 0.140306 0.140364
3.09349 0.140212 0.14027
3.09448 0.140118 0.140176
3.09547 0.140024 0.140082
3.09646 0.13993 0.139988
3.09745 0.139836 0.139894
3.09844 0.139742 0.1398
3.09943 0.139648 0.139707
3.10042 0.139554 0.139613
3.10141 0.139461 0.139519
3.1024 0.139367 0.139426
3.10339 0.139274 0.139332
3.10438 0.13918 0.139239
3.10536 0.139087 0.139146
3.10635 0.138994 0.139053
3.10734 0.138901 0.138959
3.10833 0.138808 0.138866
3.10932 0.138715 0.138773
3.1103 0.138622 0.13868
3.11129 0.138529 0.138588
3.11228 0.138436 0.138495
3.11326 0.138343 0.138402
3.11425 0.13825 0.13831
3.11524 0.138158 0.138217
3.11622 0.138065 0.138124
3.11721 0.137973 0.138032
3.11819 0.13788 0.13794
3.11918 0.137788 0.137847
3.12016 0.137696 0.137755
3.12115 0.137604 0.137663
3.12213 0.137512 0.137571
3.12312 0.137419 0.137479
3.1241 0.137328 0.137387
3.12508 0.137236 0.137295
3.12607 0.137144 0.137203
3.12705 0.137052 0.137112
3.12803 0.13696 0.13702
3.12901 0.136869 0.136928
3.13 0.136777 0.136837
3.13098 0.136686 0.136746
3.13196 0.136594 0.136654
3.13294 0.136503 0.136563
3.13392 0.136412 0.136472
3.13491 0.13632 0.13638
3.13589 0.136229 0.136289
3.13687 0.136138 0.136198
3.13785 0.136047 0.136107
3.13883 0.135956 0.136017
3.13981 0.135865 0.135926
3.14079 0.135775 0.135835
3.14177 0.135684 0.135744
3.14275 0.135593 0.135654
3.14373 0.135503 0.135563
3.14471 0.135412 0.135473
3.14568 0.135322 0.135382
3.14666 0.135231 0.135292
3.14764 0.135141 0.135202
3.14862 0.135051 0.135112
3.1496 0.134961 0.135021
3.15057 0.134871 0.134931
3.15155 0.134781 0.134841
3.15253 0.134691 0.134751
3.15351 0.134601 0.134662
3.15448 0.134511 0.134572
3.15546 0.134421 0.134482
3.15643 0.134331 0.134392
3.15741 0.134242 0.134303
3.15839 0.134152 0.134213
3.15936 0.134063 0.134124
3.16034 0.133973 0.134035
3.16131 0.133884 0.133945
3.16229 0.133795 0.133856
3.16326 0.133705 0.133767
3.16424 0.133616 0.133678
3.16521 0.133527 0.133589
3.16618 0.133438 0.1335
3.16716 0.133349 0.133411
3.16813 0.13326 0.133322
3.1691 0.133172 0.133233
3.17008 0.133083 0.133144
3.17105 0.132994 0.133056
3.17202 0.132905 0.132967
3.17299 0.132817 0.132879
3.17397 0.132728 0.13279
3.17494 0.13264 0.132702
3.17591 0.132552 0.132614
3.17688 0.132463 0.132525
3.17785 0.132375 0.132437
3.17882 0.132287 0.132349
3.17979 0.132199 0.132261
3.18076 0.132111 0.132173
3.18173 0.132023 0.132085
3.1827 0.131935 0.131997
3.18367 0.131847 0.13191
3.18464 0.13176 0.131822
3.18561 0.131672 0.131734
3.18658 0.131584 0.131647
3.18755 0.131497 0.131559
3.18852 0.131409 0.131472
3.18949 0.131322 0.131384
3.19046 0.131234 0.131297
3.19143 0.131147 0.13121
3.19239 0.13106 0.131123
3.19336 0.130973 0.131035
3.19433 0.130886 0.130948
3.1953 0.130799 0.130861
3.19626 0.130712 0.130774
3.19723 0.130625 0.130688
3.1982 0.130538 0.130601
3.19916 0.130451 0.130514
3.20013 0.130364 0.130427
3.2011 0.130278 0.130341
3.20206 0.130191 0.130254
3.20303 0.130105 0.130168
3.20399 0.130018 0.130081
3.20496 0.129932 0.129995
3.20592 0.129845 0.129909
3.20689 0.129759 0.129823
3.20785 0.129673 0.129736
3.20882 0.129587 0.12965
3.20978 0.129501 0.129564
3.21074 0.129415 0.129478
3.21171 0.129329 0.129393
3.21267 0.129243 0.129307
3.21363 0.129157 0.129221
3.2146 0.129071 0.129135
3.21556 0.128986 0.12905
3.21652 0.1289 0.128964
3.21749 0.128815 0.128879
3.21845 0.128729 0.128793
3.21941 0.128644 0.128708
3.22037 0.128558 0.128622
3.22133 0.128473 0.128537
3.22229 0.128388 0.128452
3.22326 0.128303 0.128367
3.22422 0.128217 0.128282
3.22518 0.128132 0.128197
3.22614 0.128047 0.128112
3.2271 0.127962 0.128027
3.22806 0.127878 0.127942
3.22902 0.127793 0.127857
3.22998 0.127708 0.127773
3.23094 0.127623 0.127688
3.2319 0.127539 0.127603
3.23286 0.127454 0.127519
3.23382 0.12737 0.127434
3.23477 0.127285 0.12735
3.23573 0.127201 0.127266
3.23669 0.127117 0.127182
3.23765 0.127032 0.127097
3.23861 0.126948 0.127013
3.23957 0.126864 0.126929
3.24052 0.12678 0.126845
3.24148 0.126696 0.126761
3.24244 0.126612 0.126677
3.24339 0.126528 0.126593
3.24435 0.126444 0.12651
3.24531 0.126361 0.126426
3.24626 0.126277 0.126342
3.24722 0.126193 0.126259
3.24818 0.12611 0.126175
3.24913 0.126026 0.126092
3.25009 0.125943 0.126008
3.25104 0.12586 0.125925
3.252 0.125776 0.125842
3.25295 0.125693 0.125759
3.25391 0.12561 0.125675
3.25486 0.125527 0.125592
3.25582 0.125444 0.125509
3.25677 0.125361 0.125426
3.25773 0.125278 0.125343
3.25868 0.125195 0.125261
3.25963 0.125112 0.125178
3.26059 0.125029 0.125095
3.26154 0.124946 0.125012
3.26249 0.124864 0.12493
3.26345 0.124781 0.124847
3.2644 0.124699 0.124765
3.26535 0.124616 0.124682
3.26631 0.124534 0.1246
3.26726 0.124451 0.124518
3.26821 0.124369 0.124436
3.26916 0.124287 0.124353
3.27011 0.124205 0.124271
3.27107 0.124123 0.124189
3.27202 0.124041 0.124107
3.27297 0.123959 0.124025
3.27392 0.123877 0.123943
3.27487 0.123795 0.123861
3.27582 0.123713 0.12378
3.27677 0.123631 0.123698
3.27772 0.123549 0.123616
3.27867 0.123468 0.123535
3.27962 0.123386 0.123453
3.28057 0.123305 0.123372
3.28152 0.123223 0.12329
3.28247 0.123142 0.123209
3.28342 0.123061 0.123128
3.28437 0.122979 0.123046
3.28532 0.122898 0.122965
3.28626 0.122817 0.122884
3.28721 0.122736 0.122803
3.28816 0.122655 0.122722
3.28911 0.122574 0.122641
3.29006 0.122493 0.12256
3.291 0.122412 0.122479
3.29195 0.122331 0.122399
3.2929 0.12225 0.122318
3.29385 0.12217 0.122237
3.29479 0.122089 0.122157
3.29574 0.122008 0.122076
3.29669 0.121928 0.121996
3.29763 0.121847 0.121915
3.29858 0.121767 0.121835
3.29953 0.121687 0.121755
3.30047 0.121606 0.121674
3.30142 0.121526 0.121594
3.30236 0.121446 0.121514
3.30331 0.121366 0.121434
3.30425 0.121286 0.121354
3.3052 0.121206 0.121274
3.30614 0.121126 0.121194
3.30709 0.121046 0.121114
3.30803 0.120966 0.121035
3.30898 0.120886 0.120955
3.30992 0.120807 0.120875
3.31087 0.120727 0.120795
3.31181 0.120647 0.120716
3.31275 0.120568 0.120636
3.3137 0.120488 0.120557
3.31464 0.120409 0.120478
3.31558 0.120329 0.120398
3.31653 0.12025 0.120319
3.31747 0.120171 0.12024
3.31841 0.120092 0.120161
3.31936 0.120012 0.120081
3.3203 0.119933 0.120002
3.32124 0.119854 0.119923
3.32218 0.119775 0.119845
3.32312 0.119696 0.119766
3.32407 0.119618 0.119687
3.32501 0.119539 0.119608
3.32595 0.11946 0.119529
3.32689 0.119381 0.119451
3.32783 0.119303 0.119372
3.32877 0.119224 0.119294
3.32971 0.119146 0.119215
3.33065 0.119067 0.119137
3.33159 0.118989 0.119058
3.33253 0.11891 0.11898
3.33347 0.118832 0.118902
3.33441 0.118754 0.118823
3.33535 0.118675 0.118745
3.33629 0.118597 0.118667
3.33723 0.118519 0.118589
3.33817 0.118441 0.118511
3.33911 0.118363 0.118433
3.34005 0.118285 0.118355
3.34099 0.118207 0.118277
3.34193 0.11813 0.1182
3.34287 0.118052 0.118122
3.3438 0.117974 0.118044
3.34474 0.117896 0.117967
3.34568 0.117819 0.117889
3.34662 0.117741 0.117812
3.34756 0.117664 0.117734
3.34849 0.117586 0.117657
3.34943 0.117509 0.11758
3.35037 0.117432 0.117502
3.35131 0.117354 0.117425
3.35224 0.117277 0.117348
3.35318 0.1172 0.117271
3.35412 0.117123 0.117194
3.35505 0.117046 0.117117
3.35599 0.116969 0.11704
3.35692 0.116892 0.116963
3.35786 0.116815 0.116886
3.3588 0.116738 0.116809
3.35973 0.116661 0.116732
3.36067 0.116585 0.116656
3.3616 0.116508 0.116579
3.36254 0.116431 0.116503
3.36347 0.116355 0.116426
3.36441 0.116278 0.11635
3.36534 0.116202 0.116273
3.36628 0.116125 0.116197
3.36721 0.116049 0.11612
3.36815 0.115973 0.116044
3.36908 0.115896 0.115968
3.37001 0.11582 0.115892
3.37095 0.115744 0.115816
3.37188 0.115668 0.11574
3.37282 0.115592 0.115664
3.37375 0.115516 0.115588
3.37468 0.11544 0.115512
3.37562 0.115364 0.115436
3.37655 0.115288 0.11536
3.37748 0.115213 0.115285
3.37841 0.115137 0.115209
3.37935 0.115061 0.115133
3.38028 0.114986 0.115058
3.38121 0.11491 0.114982
3.38214 0.114834 0.114907
3.38308 0.114759 0.114831
3.38401 0.114684 0.114756
3.38494 0.114608 0.114681
3.38587 0.114533 0.114605
3.3868 0.114458 0.11453
3.38773 0.114382 0.114455
3.38867 0.114307 0.11438
3.3896 0.114232 0.114305
3.39053 0.114157 0.11423
3.39146 0.114082 0.114155
3.39239 0.114007 0.11408
3.39332 0.113932 0.114005
3.39425 0.113858 0.11393
3.39518 0.113783 0.113856
3.39611 0.113708 0.113781
3.39704 0.113633 0.113706
3.39797 0.113559 0.113632
3.3989 0.113484 0.113557
3.39983 0.11341 0.113483
3.40076 0.113335 0.113408
3.40169 0.113261 0.113334
3.40262 0.113186 0.11326
3.40355 0.113112 0.113185
3.40447 0.113038 0.113111
3.4054 0.112963 0.113037
3.40633 0.112889 0.112963
3.40726 0.112815 0.112889
3.40819 0.112741 0.112815
3.40912 0.112667 0.112741
3.41004 0.112593 0.112667
3.41097 0.112519 0.112593
3.4119 0.112445 0.112519
3.41283 0.112372 0.112445
3.41376 0.112298 0.112372
3.41468 0.112224 0.112298
3.41561 0.11215 0.112224
3.41654 0.112077 0.112151
3.41746 0.112003 0.112077
3.41839 0.11193 0.112004
3.41932 0.111856 0.111931
3.42024 0.111783 0.111857
3.42117 0.111709 0.111784
3.4221 0.111636 0.111711
3.42302 0.111563 0.111637
3.42395 0.11149 0.111564
3.42488 0.111417 0.111491
3.4258 0.111343 0.111418
3.42673 0.11127 0.111345
3.42765 0.111197 0.111272
3.42858 0.111124 0.111199
3.4295 0.111051 0.111126
3.43043 0.110979 0.111054
3.43135 0.110906 0.110981
3.43228 0.110833 0.110908
3.4332 0.11076 0.110835
3.43413 0.110688 0.110763
3.43505 0.110615 0.11069
3.43598 0.110542 0.110618
3.4369 0.11047 0.110545
3.43783 0.110397 0.110473
3.43875 0.110325 0.1104
3.43967 0.110253 0.110328
3.4406 0.11018 0.110256
3.44152 0.110108 0.110184
3.44244 0.110036 0.110111
3.44337 0.109964 0.110039
3.44429 0.109892 0.109967
3.44521 0.109819 0.109895
3.44614 0.109747 0.109823
3.44706 0.109675 0.109751
3.44798 0.109604 0.109679
3.44891 0.109532 0.109608
3.44983 0.10946 0.109536
3.45075 0.109388 0.109464
3.45167 0.109316 0.109392
3.4526 0.109245 0.109321
3.45352 0.109173 0.109249
3.45444 0.109101 0.109178
3.45536 0.10903 0.109106
3.45628 0.108958 0.109035
3.4572 0.108887 0.108963
3.45813 0.108815 0.108892
3.45905 0.108744 0.108821
3.45997 0.108673 0.108749
3.46089 0.108602 0.108678
3.46181 0.10853 0.108607
3.46273 0.108459 0.108536
3.46365 0.108388 0.108465
3.46457 0.108317 0.108394
3.46549 0.108246 0.108323
3.46641 0.108175 0.108252
3.46734 0.108104 0.108181
3.46826 0.108033 0.10811
3.46918 0.107962 0.108039
3.4701 0.107892 0.107969
3.47102 0.107821 0.107898
3.47194 0.10775 0.107827
3.47286 0.10768 0.107757
3.47377 0.107609 0.107686
3.47469 0.107538 0.107616
3.47561 0.107468 0.107545
3.47653 0.107397 0.107475
3.47745 0.107327 0.107405
3.47837 0.107257 0.107334
3.47929 0.107186 0.107264
3.48021 0.107116 0.107194
3.48113 0.107046 0.107124
3.48205 0.106976 0.107054
3.48296 0.106906 0.106983
3.48388 0.106836 0.106913
3.4848 0.106765 0.106843
3.48572 0.106696 0.106774
3.48664 0.106626 0.106704
3.48756 0.106556 0.106634
3.48847 0.106486 0.106564
3.48939 0.106416 0.106494
3.49031 0.106346 0.106425
3.49123 0.106277 0.106355
3.49214 0.106207 0.106285
3.49306 0.106137 0.106216
3.49398 0.106068 0.106146
3.4949 0.105998 0.106077
3.49581 0.105929 0.106007
3.49673 0.105859 0.105938
3.49765 0.10579 0.105869
3.49856 0.105721 0.105799
3.49948 0.105651 0.10573
3.5004 0.105582 0.105661
3.50131 0.105513 0.105592
3.50223 0.105444 0.105523
3.50314 0.105375 0.105454
3.50406 0.105306 0.105385
3.50498 0.105237 0.105316
3.50589 0.105168 0.105247
3.50681 0.105099 0.105178
3.50772 0.10503 0.105109
3.50864 0.104961 0.10504
3.50956 0.104892 0.104972
3.51047 0.104823 0.104903
3.51139 0.104755 0.104834
3.5123 0.104686 0.104766
3.51322 0.104617 0.104697
3.51413 0.104549 0.104629
3.51505 0.10448 0.10456
3.51596 0.104412 0.104492
3.51688 0.104343 0.104423
3.51779 0.104275 0.104355
3.5187 0.104207 0.104287
3.51962 0.104138 0.104218
3.52053 0.10407 0.10415
3.52145 0.104002 0.104082
3.52236 0.103934 0.104014
3.52328 0.103866 0.103946
3.52419 0.103798 0.103878
3.5251 0.10373 0.10381
3.52602 0.103662 0.103742
3.52693 0.103594 0.103674
3.52784 0.103526 0.103606
3.52876 0.103458 0.103538
3.52967 0.10339 0.103471
3.53058 0.103322 0.103403
3.5315 0.103255 0.103335
3.53241 0.103187 0.103268
3.53332 0.103119 0.1032
3.53424 0.103052 0.103133
3.53515 0.102984 0.103065
3.53606 0.102917 0.102998
3.53697 0.102849 0.10293
3.53789 0.102782 0.102863
3.5388 0.102715 0.102796
3.53971 0.102647 0.102728
3.54062 0.10258 0.102661
3.54154 0.102513 0.102594
3.54245 0.102446 0.102527
3.54336 0.102378 0.10246
3.54427 0.102311 0.102393
3.54518 0.102244 0.102326
3.5461 0.102177 0.102259
3.54701 0.10211 0.102192
3.54792 0.102043 0.102125
3.54883 0.101976 0.102058
3.54974 0.10191 0.101991
3.55065 0.101843 0.101925
3.55156 0.101776 0.101858
3.55248 0.101709 0.101791
3.55339 0.101643 0.101725
3.5543 0.101576 0.101658
3.55521 0.101509 0.101592
3.55612 0.101443 0.101525
3.55703 0.101376 0.101459
3.55794 0.10131 0.101392
3.55885 0.101244 0.101326
3.55976 0.101177 0.10126
3.56067 0.101111 0.101193
3.56158 0.101045 0.101127
3.56249 0.100978 0.101061
3.5634 0.100912 0.100995
3.56431 0.100846 0.100929
3.56522 0.10078 0.100863
3.56613 0.100714 0.100797
3.56704 0.100648 0.100731
3.56795 0.100582 0.100665
3.56886 0.100516 0.100599
3.56977 0.10045 0.100533
3.57068 0.100384 0.100467
3.57159 0.100318 0.100401
3.5725 0.100253 0.100336
3.57341 0.100187 0.10027
3.57432 0.100121 0.100204
3.57523 0.100055 0.100139
3.57614 0.0999899 0.100073
3.57704 0.0999243 0.100008
3.57795 0.0998588 0.0999423
3.57886 0.0997933 0.0998769
3.57977 0.0997279 0.0998115
3.58068 0.0996625 0.0997462
3.58159 0.0995971 0.0996809
3.5825 0.0995318 0.0996156
3.5834 0.0994666 0.0995504
3.58431 0.0994013 0.0994852
3.58522 0.0993362 0.0994201
3.58613 0.099271 0.099355
3.58704 0.0992059 0.09929
3.58795 0.0991409 0.099225
3.58885 0.0990759 0.09916
3.58976 0.0990109 0.0990951
3.59067 0.0989459 0.0990302
3.59158 0.0988811 0.0989654
3.59248 0.0988162 0.0989006
3.59339 0.0987514 0.0988358
3.5943 0.0986866 0.0987711
3.59521 0.0986219 0.0987065
3.59611 0.0985572 0.0986418
3.59702 0.0984926 0.0985772
3.59793 0.098428 0.0985127
3.59883 0.0983634 0.0984482
3.59974 0.0982989 0.0983837
3.60065 0.0982344 0.0983193
3.60156 0.09817 0.0982549
3.60246 0.0981056 0.0981906
3.60337 0.0980412 0.0981263
3.60428 0.0979769 0.098062
3.60518 0.0979126 0.0979978
3.60609 0.0978484 0.0979336
3.607 0.0977842 0.0978695
3.6079 0.09772 0.0978054
3.60881 0.0976559 0.0977413
3.60971 0.0975919 0.0976773
3.61062 0.0975278 0.0976134
3.61153 0.0974638 0.0975494
3.61243 0.0973999 0.0974855
3.61334 0.097336 0.0974217
3.61424 0.0972721 0.0973579
3.61515 0.0972083 0.0972941
3.61606 0.0971445 0.0972304
3.61696 0.0970807 0.0971667
3.61787 0.097017 0.097103
3.61877 0.0969534 0.0970394
3.61968 0.0968897 0.0969758
3.62058 0.0968262 0.0969123
3.62149 0.0967626 0.0968488
3.62239 0.0966991 0.0967854
3.6233 0.0966356 0.096722
3.62421 0.0965722 0.0966586
3.62511 0.0965088 0.0965953
3.62602 0.0964455 0.096532
3.62692 0.0963822 0.0964687
3.62783 0.0963189 0.0964055
3.62873 0.0962557 0.0963423
3.62963 0.0961925 0.0962792
3.63054 0.0961293 0.0962161
3.63144 0.0960662 0.0961531
3.63235 0.0960032 0.0960901
3.63325 0.0959401 0.0960271
3.63416 0.0958772 0.0959642
3.63506 0.0958142 0.0959013
3.63597 0.0957513 0.0958384
3.63687 0.0956884 0.0957756
3.63778 0.0956256 0.0957128
3.63868 0.0955628 0.0956501
3.63958 0.0955 0.0955874
3.64049 0.0954373 0.0955247
3.64139 0.0953747 0.0954621
3.6423 0.095312 0.0953996
3.6432 0.0952494 0.095337
3.6441 0.0951869 0.0952745
3.64501 0.0951244 0.0952121
3.64591 0.0950619 0.0951496
3.64681 0.0949994 0.0950873
3.64772 0.094937 0.0950249
3.64862 0.0948747 0.0949626
3.64952 0.0948124 0.0949004
3.65043 0.0947501 0.0948381
3.65133 0.0946878 0.0947759
3.65223 0.0946256 0.0947138
3.65314 0.0945635 0.0946517
3.65404 0.0945013 0.0945896
3.65494 0.0944393 0.0945276
3.65585 0.0943772 0.0944656
3.65675 0.0943152 0.0944036
3.65765 0.0942532 0.0943417
3.65856 0.0941913 0.0942799
3.65946 0.0941294 0.094218
3.66036 0.0940675 0.0941562
3.66126 0.0940057 0.0940945
3.66217 0.0939439 0.0940327
3.66307 0.0938822 0.0939711
3.66397 0.0938205 0.0939094
3.66488 0.0937588 0.0938478
3.66578 0.0936972 0.0937862
3.66668 0.0936356 0.0937247
3.66758 0.0935741 0.0936632
3.66848 0.0935125 0.0936018
3.66939 0.0934511 0.0935403
3.67029 0.0933896 0.093479
3.67119 0.0933282 0.0934176
3.67209 0.0932669 0.0933563
3.673 0.0932056 0.0932951
3.6739 0.0931443 0.0932338
3.6748 0.093083 0.0931727
3.6757 0.0930218 0.0931115
3.6766 0.0929607 0.0930504
3.67751 0.0928995 0.0929893
3.67841 0.0928384 0.0929283
3.67931 0.0927774 0.0928673
3.68021 0.0927164 0.0928063
3.68111 0.0926554 0.0927454
3.68201 0.0925944 0.0926845
3.68291 0.0925335 0.0926237
3.68382 0.0924727 0.0925629
3.68472 0.0924118 0.0925021
3.68562 0.092351 0.0924414
3.68652 0.0922903 0.0923807
3.68742 0.0922296 0.09232
3.68832 0.0921689 0.0922594
3.68922 0.0921082 0.0921988
3.69013 0.0920476 0.0921383
3.69103 0.0919871 0.0920778
3.69193 0.0919265 0.0920173
3.69283 0.091866 0.0919569
3.69373 0.0918056 0.0918965
3.69463 0.0917452 0.0918361
3.69553 0.0916848 0.0917758
3.69643 0.0916244 0.0917155
3.69733 0.0915641 0.0916552
3.69823 0.0915039 0.091595
3.69913 0.0914436 0.0915349
3.70003 0.0913834 0.0914747
3.70094 0.0913233 0.0914146
3.70184 0.0912632 0.0913546
3.70274 0.0912031 0.0912945
3.70364 0.091143 0.0912345
3.70454 0.091083 0.0911746
3.70544 0.091023 0.0911147
3.70634 0.0909631 0.0910548
3.70724 0.0909032 0.090995
3.70814 0.0908433 0.0909352
3.70904 0.0907835 0.0908754
3.70994 0.0907237 0.0908157
3.71084 0.0906639 0.090756
3.71174 0.0906042 0.0906963
3.71264 0.0905445 0.0906367
3.71354 0.0904849 0.0905771
3.71444 0.0904253 0.0905175
3.71534 0.0903657 0.090458
3.71624 0.0903062 0.0903986
3.71714 0.0902467 0.0903391
3.71804 0.0901872 0.0902797
3.71894 0.0901278 0.0902203
3.71984 0.0900684 0.090161
3.72074 0.090009 0.0901017
3.72164 0.0899497 0.0900425
3.72254 0.0898904 0.0899832
3.72344 0.0898312 0.0899241
3.72434 0.089772 0.0898649
3.72524 0.0897128 0.0898058
3.72614 0.0896537 0.0897467
3.72704 0.0895946 0.0896877
3.72793 0.0895355 0.0896287
3.72883 0.0894765 0.0895697
3.72973 0.0894175 0.0895108
3.73063 0.0893585 0.0894519
3.73153 0.0892996 0.089393
3.73243 0.0892407 0.0893342
3.73333 0.0891819 0.0892754
3.73423 0.089123 0.0892166
3.73513 0.0890643 0.0891579
3.73603 0.0890055 0.0890992
3.73693 0.0889468 0.0890406
3.73783 0.0888881 0.088982
3.73872 0.0888295 0.0889234
3.73962 0.0887709 0.0888648
3.74052 0.0887123 0.0888063
3.74142 0.0886538 0.0887479
3.74232 0.0885953 0.0886894
3.74322 0.0885368 0.088631
3.74412 0.0884784 0.0885727
3.74502 0.08842 0.0885143
3.74592 0.0883617 0.0884561
3.74681 0.0883033 0.0883978
3.74771 0.0882451 0.0883396
3.74861 0.0881868 0.0882814
3.74951 0.0881286 0.0882232
3.75041 0.0880704 0.0881651
3.75131 0.0880123 0.088107
3.75221 0.0879542 0.088049
3.7531 0.0878961 0.087991
3.754 0.0878381 0.087933
3.7549 0.0877801 0.0878751
3.7558 0.0877221 0.0878172
3.7567 0.0876642 0.0877593
3.7576 0.0876063 0.0877015
3.75849 0.0875484 0.0876437
3.75939 0.0874906 0.0875859
3.76029 0.0874328 0.0875282
3.76119 0.087375 0.0874705
3.76209 0.0873173 0.0874128
3.76299 0.0872596 0.0873552
3.76388 0.087202 0.0872976
3.76478 0.0871443 0.08724
3.76568 0.0870867 0.0871825
3.76658 0.0870292 0.087125
3.76748 0.0869717 0.0870676
3.76837 0.0869142 0.0870101
3.76927 0.0868568 0.0869528
3.77017 0.0867993 0.0868954
3.77107 0.086742 0.0868381
3.77197 0.0866846 0.0867808
3.77286 0.0866273 0.0867236
3.77376 0.08657 0.0866664
3.77466 0.0865128 0.0866092
3.77556 0.0864556 0.086552
3.77646 0.0863984 0.0864949
3.77735 0.0863413 0.0864379
3.77825 0.0862842 0.0863808
3.77915 0.0862271 0.0863238
3.78005 0.0861701 0.0862668
3.78094 0.0861131 0.0862099
3.78184 0.0860561 0.086153
3.78274 0.0859992 0.0860961
3.78364 0.0859423 0.0860393
3.78453 0.0858854 0.0859825
3.78543 0.0858286 0.0859257
3.78633 0.0857718 0.085869
3.78723 0.085715 0.0858123
3.78812 0.0856583 0.0857556
3.78902 0.0856016 0.085699
3.78992 0.0855449 0.0856424
3.79082 0.0854883 0.0855858
3.79171 0.0854317 0.0855293
3.79261 0.0853752 0.0854728
3.79351 0.0853186 0.0854163
3.79441 0.0852621 0.0853599
3.7953 0.0852057 0.0853035
3.7962 0.0851492 0.0852472
3.7971 0.0850929 0.0851908
3.798 0.0850365 0.0851345
3.79889 0.0849802 0.0850783
3.79979 0.0849239 0.085022
3.80069 0.0848676 0.0849658
3.80159 0.0848114 0.0849097
3.80248 0.0847552 0.0848536
3.80338 0.0846991 0.0847975
3.80428 0.0846429 0.0847414
3.80517 0.0845868 0.0846854
3.80607 0.0845308 0.0846294
3.80697 0.0844748 0.0845734
3.80787 0.0844188 0.0845175
3.80876 0.0843628 0.0844616
3.80966 0.0843069 0.0844058
3.81056 0.084251 0.0843499
3.81145 0.0841951 0.0842941
3.81235 0.0841393 0.0842384
3.81325 0.0840835 0.0841826
3.81414 0.0840278 0.0841269
3.81504 0.083972 0.0840713
3.81594 0.0839163 0.0840157
3.81684 0.0838607 0.0839601
3.81773 0.0838051 0.0839045
3.81863 0.0837495 0.083849
3.81953 0.0836939 0.0837935
3.82042 0.0836384 0.083738
3.82132 0.0835829 0.0836826
3.82222 0.0835274 0.0836272
3.82311 0.083472 0.0835718
3.82401 0.0834166 0.0835165
3.82491 0.0833612 0.0834612
3.8258 0.0833059 0.0834059
3.8267 0.0832506 0.0833507
3.8276 0.0831953 0.0832955
3.8285 0.0831401 0.0832403
3.82939 0.0830849 0.0831852
3.83029 0.0830297 0.0831301
3.83119 0.0829746 0.083075
3.83208 0.0829195 0.08302
3.83298 0.0828644 0.082965
3.83388 0.0828094 0.08291
3.83477 0.0827544 0.0828551
3.83567 0.0826994 0.0828001
3.83657 0.0826444 0.0827453
3.83746 0.0825895 0.0826904
3.83836 0.0825347 0.0826356
3.83926 0.0824798 0.0825808
3.84015 0.082425 0.0825261
3.84105 0.0823702 0.0824714
3.84195 0.0823155 0.0824167
3.84284 0.0822608 0.082362
3.84374 0.0822061 0.0823074
3.84464 0.0821514 0.0822528
3.84553 0.0820968 0.0821983
3.84643 0.0820422 0.0821438
3.84733 0.0819877 0.0820893
3.84822 0.0819331 0.0820348
3.84912 0.0818786 0.0819804
3.85002 0.0818242 0.081926
3.85091 0.0817698 0.0818716
3.85181 0.0817154 0.0818173
3.85271 0.081661 0.081763
3.8536 0.0816067 0.0817087
3.8545 0.0815524 0.0816545
3.8554 0.0814981 0.0816003
3.85629 0.0814439 0.0815461
3.85719 0.0813897 0.081492
3.85809 0.0813355 0.0814379
3.85898 0.0812813 0.0813838
3.85988 0.0812272 0.0813298
3.86078 0.0811732 0.0812758
3.86167 0.0811191 0.0812218
3.86257 0.0810651 0.0811678
3.86347 0.0810111 0.0811139
3.86436 0.0809572 0.08106
3.86526 0.0809032 0.0810062
3.86615 0.0808493 0.0809524
3.86705 0.0807955 0.0808986
3.86795 0.0807417 0.0808448
3.86884 0.0806879 0.0807911
3.86974 0.0806341 0.0807374
3.87064 0.0805804 0.0806837
3.87153 0.0805267 0.0806301
3.87243 0.080473 0.0805765
3.87333 0.0804194 0.0805229
3.87422 0.0803658 0.0804694
3.87512 0.0803122 0.0804159
3.87602 0.0802586 0.0803624
3.87691 0.0802051 0.0803089
3.87781 0.0801516 0.0802555
3.87871 0.0800982 0.0802021
3.8796 0.0800448 0.0801488
3.8805 0.0799914 0.0800955
3.8814 0.079938 0.0800422
3.88229 0.0798847 0.0799889
3.88319 0.0798314 0.0799357
3.88409 0.0797781 0.0798825
3.88498 0.0797249 0.0798293
3.88588 0.0796717 0.0797762
3.88678 0.0796185 0.0797231
3.88767 0.0795654 0.07967
3.88857 0.0795123 0.079617
3.88947 0.0794592 0.079564
3.89036 0.0794061 0.079511
3.89126 0.0793531 0.079458
3.89216 0.0793001 0.0794051
3.89305 0.0792472 0.0793522
3.89395 0.0791943 0.0792994
3.89485 0.0791414 0.0792465
3.89574 0.0790885 0.0791937
3.89664 0.0790357 0.079141
3.89754 0.0789829 0.0790882
3.89843 0.0789301 0.0790355
3.89933 0.0788773 0.0789829
3.90023 0.0788246 0.0789302
3.90112 0.0787719 0.0788776
3.90202 0.0787193 0.078825
3.90292 0.0786667 0.0787725
3.90381 0.0786141 0.0787199
3.90471 0.0785615 0.0786675
3.90561 0.078509 0.078615
3.9065 0.0784565 0.0785626
3.9074 0.078404 0.0785102
3.9083 0.0783516 0.0784578
3.90919 0.0782992 0.0784055
3.91009 0.0782468 0.0783531
3.91099 0.0781944 0.0783009
3.91188 0.0781421 0.0782486
3.91278 0.0780898 0.0781964
3.91368 0.0780376 0.0781442
3.91457 0.0779854 0.078092
3.91547 0.0779332 0.0780399
3.91637 0.077881 0.0779878
3.91726 0.0778289 0.0779358
3.91816 0.0777767 0.0778837
3.91906 0.0777247 0.0778317
3.91995 0.0776726 0.0777797
3.92085 0.0776206 0.0777278
3.92175 0.0775686 0.0776759
3.92265 0.0775167 0.077624
3.92354 0.0774647 0.0775721
3.92444 0.0774128 0.0775203
3.92534 0.077361 0.0774685
3.92623 0.0773091 0.0774167
3.92713 0.0772573 0.077365
3.92803 0.0772055 0.0773133
3.92892 0.0771538 0.0772616
3.92982 0.0771021 0.07721
3.93072 0.0770504 0.0771583
3.93161 0.0769987 0.0771067
3.93251 0.0769471 0.0770552
3.93341 0.0768955 0.0770037
3.93431 0.0768439 0.0769521
3.9352 0.0767924 0.0769007
3.9361 0.0767409 0.0768492
3.937 0.0766894 0.0767978
3.93789 0.0766379 0.0767464
3.93879 0.0765865 0.0766951
3.93969 0.0765351 0.0766438
3.94059 0.0764837 0.0765925
3.94148 0.0764324 0.0765412
3.94238 0.0763811 0.07649
3.94328 0.0763298 0.0764388
3.94417 0.0762786 0.0763876
3.94507 0.0762274 0.0763364
3.94597 0.0761762 0.0762853
3.94687 0.076125 0.0762342
3.94776 0.0760739 0.0761832
3.94866 0.0760228 0.0761321
3.94956 0.0759717 0.0760811
3.95046 0.0759207 0.0760302
3.95135 0.0758696 0.0759792
3.95225 0.0758187 0.0759283
3.95315 0.0757677 0.0758774
3.95405 0.0757168 0.0758266
3.95494 0.0756659 0.0757758
3.95584 0.075615 0.075725
3.95674 0.0755642 0.0756742
3.95764 0.0755134 0.0756234
3.95853 0.0754626 0.0755727
3.95943 0.0754118 0.0755221
3.96033 0.0753611 0.0754714
3.96123 0.0753104 0.0754208
3.96212 0.0752597 0.0753702
3.96302 0.0752091 0.0753196
3.96392 0.0751585 0.0752691
3.96482 0.0751079 0.0752186
3.96571 0.0750574 0.0751681
3.96661 0.0750068 0.0751177
3.96751 0.0749564 0.0750672
3.96841 0.0749059 0.0750168
3.96931 0.0748555 0.0749665
3.9702 0.074805 0.0749161
3.9711 0.0747547 0.0748658
3.972 0.0747043 0.0748156
3.9729 0.074654 0.0747653
3.97379 0.0746037 0.0747151
3.97469 0.0745534 0.0746649
3.97559 0.0745032 0.0746147
3.97649 0.074453 0.0745646
3.97739 0.0744028 0.0745145
3.97828 0.0743527 0.0744644
3.97918 0.0743025 0.0744144
3.98008 0.0742525 0.0743643
3.98098 0.0742024 0.0743144
3.98188 0.0741523 0.0742644
3.98278 0.0741023 0.0742145
3.98367 0.0740524 0.0741645
3.98457 0.0740024 0.0741147
3.98547 0.0739525 0.0740648
3.98637 0.0739026 0.074015
3.98727 0.0738527 0.0739652
3.98816 0.0738029 0.0739154
3.98906 0.0737531 0.0738657
3.98996 0.0737033 0.073816
3.99086 0.0736535 0.0737663
3.99176 0.0736038 0.0737167
3.99266 0.0735541 0.073667
3.99356 0.0735044 0.0736174
3.99445 0.0734548 0.0735679
3.99535 0.0734052 0.0735183
3.99625 0.0733556 0.0734688
3.99715 0.073306 0.0734193
3.99805 0.0732565 0.0733699
3.99895 0.073207 0.0733204
3.99985 0.0731575 0.073271
4.00074 0.0731081 0.0732217
4.00164 0.0730587 0.0731723
4.00254 0.0730093 0.073123
4.00344 0.0729599 0.0730737
4.00434 0.0729106 0.0730245
4.00524 0.0728613 0.0729752
4.00614 0.072812 0.072926
4.00704 0.0727627 0.0728769
4.00794 0.0727135 0.0728277
4.00883 0.0726643 0.0727786
4.00973 0.0726152 0.0727295
4.01063 0.072566 0.0726804
4.01153 0.0725169 0.0726314
4.01243 0.0724678 0.0725824
4.01333 0.0724188 0.0725334
4.01423 0.0723697 0.0724844
4.01513 0.0723207 0.0724355
4.01603 0.0722718 0.0723866
4.01693 0.0722228 0.0723377
4.01783 0.0721739 0.0722889
4.01873 0.072125 0.0722401
4.01962 0.0720761 0.0721913
4.02052 0.0720273 0.0721425
4.02142 0.0719785 0.0720938
4.02232 0.0719297 0.0720451
4.02322 0.0718809 0.0719964
4.02412 0.0718322 0.0719477
4.02502 0.0717835 0.0718991
4.02592 0.0717348 0.0718505
4.02682 0.0716862 0.071802
4.02772 0.0716376 0.0717534
4.02862 0.071589 0.0717049
4.02952 0.0715404 0.0716564
4.03042 0.0714919 0.0716079
4.03132 0.0714434 0.0715595
4.03222 0.0713949 0.0715111
4.03312 0.0713464 0.0714627
4.03402 0.071298 0.0714144
4.03492 0.0712496 0.071366
4.03582 0.0712012 0.0713177
4.03672 0.0711529 0.0712695
4.03762 0.0711046 0.0712212
4.03852 0.0710563 0.071173
4.03942 0.071008 0.0711248
4.04032 0.0709598 0.0710767
4.04122 0.0709116 0.0710285
4.04212 0.0708634 0.0709804
4.04302 0.0708152 0.0709323
4.04392 0.0707671 0.0708843
4.04482 0.070719 0.0708363
4.04572 0.0706709 0.0707883
4.04662 0.0706228 0.0707403
4.04752 0.0705748 0.0706923
4.04842 0.0705268 0.0706444
4.04932 0.0704789 0.0705965
4.05023 0.0704309 0.0705487
4.05113 0.070383 0.0705008
4.05203 0.0703351 0.070453
4.05293 0.0702872 0.0704052
4.05383 0.0702394 0.0703575
4.05473 0.0701916 0.0703097
4.05563 0.0701438 0.070262
4.05653 0.0700961 0.0702143
4.05743 0.0700483 0.0701667
4.05833 0.0700006 0.0701191
4.05923 0.0699529 0.0700715
4.06014 0.0699053 0.0700239
4.06104 0.0698577 0.0699763
4.06194 0.0698101 0.0699288
4.06284 0.0697625 0.0698813
4.06374 0.069715 0.0698339
4.06464 0.0696674 0.0697864
4.06554 0.0696199 0.069739
4.06644 0.0695725 0.0696916
4.06735 0.069525 0.0696443
4.06825 0.0694776 0.0695969
4.06915 0.0694302 0.0695496
4.07005 0.0693829 0.0695023
4.07095 0.0693355 0.0694551
4.07185 0.0692882 0.0694078
4.07276 0.069241 0.0693606
4.07366 0.0691937 0.0693135
4.07456 0.0691465 0.0692663
4.07546 0.0690993 0.0692192
4.07636 0.0690521 0.0691721
4.07726 0.0690049 0.069125
4.07817 0.0689578 0.069078
4.07907 0.0689107 0.069031
4.07997 0.0688637 0.068984
4.08087 0.0688166 0.068937
4.08178 0.0687696 0.0688901
4.08268 0.0687226 0.0688431
4.08358 0.0686756 0.0687963
4.08448 0.0686287 0.0687494
4.08538 0.0685818 0.0687026
4.08629 0.0685349 0.0686558
4.08719 0.068488 0.068609
4.08809 0.0684412 0.0685622
4.08899 0.0683944 0.0685155
4.0899 0.0683476 0.0684688
4.0908 0.0683008 0.0684221
4.0917 0.0682541 0.0683754
4.09261 0.0682074 0.0683288
4.09351 0.0681607 0.0682822
4.09441 0.068114 0.0682356
4.09531 0.0680674 0.0681891
4.09622 0.0680208 0.0681426
4.09712 0.0679742 0.0680961
4.09802 0.0679277 0.0680496
4.09893 0.0678812 0.0680031
4.09983 0.0678346 0.0679567
4.10073 0.0677882 0.0679103
4.10164 0.0677417 0.0678639
4.10254 0.0676953 0.0678176
4.10344 0.0676489 0.0677713
4.10435 0.0676025 0.067725
4.10525 0.0675562 0.0676787
4.10615 0.0675099 0.0676325
4.10706 0.0674636 0.0675863
4.10796 0.0674173 0.0675401
4.10886 0.067371 0.0674939
4.10977 0.0673248 0.0674478
4.11067 0.0672786 0.0674016
4.11158 0.0672325 0.0673556
4.11248 0.0671863 0.0673095
4.11338 0.0671402 0.0672635
4.11429 0.0670941 0.0672174
4.11519 0.067048 0.0671715
4.1161 0.067002 0.0671255
4.117 0.066956 0.0670796
4.11791 0.06691 0.0670337
4.11881 0.066864 0.0669878
4.11971 0.0668181 0.0669419
4.12062 0.0667722 0.0668961
4.12152 0.0667263 0.0668503
4.12243 0.0666804 0.0668045
4.12333 0.0666346 0.0667587
4.12424 0.0665887 0.066713
4.12514 0.0665429 0.0666673
4.12605 0.0664972 0.0666216
4.12695 0.0664514 0.0665759
4.12786 0.0664057 0.0665303
4.12876 0.06636 0.0664847
4.12967 0.0663144 0.0664391
4.13057 0.0662687 0.0663936
4.13148 0.0662231 0.066348
4.13238 0.0661775 0.0663025
4.13329 0.066132 0.066257
4.13419 0.0660864 0.0662116
4.1351 0.0660409 0.0661661
4.136 0.0659954 0.0661207
4.13691 0.06595 0.0660754
4.13781 0.0659045 0.06603
4.13872 0.0658591 0.0659847
4.13962 0.0658137 0.0659394
4.14053 0.0657683 0.0658941
4.14144 0.065723 0.0658488
4.14234 0.0656777 0.0658036
4.14325 0.0656324 0.0657584
4.14415 0.0655871 0.0657132
4.14506 0.0655419 0.065668
4.14597 0.0654967 0.0656229
4.14687 0.0654515 0.0655778
4.14778 0.0654063 0.0655327
4.14869 0.0653612 0.0654877
4.14959 0.0653161 0.0654426
4.1505 0.065271 0.0653976
4.1514 0.0652259 0.0653526
4.15231 0.0651809 0.0653077
4.15322 0.0651358 0.0652627
4.15412 0.0650908 0.0652178
4.15503 0.0650459 0.0651729
4.15594 0.0650009 0.0651281
4.15684 0.064956 0.0650832
4.15775 0.0649111 0.0650384
4.15866 0.0648662 0.0649936
4.15957 0.0648214 0.0649489
4.16047 0.0647766 0.0649041
4.16138 0.0647318 0.0648594
4.16229 0.064687 0.0648147
4.16319 0.0646423 0.0647701
4.1641 0.0645975 0.0647254
4.16501 0.0645528 0.0646808
4.16592 0.0645082 0.0646362
4.16682 0.0644635 0.0645917
4.16773 0.0644189 0.0645471
4.16864 0.0643743 0.0645026
4.16955 0.0643297 0.0644581
4.17046 0.0642851 0.0644136
4.17136 0.0642406 0.0643692
4.17227 0.0641961 0.0643248
4.17318 0.0641516 0.0642804
4.17409 0.0641072 0.064236
4.175 0.0640627 0.0641917
4.1759 0.0640183 0.0641473
4.17681 0.0639739 0.064103
4.17772 0.0639296 0.0640588
4.17863 0.0638852 0.0640145
4.17954 0.0638409 0.0639703
4.18045 0.0637966 0.0639261
4.18135 0.0637524 0.0638819
4.18226 0.0637081 0.0638377
4.18317 0.0636639 0.0637936
4.18408 0.0636197 0.0637495
4.18499 0.0635756 0.0637054
4.1859 0.0635314 0.0636614
4.18681 0.0634873 0.0636173
4.18772 0.0634432 0.0635733
4.18863 0.0633991 0.0635293
4.18954 0.0633551 0.0634854
4.19044 0.0633111 0.0634414
4.19135 0.0632671 0.0633975
4.19226 0.0632231 0.0633536
4.19317 0.0631791 0.0633098
4.19408 0.0631352 0.0632659
4.19499 0.0630913 0.0632221
4.1959 0.0630474 0.0631783
4.19681 0.0630036 0.0631345
4.19772 0.0629597 0.0630908
4.19863 0.0629159 0.0630471
4.19954 0.0628721 0.0630034
4.20045 0.0628284 0.0629597
4.20136 0.0627846 0.062916
4.20227 0.0627409 0.0628724
4.20318 0.0626972 0.0628288
4.20409 0.0626536 0.0627852
4.205 0.0626099 0.0627417
4.20592 0.0625663 0.0626981
4.20683 0.0625227 0.0626546
4.20774 0.0624791 0.0626112
4.20865 0.0624356 0.0625677
4.20956 0.062392 0.0625243
4.21047 0.0623485 0.0624808
4.21138 0.0623051 0.0624374
4.21229 0.0622616 0.0623941
4.2132 0.0622182 0.0623507
4.21411 0.0621748 0.0623074
4.21503 0.0621314 0.0622641
4.21594 0.062088 0.0622208
4.21685 0.0620447 0.0621776
4.21776 0.0620014 0.0621344
4.21867 0.0619581 0.0620912
4.21958 0.0619148 0.062048
4.2205 0.0618716 0.0620048
4.22141 0.0618283 0.0619617
4.22232 0.0617851 0.0619186
4.22323 0.061742 0.0618755
4.22414 0.0616988 0.0618324
4.22506 0.0616557 0.0617894
4.22597 0.0616126 0.0617464
4.22688 0.0615695 0.0617034
4.22779 0.0615264 0.0616604
4.22871 0.0614834 0.0616175
4.22962 0.0614404 0.0615746
4.23053 0.0613974 0.0615317
4.23144 0.0613545 0.0614888
4.23236 0.0613115 0.0614459
4.23327 0.0612686 0.0614031
4.23418 0.0612257 0.0613603
4.2351 0.0611828 0.0613175
4.23601 0.06114 0.0612748
4.23692 0.0610971 0.061232
4.23784 0.0610543 0.0611893
4.23875 0.0610116 0.0611466
4.23966 0.0609688 0.0611039
4.24058 0.0609261 0.0610613
4.24149 0.0608834 0.0610187
4.2424 0.0608407 0.0609761
4.24332 0.060798 0.0609335
4.24423 0.0607554 0.060891
4.24515 0.0607127 0.0608484
4.24606 0.0606701 0.0608059
4.24697 0.0606276 0.0607634
4.24789 0.060585 0.060721
4.2488 0.0605425 0.0606785
4.24972 0.0605 0.0606361
4.25063 0.0604575 0.0605937
4.25155 0.0604151 0.0605514
4.25246 0.0603726 0.060509
4.25338 0.0603302 0.0604667
4.25429 0.0602878 0.0604244
4.25521 0.0602454 0.0603821
4.25612 0.0602031 0.0603399
4.25704 0.0601608 0.0602976
4.25795 0.0601185 0.0602554
4.25887 0.0600762 0.0602132
4.25978 0.0600339 0.0601711
4.2607 0.0599917 0.0601289
4.26161 0.0599495 0.0600868
4.26253 0.0599073 0.0600447
4.26344 0.0598652 0.0600027
4.26436 0.059823 0.0599606
4.26528 0.0597809 0.0599186
4.26619 0.0597388 0.0598766
4.26711 0.0596967 0.0598346
4.26802 0.0596547 0.0597926
4.26894 0.0596126 0.0597507
4.26986 0.0595706 0.0597088
4.27077 0.0595287 0.0596669
4.27169 0.0594867 0.059625
4.27261 0.0594448 0.0595832
4.27352 0.0594028 0.0595414
4.27444 0.0593609 0.0594996
4.27536 0.0593191 0.0594578
4.27627 0.0592772 0.059416
4.27719 0.0592354 0.0593743
4.27811 0.0591936 0.0593326
4.27902 0.0591518 0.0592909
4.27994 0.0591101 0.0592492
4.28086 0.0590683 0.0592076
4.28178 0.0590266 0.059166
4.28269 0.0589849 0.0591244
4.28361 0.0589432 0.0590828
4.28453 0.0589016 0.0590412
4.28545 0.05886 0.0589997
4.28637 0.0588184 0.0589582
4.28728 0.0587768 0.0589167
4.2882 0.0587352 0.0588752
4.28912 0.0586937 0.0588338
4.29004 0.0586522 0.0587924
4.29096 0.0586107 0.058751
4.29188 0.0585692 0.0587096
4.29279 0.0585278 0.0586683
4.29371 0.0584864 0.0586269
4.29463 0.0584449 0.0585856
4.29555 0.0584036 0.0585443
4.29647 0.0583622 0.0585031
4.29739 0.0583209 0.0584618
4.29831 0.0582796 0.0584206
4.29923 0.0582383 0.0583794
4.30015 0.058197 0.0583382
4.30107 0.0581557 0.0582971
4.30199 0.0581145 0.0582559
4.30291 0.0580733 0.0582148
4.30383 0.0580321 0.0581738
4.30475 0.057991 0.0581327
4.30567 0.0579498 0.0580916
4.30659 0.0579087 0.0580506
4.30751 0.0578676 0.0580096
4.30843 0.0578265 0.0579686
4.30935 0.0577855 0.0579277
4.31027 0.0577445 0.0578868
4.31119 0.0577035 0.0578458
4.31211 0.0576625 0.057805
4.31303 0.0576215 0.0577641
4.31395 0.0575806 0.0577232
4.31487 0.0575396 0.0576824
4.31579 0.0574987 0.0576416
4.31671 0.0574579 0.0576008
4.31763 0.057417 0.0575601
4.31855 0.0573762 0.0575193
4.31948 0.0573354 0.0574786
4.3204 0.0572946 0.0574379
4.32132 0.0572538 0.0573973
4.32224 0.0572131 0.0573566
4.32316 0.0571723 0.057316
4.32409 0.0571316 0.0572754
4.32501 0.057091 0.0572348
4.32593 0.0570503 0.0571942
4.32685 0.0570097 0.0571537
4.32777 0.056969 0.0571132
4.3287 0.0569284 0.0570727
4.32962 0.0568879 0.0570322
4.33054 0.0568473 0.0569917
4.33146 0.0568068 0.0569513
4.33239 0.0567663 0.0569109
4.33331 0.0567258 0.0568705
4.33423 0.0566853 0.0568301
4.33516 0.0566449 0.0567898
4.33608 0.0566045 0.0567495
4.337 0.0565641 0.0567092
4.33793 0.0565237 0.0566689
4.33885 0.0564833 0.0566286
4.33977 0.056443 0.0565884
4.3407 0.0564027 0.0565482
4.34162 0.0563624 0.056508
4.34255 0.0563221 0.0564678
4.34347 0.0562819 0.0564276
4.34439 0.0562416 0.0563875
4.34532 0.0562014 0.0563474
4.34624 0.0561612 0.0563073
4.34717 0.0561211 0.0562672
4.34809 0.0560809 0.0562272
4.34902 0.0560408 0.0561872
4.34994 0.0560007 0.0561472
4.35087 0.0559606 0.0561072
4.35179 0.0559206 0.0560672
4.35272 0.0558805 0.0560273
4.35364 0.0558405 0.0559874
4.35457 0.0558005 0.0559475
4.35549 0.0557605 0.0559076
4.35642 0.0557206 0.0558677
4.35734 0.0556806 0.0558279
4.35827 0.0556407 0.0557881
4.3592 0.0556008 0.0557483
4.36012 0.055561 0.0557085
4.36105 0.0555211 0.0556688
4.36197 0.0554813 0.0556291
4.3629 0.0554415 0.0555894
4.36383 0.0554017 0.0555497
4.36475 0.0553619 0.05551
4.36568 0.0553222 0.0554704
4.36661 0.0552825 0.0554307
4.36753 0.0552428 0.0553911
4.36846 0.0552031 0.0553516
4.36939 0.0551634 0.055312
4.37032 0.0551238 0.0552725
4.37124 0.0550842 0.055233
4.37217 0.0550446 0.0551935
4.3731 0.055005 0.055154
4.37403 0.0549655 0.0551145
4.37495 0.0549259 0.0550751
4.37588 0.0548864 0.0550357
4.37681 0.0548469 0.0549963
4.37774 0.0548074 0.0549569
4.37867 0.054768 0.0549176
4.37959 0.0547286 0.0548783
4.38052 0.0546892 0.054839
4.38145 0.0546498 0.0547997
4.38238 0.0546104 0.0547604
4.38331 0.0545711 0.0547212
4.38424 0.0545317 0.0546819
4.38517 0.0544924 0.0546427
4.3861 0.0544531 0.0546036
4.38703 0.0544139 0.0545644
4.38795 0.0543746 0.0545253
4.38888 0.0543354 0.0544861
4.38981 0.0542962 0.054447
4.39074 0.054257 0.054408
4.39167 0.0542179 0.0543689
4.3926 0.0541787 0.0543299
4.39353 0.0541396 0.0542908
4.39446 0.0541005 0.0542519
4.39539 0.0540614 0.0542129
4.39632 0.0540224 0.0541739
4.39725 0.0539834 0.054135
4.39819 0.0539443 0.0540961
4.39912 0.0539053 0.0540572
4.40005 0.0538664 0.0540183
4.40098 0.0538274 0.0539795
4.40191 0.0537885 0.0539406
4.40284 0.0537496 0.0539018
4.40377 0.0537107 0.053863
4.4047 0.0536718 0.0538243
4.40564 0.053633 0.0537855
4.40657 0.0535941 0.0537468
4.4075 0.0535553 0.0537081
4.40843 0.0535165 0.0536694
4.40936 0.0534778 0.0536307
4.4103 0.053439 0.0535921
4.41123 0.0534003 0.0535535
4.41216 0.0533616 0.0535149
4.41309 0.0533229 0.0534763
4.41403 0.0532842 0.0534377
4.41496 0.0532456 0.0533992
4.41589 0.0532069 0.0533607
4.41682 0.0531683 0.0533222
4.41776 0.0531297 0.0532837
4.41869 0.0530912 0.0532452
4.41962 0.0530526 0.0532068
4.42056 0.0530141 0.0531684
4.42149 0.0529756 0.05313
4.42243 0.0529371 0.0530916
4.42336 0.0528987 0.0530532
4.42429 0.0528602 0.0530149
4.42523 0.0528218 0.0529766
4.42616 0.0527834 0.0529383
4.4271 0.052745 0.0529
4.42803 0.0527066 0.0528617
4.42897 0.0526683 0.0528235
4.4299 0.05263 0.0527853
4.43083 0.0525917 0.0527471
4.43177 0.0525534 0.0527089
4.43271 0.0525151 0.0526707
4.43364 0.0524769 0.0526326
4.43458 0.0524386 0.0525945
4.43551 0.0524004 0.0525564
4.43645 0.0523623 0.0525183
4.43738 0.0523241 0.0524803
4.43832 0.052286 0.0524422
4.43925 0.0522478 0.0524042
4.44019 0.0522097 0.0523662
4.44113 0.0521716 0.0523282
4.44206 0.0521336 0.0522903
4.443 0.0520955 0.0522524
4.44394 0.0520575 0.0522144
4.44487 0.0520195 0.0521765
4.44581 0.0519815 0.0521387
4.44675 0.0519436 0.0521008
4.44768 0.0519056 0.052063
4.44862 0.0518677 0.0520252
4.44956 0.0518298 0.0519874
4.4505 0.0517919 0.0519496
4.45144 0.051754 0.0519118
4.45237 0.0517162 0.0518741
4.45331 0.0516784 0.0518364
4.45425 0.0516406 0.0517987
4.45519 0.0516028 0.051761
4.45613 0.051565 0.0517234
4.45706 0.0515273 0.0516857
4.458 0.0514896 0.0516481
4.45894 0.0514518 0.0516105
4.45988 0.0514142 0.0515729
4.46082 0.0513765 0.0515354
4.46176 0.0513388 0.0514978
4.4627 0.0513012 0.0514603
4.46364 0.0512636 0.0514228
4.46458 0.051226 0.0513853
4.46552 0.0511885 0.0513479
4.46646 0.0511509 0.0513104
4.4674 0.0511134 0.051273
4.46834 0.0510759 0.0512356
4.46928 0.0510384 0.0511982
4.47022 0.0510009 0.0511609
4.47116 0.0509635 0.0511235
4.4721 0.050926 0.0510862
4.47304 0.0508886 0.0510489
4.47398 0.0508512 0.0510116
4.47492 0.0508139 0.0509744
4.47586 0.0507765 0.0509371
4.4768 0.0507392 0.0508999
4.47774 0.0507019 0.0508627
4.47869 0.0506646 0.0508255
4.47963 0.0506273 0.0507884
4.48057 0.05059 0.0507512
4.48151 0.0505528 0.0507141
4.48245 0.0505156 0.050677
4.4834 0.0504784 0.0506399
4.48434 0.0504412 0.0506028
4.48528 0.050404 0.0505658
4.48622 0.0503669 0.0505288
4.48717 0.0503298 0.0504918
4.48811 0.0502927 0.0504548
4.48905 0.0502556 0.0504178
4.49 0.0502185 0.0503809
4.49094 0.0501815 0.0503439
4.49188 0.0501445 0.050307
4.49283 0.0501075 0.0502701
4.49377 0.0500705 0.0502333
4.49471 0.0500335 0.0501964
4.49566 0.0499966 0.0501596
4.4966 0.0499597 0.0501228
4.49755 0.0499227 0.050086
4.49849 0.0498859 0.0500492
4.49944 0.049849 0.0500124
4.50038 0.0498121 0.0499757
4.50133 0.0497753 0.049939
4.50227 0.0497385 0.0499023
4.50322 0.0497017 0.0498656
4.50416 0.0496649 0.049829
4.50511 0.0496282 0.0497923
4.50605 0.0495914 0.0497557
4.507 0.0495547 0.0497191
4.50794 0.049518 0.0496825
4.50889 0.0494814 0.0496459
4.50984 0.0494447 0.0496094
4.51078 0.0494081 0.0495729
4.51173 0.0493714 0.0495364
4.51267 0.0493348 0.0494999
4.51362 0.0492983 0.0494634
4.51457 0.0492617 0.049427
4.51552 0.0492251 0.0493905
4.51646 0.0491886 0.0493541
4.51741 0.0491521 0.0493177
4.51836 0.0491156 0.0492814
4.51931 0.0490792 0.049245
4.52025 0.0490427 0.0492087
4.5212 0.0490063 0.0491724
4.52215 0.0489699 0.0491361
4.5231 0.0489335 0.0490998
4.52405 0.0488971 0.0490635
4.52499 0.0488608 0.0490273
4.52594 0.0488244 0.0489911
4.52689 0.0487881 0.0489549
4.52784 0.0487518 0.0489187
4.52879 0.0487155 0.0488825
4.52974 0.0486793 0.0488464
4.53069 0.048643 0.0488103
4.53164 0.0486068 0.0487742
4.53259 0.0485706 0.0487381
4.53354 0.0485344 0.048702
4.53449 0.0484983 0.048666
4.53544 0.0484621 0.0486299
4.53639 0.048426 0.0485939
4.53734 0.0483899 0.0485579
4.53829 0.0483538 0.048522
4.53924 0.0483177 0.048486
4.54019 0.0482817 0.0484501
4.54114 0.0482456 0.0484142
4.54209 0.0482096 0.0483783
4.54304 0.0481736 0.0483424
4.544 0.0481376 0.0483065
4.54495 0.0481017 0.0482707
4.5459 0.0480657 0.0482349
4.54685 0.0480298 0.0481991
4.5478 0.0479939 0.0481633
4.54875 0.047958 0.0481275
4.54971 0.0479222 0.0480918
4.55066 0.0478863 0.048056
4.55161 0.0478505 0.0480203
4.55257 0.0478147 0.0479846
4.55352 0.0477789 0.047949
4.55447 0.0477431 0.0479133
4.55542 0.0477073 0.0478777
4.55638 0.0476716 0.0478421
4.55733 0.0476359 0.0478065
4.55829 0.0476002 0.0477709
4.55924 0.0475645 0.0477353
4.56019 0.0475288 0.0476998
4.56115 0.0474932 0.0476643
4.5621 0.0474576 0.0476287
4.56306 0.047422 0.0475933
4.56401 0.0473864 0.0475578
4.56497 0.0473508 0.0475223
4.56592 0.0473153 0.0474869
4.56688 0.0472797 0.0474515
4.56783 0.0472442 0.0474161
4.56879 0.0472087 0.0473807
4.56974 0.0471732 0.0473454
4.5707 0.0471378 0.04731
4.57165 0.0471023 0.0472747
4.57261 0.0470669 0.0472394
4.57357 0.0470315 0.0472041
4.57452 0.0469961 0.0471689
4.57548 0.0469608 0.0471336
4.57644 0.0469254 0.0470984
4.57739 0.0468901 0.0470632
4.57835 0.0468548 0.047028
4.57931 0.0468195 0.0469928
4.58027 0.0467842 0.0469577
4.58122 0.0467489 0.0469225
4.58218 0.0467137 0.0468874
4.58314 0.0466785 0.0468523
4.5841 0.0466433 0.0468172
4.58506 0.0466081 0.0467822
4.58601 0.0465729 0.0467471
4.58697 0.0465378 0.0467121
4.58793 0.0465026 0.0466771
4.58889 0.0464675 0.0466421
4.58985 0.0464324 0.0466071
4.59081 0.0463974 0.0465722
4.59177 0.0463623 0.0465373
4.59273 0.0463273 0.0465023
4.59369 0.0462922 0.0464674
4.59465 0.0462572 0.0464326
4.59561 0.0462222 0.0463977
4.59657 0.0461873 0.0463629
4.59753 0.0461523 0.046328
4.59849 0.0461174 0.0462932
4.59945 0.0460825 0.0462584
4.60041 0.0460476 0.0462237
4.60137 0.0460127 0.0461889
4.60233 0.0459778 0.0461542
4.60329 0.045943 0.0461195
4.60425 0.0459082 0.0460848
4.60522 0.0458734 0.0460501
4.60618 0.0458386 0.0460154
4.60714 0.0458038 0.0459808
4.6081 0.0457691 0.0459462
4.60906 0.0457343 0.0459115
4.61003 0.0456996 0.045877
4.61099 0.0456649 0.0458424
4.61195 0.0456302 0.0458078
4.61291 0.0455956 0.0457733
4.61388 0.0455609 0.0457388
4.61484 0.0455263 0.0457043
4.6158 0.0454917 0.0456698
4.61677 0.0454571 0.0456353
4.61773 0.0454225 0.0456009
4.6187 0.045388 0.0455665
4.61966 0.0453534 0.0455321
4.62062 0.0453189 0.0454977
4.62159 0.0452844 0.0454633
4.62255 0.0452499 0.0454289
4.62352 0.0452155 0.0453946
4.62448 0.045181 0.0453603
4.62545 0.0451466 0.045326
4.62641 0.0451122 0.0452917
4.62738 0.0450778 0.0452574
4.62834 0.0450434 0.0452232
4.62931 0.0450091 0.0451889
4.63028 0.0449747 0.0451547
4.63124 0.0449404 0.0451205
4.63221 0.0449061 0.0450864
4.63318 0.0448718 0.0450522
4.63414 0.0448375 0.0450181
4.63511 0.0448033 0.0449839
4.63608 0.044769 0.0449498
4.63704 0.0447348 0.0449157
4.63801 0.0447006 0.0448817
4.63898 0.0446664 0.0448476
4.63995 0.0446323 0.0448136
4.64091 0.0445981 0.0447796
4.64188 0.044564 0.0447456
4.64285 0.0445299 0.0447116
4.64382 0.0444958 0.0446776
4.64479 0.0444617 0.0446437
4.64576 0.0444277 0.0446097
4.64673 0.0443936 0.0445758
4.6477 0.0443596 0.0445419
4.64866 0.0443256 0.0445081
4.64963 0.0442916 0.0444742
4.6506 0.0442576 0.0444404
4.65157 0.0442237 0.0444065
4.65254 0.0441897 0.0443727
4.65351 0.0441558 0.0443389
4.65448 0.0441219 0.0443052
4.65546 0.044088 0.0442714
4.65643 0.0440542 0.0442377
4.6574 0.0440203 0.044204
4.65837 0.0439865 0.0441703
4.65934 0.0439527 0.0441366
4.66031 0.0439189 0.0441029
4.66128 0.0438851 0.0440693
4.66225 0.0438513 0.0440357
4.66323 0.0438176 0.044002
4.6642 0.0437839 0.0439684
4.66517 0.0437501 0.0439349
4.66614 0.0437165 0.0439013
4.66712 0.0436828 0.0438678
4.66809 0.0436491 0.0438342
4.66906 0.0436155 0.0438007
4.67004 0.0435819 0.0437672
4.67101 0.0435482 0.0437338
4.67198 0.0435147 0.0437003
4.67296 0.0434811 0.0436669
4.67393 0.0434475 0.0436335
4.67491 0.043414 0.0436001
4.67588 0.0433805 0.0435667
4.67686 0.043347 0.0435333
4.67783 0.0433135 0.0434999
4.6788 0.04328 0.0434666
4.67978 0.0432466 0.0434333
4.68076 0.0432131 0.0434
4.68173 0.0431797 0.0433667
4.68271 0.0431463 0.0433335
4.68368 0.0431129 0.0433002
4.68466 0.0430796 0.043267
4.68563 0.0430462 0.0432338
4.68661 0.0430129 0.0432006
4.68759 0.0429796 0.0431674
4.68856 0.0429463 0.0431342
4.68954 0.042913 0.0431011
4.69052 0.0428797 0.043068
4.6915 0.0428465 0.0430349
4.69247 0.0428133 0.0430018
4.69345 0.04278 0.0429687
4.69443 0.0427469 0.0429356
4.69541 0.0427137 0.0429026
4.69639 0.0426805 0.0428696
4.69737 0.0426474 0.0428366
4.69834 0.0426142 0.0428036
4.69932 0.0425811 0.0427706
4.7003 0.042548 0.0427376
4.70128 0.042515 0.0427047
4.70226 0.0424819 0.0426718
4.70324 0.0424489 0.0426389
4.70422 0.0424158 0.042606
4.7052 0.0423828 0.0425731
4.70618 0.0423498 0.0425403
4.70716 0.0423169 0.0425074
4.70814 0.0422839 0.0424746
4.70912 0.042251 0.0424418
4.7101 0.0422181 0.042409
4.71108 0.0421851 0.0423763
4.71207 0.0421523 0.0423435
4.71305 0.0421194 0.0423108
4.71403 0.0420865 0.0422781
4.71501 0.0420537 0.0422454
4.71599 0.0420209 0.0422127
4.71698 0.0419881 0.04218
4.71796 0.0419553 0.0421474
4.71894 0.0419225 0.0421147
4.71992 0.0418898 0.0420821
4.72091 0.041857 0.0420495
4.72189 0.0418243 0.042017
4.72287 0.0417916 0.0419844
4.72386 0.0417589 0.0419518
4.72484 0.0417262 0.0419193
4.72583 0.0416936 0.0418868
4.72681 0.0416609 0.0418543
4.7278 0.0416283 0.0418218
4.72878 0.0415957 0.0417894
4.72977 0.0415631 0.0417569
4.73075 0.0415306 0.0417245
4.73174 0.041498 0.0416921
4.73272 0.0414655 0.0416597
4.73371 0.041433 0.0416273
4.73469 0.0414005 0.041595
4.73568 0.041368 0.0415626
4.73667 0.0413355 0.0415303
4.73765 0.041303 0.041498
4.73864 0.0412706 0.0414657
4.73963 0.0412382 0.0414334
4.74061 0.0412058 0.0414011
4.7416 0.0411734 0.0413689
4.74259 0.041141 0.0413367
4.74358 0.0411087 0.0413045
4.74456 0.0410763 0.0412723
4.74555 0.041044 0.0412401
4.74654 0.0410117 0.0412079
4.74753 0.0409794 0.0411758
4.74852 0.0409472 0.0411437
4.74951 0.0409149 0.0411116
4.7505 0.0408827 0.0410795
4.75149 0.0408504 0.0410474
4.75248 0.0408182 0.0410153
4.75346 0.040786 0.0409833
4.75445 0.0407539 0.0409513
4.75545 0.0407217 0.0409192
4.75644 0.0406896 0.0408873
4.75743 0.0406575 0.0408553
4.75842 0.0406253 0.0408233
4.75941 0.0405933 0.0407914
4.7604 0.0405612 0.0407594
4.76139 0.0405291 0.0407275
4.76238 0.0404971 0.0406956
4.76337 0.0404651 0.0406638
4.76437 0.0404331 0.0406319
4.76536 0.0404011 0.0406001
4.76635 0.0403691 0.0405682
4.76734 0.0403371 0.0405364
4.76834 0.0403052 0.0405046
4.76933 0.0402733 0.0404728
4.77032 0.0402414 0.0404411
4.77132 0.0402095 0.0404093
4.77231 0.0401776 0.0403776
4.7733 0.0401457 0.0403459
4.7743 0.0401139 0.0403142
4.77529 0.0400821 0.0402825
4.77629 0.0400502 0.0402509
4.77728 0.0400184 0.0402192
4.77828 0.0399867 0.0401876
4.77927 0.0399549 0.040156
4.78027 0.0399232 0.0401244
4.78126 0.0398914 0.0400928
4.78226 0.0398597 0.0400612
4.78326 0.039828 0.0400297
4.78425 0.0397963 0.0399981
4.78525 0.0397647 0.0399666
4.78625 0.039733 0.0399351
4.78724 0.0397014 0.0399036
4.78824 0.0396698 0.0398722
4.78924 0.0396382 0.0398407
4.79023 0.0396066 0.0398093
4.79123 0.039575 0.0397779
4.79223 0.0395435 0.0397465
4.79323 0.0395119 0.0397151
4.79423 0.0394804 0.0396837
4.79523 0.0394489 0.0396524
4.79622 0.0394174 0.039621
4.79722 0.0393859 0.0395897
4.79822 0.0393545 0.0395584
4.79922 0.0393231 0.0395271
4.80022 0.0392916 0.0394959
4.80122 0.0392602 0.0394646
4.80222 0.0392288 0.0394334
4.80322 0.0391975 0.0394021
4.80422 0.0391661 0.0393709
4.80522 0.0391348 0.0393397
4.80622 0.0391034 0.0393086
4.80723 0.0390721 0.0392774
4.80823 0.0390408 0.0392463
4.80923 0.0390095 0.0392151
4.81023 0.0389783 0.039184
4.81123 0.038947 0.0391529
4.81224 0.0389158 0.0391219
4.81324 0.0388846 0.0390908
4.81424 0.0388534 0.0390598
4.81524 0.0388222 0.0390287
4.81625 0.038791 0.0389977
4.81725 0.0387599 0.0389667
4.81825 0.0387287 0.0389357
4.81926 0.0386976 0.0389048
4.82026 0.0386665 0.0388738
4.82127 0.0386354 0.0388429
4.82227 0.0386044 0.038812
4.82328 0.0385733 0.0387811
4.82428 0.0385423 0.0387502
4.82529 0.0385112 0.0387193
4.82629 0.0384802 0.0386885
4.8273 0.0384492 0.0386576
4.8283 0.0384183 0.0386268
4.82931 0.0383873 0.038596
4.83032 0.0383564 0.0385652
4.83132 0.0383254 0.0385344
4.83233 0.0382945 0.0385037
4.83334 0.0382636 0.038473
4.83434 0.0382327 0.0384422
4.83535 0.0382019 0.0384115
4.83636 0.038171 0.0383808
4.83737 0.0381402 0.0383501
4.83838 0.0381094 0.0383195
4.83938 0.0380786 0.0382888
4.84039 0.0380478 0.0382582
4.8414 0.038017 0.0382276
4.84241 0.0379862 0.038197
4.84342 0.0379555 0.0381664
4.84443 0.0379248 0.0381359
4.84544 0.0378941 0.0381053
4.84645 0.0378634 0.0380748
4.84746 0.0378327 0.0380443
4.84847 0.037802 0.0380137
4.84948 0.0377714 0.0379833
4.85049 0.0377408 0.0379528
4.8515 0.0377101 0.0379223
4.85252 0.0376795 0.0378919
4.85353 0.037649 0.0378615
4.85454 0.0376184 0.0378311
4.85555 0.0375878 0.0378007
4.85656 0.0375573 0.0377703
4.85758 0.0375268 0.0377399
4.85859 0.0374963 0.0377096
4.8596 0.0374658 0.0376793
4.86062 0.0374353 0.037649
4.86163 0.0374048 0.0376187
4.86264 0.0373744 0.0375884
4.86366 0.037344 0.0375581
4.86467 0.0373136 0.0375279
4.86569 0.0372832 0.0374976
4.8667 0.0372528 0.0374674
4.86772 0.0372224 0.0374372
4.86873 0.0371921 0.037407
4.86975 0.0371617 0.0373768
4.87076 0.0371314 0.0373467
4.87178 0.0371011 0.0373165
4.87279 0.0370708 0.0372864
4.87381 0.0370405 0.0372563
4.87483 0.0370103 0.0372262
4.87584 0.03698 0.0371961
4.87686 0.0369498 0.0371661
4.87788 0.0369196 0.037136
4.8789 0.0368894 0.037106
4.87991 0.0368592 0.037076
4.88093 0.0368291 0.037046
4.88195 0.0367989 0.037016
4.88297 0.0367688 0.036986
4.88399 0.0367386 0.0369561
4.88501 0.0367085 0.0369261
4.88603 0.0366785 0.0368962
4.88705 0.0366484 0.0368663
4.88807 0.0366183 0.0368364
4.88909 0.0365883 0.0368065
4.89011 0.0365583 0.0367767
4.89113 0.0365282 0.0367468
4.89215 0.0364982 0.036717
4.89317 0.0364683 0.0366872
4.89419 0.0364383 0.0366574
4.89521 0.0364083 0.0366276
4.89623 0.0363784 0.0365978
4.89725 0.0363485 0.0365681
4.89828 0.0363186 0.0365383
4.8993 0.0362887 0.0365086
4.90032 0.0362588 0.0364789
4.90134 0.036229 0.0364492
4.90237 0.0361991 0.0364195
4.90339 0.0361693 0.0363899
4.90442 0.0361395 0.0363602
4.90544 0.0361097 0.0363306
4.90646 0.0360799 0.036301
4.90749 0.0360501 0.0362714
4.90851 0.0360204 0.0362418
4.90954 0.0359906 0.0362122
4.91056 0.0359609 0.0361827
4.91159 0.0359312 0.0361532
4.91261 0.0359015 0.0361236
4.91364 0.0358718 0.0360941
4.91467 0.0358422 0.0360646
4.91569 0.0358125 0.0360352
4.91672 0.0357829 0.0360057
4.91775 0.0357533 0.0359763
4.91877 0.0357237 0.0359468
4.9198 0.0356941 0.0359174
4.92083 0.0356645 0.035888
4.92186 0.0356349 0.0358586
4.92289 0.0356054 0.0358293
4.92391 0.0355759 0.0357999
4.92494 0.0355464 0.0357706
4.92597 0.0355169 0.0357412
4.927 0.0354874 0.0357119
4.92803 0.0354579 0.0356826
4.92906 0.0354285 0.0356534
4.93009 0.035399 0.0356241
4.93112 0.0353696 0.0355949
4.93215 0.0353402 0.0355656
4.93318 0.0353108 0.0355364
4.93421 0.0352814 0.0355072
4.93524 0.0352521 0.035478
4.93628 0.0352227 0.0354488
4.93731 0.0351934 0.0354197
4.93834 0.0351641 0.0353905
4.93937 0.0351348 0.0353614
4.9404 0.0351055 0.0353323
4.94144 0.0350762 0.0353032
4.94247 0.035047 0.0352741
4.9435 0.0350177 0.0352451
4.94454 0.0349885 0.035216
4.94557 0.0349593 0.035187
4.94661 0.0349301 0.035158
4.94764 0.0349009 0.035129
4.94868 0.0348717 0.0351
4.94971 0.0348426 0.035071
4.95075 0.0348134 0.035042
4.95178 0.0347843 0.0350131
4.95282 0.0347552 0.0349841
4.95385 0.0347261 0.0349552
4.95489 0.034697 0.0349263
4.95593 0.034668 0.0348974
4.95696 0.0346389 0.0348686
4.958 0.0346099 0.0348397
4.95904 0.0345809 0.0348109
4.96007 0.0345519 0.0347821
4.96111 0.0345229 0.0347532
4.96215 0.0344939 0.0347245
4.96319 0.0344649 0.0346957
4.96423 0.034436 0.0346669
4.96527 0.0344071 0.0346382
4.96631 0.0343781 0.0346094
4.96735 0.0343492 0.0345807
4.96838 0.0343204 0.034552
4.96942 0.0342915 0.0345233
4.97047 0.0342626 0.0344946
4.97151 0.0342338 0.034466
4.97255 0.034205 0.0344373
4.97359 0.0341761 0.0344087
4.97463 0.0341473 0.0343801
4.97567 0.0341186 0.0343515
4.97671 0.0340898 0.0343229
4.97775 0.034061 0.0342943
4.9788 0.0340323 0.0342658
4.97984 0.0340036 0.0342372
4.98088 0.0339749 0.0342087
4.98193 0.0339462 0.0341802
4.98297 0.0339175 0.0341517
4.98401 0.0338888 0.0341232
4.98506 0.0338602 0.0340947
4.9861 0.0338315 0.0340663
4.98715 0.0338029 0.0340378
4.98819 0.0337743 0.0340094
4.98924 0.0337457 0.033981
4.99028 0.0337171 0.0339526
4.99133 0.0336885 0.0339242
4.99237 0.03366 0.0338959
4.99342 0.0336315 0.0338675
4.99447 0.0336029 0.0338392
4.99551 0.0335744 0.0338108
4.99656 0.0335459 0.0337825
4.99761 0.0335175 0.0337543
4.99866 0.033489 0.033726
4.9997 0.0334606 0.0336977
5.00075 0.0334321 0.0336695
5.0018 0.0334037 0.0336412
5.00285 0.0333753 0.033613
5.0039 0.0333469 0.0335848
5.00495 0.0333185 0.0335566
5.006 0.0332902 0.0335284
5.00705 0.0332618 0.0335003
5.0081 0.0332335 0.0334721
5.00915 0.0332052 0.033444
5.0102 0.0331769 0.0334159
5.01125 0.0331486 0.0333878
5.0123 0.0331203 0.0333597
5.01335 0.033092 0.0333316
5.01441 0.0330638 0.0333036
5.01546 0.0330355 0.0332755
5.01651 0.0330073 0.0332475
5.01756 0.0329791 0.0332195
5.01862 0.0329509 0.0331915
5.01967 0.0329228 0.0331635
5.02072 0.0328946 0.0331355
5.02178 0.0328665 0.0331076
5.02283 0.0328383 0.0330797
5.02388 0.0328102 0.0330517
5.02494 0.0327821 0.0330238
5.02599 0.032754 0.0329959
5.02705 0.0327259 0.032968
5.02811 0.0326979 0.0329402
5.02916 0.0326698 0.0329123
5.03022 0.0326418 0.0328845
5.03127 0.0326138 0.0328567
5.03233 0.0325858 0.0328288
5.03339 0.0325578 0.032801
5.03445 0.0325298 0.0327733
5.0355 0.0325018 0.0327455
5.03656 0.0324739 0.0327177
5.03762 0.032446 0.03269
5.03868 0.0324181 0.0326623
5.03974 0.0323901 0.0326346
5.0408 0.0323623 0.0326069
5.04186 0.0323344 0.0325792
5.04291 0.0323065 0.0325515
5.04397 0.0322787 0.0325239
5.04504 0.0322508 0.0324963
5.0461 0.032223 0.0324686
5.04716 0.0321952 0.032441
5.04822 0.0321674 0.0324134
5.04928 0.0321397 0.0323858
5.05034 0.0321119 0.0323583
5.0514 0.0320841 0.0323307
5.05247 0.0320564 0.0323032
5.05353 0.0320287 0.0322757
5.05459 0.032001 0.0322482
5.05565 0.0319733 0.0322207
5.05672 0.0319456 0.0321932
5.05778 0.0319179 0.0321657
5.05885 0.0318903 0.0321383
5.05991 0.0318627 0.0321108
5.06097 0.031835 0.0320834
5.06204 0.0318074 0.032056
5.06311 0.0317798 0.0320286
5.06417 0.0317523 0.0320012
5.06524 0.0317247 0.0319739
5.0663 0.0316971 0.0319465
5.06737 0.0316696 0.0319192
5.06844 0.0316421 0.0318919
5.0695 0.0316146 0.0318646
5.07057 0.0315871 0.0318373
5.07164 0.0315596 0.03181
5.07271 0.0315321 0.0317827
5.07378 0.0315047 0.0317555
5.07484 0.0314772 0.0317282
5.07591 0.0314498 0.031701
5.07698 0.0314224 0.0316738
5.07805 0.031395 0.0316466
5.07912 0.0313676 0.0316194
5.08019 0.0313403 0.0315923
5.08126 0.0313129 0.0315651
5.08233 0.0312856 0.031538
5.0834 0.0312582 0.0315109
5.08448 0.0312309 0.0314838
5.08555 0.0312036 0.0314567
5.08662 0.0311763 0.0314296
5.08769 0.0311491 0.0314025
5.08876 0.0311218 0.0313755
5.08984 0.0310946 0.0313484
5.09091 0.0310673 0.0313214
5.09198 0.0310401 0.0312944
5.09306 0.0310129 0.0312674
5.09413 0.0309857 0.0312404
5.09521 0.0309585 0.0312134
5.09628 0.0309314 0.0311865
5.09736 0.0309042 0.0311595
5.09843 0.0308771 0.0311326
5.09951 0.03085 0.0311057
5.10058 0.0308229 0.0310788
5.10166 0.0307958 0.0310519
5.10274 0.0307687 0.0310251
5.10381 0.0307416 0.0309982
5.10489 0.0307146 0.0309714
5.10597 0.0306875 0.0309445
5.10705 0.0306605 0.0309177
5.10813 0.0306335 0.0308909
5.1092 0.0306065 0.0308641
5.11028 0.0305795 0.0308374
5.11136 0.0305526 0.0308106
5.11244 0.0305256 0.0307839
5.11352 0.0304987 0.0307571
5.1146 0.0304717 0.0307304
5.11568 0.0304448 0.0307037
5.11676 0.0304179 0.030677
5.11784 0.030391 0.0306504
5.11893 0.0303642 0.0306237
5.12001 0.0303373 0.0305971
5.12109 0.0303105 0.0305704
5.12217 0.0302836 0.0305438
5.12325 0.0302568 0.0305172
5.12434 0.03023 0.0304906
5.12542 0.0302032 0.030464
5.12651 0.0301765 0.0304375
5.12759 0.0301497 0.0304109
5.12867 0.0301229 0.0303844
5.12976 0.0300962 0.0303579
5.13084 0.0300695 0.0303314
5.13193 0.0300428 0.0303049
5.13301 0.0300161 0.0302784
5.1341 0.0299894 0.0302519
5.13519 0.0299627 0.0302255
5.13627 0.0299361 0.030199
5.13736 0.0299094 0.0301726
5.13845 0.0298828 0.0301462
5.13954 0.0298562 0.0301198
5.14062 0.0298296 0.0300934
5.14171 0.029803 0.0300671
5.1428 0.0297764 0.0300407
5.14389 0.0297499 0.0300144
5.14498 0.0297233 0.029988
5.14607 0.0296968 0.0299617
5.14716 0.0296703 0.0299354
5.14825 0.0296438 0.0299091
5.14934 0.0296173 0.0298829
5.15043 0.0295908 0.0298566
5.15152 0.0295643 0.0298304
5.15261 0.0295379 0.0298041
5.1537 0.0295114 0.0297779
5.1548 0.029485 0.0297517
5.15589 0.0294586 0.0297255
5.15698 0.0294322 0.0296993
5.15808 0.0294058 0.0296732
5.15917 0.0293795 0.029647
5.16026 0.0293531 0.0296209
5.16136 0.0293268 0.0295948
5.16245 0.0293004 0.0295687
5.16355 0.0292741 0.0295426
5.16464 0.0292478 0.0295165
5.16574 0.0292215 0.0294904
5.16683 0.0291952 0.0294644
5.16793 0.029169 0.0294383
5.16903 0.0291427 0.0294123
5.17012 0.0291165 0.0293863
5.17122 0.0290903 0.0293603
5.17232 0.0290641 0.0293343
5.17342 0.0290379 0.0293083
5.17451 0.0290117 0.0292824
5.17561 0.0289855 0.0292564
5.17671 0.0289593 0.0292305
5.17781 0.0289332 0.0292046
5.17891 0.0289071 0.0291787
5.18001 0.028881 0.0291528
5.18111 0.0288549 0.0291269
5.18221 0.0288288 0.0291011
5.18331 0.0288027 0.0290752
5.18442 0.0287766 0.0290494
5.18552 0.0287506 0.0290236
5.18662 0.0287245 0.0289977
5.18772 0.0286985 0.028972
5.18882 0.0286725 0.0289462
5.18993 0.0286465 0.0289204
5.19103 0.0286205 0.0288947
5.19213 0.0285946 0.0288689
5.19324 0.0285686 0.0288432
5.19434 0.0285426 0.0288175
5.19545 0.0285167 0.0287918
5.19655 0.0284908 0.0287661
5.19766 0.0284649 0.0287404
5.19877 0.028439 0.0287148
5.19987 0.0284131 0.0286891
5.20098 0.0283873 0.0286635
5.20209 0.0283614 0.0286379
5.20319 0.0283356 0.0286123
5.2043 0.0283097 0.0285867
5.20541 0.0282839 0.0285611
5.20652 0.0282581 0.0285355
5.20763 0.0282323 0.02851
5.20873 0.0282066 0.0284844
5.20984 0.0281808 0.0284589
5.21095 0.0281551 0.0284334
5.21206 0.0281293 0.0284079
5.21317 0.0281036 0.0283824
5.21429 0.0280779 0.0283569
5.2154 0.0280522 0.0283315
5.21651 0.0280265 0.028306
5.21762 0.0280009 0.0282806
5.21873 0.0279752 0.0282552
5.21985 0.0279496 0.0282298
5.22096 0.0279239 0.0282044
5.22207 0.0278983 0.028179
5.22319 0.0278727 0.0281536
5.2243 0.0278471 0.0281283
5.22541 0.0278216 0.028103
5.22653 0.027796 0.0280776
5.22764 0.0277704 0.0280523
5.22876 0.0277449 0.028027
5.22988 0.0277194 0.0280017
5.23099 0.0276939 0.0279765
5.23211 0.0276684 0.0279512
5.23323 0.0276429 0.027926
5.23434 0.0276174 0.0279007
5.23546 0.0275919 0.0278755
5.23658 0.0275665 0.0278503
5.2377 0.0275411 0.0278251
5.23882 0.0275156 0.0277999
5.23994 0.0274902 0.0277748
5.24106 0.0274648 0.0277496
5.24218 0.0274395 0.0277245
5.2433 0.0274141 0.0276994
5.24442 0.0273887 0.0276743
5.24554 0.0273634 0.0276492
5.24666 0.0273381 0.0276241
5.24778 0.0273127 0.027599
5.2489 0.0272874 0.0275739
5.25003 0.0272622 0.0275489
5.25115 0.0272369 0.0275239
5.25227 0.0272116 0.0274988
5.2534 0.0271864 0.0274738
5.25452 0.0271611 0.0274488
5.25564 0.0271359 0.0274239
5.25677 0.0271107 0.0273989
5.25789 0.0270855 0.0273739
5.25902 0.0270603 0.027349
5.26015 0.0270351 0.0273241
5.26127 0.02701 0.0272992
5.2624 0.0269848 0.0272743
5.26353 0.0269597 0.0272494
5.26465 0.0269345 0.0272245
5.26578 0.0269094 0.0271996
5.26691 0.0268843 0.0271748
5.26804 0.0268592 0.02715
5.26917 0.0268342 0.0271251
5.2703 0.0268091 0.0271003
5.27143 0.0267841 0.0270755
5.27256 0.026759 0.0270507
5.27369 0.026734 0.027026
5.27482 0.026709 0.0270012
5.27595 0.026684 0.0269765
5.27708 0.026659 0.0269517
5.27821 0.026634 0.026927
5.27934 0.0266091 0.0269023
5.28048 0.0265841 0.0268776
5.28161 0.0265592 0.026853
5.28274 0.0265343 0.0268283
5.28388 0.0265094 0.0268036
5.28501 0.0264845 0.026779
5.28615 0.0264596 0.0267544
5.28728 0.0264347 0.0267298
5.28842 0.0264099 0.0267052
5.28955 0.026385 0.0266806
5.29069 0.0263602 0.026656
5.29183 0.0263354 0.0266314
5.29296 0.0263106 0.0266069
5.2941 0.0262858 0.0265824
5.29524 0.026261 0.0265578
5.29638 0.0262362 0.0265333
5.29752 0.0262115 0.0265088
5.29865 0.0261867 0.0264843
5.29979 0.026162 0.0264599
5.30093 0.0261373 0.0264354
5.30207 0.0261126 0.026411
5.30321 0.0260879 0.0263865
5.30436 0.0260632 0.0263621
5.3055 0.0260386 0.0263377
5.30664 0.0260139 0.0263133
5.30778 0.0259893 0.026289
5.30892 0.0259646 0.0262646
5.31007 0.02594 0.0262402
5.31121 0.0259154 0.0262159
5.31235 0.0258908 0.0261916
5.3135 0.0258662 0.0261672
5.31464 0.0258417 0.0261429
5.31579 0.0258171 0.0261187
5.31693 0.0257926 0.0260944
5.31808 0.0257681 0.0260701
5.31922 0.0257435 0.0260459
5.32037 0.025719 0.0260216
5.32152 0.0256945 0.0259974
5.32266 0.0256701 0.0259732
5.32381 0.0256456 0.025949
5.32496 0.0256212 0.0259248
5.32611 0.0255967 0.0259006
5.32726 0.0255723 0.0258765
5.32841 0.0255479 0.0258523
5.32956 0.0255235 0.0258282
5.33071 0.0254991 0.0258041
5.33186 0.0254747 0.02578
5.33301 0.0254503 0.0257559
5.33416 0.025426 0.0257318
5.33531 0.0254016 0.0257077
5.33646 0.0253773 0.0256837
5.33762 0.025353 0.0256596
5.33877 0.0253287 0.0256356
5.33992 0.0253044 0.0256116
5.34108 0.0252801 0.0255875
5.34223 0.0252558 0.0255636
5.34339 0.0252316 0.0255396
5.34454 0.0252074 0.0255156
5.3457 0.0251831 0.0254916
5.34685 0.0251589 0.0254677
5.34801 0.0251347 0.0254438
5.34917 0.0251105 0.0254199
5.35032 0.0250863 0.025396
5.35148 0.0250622 0.0253721
5.35264 0.025038 0.0253482
5.3538 0.0250139 0.0253243
5.35496 0.0249897 0.0253005
5.35611 0.0249656 0.0252766
5.35727 0.0249415 0.0252528
5.35843 0.0249174 0.025229
5.35959 0.0248933 0.0252052
5.36076 0.0248693 0.0251814
5.36192 0.0248452 0.0251576
5.36308 0.0248212 0.0251338
5.36424 0.0247971 0.0251101
5.3654 0.0247731 0.0250863
5.36657 0.0247491 0.0250626
5.36773 0.0247251 0.0250389
5.36889 0.0247011 0.0250152
5.37006 0.0246772 0.0249915
5.37122 0.0246532 0.0249678
5.37239 0.0246293 0.0249442
5.37355 0.0246053 0.0249205
5.37472 0.0245814 0.0248969
5.37589 0.0245575 0.0248732
5.37705 0.0245336 0.0248496
5.37822 0.0245097 0.024826
5.37939 0.0244858 0.0248024
5.38056 0.024462 0.0247789
5.38172 0.0244381 0.0247553
5.38289 0.0244143 0.0247318
5.38406 0.0243905 0.0247082
5.38523 0.0243667 0.0246847
5.3864 0.0243429 0.0246612
5.38757 0.0243191 0.0246377
5.38874 0.0242953 0.0246142
5.38992 0.0242715 0.0245907
5.39109 0.0242478 0.0245673
5.39226 0.024224 0.0245438
5.39343 0.0242003 0.0245204
5.39461 0.0241766 0.0244969
5.39578 0.0241529 0.0244735
5.39695 0.0241292 0.0244501
5.39813 0.0241055 0.0244267
5.3993 0.0240819 0.0244034
5.40048 0.0240582 0.02438
5.40166 0.0240346 0.0243566
5.40283 0.0240109 0.0243333
5.40401 0.0239873 0.02431
5.40519 0.0239637 0.0242867
5.40636 0.0239401 0.0242634
5.40754 0.0239165 0.0242401
5.40872 0.023893 0.0242168
5.4099 0.0238694 0.0241935
5.41108 0.0238459 0.0241703
5.41226 0.0238223 0.0241471
5.41344 0.0237988 0.0241238
5.41462 0.0237753 0.0241006
5.4158 0.0237518 0.0240774
5.41698 0.0237283 0.0240542
5.41817 0.0237048 0.0240311
5.41935 0.0236814 0.0240079
5.42053 0.0236579 0.0239847
5.42171 0.0236345 0.0239616
5.4229 0.0236111 0.0239385
5.42408 0.0235877 0.0239154
5.42527 0.0235643 0.0238923
5.42645 0.0235409 0.0238692
5.42764 0.0235175 0.0238461
5.42883 0.0234941 0.023823
5.43001 0.0234708 0.0238
5.4312 0.0234474 0.0237769
5.43239 0.0234241 0.0237539
5.43357 0.0234008 0.0237309
5.43476 0.0233775 0.0237079
5.43595 0.0233542 0.0236849
5.43714 0.0233309 0.0236619
5.43833 0.0233076 0.023639
5.43952 0.0232844 0.023616
5.44071 0.0232611 0.0235931
5.4419 0.0232379 0.0235701
5.4431 0.0232147 0.0235472
5.44429 0.0231915 0.0235243
5.44548 0.0231683 0.0235014
5.44667 0.0231451 0.0234785
5.44787 0.0231219 0.0234557
5.44906 0.0230988 0.0234328
5.45026 0.0230756 0.02341
5.45145 0.0230525 0.0233872
5.45265 0.0230293 0.0233643
5.45384 0.0230062 0.0233415
5.45504 0.0229831 0.0233187
5.45623 0.02296 0.023296
5.45743 0.022937 0.0232732
5.45863 0.0229139 0.0232504
5.45983 0.0228908 0.0232277
5.46103 0.0228678 0.023205
5.46223 0.0228448 0.0231822
5.46342 0.0228217 0.0231595
5.46462 0.0227987 0.0231368
5.46583 0.0227757 0.0231141
5.46703 0.0227527 0.0230915
5.46823 0.0227298 0.0230688
5.46943 0.0227068 0.0230462
5.47063 0.0226839 0.0230235
5.47184 0.0226609 0.0230009
5.47304 0.022638 0.0229783
5.47424 0.0226151 0.0229557
5.47545 0.0225922 0.0229331
5.47665 0.0225693 0.0229106
5.47786 0.0225464 0.022888
5.47906 0.0225235 0.0228654
5.48027 0.0225007 0.0228429
5.48148 0.0224778 0.0228204
5.48268 0.022455 0.0227979
5.48389 0.0224322 0.0227754
5.4851 0.0224094 0.0227529
5.48631 0.0223866 0.0227304
5.48752 0.0223638 0.0227079
5.48873 0.022341 0.0226855
5.48994 0.0223183 0.0226631
5.49115 0.0222955 0.0226406
5.49236 0.0222728 0.0226182
5.49357 0.0222501 0.0225958
5.49478 0.0222273 0.0225734
5.49599 0.0222046 0.022551
5.49721 0.0221819 0.0225287
5.49842 0.0221593 0.0225063
5.49963 0.0221366 0.022484
5.50085 0.0221139 0.0224616
5.50206 0.0220913 0.0224393
5.50328 0.0220687 0.022417
5.50449 0.022046 0.0223947
5.50571 0.0220234 0.0223724
5.50693 0.0220008 0.0223502
5.50815 0.0219782 0.0223279
5.50936 0.0219557 0.0223057
5.51058 0.0219331 0.0222834
5.5118 0.0219105 0.0222612
5.51302 0.021888 0.022239
5.51424 0.0218655 0.0222168
5.51546 0.021843 0.0221946
5.51668 0.0218205 0.0221724
5.5179 0.021798 0.0221503
5.51912 0.0217755 0.0221281
5.52035 0.021753 0.022106
5.52157 0.0217305 0.0220839
5.52279 0.0217081 0.0220618
5.52402 0.0216857 0.0220397
5.52524 0.0216632 0.0220176
5.52647 0.0216408 0.0219955
5.52769 0.0216184 0.0219734
5.52892 0.021596 0.0219514
5.53014 0.0215736 0.0219293
5.53137 0.0215513 0.0219073
5.5326 0.0215289 0.0218853
5.53383 0.0215066 0.0218633
5.53505 0.0214842 0.0218413
5.53628 0.0214619 0.0218193
5.53751 0.0214396 0.0217973
5.53874 0.0214173 0.0217754
5.53997 0.021395 0.0217534
5.5412 0.0213727 0.0217315
5.54244 0.0213505 0.0217096
5.54367 0.0213282 0.0216877
5.5449 0.021306 0.0216658
5.54613 0.0212838 0.0216439
5.54737 0.0212615 0.021622
5.5486 0.0212393 0.0216001
5.54984 0.0212171 0.0215783
5.55107 0.021195 0.0215565
5.55231 0.0211728 0.0215346
5.55354 0.0211506 0.0215128
5.55478 0.0211285 0.021491
5.55602 0.0211063 0.0214692
5.55725 0.0210842 0.0214474
5.55849 0.0210621 0.0214257
5.55973 0.02104 0.0214039
5.56097 0.0210179 0.0213822
5.56221 0.0209958 0.0213604
5.56345 0.0209737 0.0213387
5.56469 0.0209517 0.021317
5.56593 0.0209296 0.0212953
5.56717 0.0209076 0.0212736
5.56842 0.0208856 0.021252
5.56966 0.0208635 0.0212303
5.5709 0.0208415 0.0212087
5.57215 0.0208196 0.021187
5.57339 0.0207976 0.0211654
5.57464 0.0207756 0.0211438
5.57588 0.0207536 0.0211222
5.57713 0.0207317 0.0211006
5.57838 0.0207098 0.021079
5.57962 0.0206878 0.0210574
5.58087 0.0206659 0.0210359
5.58212 0.020644 0.0210143
5.58337 0.0206221 0.0209928
5.58462 0.0206003 0.0209713
5.58587 0.0205784 0.0209498
5.58712 0.0205565 0.0209283
5.58837 0.0205347 0.0209068
5.58962 0.0205129 0.0208853
5.59087 0.020491 0.0208639
5.59212 0.0204692 0.0208424
5.59338 0.0204474 0.020821
5.59463 0.0204256 0.0207996
5.59588 0.0204039 0.0207782
5.59714 0.0203821 0.0207568
5.59839 0.0203603 0.0207354
5.59965 0.0203386 0.020714
5.60091 0.0203169 0.0206926
5.60216 0.0202951 0.0206713
5.60342 0.0202734 0.0206499
5.60468 0.0202517 0.0206286
5.60594 0.02023 0.0206073
5.6072 0.0202084 0.020586
5.60846 0.0201867 0.0205647
5.60972 0.020165 0.0205434
5.61098 0.0201434 0.0205221
5.61224 0.0201218 0.0205009
5.6135 0.0201001 0.0204796
5.61476 0.0200785 0.0204584
5.61603 0.0200569 0.0204371
5.61729 0.0200353 0.0204159
5.61855 0.0200138 0.0203947
5.61982 0.0199922 0.0203735
5.62108 0.0199706 0.0203524
5.62235 0.0199491 0.0203312
5.62361 0.0199276 0.02031
5.62488 0.019906 0.0202889
5.62615 0.0198845 0.0202678
5.62742 0.019863 0.0202466
5.62869 0.0198415 0.0202255
5.62995 0.0198201 0.0202044
5.63122 0.0197986 0.0201833
5.63249 0.0197771 0.0201623
5.63377 0.0197557 0.0201412
5.63504 0.0197343 0.0201202
5.63631 0.0197128 0.0200991
5.63758 0.0196914 0.0200781
5.63885 0.01967 0.0200571
5.64013 0.0196486 0.0200361
5.6414 0.0196273 0.0200151
5.64268 0.0196059 0.0199941
5.64395 0.0195845 0.0199731
5.64523 0.0195632 0.0199522
5.6465 0.0195419 0.0199312
5.64778 0.0195205 0.0199103
5.64906 0.0194992 0.0198894
5.65034 0.0194779 0.0198684
5.65162 0.0194566 0.0198475
5.6529 0.0194354 0.0198267
5.65418 0.0194141 0.0198058
5.65546 0.0193928 0.0197849
5.65674 0.0193716 0.0197641
5.65802 0.0193504 0.0197432
5.6593 0.0193291 0.0197224
5.66058 0.0193079 0.0197016
5.66187 0.0192867 0.0196808
5.66315 0.0192655 0.01966
5.66444 0.0192443 0.0196392
5.66572 0.0192232 0.0196184
5.66701 0.019202 0.0195976
5.66829 0.0191809 0.0195769
5.66958 0.0191597 0.0195562
5.67087 0.0191386 0.0195354
5.67216 0.0191175 0.0195147
5.67344 0.0190964 0.019494
5.67473 0.0190753 0.0194733
5.67602 0.0190542 0.0194526
5.67731 0.0190331 0.019432
5.67861 0.0190121 0.0194113
5.6799 0.018991 0.0193907
5.68119 0.01897 0.01937
5.68248 0.018949 0.0193494
5.68378 0.0189279 0.0193288
5.68507 0.0189069 0.0193082
5.68636 0.0188859 0.0192876
5.68766 0.018865 0.019267
5.68896 0.018844 0.0192464
5.69025 0.018823 0.0192259
5.69155 0.0188021 0.0192053
5.69285 0.0187811 0.0191848
5.69414 0.0187602 0.0191643
5.69544 0.0187393 0.0191438
5.69674 0.0187184 0.0191233
5.69804 0.0186975 0.0191028
5.69934 0.0186766 0.0190823
5.70065 0.0186557 0.0190619
5.70195 0.0186348 0.0190414
5.70325 0.018614 0.019021
5.70455 0.0185931 0.0190005
5.70586 0.0185723 0.0189801
5.70716 0.0185515 0.0189597
5.70847 0.0185307 0.0189393
5.70977 0.0185099 0.0189189
5.71108 0.0184891 0.0188986
5.71238 0.0184683 0.0188782
5.71369 0.0184475 0.0188578
5.715 0.0184268 0.0188375
5.71631 0.018406 0.0188172
5.71762 0.0183853 0.0187969
5.71893 0.0183645 0.0187766
5.72024 0.0183438 0.0187563
5.72155 0.0183231 0.018736
5.72286 0.0183024 0.0187157
5.72417 0.0182817 0.0186955
5.72549 0.0182611 0.0186752
5.7268 0.0182404 0.018655
5.72811 0.0182198 0.0186347
5.72943 0.0181991 0.0186145
5.73074 0.0181785 0.0185943
5.73206 0.0181579 0.0185741
5.73338 0.0181373 0.018554
5.73469 0.0181167 0.0185338
5.73601 0.0180961 0.0185136
5.73733 0.0180755 0.0184935
5.73865 0.0180549 0.0184733
5.73997 0.0180344 0.0184532
5.74129 0.0180138 0.0184331
5.74261 0.0179933 0.018413
5.74393 0.0179728 0.0183929
5.74526 0.0179522 0.0183728
5.74658 0.0179317 0.0183528
5.7479 0.0179112 0.0183327
5.74923 0.0178908 0.0183127
5.75055 0.0178703 0.0182926
5.75188 0.0178498 0.0182726
5.7532 0.0178294 0.0182526
5.75453 0.0178089 0.0182326
5.75586 0.0177885 0.0182126
5.75719 0.0177681 0.0181926
5.75852 0.0177477 0.0181727
5.75985 0.0177273 0.0181527
5.76118 0.0177069 0.0181328
5.76251 0.0176865 0.0181128
5.76384 0.0176662 0.0180929
5.76517 0.0176458 0.018073
5.7665 0.0176255 0.0180531
5.76784 0.0176051 0.0180332
5.76917 0.0175848 0.0180134
5.77051 0.0175645 0.0179935
5.77184 0.0175442 0.0179736
5.77318 0.0175239 0.0179538
5.77451 0.0175036 0.017934
5.77585 0.0174833 0.0179141
5.77719 0.0174631 0.0178943
5.77853 0.0174428 0.0178745
5.77987 0.0174226 0.0178547
5.78121 0.0174023 0.017835
5.78255 0.0173821 0.0178152
5.78389 0.0173619 0.0177955
5.78523 0.0173417 0.0177757
5.78657 0.0173215 0.017756
5.78792 0.0173013 0.0177363
5.78926 0.0172812 0.0177165
5.79061 0.017261 0.0176969
5.79195 0.0172409 0.0176772
5.7933 0.0172207 0.0176575
5.79464 0.0172006 0.0176378
5.79599 0.0171805 0.0176182
5.79734 0.0171604 0.0175985
5.79869 0.0171403 0.0175789
5.80004 0.0171202 0.0175593
5.80139 0.0171001 0.0175397
5.80274 0.0170801 0.0175201
5.80409 0.01706 0.0175005
5.80544 0.01704 0.0174809
5.80679 0.0170199 0.0174614
5.80815 0.0169999 0.0174418
5.8095 0.0169799 0.0174223
5.81086 0.0169599 0.0174027
5.81221 0.0169399 0.0173832
5.81357 0.0169199 0.0173637
5.81492 0.0169 0.0173442
5.81628 0.01688 0.0173247
5.81764 0.01686 0.0173052
5.819 0.0168401 0.0172858
5.82036 0.0168202 0.0172663
5.82172 0.0168003 0.0172469
5.82308 0.0167803 0.0172274
5.82444 0.0167605 0.017208
5.8258 0.0167406 0.0171886
5.82717 0.0167207 0.0171692
5.82853 0.0167008 0.0171498
5.8299 0.016681 0.0171305
5.83126 0.0166611 0.0171111
5.83263 0.0166413 0.0170917
5.83399 0.0166214 0.0170724
5.83536 0.0166016 0.0170531
5.83673 0.0165818 0.0170337
5.8381 0.016562 0.0170144
5.83947 0.0165422 0.0169951
5.84084 0.0165225 0.0169759
5.84221 0.0165027 0.0169566
5.84358 0.0164829 0.0169373
5.84495 0.0164632 0.0169181
5.84633 0.0164435 0.0168988
5.8477 0.0164237 0.0168796
5.84907 0.016404 0.0168604
5.85045 0.0163843 0.0168411
5.85182 0.0163646 0.0168219
5.8532 0.0163449 0.0168028
5.85458 0.0163253 0.0167836
5.85596 0.0163056 0.0167644
5.85733 0.0162859 0.0167453
5.85871 0.0162663 0.0167261
5.86009 0.0162467 0.016707
5.86148 0.016227 0.0166879
5.86286 0.0162074 0.0166687
5.86424 0.0161878 0.0166496
5.86562 0.0161682 0.0166306
5.86701 0.0161486 0.0166115
5.86839 0.0161291 0.0165924
5.86978 0.0161095 0.0165734
5.87116 0.01609 0.0165543
5.87255 0.0160704 0.0165353
5.87394 0.0160509 0.0165162
5.87532 0.0160314 0.0164972
5.87671 0.0160118 0.0164782
5.8781 0.0159923 0.0164592
5.87949 0.0159728 0.0164403
5.88088 0.0159534 0.0164213
5.88228 0.0159339 0.0164023
5.88367 0.0159144 0.0163834
5.88506 0.015895 0.0163644
5.88646 0.0158755 0.0163455
5.88785 0.0158561 0.0163266
5.88925 0.0158367 0.0163077
5.89064 0.0158173 0.0162888
5.89204 0.0157979 0.0162699
5.89344 0.0157785 0.0162511
5.89484 0.0157591 0.0162322
5.89623 0.0157397 0.0162133
5.89763 0.0157203 0.0161945
5.89904 0.015701 0.0161757
5.90044 0.0156817 0.0161569
5.90184 0.0156623 0.0161381
5.90324 0.015643 0.0161193
5.90465 0.0156237 0.0161005
5.90605 0.0156044 0.0160817
5.90746 0.0155851 0.0160629
5.90886 0.0155658 0.0160442
5.91027 0.0155465 0.0160254
5.91168 0.0155273 0.0160067
5.91308 0.015508 0.015988
5.91449 0.0154888 0.0159693
5.9159 0.0154695 0.0159506
5.91731 0.0154503 0.0159319
5.91873 0.0154311 0.0159132
5.92014 0.0154119 0.0158946
5.92155 0.0153927 0.0158759
5.92296 0.0153735 0.0158573
5.92438 0.0153543 0.0158386
5.92579 0.0153352 0.01582
5.92721 0.015316 0.0158014
5.92863 0.0152969 0.0157828
5.93004 0.0152778 0.0157642
5.93146 0.0152586 0.0157456
5.93288 0.0152395 0.0157271
5.9343 0.0152204 0.0157085
5.93572 0.0152013 0.01569
5.93714 0.0151822 0.0156714
5.93857 0.0151631 0.0156529
5.93999 0.0151441 0.0156344
5.94141 0.015125 0.0156159
5.94284 0.015106 0.0155974
5.94426 0.0150869 0.0155789
5.94569 0.0150679 0.0155604
5.94712 0.0150489 0.015542
5.94855 0.0150299 0.0155235
5.94997 0.0150109 0.0155051
5.9514 0.0149919 0.0154867
5.95283 0.0149729 0.0154682
5.95426 0.014954 0.0154498
5.9557 0.014935 0.0154314
5.95713 0.0149161 0.0154131
5.95856 0.0148971 0.0153947
5.96 0.0148782 0.0153763
5.96143 0.0148593 0.015358
5.96287 0.0148404 0.0153396
5.9643 0.0148215 0.0153213
5.96574 0.0148026 0.015303
5.96718 0.0147837 0.0152847
5.96862 0.0147648 0.0152664
5.97006 0.014746 0.0152481
5.9715 0.0147271 0.0152298
5.97294 0.0147083 0.0152115
5.97438 0.0146894 0.0151933
5.97583 0.0146706 0.015175
5.97727 0.0146518 0.0151568
5.97871 0.014633 0.0151386
5.98016 0.0146142 0.0151204
5.98161 0.0145954 0.0151022
5.98305 0.0145766 0.015084
5.9845 0.0145579 0.0150658
5.98595 0.0145391 0.0150476
5.9874 0.0145204 0.0150295
5.98885 0.0145017 0.0150113
5.9903 0.0144829 0.0149932
5.99175 0.0144642 0.014975
5.99321 0.0144455 0.0149569
5.99466 0.0144268 0.0149388
5.99612 0.0144081 0.0149207
5.99757 0.0143894 0.0149026
5.99903 0.0143708 0.0148846
6.00049 0.0143521 0.0148665
6.00194 0.0143335 0.0148484
6.0034 0.0143148 0.0148304
6.00486 0.0142962 0.0148124
6.00632 0.0142776 0.0147943
6.00778 0.014259 0.0147763
6.00925 0.0142404 0.0147583
6.01071 0.0142218 0.0147403
6.01217 0.0142032 0.0147224
6.01364 0.0141846 0.0147044
6.0151 0.0141661 0.0146864
6.01657 0.0141475 0.0146685
6.01804 0.014129 0.0146506
6.01951 0.0141104 0.0146326
6.02098 0.0140919 0.0146147
6.02245 0.0140734 0.0145968
6.02392 0.0140549 0.0145789
6.02539 0.0140364 0.014561
6.02686 0.0140179 0.0145432
6.02833 0.0139994 0.0145253
6.02981 0.0139809 0.0145074
6.03128 0.0139625 0.0144896
6.03276 0.013944 0.0144718
6.03424 0.0139256 0.014454
6.03571 0.0139072 0.0144361
6.03719 0.0138887 0.0144183
6.03867 0.0138703 0.0144006
6.04015 0.0138519 0.0143828
6.04163 0.0138335 0.014365
6.04312 0.0138152 0.0143473
6.0446 0.0137968 0.0143295
6.04608 0.0137784 0.0143118
6.04757 0.0137601 0.0142941
6.04905 0.0137417 0.0142763
6.05054 0.0137234 0.0142586
6.05203 0.0137051 0.0142409
6.05352 0.0136867 0.0142233
6.055 0.0136684 0.0142056
6.0565 0.0136501 0.0141879
6.05799 0.0136318 0.0141703
6.05948 0.0136136 0.0141526
6.06097 0.0135953 0.014135
6.06246 0.013577 0.0141174
6.06396 0.0135588 0.0140998
6.06545 0.0135405 0.0140822
6.06695 0.0135223 0.0140646
6.06845 0.0135041 0.014047
6.06995 0.0134859 0.0140295
6.07145 0.0134677 0.0140119
6.07295 0.0134495 0.0139943
6.07445 0.0134313 0.0139768
6.07595 0.0134131 0.0139593
6.07745 0.0133949 0.0139418
6.07895 0.0133768 0.0139243
6.08046 0.0133586 0.0139068
6.08196 0.0133405 0.0138893
6.08347 0.0133224 0.0138718
6.08498 0.0133042 0.0138544
6.08649 0.0132861 0.0138369
6.088 0.013268 0.0138195
6.08951 0.0132499 0.013802
6.09102 0.0132318 0.0137846
6.09253 0.0132138 0.0137672
6.09404 0.0131957 0.0137498
6.09556 0.0131776 0.0137324
6.09707 0.0131596 0.013715
6.09859 0.0131415 0.0136977
6.1001 0.0131235 0.0136803
6.10162 0.0131055 0.013663
6.10314 0.0130875 0.0136456
6.10466 0.0130695 0.0136283
6.10618 0.0130515 0.013611
6.1077 0.0130335 0.0135937
6.10922 0.0130155 0.0135764
6.11074 0.0129976 0.0135591
6.11227 0.0129796 0.0135418
6.11379 0.0129617 0.0135246
6.11532 0.0129437 0.0135073
6.11685 0.0129258 0.0134901
6.11837 0.0129079 0.0134729
6.1199 0.01289 0.0134556
6.12143 0.0128721 0.0134384
6.12296 0.0128542 0.0134212
6.1245 0.0128363 0.013404
6.12603 0.0128184 0.0133869
6.12756 0.0128005 0.0133697
6.1291 0.0127827 0.0133525
6.13063 0.0127648 0.0133354
6.13217 0.012747 0.0133182
6.13371 0.0127292 0.0133011
6.13525 0.0127114 0.013284
6.13678 0.0126935 0.0132669
6.13833 0.0126757 0.0132498
6.13987 0.0126579 0.0132327
6.14141 0.0126402 0.0132156
6.14295 0.0126224 0.0131986
6.1445 0.0126046 0.0131815
6.14604 0.0125869 0.0131645
6.14759 0.0125691 0.0131474
6.14914 0.0125514 0.0131304
6.15068 0.0125337 0.0131134
6.15223 0.0125159 0.0130964
6.15378 0.0124982 0.0130794
6.15534 0.0124805 0.0130624
6.15689 0.0124628 0.0130454
6.15844 0.0124451 0.0130285
6.15999 0.0124275 0.0130115
6.16155 0.0124098 0.0129946
6.16311 0.0123921 0.0129777
6.16466 0.0123745 0.0129607
6.16622 0.0123568 0.0129438
6.16778 0.0123392 0.0129269
6.16934 0.0123216 0.01291
6.1709 0.012304 0.0128932
6.17246 0.0122864 0.0128763
6.17403 0.0122688 0.0128594
6.17559 0.0122512 0.0128426
6.17716 0.0122336 0.0128258
6.17872 0.012216 0.0128089
6.18029 0.0121985 0.0127921
6.18186 0.0121809 0.0127753
6.18343 0.0121634 0.0127585
6.185 0.0121458 0.0127417
6.18657 0.0121283 0.012725
6.18814 0.0121108 0.0127082
6.18972 0.0120933 0.0126914
6.19129 0.0120758 0.0126747
6.19287 0.0120583 0.012658
6.19444 0.0120408 0.0126412
6.19602 0.0120234 0.0126245
6.1976 0.0120059 0.0126078
6.19918 0.0119884 0.0125911
6.20076 0.011971 0.0125744
6.20234 0.0119536 0.0125578
6.20393 0.0119361 0.0125411
6.20551 0.0119187 0.0125245
6.20709 0.0119013 0.0125078
6.20868 0.0118839 0.0124912
6.21027 0.0118665 0.0124746
6.21186 0.0118491 0.012458
6.21344 0.0118317 0.0124414
6.21503 0.0118144 0.0124248
6.21663 0.011797 0.0124082
6.21822 0.0117797 0.0123916
6.21981 0.0117623 0.0123751
6.22141 0.011745 0.0123585
6.223 0.0117277 0.012342
6.2246 0.0117104 0.0123254
6.2262 0.011693 0.0123089
6.22779 0.0116757 0.0122924
6.22939 0.0116585 0.0122759
6.231 0.0116412 0.0122594
6.2326 0.0116239 0.012243
6.2342 0.0116066 0.0122265
6.2358 0.0115894 0.01221
6.23741 0.0115721 0.0121936
6.23902 0.0115549 0.0121772
6.24062 0.0115377 0.0121607
6.24223 0.0115205 0.0121443
6.24384 0.0115032 0.0121279
6.24545 0.011486 0.0121115
6.24706 0.0114688 0.0120951
6.24868 0.0114517 0.0120788
6.25029 0.0114345 0.0120624
6.25191 0.0114173 0.012046
6.25352 0.0114002 0.0120297
6.25514 0.011383 0.0120134
6.25676 0.0113659 0.011997
6.25838 0.0113487 0.0119807
6.26 0.0113316 0.0119644
6.26162 0.0113145 0.0119481
6.26324 0.0112974 0.0119318
6.26487 0.0112803 0.0119156
6.26649 0.0112632 0.0118993
6.26812 0.0112461 0.0118831
6.26974 0.011229 0.0118668
6.27137 0.011212 0.0118506
6.273 0.0111949 0.0118344
6.27463 0.0111778 0.0118182
6.27627 0.0111608 0.011802
6.2779 0.0111438 0.0117858
6.27953 0.0111268 0.0117696
6.28117 0.0111097 0.0117534
6.2828 0.0110927 0.0117373
6.28444 0.0110757 0.0117211
6.28608 0.0110587 0.011705
6.28772 0.0110418 0.0116888
6.28936 0.0110248 0.0116727
6.291 0.0110078 0.0116566
6.29265 0.0109909 0.0116405
6.29429 0.0109739 0.0116244
6.29594 0.010957 0.0116083
6.29758 0.01094 0.0115923
6.29923 0.0109231 0.0115762
6.30088 0.0109062 0.0115602
6.30253 0.0108893 0.0115441
6.30418 0.0108724 0.0115281
6.30583 0.0108555 0.0115121
6.30749 0.0108386 0.0114961
6.30914 0.0108217 0.0114801
6.3108 0.0108049 0.0114641
6.31246 0.010788 0.0114481
6.31411 0.0107712 0.0114321
6.31577 0.0107543 0.0114162
6.31743 0.0107375 0.0114002
6.3191 0.0107207 0.0113843
6.32076 0.0107039 0.0113684
6.32242 0.0106871 0.0113525
6.32409 0.0106703 0.0113366
6.32576 0.0106535 0.0113207
6.32742 0.0106367 0.0113048
6.32909 0.0106199 0.0112889
6.33076 0.0106031 0.011273
6.33243 0.0105864 0.0112572
6.33411 0.0105696 0.0112413
6.33578 0.0105529 0.0112255
6.33746 0.0105362 0.0112097
6.33913 0.0105194 0.0111939
6.34081 0.0105027 0.0111781
6.34249 0.010486 0.0111623
6.34417 0.0104693 0.0111465
6.34585 0.0104526 0.0111307
6.34753 0.0104359 0.0111149
6.34921 0.0104193 0.0110992
6.3509 0.0104026 0.0110834
6.35259 0.0103859 0.0110677
6.35427 0.0103693 0.011052
6.35596 0.0103526 0.0110363
6.35765 0.010336 0.0110206
6.35934 0.0103194 0.0110049
6.36103 0.0103027 0.0109892
6.36273 0.0102861 0.0109735
6.36442 0.0102695 0.0109579
6.36612 0.0102529 0.0109422
6.36782 0.0102363 0.0109266
6.36951 0.0102198 0.0109109
6.37121 0.0102032 0.0108953
6.37291 0.0101866 0.0108797
6.37462 0.0101701 0.0108641
6.37632 0.0101535 0.0108485
6.37802 0.010137 0.0108329
6.37973 0.0101205 0.0108173
6.38144 0.0101039 0.0108018
6.38315 0.0100874 0.0107862
6.38486 0.0100709 0.0107707
6.38657 0.0100544 0.0107551
6.38828 0.0100379 0.0107396
6.38999 0.0100214 0.0107241
6.39171 0.010005 0.0107086
6.39342 0.00998849 0.0106931
6.39514 0.00997203 0.0106776
6.39686 0.00995557 0.0106622
6.39858 0.00993913 0.0106467
6.4003 0.00992269 0.0106313
6.40202 0.00990626 0.0106158
6.40375 0.00988984 0.0106004
6.40547 0.00987343 0.010585
6.4072 0.00985703 0.0105696
6.40893 0.00984063 0.0105541
6.41066 0.00982424 0.0105388
6.41239 0.00980786 0.0105234
6.41412 0.00979148 0.010508
6.41585 0.00977512 0.0104926
6.41759 0.00975876 0.0104773
6.41932 0.00974241 0.010462
6.42106 0.00972607 0.0104466
6.4228 0.00970973 0.0104313
6.42454 0.0096934 0.010416
6.42628 0.00967708 0.0104007
6.42802 0.00966077 0.0103854
6.42976 0.00964447 0.0103701
6.43151 0.00962817 0.0103548
6.43326 0.00961188 0.0103396
6.435 0.0095956 0.0103243
6.43675 0.00957933 0.0103091
6.4385 0.00956306 0.0102939
6.44025 0.00954681 0.0102786
6.44201 0.00953056 0.0102634
6.44376 0.00951431 0.0102482
6.44552 0.00949808 0.010233
6.44728 0.00948185 0.0102179
6.44903 0.00946563 0.0102027
6.45079 0.00944942 0.0101875
6.45256 0.00943322 0.0101724
6.45432 0.00941702 0.0101572
6.45608 0.00940083 0.0101421
6.45785 0.00938465 0.010127
6.45961 0.00936848 0.0101119
6.46138 0.00935231 0.0100968
6.46315 0.00933615 0.0100817
6.46492 0.00932 0.0100666
6.46669 0.00930386 0.0100515
6.46847 0.00928772 0.0100365
6.47024 0.00927159 0.0100214
6.47202 0.00925547 0.0100064
6.4738 0.00923936 0.00999136
6.47558 0.00922325 0.00997634
6.47736 0.00920715 0.00996133
6.47914 0.00919106 0.00994633
6.48092 0.00917498 0.00993134
6.48271 0.0091589 0.00991636
6.48449 0.00914283 0.00990139
6.48628 0.00912677 0.00988643
6.48807 0.00911072 0.00987148
6.48986 0.00909467 0.00985654
6.49165 0.00907863 0.00984161
6.49345 0.0090626 0.00982668
6.49524 0.00904658 0.00981177
6.49704 0.00903056 0.00979687
6.49884 0.00901455 0.00978198
6.50064 0.00899855 0.0097671
6.50244 0.00898256 0.00975223
6.50424 0.00896657 0.00973737
6.50604 0.00895059 0.00972252
6.50785 0.00893462 0.00970768
6.50965 0.00891865 0.00969285
6.51146 0.00890269 0.00967803
6.51327 0.00888674 0.00966322
6.51508 0.0088708 0.00964842
6.51689 0.00885486 0.00963363
6.51871 0.00883893 0.00961885
6.52052 0.00882301 0.00960408
6.52234 0.0088071 0.00958932
6.52416 0.00879119 0.00957457
6.52598 0.00877529 0.00955983
6.5278 0.0087594 0.00954509
6.52962 0.00874351 0.00953037
6.53144 0.00872764 0.00951566
6.53327 0.00871176 0.00950096
6.5351 0.0086959 0.00948627
6.53693 0.00868004 0.00947159
6.53876 0.00866419 0.00945692
6.54059 0.00864835 0.00944226
6.54242 0.00863252 0.00942761
6.54425 0.00861669 0.00941297
6.54609 0.00860087 0.00939834
6.54793 0.00858505 0.00938371
6.54977 0.00856925 0.0093691
6.55161 0.00855345 0.0093545
6.55345 0.00853765 0.00933991
6.55529 0.00852187 0.00932533
6.55714 0.00850609 0.00931076
6.55899 0.00849032 0.0092962
6.56083 0.00847455 0.00928164
6.56268 0.0084588 0.0092671
6.56454 0.00844305 0.00925257
6.56639 0.0084273 0.00923805
6.56824 0.00841157 0.00922354
6.5701 0.00839584 0.00920904
6.57196 0.00838011 0.00919454
6.57382 0.0083644 0.00918006
6.57568 0.00834869 0.00916559
6.57754 0.00833299 0.00915113
6.5794 0.00831729 0.00913668
6.58127 0.00830161 0.00912223
6.58313 0.00828593 0.0091078
6.585 0.00827025 0.00909338
6.58687 0.00825458 0.00907897
6.58875 0.00823892 0.00906457
6.59062 0.00822327 0.00905017
6.59249 0.00820762 0.00903579
6.59437 0.00819198 0.00902142
6.59625 0.00817635 0.00900706
6.59813 0.00816073 0.0089927
6.60001 0.00814511 0.00897836
6.60189 0.00812949 0.00896403
6.60378 0.00811389 0.00894971
6.60566 0.00809829 0.00893539
6.60755 0.0080827 0.00892109
6.60944 0.00806711 0.0089068
6.61133 0.00805153 0.00889251
6.61322 0.00803596 0.00887824
6.61512 0.0080204 0.00886398
6.61701 0.00800484 0.00884972
6.61891 0.00798929 0.00883548
6.62081 0.00797374 0.00882125
6.62271 0.0079582 0.00880702
6.62461 0.00794267 0.00879281
6.62652 0.00792714 0.00877861
6.62842 0.00791163 0.00876441
6.63033 0.00789611 0.00875023
6.63224 0.00788061 0.00873606
6.63415 0.00786511 0.00872189
6.63606 0.00784962 0.00870774
6.63798 0.00783413 0.0086936
6.63989 0.00781865 0.00867946
6.64181 0.00780318 0.00866534
6.64373 0.00778771 0.00865122
6.64565 0.00777225 0.00863712
6.64757 0.0077568 0.00862302
6.64949 0.00774135 0.00860894
6.65142 0.00772591 0.00859487
6.65335 0.00771048 0.0085808
6.65528 0.00769505 0.00856675
6.65721 0.00767963 0.0085527
6.65914 0.00766422 0.00853867
6.66108 0.00764881 0.00852464
6.66301 0.00763341 0.00851063
6.66495 0.00761802 0.00849662
6.66689 0.00760263 0.00848263
6.66883 0.00758724 0.00846864
6.67077 0.00757187 0.00845467
6.67272 0.0075565 0.0084407
6.67466 0.00754114 0.00842675
6.67661 0.00752578 0.0084128
6.67856 0.00751043 0.00839887
6.68051 0.00749508 0.00838494
6.68247 0.00747975 0.00837103
6.68442 0.00746441 0.00835712
6.68638 0.00744909 0.00834322
6.68834 0.00743377 0.00832934
6.6903 0.00741846 0.00831546
6.69226 0.00740315 0.0083016
6.69422 0.00738785 0.00828774
6.69619 0.00737255 0.0082739
6.69816 0.00735727 0.00826006
6.70012 0.00734198 0.00824623
6.7021 0.00732671 0.00823242
6.70407 0.00731144 0.00821861
6.70604 0.00729618 0.00820481
6.70802 0.00728092 0.00819103
6.71 0.00726567 0.00817725
6.71198 0.00725042 0.00816349
6.71396 0.00723518 0.00814973
6.71594 0.00721995 0.00813598
6.71793 0.00720472 0.00812225
6.71992 0.0071895 0.00810852
6.7219 0.00717428 0.0080948
6.7239 0.00715908 0.00808109
6.72589 0.00714387 0.0080674
6.72788 0.00712867 0.00805371
6.72988 0.00711348 0.00804003
6.73188 0.0070983 0.00802637
6.73388 0.00708312 0.00801271
6.73588 0.00706795 0.00799906
6.73788 0.00705278 0.00798542
6.73989 0.00703762 0.0079718
6.7419 0.00702246 0.00795818
6.74391 0.00700731 0.00794457
6.74592 0.00699217 0.00793097
6.74793 0.00697703 0.00791739
6.74994 0.0069619 0.00790381
6.75196 0.00694677 0.00789024
6.75398 0.00693165 0.00787668
6.756 0.00691653 0.00786314
6.75802 0.00690142 0.0078496
6.76005 0.00688632 0.00783607
6.76207 0.00687122 0.00782255
6.7641 0.00685613 0.00780904
6.76613 0.00684104 0.00779555
6.76816 0.00682596 0.00778206
6.7702 0.00681089 0.00776858
6.77223 0.00679582 0.00775511
6.77427 0.00678075 0.00774165
6.77631 0.0067657 0.00772821
6.77835 0.00675064 0.00771477
6.7804 0.0067356 0.00770134
6.78244 0.00672055 0.00768792
6.78449 0.00670552 0.00767451
6.78654 0.00669049 0.00766111
6.78859 0.00667546 0.00764772
6.79064 0.00666044 0.00763435
6.7927 0.00664543 0.00762098
6.79476 0.00663042 0.00760762
6.79682 0.00661542 0.00759427
6.79888 0.00660042 0.00758093
6.80094 0.00658543 0.0075676
6.803 0.00657044 0.00755428
6.80507 0.00655546 0.00754098
6.80714 0.00654049 0.00752768
6.80921 0.00652552 0.00751439
6.81129 0.00651055 0.00750111
6.81336 0.00649559 0.00748784
6.81544 0.00648064 0.00747458
6.81752 0.00646569 0.00746133
6.8196 0.00645074 0.00744809
6.82168 0.00643581 0.00743486
6.82377 0.00642087 0.00742165
6.82585 0.00640594 0.00740844
6.82794 0.00639102 0.00739524
6.83003 0.0063761 0.00738205
6.83213 0.00636119 0.00736887
6.83422 0.00634628 0.0073557
6.83632 0.00633138 0.00734254
6.83842 0.00631649 0.00732939
6.84052 0.00630159 0.00731625
6.84262 0.00628671 0.00730313
6.84473 0.00627183 0.00729001
6.84684 0.00625695 0.0072769
6.84895 0.00624208 0.0072638
6.85106 0.00622721 0.00725071
6.85317 0.00621235 0.00723763
6.85529 0.00619749 0.00722456
6.85741 0.00618264 0.0072115
6.85953 0.0061678 0.00719845
6.86165 0.00615295 0.00718542
6.86377 0.00613812 0.00717239
6.8659 0.00612329 0.00715937
6.86803 0.00610846 0.00714636
6.87016 0.00609364 0.00713336
6.87229 0.00607882 0.00712037
6.87443 0.00606401 0.00710739
6.87657 0.0060492 0.00709442
6.8787 0.0060344 0.00708147
6.88085 0.0060196 0.00706852
6.88299 0.00600481 0.00705558
6.88514 0.00599002 0.00704265
6.88728 0.00597524 0.00702973
6.88943 0.00596046 0.00701682
6.89159 0.00594568 0.00700393
6.89374 0.00593091 0.00699104
6.8959 0.00591615 0.00697816
6.89806 0.00590139 0.00696529
6.90022 0.00588663 0.00695243
6.90238 0.00587188 0.00693959
6.90454 0.00585714 0.00692675
6.90671 0.0058424 0.00691392
6.90888 0.00582766 0.0069011
6.91105 0.00581293 0.00688829
6.91323 0.0057982 0.0068755
6.9154 0.00578348 0.00686271
6.91758 0.00576876 0.00684993
6.91976 0.00575404 0.00683717
6.92195 0.00573933 0.00682441
6.92413 0.00572463 0.00681166
6.92632 0.00570992 0.00679892
6.92851 0.00569523 0.0067862
6.9307 0.00568054 0.00677348
6.9329 0.00566585 0.00676077
6.93509 0.00565116 0.00674808
6.93729 0.00563648 0.00673539
6.93949 0.00562181 0.00672272
6.94169 0.00560714 0.00671005
6.9439 0.00559247 0.00669739
6.94611 0.00557781 0.00668475
6.94832 0.00556315 0.00667211
6.95053 0.0055485 0.00665949
6.95275 0.00553385 0.00664687
6.95496 0.0055192 0.00663427
6.95718 0.00550456 0.00662167
6.9594 0.00548992 0.00660909
6.96163 0.00547529 0.00659651
6.96385 0.00546066 0.00658395
6.96608 0.00544603 0.00657139
6.96831 0.00543141 0.00655885
6.97055 0.00541679 0.00654631
6.97278 0.00540218 0.00653379
6.97502 0.00538757 0.00652128
6.97726 0.00537296 0.00650877
6.9795 0.00535836 0.00649628
6.98175 0.00534377 0.0064838
6.984 0.00532917 0.00647132
6.98625 0.00531458 0.00645886
6.9885 0.0053 0.00644641
6.99075 0.00528541 0.00643397
6.99301 0.00527083 0.00642154
6.99527 0.00525626 0.00640911
6.99753 0.00524169 0.0063967
6.99979 0.00522712 0.0063843
7.00206 0.00521256 0.00637191
7.00433 0.005198 0.00635953
7.0066 0.00518344 0.00634716
7.00887 0.00516889 0.0063348
7.01115 0.00515434 0.00632245
7.01343 0.00513979 0.00631011
7.01571 0.00512525 0.00629778
7.01799 0.00511071 0.00628546
7.02028 0.00509618 0.00627315
7.02257 0.00508165 0.00626085
7.02486 0.00506712 0.00624857
7.02715 0.0050526 0.00623629
7.02945 0.00503808 0.00622402
7.03175 0.00502356 0.00621176
7.03405 0.00500904 0.00619952
7.03635 0.00499453 0.00618728
7.03865 0.00498003 0.00617505
7.04096 0.00496552 0.00616284
7.04327 0.00495102 0.00615063
7.04559 0.00493652 0.00613844
7.0479 0.00492203 0.00612625
7.05022 0.00490754 0.00611408
7.05254 0.00489305 0.00610191
7.05486 0.00487857 0.00608976
7.05719 0.00486409 0.00607762
7.05952 0.00484961 0.00606549
7.06185 0.00483513 0.00605336
7.06418 0.00482066 0.00604125
7.06652 0.00480619 0.00602915
7.06886 0.00479173 0.00601706
7.0712 0.00477726 0.00600498
7.07354 0.0047628 0.00599291
7.07589 0.00474835 0.00598085
7.07823 0.00473389 0.0059688
7.08059 0.00471944 0.00595676
7.08294 0.00470499 0.00594473
7.0853 0.00469055 0.00593271
7.08765 0.00467611 0.0059207
7.09002 0.00466167 0.00590871
7.09238 0.00464723 0.00589672
7.09475 0.0046328 0.00588475
7.09712 0.00461837 0.00587278
7.09949 0.00460394 0.00586082
7.10186 0.00458951 0.00584888
7.10424 0.00457509 0.00583695
7.10662 0.00456067 0.00582502
7.109 0.00454625 0.00581311
7.11139 0.00453184 0.00580121
7.11377 0.00451742 0.00578932
7.11616 0.00450301 0.00577743
7.11856 0.00448861 0.00576556
7.12095 0.0044742 0.0057537
7.12335 0.0044598 0.00574186
7.12575 0.0044454 0.00573002
7.12816 0.004431 0.00571819
7.13056 0.00441661 0.00570637
7.13297 0.00440221 0.00569456
7.13538 0.00438782 0.00568277
7.1378 0.00437344 0.00567098
7.14021 0.00435905 0.00565921
7.14263 0.00434467 0.00564744
7.14506 0.00433029 0.00563569
7.14748 0.00431591 0.00562395
7.14991 0.00430153 0.00561222
7.15234 0.00428716 0.00560049
7.15477 0.00427278 0.00558878
7.15721 0.00425841 0.00557708
7.15965 0.00424405 0.0055654
7.16209 0.00422968 0.00555372
7.16453 0.00421532 0.00554205
7.16698 0.00420095 0.00553039
7.16943 0.0041866 0.00551875
7.17188 0.00417224 0.00550711
7.17434 0.00415788 0.00549549
7.1768 0.00414353 0.00548387
7.17926 0.00412918 0.00547227
7.18172 0.00411483 0.00546068
7.18419 0.00410048 0.0054491
7.18666 0.00408613 0.00543753
7.18913 0.00407179 0.00542597
7.1916 0.00405744 0.00541442
7.19408 0.0040431 0.00540288
7.19656 0.00402876 0.00539136
7.19904 0.00401442 0.00537984
7.20153 0.00400009 0.00536834
7.20402 0.00398575 0.00535684
7.20651 0.00397142 0.00534536
7.20901 0.00395709 0.00533389
7.2115 0.00394276 0.00532243
7.214 0.00392843 0.00531098
7.21651 0.0039141 0.00529954
7.21901 0.00389978 0.00528811
7.22152 0.00388546 0.0052767
7.22403 0.00387113 0.00526529
7.22655 0.00385681 0.0052539
7.22906 0.00384249 0.00524252
7.23158 0.00382817 0.00523114
7.23411 0.00381386 0.00521978
7.23663 0.00379954 0.00520843
7.23916 0.00378523 0.00519709
7.24169 0.00377091 0.00518577
7.24423 0.0037566 0.00517445
7.24676 0.00374229 0.00516315
7.2493 0.00372798 0.00515185
7.25185 0.00371367 0.00514057
7.25439 0.00369937 0.0051293
7.25694 0.00368506 0.00511804
7.25949 0.00367075 0.00510679
7.26205 0.00365645 0.00509555
7.26461 0.00364215 0.00508433
7.26717 0.00362784 0.00507311
7.26973 0.00361354 0.00506191
7.2723 0.00359924 0.00505071
7.27487 0.00358494 0.00503953
7.27744 0.00357064 0.00502836
7.28001 0.00355634 0.00501721
7.28259 0.00354205 0.00500606
7.28517 0.00352775 0.00499492
7.28776 0.00351346 0.0049838
7.29035 0.00349916 0.00497269
7.29294 0.00348487 0.00496159
7.29553 0.00347057 0.0049505
7.29812 0.00345628 0.00493942
7.30072 0.00344199 0.00492836
7.30333 0.0034277 0.0049173
7.30593 0.0034134 0.00490626
7.30854 0.00339911 0.00489523
7.31115 0.00338482 0.00488421
7.31376 0.00337053 0.0048732
7.31638 0.00335624 0.0048622
7.319 0.00334196 0.00485122
7.32162 0.00332767 0.00484024
7.32425 0.00331338 0.00482928
7.32688 0.00329909 0.00481833
7.32951 0.0032848 0.0048074
7.33214 0.00327052 0.00479647
7.33478 0.00325623 0.00478556
7.33742 0.00324194 0.00477465
7.34007 0.00322766 0.00476376
7.34271 0.00321337 0.00475288
7.34536 0.00319908 0.00474202
7.34801 0.0031848 0.00473116
7.35067 0.00317051 0.00472032
7.35333 0.00315623 0.00470949
7.35599 0.00314194 0.00469867
7.35866 0.00312766 0.00468786
7.36132 0.00311337 0.00467707
7.36399 0.00309908 0.00466628
7.36667 0.0030848 0.00465551
7.36935 0.00307051 0.00464475
7.37203 0.00305623 0.00463401
7.37471 0.00304194 0.00462327
7.37739 0.00302765 0.00461255
7.38008 0.00301337 0.00460184
7.38278 0.00299908 0.00459114
7.38547 0.00298479 0.00458046
7.38817 0.00297051 0.00456978
7.39087 0.00295622 0.00455912
7.39357 0.00294193 0.00454847
7.39628 0.00292764 0.00453784
7.39899 0.00291335 0.00452721
7.40171 0.00289906 0.0045166
7.40442 0.00288478 0.004506
7.40714 0.00287049 0.00449542
7.40986 0.0028562 0.00448484
7.41259 0.0028419 0.00447428
7.41532 0.00282761 0.00446373
7.41805 0.00281332 0.00445319
7.42078 0.00279903 0.00444267
7.42352 0.00278474 0.00443216
7.42626 0.00277044 0.00442166
7.42901 0.00275615 0.00441117
7.43175 0.00274185 0.0044007
7.4345 0.00272756 0.00439024
7.43726 0.00271326 0.00437979
7.44001 0.00269897 0.00436935
7.44277 0.00268467 0.00435893
7.44553 0.00267037 0.00434852
7.4483 0.00265607 0.00433813
7.45107 0.00264177 0.00432774
7.45384 0.00262747 0.00431737
7.45661 0.00261317 0.00430701
7.45939 0.00259887 0.00429667
7.46217 0.00258456 0.00428634
7.46495 0.00257026 0.00427602
7.46774 0.00255595 0.00426571
7.47053 0.00254165 0.00425542
7.47332 0.00252734 0.00424514
7.47612 0.00251303 0.00423487
7.47891 0.00249872 0.00422462
7.48172 0.00248441 0.00421438
7.48452 0.0024701 0.00420415
7.48733 0.00245579 0.00419394
7.49014 0.00244148 0.00418374
7.49295 0.00242716 0.00417355
7.49577 0.00241285 0.00416338
7.49859 0.00239853 0.00415322
7.50141 0.00238421 0.00414307
7.50423 0.00236989 0.00413294
7.50706 0.00235557 0.00412282
7.50989 0.00234125 0.00411272
7.51273 0.00232693 0.00410262
7.51556 0.00231261 0.00409255
7.5184 0.00229828 0.00408248
7.52125 0.00228396 0.00407243
7.52409 0.00226963 0.00406239
7.52694 0.0022553 0.00405237
7.52979 0.00224097 0.00404236
7.53265 0.00222664 0.00403237
7.53551 0.0022123 0.00402238
7.53837 0.00219797 0.00401242
7.54123 0.00218363 0.00400246
7.5441 0.0021693 0.00399252
7.54697 0.00215496 0.0039826
7.54984 0.00214062 0.00397269
7.55271 0.00212628 0.00396279
7.55559 0.00211194 0.00395291
7.55847 0.00209759 0.00394304
7.56136 0.00208325 0.00393318
7.56424 0.0020689 0.00392334
7.56713 0.00205455 0.00391352
7.57003 0.0020402 0.00390371
7.57292 0.00202585 0.00389391
7.57582 0.0020115 0.00388413
7.57872 0.00199714 0.00387436
7.58162 0.00198279 0.00386461
7.58453 0.00196843 0.00385487
7.58744 0.00195407 0.00384514
7.59035 0.00193971 0.00383543
7.59327 0.00192535 0.00382574
7.59618 0.00191098 0.00381606
7.5991 0.00189662 0.00380639
7.60203 0.00188225 0.00379674
7.60495 0.00186788 0.00378711
7.60788 0.00185351 0.00377749
7.61081 0.00183914 0.00376788
7.61375 0.00182477 0.00375829
7.61668 0.00181039 0.00374872
7.61962 0.00179602 0.00373916
7.62256 0.00178164 0.00372961
7.62551 0.00176726 0.00372008
7.62846 0.00175288 0.00371057
7.6314 0.0017385 0.00370107
7.63436 0.00172411 0.00369159
7.63731 0.00170973 0.00368212
7.64027 0.00169534 0.00367267
7.64323 0.00168095 0.00366323
7.64619 0.00166656 0.00365381
7.64916 0.00165217 0.0036444
7.65213 0.00163778 0.00363501
7.6551 0.00162338 0.00362564
7.65807 0.00160898 0.00361628
7.66105 0.00159459 0.00360694
7.66402 0.00158019 0.00359761
7.667 0.00156578 0.0035883
7.66999 0.00155138 0.003579
7.67297 0.00153698 0.00356972
7.67596 0.00152257 0.00356046
7.67895 0.00150816 0.00355121
7.68194 0.00149375 0.00354198
7.68494 0.00147934 0.00353276
7.68793 0.00146493 0.00352357
7.69093 0.00145052 0.00351438
7.69394 0.0014361 0.00350522
7.69694 0.00142169 0.00349607
7.69995 0.00140727 0.00348693
7.70295 0.00139285 0.00347782
7.70597 0.00137843 0.00346872
7.70898 0.00136401 0.00345963
7.71199 0.00134958 0.00345056
7.71501 0.00133516 0.00344151
7.71803 0.00132073 0.00343248
7.72105 0.0013063 0.00342346
7.72408 0.00129187 0.00341446
7.7271 0.00127744 0.00340548
7.73013 0.00126301 0.00339651
7.73316 0.00124858 0.00338756
7.73619 0.00123414 0.00337863
7.73923 0.00121971 0.00336972
7.74227 0.00120527 0.00336082
7.7453 0.00119083 0.00335194
7.74834 0.0011764 0.00334307
7.75139 0.00116195 0.00333423
7.75443 0.00114751 0.0033254
7.75748 0.00113307 0.00331658
7.76052 0.00111863 0.00330779
7.76357 0.00110418 0.00329901
7.76663 0.00108974 0.00329025
7.76968 0.00107529 0.00328151
7.77274 0.00106084 0.00327279
7.77579 0.00104639 0.00326408
7.77885 0.00103194 0.00325539
7.78191 0.00101749 0.00324672
7.78497 0.00100304 0.00323807
7.78804 0.000988588 0.00322943
7.7911 0.000974135 0.00322081
7.79417 0.00095968 0.00321221
7.79724 0.000945226 0.00320363
7.80031 0.00093077 0.00319507
7.80338 0.000916313 0.00318652
7.80646 0.000901856 0.003178
7.80953 0.000887398 0.00316949
7.81261 0.00087294 0.003161
7.81568 0.000858481 0.00315253
7.81876 0.000844021 0.00314407
7.82184 0.000829561 0.00313564
7.82493 0.000815101 0.00312722
7.82801 0.00080064 0.00311882
7.83109 0.000786178 0.00311044
7.83418 0.000771716 0.00310208
7.83727 0.000757254 0.00309374
7.84035 0.000742791 0.00308541
7.84344 0.000728328 0.00307711
7.84653 0.000713865 0.00306882
7.84963 0.000699402 0.00306055
7.85272 0.000684939 0.0030523
7.85581 0.000670475 0.00304407
7.85891 0.000656011 0.00303586
7.862 0.000641548 0.00302767
7.8651 0.000627084 0.0030195
7.8682 0.00061262 0.00301134
7.8713 0.000598156 0.00300321
7.8744 0.000583693 0.00299509
7.8775 0.000569229 0.00298699
7.8806 0.000554766 0.00297892
7.8837 0.000540303 0.00297086
7.8868 0.00052584 0.00296282
7.88991 0.000511378 0.0029548
7.89301 0.000496916 0.0029468
7.89612 0.000482454 0.00293882
7.89922 0.000467993 0.00293086
7.90233 0.000453533 0.00292292
7.90544 0.000439072 0.002915
7.90854 0.000424613 0.00290709
7.91165 0.000410154 0.00289921
7.91476 0.000395696 0.00289135
7.91787 0.000381238 0.00288351
7.92098 0.000366781 0.00287568
7.92409 0.000352325 0.00286788
7.9272 0.00033787 0.0028601
7.93031 0.000323416 0.00285233
7.93342 0.000308963 0.00284459
7.93653 0.000294511 0.00283686
7.93964 0.000280059 0.00282916
7.94276 0.000265609 0.00282148
7.94587 0.00025116 0.00281381
7.94898 0.000236712 0.00280617
7.95209 0.000222266 0.00279854
7.9552 0.00020782 0.00279094
7.95832 0.000193376 0.00278336
7.96143 0.000178934 0.00277579
7.96454 0.000164492 0.00276825
7.96765 0.000150053 0.00276073
7.97076 0.000135614 0.00275322
7.97388 0.000121178 0.00274574
7.97699 0.000106742 0.00273828
7.9801 9.2309e-05 0.00273084
7.98321 7.78773e-05 0.00272341
7.98632 6.34472e-05 0.00271601
7.98943 4.9019e-05 0.00270863
7.99254 3.45927e-05 0.00270127
7.99565 2.01682e-05 0.00269393
7.99876 5.74561e-06 0.00268661
8 -4.87988e-10 0.0026837


